STATION,ELEMENT,TIMEFUNC,DT,VALUE,FLAG,QUALITY,
0-20000-0-11519,RGLB_D,SUM,1984-01-01T00:00Z,4291.0,,0.0,
0-20000-0-11519,RGLB_D,SUM,1984-01-02T00:00Z,1465.0,,0.0,
0-20000-0-11519,RGLB_D,SUM,1984-01-03T00:00Z,2005.0,,0.0,
0-20000-0-11519,RGLB_D,SUM,1984-01-04T00:00Z,2704.0,,0.0,
0-20000-0-11519,RGLB_D,SUM,1984-01-05T00:00Z,3672.0,,0.0,
0-20000-0-11519,RGLB_D,SUM,1984-01-06T00:00Z,461.0,,0.0,
0-20000-0-11519,RGLB_D,SUM,1984-01-07T00:00Z,1670.0,,0.0,
0-20000-0-11519,RGLB_D,SUM,1984-01-08T00:00Z,3082.0,,0.0,
0-20000-0-11519,RGLB_D,SUM,1984-01-09T00:00Z,486.0,,0.0,
0-20000-0-11519,RGLB_D,SUM,1984-01-10T00:00Z,3053.0,,0.0,
0-20000-0-11519,RGLB_D,SUM,1984-01-11T00:00Z,4237.0,,0.0,
0-20000-0-11519,RGLB_D,SUM,1984-01-12T00:00Z,2560.0,,0.0,
0-20000-0-11519,RGLB_D,SUM,1984-01-13T00:00Z,3578.0,,0.0,
0-20000-0-11519,RGLB_D,SUM,1984-01-14T00:00Z,1066.0,,0.0,
0-20000-0-11519,RGLB_D,SUM,1984-01-15T00:00Z,4576.0,,0.0,
0-20000-0-11519,RGLB_D,SUM,1984-01-16T00:00Z,2963.0,,0.0,
0-20000-0-11519,RGLB_D,SUM,1984-01-17T00:00Z,1199.0,,0.0,
0-20000-0-11519,RGLB_D,SUM,1984-01-18T00:00Z,4864.0,,0.0,
0-20000-0-11519,RGLB_D,SUM,1984-01-19T00:00Z,5519.0,,0.0,
0-20000-0-11519,RGLB_D,SUM,1984-01-20T00:00Z,1984.0,,0.0,
0-20000-0-11519,RGLB_D,SUM,1984-01-21T00:00Z,2927.0,,0.0,
0-20000-0-11519,RGLB_D,SUM,1984-01-22T00:00Z,2700.0,,0.0,
0-20000-0-11519,RGLB_D,SUM,1984-01-23T00:00Z,3665.0,,0.0,
0-20000-0-11519,RGLB_D,SUM,1984-01-24T00:00Z,3078.0,,0.0,
0-20000-0-11519,RGLB_D,SUM,1984-01-25T00:00Z,3236.0,,0.0,
0-20000-0-11519,RGLB_D,SUM,1984-01-26T00:00Z,5753.0,,0.0,
0-20000-0-11519,RGLB_D,SUM,1984-01-27T00:00Z,3571.0,,0.0,
0-20000-0-11519,RGLB_D,SUM,1984-01-28T00:00Z,3614.0,,0.0,
0-20000-0-11519,RGLB_D,SUM,1984-01-29T00:00Z,4954.0,,0.0,
0-20000-0-11519,RGLB_D,SUM,1984-01-30T00:00Z,2027.0,,0.0,
0-20000-0-11519,RGLB_D,SUM,1984-01-31T00:00Z,1652.0,,0.0,
0-20000-0-11519,RGLB_D,SUM,1984-02-01T00:00Z,2974.0,,0.0,
0-20000-0-11519,RGLB_D,SUM,1984-02-02T00:00Z,2344.0,,0.0,
0-20000-0-11519,RGLB_D,SUM,1984-02-03T00:00Z,6055.0,,0.0,
0-20000-0-11519,RGLB_D,SUM,1984-02-04T00:00Z,2664.0,,0.0,
0-20000-0-11519,RGLB_D,SUM,1984-02-05T00:00Z,1714.0,,0.0,
0-20000-0-11519,RGLB_D,SUM,1984-02-06T00:00Z,3866.0,,0.0,
0-20000-0-11519,RGLB_D,SUM,1984-02-07T00:00Z,724.0,,0.0,
0-20000-0-11519,RGLB_D,SUM,1984-02-08T00:00Z,1480.0,,0.0,
0-20000-0-11519,RGLB_D,SUM,1984-02-09T00:00Z,3553.0,,0.0,
0-20000-0-11519,RGLB_D,SUM,1984-02-10T00:00Z,7117.0,,0.0,
0-20000-0-11519,RGLB_D,SUM,1984-02-11T00:00Z,5090.0,,0.0,
0-20000-0-11519,RGLB_D,SUM,1984-02-12T00:00Z,9486.0,,0.0,
0-20000-0-11519,RGLB_D,SUM,1984-02-13T00:00Z,8348.0,,0.0,
0-20000-0-11519,RGLB_D,SUM,1984-02-14T00:00Z,6620.0,,0.0,
0-20000-0-11519,RGLB_D,SUM,1984-02-15T00:00Z,6646.0,,0.0,
0-20000-0-11519,RGLB_D,SUM,1984-02-16T00:00Z,6811.0,,0.0,
0-20000-0-11519,RGLB_D,SUM,1984-02-17T00:00Z,5411.0,,0.0,
0-20000-0-11519,RGLB_D,SUM,1984-02-18T00:00Z,6271.0,,0.0,
0-20000-0-11519,RGLB_D,SUM,1984-02-19T00:00Z,6818.0,,0.0,
0-20000-0-11519,RGLB_D,SUM,1984-02-20T00:00Z,2642.0,,0.0,
0-20000-0-11519,RGLB_D,SUM,1984-02-21T00:00Z,2164.0,,0.0,
0-20000-0-11519,RGLB_D,SUM,1984-02-22T00:00Z,1847.0,,0.0,
0-20000-0-11519,RGLB_D,SUM,1984-02-23T00:00Z,1098.0,,0.0,
0-20000-0-11519,RGLB_D,SUM,1984-02-24T00:00Z,540.0,,0.0,
0-20000-0-11519,RGLB_D,SUM,1984-02-25T00:00Z,1202.0,,0.0,
0-20000-0-11519,RGLB_D,SUM,1984-02-26T00:00Z,6250.0,,0.0,
0-20000-0-11519,RGLB_D,SUM,1984-02-27T00:00Z,2585.0,,0.0,
0-20000-0-11519,RGLB_D,SUM,1984-02-28T00:00Z,6221.0,,0.0,
0-20000-0-11519,RGLB_D,SUM,1984-02-29T00:00Z,3733.0,,0.0,
0-20000-0-11519,RGLB_D,SUM,1984-03-01T00:00Z,1973.0,,0.0,
0-20000-0-11519,RGLB_D,SUM,1984-03-02T00:00Z,4514.0,,0.0,
0-20000-0-11519,RGLB_D,SUM,1984-03-03T00:00Z,8957.0,,0.0,
0-20000-0-11519,RGLB_D,SUM,1984-03-04T00:00Z,3708.0,,0.0,
0-20000-0-11519,RGLB_D,SUM,1984-03-05T00:00Z,6070.0,,0.0,
0-20000-0-11519,RGLB_D,SUM,1984-03-06T00:00Z,7189.0,,0.0,
0-20000-0-11519,RGLB_D,SUM,1984-03-07T00:00Z,3265.0,,0.0,
0-20000-0-11519,RGLB_D,SUM,1984-03-08T00:00Z,10872.0,,0.0,
0-20000-0-11519,RGLB_D,SUM,1984-03-09T00:00Z,4867.0,,0.0,
0-20000-0-11519,RGLB_D,SUM,1984-03-10T00:00Z,10944.0,,0.0,
0-20000-0-11519,RGLB_D,SUM,1984-03-11T00:00Z,8266.0,,0.0,
0-20000-0-11519,RGLB_D,SUM,1984-03-12T00:00Z,4208.0,,0.0,
0-20000-0-11519,RGLB_D,SUM,1984-03-13T00:00Z,4219.0,,0.0,
0-20000-0-11519,RGLB_D,SUM,1984-03-14T00:00Z,11315.0,,0.0,
0-20000-0-11519,RGLB_D,SUM,1984-03-15T00:00Z,12578.0,,0.0,
0-20000-0-11519,RGLB_D,SUM,1984-03-16T00:00Z,11704.0,,0.0,
0-20000-0-11519,RGLB_D,SUM,1984-03-17T00:00Z,11120.0,,0.0,
0-20000-0-11519,RGLB_D,SUM,1984-03-18T00:00Z,5227.0,,0.0,
0-20000-0-11519,RGLB_D,SUM,1984-03-19T00:00Z,16445.0,,0.0,
0-20000-0-11519,RGLB_D,SUM,1984-03-20T00:00Z,15728.0,,0.0,
0-20000-0-11519,RGLB_D,SUM,1984-03-21T00:00Z,14717.0,,0.0,
0-20000-0-11519,RGLB_D,SUM,1984-03-22T00:00Z,13424.0,,0.0,
0-20000-0-11519,RGLB_D,SUM,1984-03-23T00:00Z,11966.0,,0.0,
0-20000-0-11519,RGLB_D,SUM,1984-03-24T00:00Z,13846.0,,0.0,
0-20000-0-11519,RGLB_D,SUM,1984-03-25T00:00Z,8658.0,,0.0,
0-20000-0-11519,RGLB_D,SUM,1984-03-26T00:00Z,14814.0,,0.0,
0-20000-0-11519,RGLB_D,SUM,1984-03-27T00:00Z,10213.0,,0.0,
0-20000-0-11519,RGLB_D,SUM,1984-03-28T00:00Z,8647.0,,0.0,
0-20000-0-11519,RGLB_D,SUM,1984-03-29T00:00Z,9691.0,,0.0,
0-20000-0-11519,RGLB_D,SUM,1984-03-30T00:00Z,2401.0,,0.0,
0-20000-0-11519,RGLB_D,SUM,1984-03-31T00:00Z,11477.0,,0.0,
0-20000-0-11519,RGLB_D,SUM,1984-04-01T00:00Z,10375.0,,0.0,
0-20000-0-11519,RGLB_D,SUM,1984-04-02T00:00Z,3506.0,,0.0,
0-20000-0-11519,RGLB_D,SUM,1984-04-03T00:00Z,11437.0,,0.0,
0-20000-0-11519,RGLB_D,SUM,1984-04-04T00:00Z,5234.0,,0.0,
0-20000-0-11519,RGLB_D,SUM,1984-04-05T00:00Z,11171.0,,0.0,
0-20000-0-11519,RGLB_D,SUM,1984-04-06T00:00Z,10930.0,,0.0,
0-20000-0-11519,RGLB_D,SUM,1984-04-07T00:00Z,14954.0,,0.0,
0-20000-0-11519,RGLB_D,SUM,1984-04-08T00:00Z,3884.0,,0.0,
0-20000-0-11519,RGLB_D,SUM,1984-04-09T00:00Z,4018.0,,0.0,
0-20000-0-11519,RGLB_D,SUM,1984-04-10T00:00Z,6566.0,,0.0,
0-20000-0-11519,RGLB_D,SUM,1984-04-11T00:00Z,7819.0,,0.0,
0-20000-0-11519,RGLB_D,SUM,1984-04-12T00:00Z,7322.0,,0.0,
0-20000-0-11519,RGLB_D,SUM,1984-04-13T00:00Z,12604.0,,0.0,
0-20000-0-11519,RGLB_D,SUM,1984-04-14T00:00Z,18929.0,,0.0,
0-20000-0-11519,RGLB_D,SUM,1984-04-15T00:00Z,21128.0,,0.0,
0-20000-0-11519,RGLB_D,SUM,1984-04-16T00:00Z,12881.0,,0.0,
0-20000-0-11519,RGLB_D,SUM,1984-04-17T00:00Z,5735.0,,0.0,
0-20000-0-11519,RGLB_D,SUM,1984-04-18T00:00Z,21517.0,,0.0,
0-20000-0-11519,RGLB_D,SUM,1984-04-19T00:00Z,23659.0,,0.0,
0-20000-0-11519,RGLB_D,SUM,1984-04-20T00:00Z,23299.0,,0.0,
0-20000-0-11519,RGLB_D,SUM,1984-04-21T00:00Z,18180.0,,0.0,
0-20000-0-11519,RGLB_D,SUM,1984-04-22T00:00Z,18068.0,,0.0,
0-20000-0-11519,RGLB_D,SUM,1984-04-23T00:00Z,21974.0,,0.0,
0-20000-0-11519,RGLB_D,SUM,1984-04-24T00:00Z,20855.0,,0.0,
0-20000-0-11519,RGLB_D,SUM,1984-04-25T00:00Z,22824.0,,0.0,
0-20000-0-11519,RGLB_D,SUM,1984-04-26T00:00Z,15214.0,,0.0,
0-20000-0-11519,RGLB_D,SUM,1984-04-27T00:00Z,19238.0,,0.0,
0-20000-0-11519,RGLB_D,SUM,1984-04-28T00:00Z,9605.0,,0.0,
0-20000-0-11519,RGLB_D,SUM,1984-04-29T00:00Z,22716.0,,0.0,
0-20000-0-11519,RGLB_D,SUM,1984-04-30T00:00Z,9796.0,,0.0,
0-20000-0-11519,RGLB_D,SUM,1984-05-01T00:00Z,19850.0,,0.0,
0-20000-0-11519,RGLB_D,SUM,1984-05-02T00:00Z,22763.0,,0.0,
0-20000-0-11519,RGLB_D,SUM,1984-05-03T00:00Z,14803.0,,0.0,
0-20000-0-11519,RGLB_D,SUM,1984-05-04T00:00Z,16232.0,,0.0,
0-20000-0-11519,RGLB_D,SUM,1984-05-05T00:00Z,18493.0,,0.0,
0-20000-0-11519,RGLB_D,SUM,1984-05-06T00:00Z,15062.0,,0.0,
0-20000-0-11519,RGLB_D,SUM,1984-05-07T00:00Z,4550.0,,0.0,
0-20000-0-11519,RGLB_D,SUM,1984-05-08T00:00Z,11430.0,,0.0,
0-20000-0-11519,RGLB_D,SUM,1984-05-09T00:00Z,15120.0,,0.0,
0-20000-0-11519,RGLB_D,SUM,1984-05-10T00:00Z,14130.0,,0.0,
0-20000-0-11519,RGLB_D,SUM,1984-05-11T00:00Z,4583.0,,0.0,
0-20000-0-11519,RGLB_D,SUM,1984-05-12T00:00Z,3582.0,,0.0,
0-20000-0-11519,RGLB_D,SUM,1984-05-13T00:00Z,3211.0,,0.0,
0-20000-0-11519,RGLB_D,SUM,1984-05-14T00:00Z,4334.0,,0.0,
0-20000-0-11519,RGLB_D,SUM,1984-05-15T00:00Z,20189.0,,0.0,
0-20000-0-11519,RGLB_D,SUM,1984-05-16T00:00Z,22262.0,,0.0,
0-20000-0-11519,RGLB_D,SUM,1984-05-17T00:00Z,20560.0,,0.0,
0-20000-0-11519,RGLB_D,SUM,1984-05-18T00:00Z,23015.0,,0.0,
0-20000-0-11519,RGLB_D,SUM,1984-05-19T00:00Z,26204.0,,0.0,
0-20000-0-11519,RGLB_D,SUM,1984-05-20T00:00Z,17032.0,,0.0,
0-20000-0-11519,RGLB_D,SUM,1984-05-21T00:00Z,7524.0,,0.0,
0-20000-0-11519,RGLB_D,SUM,1984-05-22T00:00Z,12233.0,,0.0,
0-20000-0-11519,RGLB_D,SUM,1984-05-23T00:00Z,19332.0,,0.0,
0-20000-0-11519,RGLB_D,SUM,1984-05-24T00:00Z,12197.0,,0.0,
0-20000-0-11519,RGLB_D,SUM,1984-05-25T00:00Z,8176.0,,0.0,
0-20000-0-11519,RGLB_D,SUM,1984-05-26T00:00Z,22237.0,,0.0,
0-20000-0-11519,RGLB_D,SUM,1984-05-27T00:00Z,17590.0,,0.0,
0-20000-0-11519,RGLB_D,SUM,1984-05-28T00:00Z,10015.0,,0.0,
0-20000-0-11519,RGLB_D,SUM,1984-05-29T00:00Z,11938.0,,0.0,
0-20000-0-11519,RGLB_D,SUM,1984-05-30T00:00Z,16430.0,,0.0,
0-20000-0-11519,RGLB_D,SUM,1984-05-31T00:00Z,19678.0,,0.0,
0-20000-0-11519,RGLB_D,SUM,1984-06-01T00:00Z,26269.0,,0.0,
0-20000-0-11519,RGLB_D,SUM,1984-06-02T00:00Z,28501.0,,0.0,
0-20000-0-11519,RGLB_D,SUM,1984-06-03T00:00Z,25240.0,,0.0,
0-20000-0-11519,RGLB_D,SUM,1984-06-04T00:00Z,26334.0,,0.0,
0-20000-0-11519,RGLB_D,SUM,1984-06-05T00:00Z,17986.0,,0.0,
0-20000-0-11519,RGLB_D,SUM,1984-06-06T00:00Z,12208.0,,0.0,
0-20000-0-11519,RGLB_D,SUM,1984-06-07T00:00Z,20192.0,,0.0,
0-20000-0-11519,RGLB_D,SUM,1984-06-08T00:00Z,3856.0,,0.0,
0-20000-0-11519,RGLB_D,SUM,1984-06-09T00:00Z,9043.0,,0.0,
0-20000-0-11519,RGLB_D,SUM,1984-06-10T00:00Z,20675.0,,0.0,
0-20000-0-11519,RGLB_D,SUM,1984-06-11T00:00Z,19444.0,,0.0,
0-20000-0-11519,RGLB_D,SUM,1984-06-12T00:00Z,22968.0,,0.0,
0-20000-0-11519,RGLB_D,SUM,1984-06-13T00:00Z,22662.0,,0.0,
0-20000-0-11519,RGLB_D,SUM,1984-06-14T00:00Z,15588.0,,0.0,
0-20000-0-11519,RGLB_D,SUM,1984-06-15T00:00Z,8219.0,,0.0,
0-20000-0-11519,RGLB_D,SUM,1984-06-16T00:00Z,8719.0,,0.0,
0-20000-0-11519,RGLB_D,SUM,1984-06-17T00:00Z,15887.0,,0.0,
0-20000-0-11519,RGLB_D,SUM,1984-06-18T00:00Z,15408.0,,0.0,
0-20000-0-11519,RGLB_D,SUM,1984-06-19T00:00Z,21672.0,,0.0,
0-20000-0-11519,RGLB_D,SUM,1984-06-20T00:00Z,25024.0,,0.0,
0-20000-0-11519,RGLB_D,SUM,1984-06-21T00:00Z,17514.0,,0.0,
0-20000-0-11519,RGLB_D,SUM,1984-06-22T00:00Z,15188.0,,0.0,
0-20000-0-11519,RGLB_D,SUM,1984-06-23T00:00Z,17626.0,,0.0,
0-20000-0-11519,RGLB_D,SUM,1984-06-24T00:00Z,15815.0,,0.0,
0-20000-0-11519,RGLB_D,SUM,1984-06-25T00:00Z,9979.0,,0.0,
0-20000-0-11519,RGLB_D,SUM,1984-06-26T00:00Z,12593.0,,0.0,
0-20000-0-11519,RGLB_D,SUM,1984-06-27T00:00Z,21607.0,,0.0,
0-20000-0-11519,RGLB_D,SUM,1984-06-28T00:00Z,12730.0,,0.0,
0-20000-0-11519,RGLB_D,SUM,1984-06-29T00:00Z,13252.0,,0.0,
0-20000-0-11519,RGLB_D,SUM,1984-06-30T00:00Z,19084.0,,0.0,
0-20000-0-11519,RGLB_D,SUM,1984-07-01T00:00Z,29513.0,,0.0,
0-20000-0-11519,RGLB_D,SUM,1984-07-02T00:00Z,13878.0,,0.0,
0-20000-0-11519,RGLB_D,SUM,1984-07-03T00:00Z,12917.0,,0.0,
0-20000-0-11519,RGLB_D,SUM,1984-07-04T00:00Z,9292.0,,0.0,
0-20000-0-11519,RGLB_D,SUM,1984-07-05T00:00Z,8780.0,,0.0,
0-20000-0-11519,RGLB_D,SUM,1984-07-06T00:00Z,8024.0,,0.0,
0-20000-0-11519,RGLB_D,SUM,1984-07-07T00:00Z,18425.0,,0.0,
0-20000-0-11519,RGLB_D,SUM,1984-07-08T00:00Z,29200.0,,0.0,
0-20000-0-11519,RGLB_D,SUM,1984-07-09T00:00Z,28868.0,,0.0,
0-20000-0-11519,RGLB_D,SUM,1984-07-10T00:00Z,26230.0,,0.0,
0-20000-0-11519,RGLB_D,SUM,1984-07-11T00:00Z,26906.0,,0.0,
0-20000-0-11519,RGLB_D,SUM,1984-07-12T00:00Z,24372.0,,0.0,
0-20000-0-11519,RGLB_D,SUM,1984-07-13T00:00Z,17150.0,,0.0,
0-20000-0-11519,RGLB_D,SUM,1984-07-14T00:00Z,19811.0,,0.0,
0-20000-0-11519,RGLB_D,SUM,1984-07-15T00:00Z,9349.0,,0.0,
0-20000-0-11519,RGLB_D,SUM,1984-07-16T00:00Z,9475.0,,0.0,
0-20000-0-11519,RGLB_D,SUM,1984-07-17T00:00Z,6743.0,,0.0,
0-20000-0-11519,RGLB_D,SUM,1984-07-18T00:00Z,7657.0,,0.0,
0-20000-0-11519,RGLB_D,SUM,1984-07-19T00:00Z,7218.0,,0.0,
0-20000-0-11519,RGLB_D,SUM,1984-07-20T00:00Z,10066.0,,0.0,
0-20000-0-11519,RGLB_D,SUM,1984-07-21T00:00Z,14058.0,,0.0,
0-20000-0-11519,RGLB_D,SUM,1984-07-22T00:00Z,17716.0,,0.0,
0-20000-0-11519,RGLB_D,SUM,1984-07-23T00:00Z,13608.0,,0.0,
0-20000-0-11519,RGLB_D,SUM,1984-07-24T00:00Z,17413.0,,0.0,
0-20000-0-11519,RGLB_D,SUM,1984-07-25T00:00Z,22511.0,,0.0,
0-20000-0-11519,RGLB_D,SUM,1984-07-26T00:00Z,9022.0,,0.0,
0-20000-0-11519,RGLB_D,SUM,1984-07-27T00:00Z,11318.0,,0.0,
0-20000-0-11519,RGLB_D,SUM,1984-07-28T00:00Z,9104.0,,0.0,
0-20000-0-11519,RGLB_D,SUM,1984-07-29T00:00Z,11934.0,,0.0,
0-20000-0-11519,RGLB_D,SUM,1984-07-30T00:00Z,23929.0,,0.0,
0-20000-0-11519,RGLB_D,SUM,1984-07-31T00:00Z,24404.0,,0.0,
0-20000-0-11519,RGLB_D,SUM,1984-08-01T00:00Z,9691.0,,0.0,
0-20000-0-11519,RGLB_D,SUM,1984-08-02T00:00Z,15595.0,,0.0,
0-20000-0-11519,RGLB_D,SUM,1984-08-03T00:00Z,24937.0,,0.0,
0-20000-0-11519,RGLB_D,SUM,1984-08-04T00:00Z,24696.0,,0.0,
0-20000-0-11519,RGLB_D,SUM,1984-08-05T00:00Z,12247.0,,0.0,
0-20000-0-11519,RGLB_D,SUM,1984-08-06T00:00Z,13061.0,,0.0,
0-20000-0-11519,RGLB_D,SUM,1984-08-07T00:00Z,8899.0,,0.0,
0-20000-0-11519,RGLB_D,SUM,1984-08-08T00:00Z,4259.0,,0.0,
0-20000-0-11519,RGLB_D,SUM,1984-08-09T00:00Z,10120.0,,0.0,
0-20000-0-11519,RGLB_D,SUM,1984-08-10T00:00Z,11293.0,,0.0,
0-20000-0-11519,RGLB_D,SUM,1984-08-11T00:00Z,9954.0,,0.0,
0-20000-0-11519,RGLB_D,SUM,1984-08-12T00:00Z,10660.0,,0.0,
0-20000-0-11519,RGLB_D,SUM,1984-08-13T00:00Z,16387.0,,0.0,
0-20000-0-11519,RGLB_D,SUM,1984-08-14T00:00Z,21956.0,,0.0,
0-20000-0-11519,RGLB_D,SUM,1984-08-15T00:00Z,14857.0,,0.0,
0-20000-0-11519,RGLB_D,SUM,1984-08-16T00:00Z,15390.0,,0.0,
0-20000-0-11519,RGLB_D,SUM,1984-08-17T00:00Z,15422.0,,0.0,
0-20000-0-11519,RGLB_D,SUM,1984-08-18T00:00Z,15754.0,,0.0,
0-20000-0-11519,RGLB_D,SUM,1984-08-19T00:00Z,15066.0,,0.0,
0-20000-0-11519,RGLB_D,SUM,1984-08-20T00:00Z,20822.0,,0.0,
0-20000-0-11519,RGLB_D,SUM,1984-08-21T00:00Z,17795.0,,0.0,
0-20000-0-11519,RGLB_D,SUM,1984-08-22T00:00Z,18349.0,,0.0,
0-20000-0-11519,RGLB_D,SUM,1984-08-23T00:00Z,20239.0,,0.0,
0-20000-0-11519,RGLB_D,SUM,1984-08-24T00:00Z,19181.0,,0.0,
0-20000-0-11519,RGLB_D,SUM,1984-08-25T00:00Z,14530.0,,0.0,
0-20000-0-11519,RGLB_D,SUM,1984-08-26T00:00Z,7844.0,,0.0,
0-20000-0-11519,RGLB_D,SUM,1984-08-27T00:00Z,18364.0,,0.0,
0-20000-0-11519,RGLB_D,SUM,1984-08-28T00:00Z,19030.0,,0.0,
0-20000-0-11519,RGLB_D,SUM,1984-08-29T00:00Z,16603.0,,0.0,
0-20000-0-11519,RGLB_D,SUM,1984-08-30T00:00Z,13032.0,,0.0,
0-20000-0-11519,RGLB_D,SUM,1984-08-31T00:00Z,14742.0,,0.0,
0-20000-0-11519,RGLB_D,SUM,1984-09-01T00:00Z,14072.0,,0.0,
0-20000-0-11519,RGLB_D,SUM,1984-09-02T00:00Z,11243.0,,0.0,
0-20000-0-11519,RGLB_D,SUM,1984-09-03T00:00Z,16034.0,,0.0,
0-20000-0-11519,RGLB_D,SUM,1984-09-04T00:00Z,15379.0,,0.0,
0-20000-0-11519,RGLB_D,SUM,1984-09-05T00:00Z,2009.0,,0.0,
0-20000-0-11519,RGLB_D,SUM,1984-09-06T00:00Z,1843.0,,0.0,
0-20000-0-11519,RGLB_D,SUM,1984-09-07T00:00Z,13849.0,,0.0,
0-20000-0-11519,RGLB_D,SUM,1984-09-08T00:00Z,9580.0,,0.0,
0-20000-0-11519,RGLB_D,SUM,1984-09-09T00:00Z,3985.0,,0.0,
0-20000-0-11519,RGLB_D,SUM,1984-09-10T00:00Z,5731.0,,0.0,
0-20000-0-11519,RGLB_D,SUM,1984-09-11T00:00Z,6217.0,,0.0,
0-20000-0-11519,RGLB_D,SUM,1984-09-12T00:00Z,9234.0,,0.0,
0-20000-0-11519,RGLB_D,SUM,1984-09-13T00:00Z,12128.0,,0.0,
0-20000-0-11519,RGLB_D,SUM,1984-09-14T00:00Z,13867.0,,0.0,
0-20000-0-11519,RGLB_D,SUM,1984-09-15T00:00Z,3953.0,,0.0,
0-20000-0-11519,RGLB_D,SUM,1984-09-16T00:00Z,7636.0,,0.0,
0-20000-0-11519,RGLB_D,SUM,1984-09-17T00:00Z,1786.0,,0.0,
0-20000-0-11519,RGLB_D,SUM,1984-09-18T00:00Z,11128.0,,0.0,
0-20000-0-11519,RGLB_D,SUM,1984-09-19T00:00Z,10454.0,,0.0,
0-20000-0-11519,RGLB_D,SUM,1984-09-20T00:00Z,7985.0,,0.0,
0-20000-0-11519,RGLB_D,SUM,1984-09-21T00:00Z,8924.0,,0.0,
0-20000-0-11519,RGLB_D,SUM,1984-09-22T00:00Z,4115.0,,0.0,
0-20000-0-11519,RGLB_D,SUM,1984-09-23T00:00Z,10202.0,,0.0,
0-20000-0-11519,RGLB_D,SUM,1984-09-24T00:00Z,6098.0,,0.0,
0-20000-0-11519,RGLB_D,SUM,1984-09-25T00:00Z,9605.0,,0.0,
0-20000-0-11519,RGLB_D,SUM,1984-09-26T00:00Z,5144.0,,0.0,
0-20000-0-11519,RGLB_D,SUM,1984-09-27T00:00Z,3053.0,,0.0,
0-20000-0-11519,RGLB_D,SUM,1984-09-28T00:00Z,11671.0,,0.0,
0-20000-0-11519,RGLB_D,SUM,1984-09-29T00:00Z,11203.0,,0.0,
0-20000-0-11519,RGLB_D,SUM,1984-09-30T00:00Z,3193.0,,0.0,
0-20000-0-11519,RGLB_D,SUM,1984-10-01T00:00Z,4439.0,,0.0,
0-20000-0-11519,RGLB_D,SUM,1984-10-02T00:00Z,2653.0,,0.0,
0-20000-0-11519,RGLB_D,SUM,1984-10-03T00:00Z,12632.0,,0.0,
0-20000-0-11519,RGLB_D,SUM,1984-10-04T00:00Z,8852.0,,0.0,
0-20000-0-11519,RGLB_D,SUM,1984-10-05T00:00Z,7153.0,,0.0,
0-20000-0-11519,RGLB_D,SUM,1984-10-06T00:00Z,10487.0,,0.0,
0-20000-0-11519,RGLB_D,SUM,1984-10-07T00:00Z,9245.0,,0.0,
0-20000-0-11519,RGLB_D,SUM,1984-10-08T00:00Z,8341.0,,0.0,
0-20000-0-11519,RGLB_D,SUM,1984-10-09T00:00Z,5839.0,,0.0,
0-20000-0-11519,RGLB_D,SUM,1984-10-10T00:00Z,3989.0,,0.0,
0-20000-0-11519,RGLB_D,SUM,1984-10-11T00:00Z,8176.0,,0.0,
0-20000-0-11519,RGLB_D,SUM,1984-10-12T00:00Z,7819.0,,0.0,
0-20000-0-11519,RGLB_D,SUM,1984-10-13T00:00Z,10933.0,,0.0,
0-20000-0-11519,RGLB_D,SUM,1984-10-14T00:00Z,6253.0,,0.0,
0-20000-0-11519,RGLB_D,SUM,1984-10-15T00:00Z,7819.0,,0.0,
0-20000-0-11519,RGLB_D,SUM,1984-10-16T00:00Z,7592.0,,0.0,
0-20000-0-11519,RGLB_D,SUM,1984-10-17T00:00Z,10753.0,,0.0,
0-20000-0-11519,RGLB_D,SUM,1984-10-18T00:00Z,9475.0,,0.0,
0-20000-0-11519,RGLB_D,SUM,1984-10-19T00:00Z,8874.0,,0.0,
0-20000-0-11519,RGLB_D,SUM,1984-10-20T00:00Z,10458.0,,0.0,
0-20000-0-11519,RGLB_D,SUM,1984-10-21T00:00Z,6498.0,,0.0,
0-20000-0-11519,RGLB_D,SUM,1984-10-22T00:00Z,7841.0,,0.0,
0-20000-0-11519,RGLB_D,SUM,1984-10-23T00:00Z,3913.0,,0.0,
0-20000-0-11519,RGLB_D,SUM,1984-10-24T00:00Z,2898.0,,0.0,
0-20000-0-11519,RGLB_D,SUM,1984-10-25T00:00Z,6869.0,,0.0,
0-20000-0-11519,RGLB_D,SUM,1984-10-26T00:00Z,3816.0,,0.0,
0-20000-0-11519,RGLB_D,SUM,1984-10-27T00:00Z,6822.0,,0.0,
0-20000-0-11519,RGLB_D,SUM,1984-10-28T00:00Z,2362.0,,0.0,
0-20000-0-11519,RGLB_D,SUM,1984-10-29T00:00Z,3946.0,,0.0,
0-20000-0-11519,RGLB_D,SUM,1984-10-30T00:00Z,4903.0,,0.0,
0-20000-0-11519,RGLB_D,SUM,1984-10-31T00:00Z,5713.0,,0.0,
0-20000-0-11519,RGLB_D,SUM,1984-11-01T00:00Z,1292.0,,0.0,
0-20000-0-11519,RGLB_D,SUM,1984-11-02T00:00Z,5605.0,,0.0,
0-20000-0-11519,RGLB_D,SUM,1984-11-03T00:00Z,6754.0,,0.0,
0-20000-0-11519,RGLB_D,SUM,1984-11-04T00:00Z,1962.0,,0.0,
0-20000-0-11519,RGLB_D,SUM,1984-11-05T00:00Z,1166.0,,0.0,
0-20000-0-11519,RGLB_D,SUM,1984-11-06T00:00Z,1379.0,,0.0,
0-20000-0-11519,RGLB_D,SUM,1984-11-07T00:00Z,1181.0,,0.0,
0-20000-0-11519,RGLB_D,SUM,1984-11-08T00:00Z,630.0,,0.0,
0-20000-0-11519,RGLB_D,SUM,1984-11-09T00:00Z,972.0,,0.0,
0-20000-0-11519,RGLB_D,SUM,1984-11-10T00:00Z,1829.0,,0.0,
0-20000-0-11519,RGLB_D,SUM,1984-11-11T00:00Z,2549.0,,0.0,
0-20000-0-11519,RGLB_D,SUM,1984-11-12T00:00Z,5188.0,,0.0,
0-20000-0-11519,RGLB_D,SUM,1984-11-13T00:00Z,6919.0,,0.0,
0-20000-0-11519,RGLB_D,SUM,1984-11-14T00:00Z,5573.0,,0.0,
0-20000-0-11519,RGLB_D,SUM,1984-11-15T00:00Z,3024.0,,0.0,
0-20000-0-11519,RGLB_D,SUM,1984-11-16T00:00Z,522.0,,0.0,
0-20000-0-11519,RGLB_D,SUM,1984-11-17T00:00Z,410.0,,0.0,
0-20000-0-11519,RGLB_D,SUM,1984-11-18T00:00Z,1044.0,,0.0,
0-20000-0-11519,RGLB_D,SUM,1984-11-19T00:00Z,468.0,,0.0,
0-20000-0-11519,RGLB_D,SUM,1984-11-20T00:00Z,1094.0,,0.0,
0-20000-0-11519,RGLB_D,SUM,1984-11-21T00:00Z,3132.0,,0.0,
0-20000-0-11519,RGLB_D,SUM,1984-11-22T00:00Z,2786.0,,0.0,
0-20000-0-11519,RGLB_D,SUM,1984-11-23T00:00Z,3924.0,,0.0,
0-20000-0-11519,RGLB_D,SUM,1984-11-24T00:00Z,3809.0,,0.0,
0-20000-0-11519,RGLB_D,SUM,1984-11-25T00:00Z,2509.0,,0.0,
0-20000-0-11519,RGLB_D,SUM,1984-11-26T00:00Z,1872.0,,0.0,
0-20000-0-11519,RGLB_D,SUM,1984-11-27T00:00Z,2318.0,,0.0,
0-20000-0-11519,RGLB_D,SUM,1984-11-28T00:00Z,3697.0,,0.0,
0-20000-0-11519,RGLB_D,SUM,1984-11-29T00:00Z,3445.0,,0.0,
0-20000-0-11519,RGLB_D,SUM,1984-11-30T00:00Z,450.0,,0.0,
0-20000-0-11519,RGLB_D,SUM,1984-12-01T00:00Z,1404.0,,0.0,
0-20000-0-11519,RGLB_D,SUM,1984-12-02T00:00Z,1537.0,,0.0,
0-20000-0-11519,RGLB_D,SUM,1984-12-03T00:00Z,594.0,,0.0,
0-20000-0-11519,RGLB_D,SUM,1984-12-04T00:00Z,3899.0,,0.0,
0-20000-0-11519,RGLB_D,SUM,1984-12-05T00:00Z,482.0,,0.0,
0-20000-0-11519,RGLB_D,SUM,1984-12-06T00:00Z,853.0,,0.0,
0-20000-0-11519,RGLB_D,SUM,1984-12-07T00:00Z,2020.0,,0.0,
0-20000-0-11519,RGLB_D,SUM,1984-12-08T00:00Z,410.0,,0.0,
0-20000-0-11519,RGLB_D,SUM,1984-12-09T00:00Z,2113.0,,0.0,
0-20000-0-11519,RGLB_D,SUM,1984-12-10T00:00Z,940.0,,0.0,
0-20000-0-11519,RGLB_D,SUM,1984-12-11T00:00Z,490.0,,0.0,
0-20000-0-11519,RGLB_D,SUM,1984-12-12T00:00Z,3492.0,,0.0,
0-20000-0-11519,RGLB_D,SUM,1984-12-13T00:00Z,1634.0,,0.0,
0-20000-0-11519,RGLB_D,SUM,1984-12-14T00:00Z,713.0,,0.0,
0-20000-0-11519,RGLB_D,SUM,1984-12-15T00:00Z,479.0,,0.0,
0-20000-0-11519,RGLB_D,SUM,1984-12-16T00:00Z,886.0,,0.0,
0-20000-0-11519,RGLB_D,SUM,1984-12-17T00:00Z,868.0,,0.0,
0-20000-0-11519,RGLB_D,SUM,1984-12-18T00:00Z,3042.0,,0.0,
0-20000-0-11519,RGLB_D,SUM,1984-12-19T00:00Z,410.0,,0.0,
0-20000-0-11519,RGLB_D,SUM,1984-12-20T00:00Z,3344.0,,0.0,
0-20000-0-11519,RGLB_D,SUM,1984-12-21T00:00Z,1282.0,,0.0,
0-20000-0-11519,RGLB_D,SUM,1984-12-22T00:00Z,2808.0,,0.0,
0-20000-0-11519,RGLB_D,SUM,1984-12-23T00:00Z,3596.0,,0.0,
0-20000-0-11519,RGLB_D,SUM,1984-12-24T00:00Z,2930.0,,0.0,
0-20000-0-11519,RGLB_D,SUM,1984-12-25T00:00Z,3154.0,,0.0,
0-20000-0-11519,RGLB_D,SUM,1984-12-26T00:00Z,367.0,,0.0,
0-20000-0-11519,RGLB_D,SUM,1984-12-27T00:00Z,1253.0,,0.0,
0-20000-0-11519,RGLB_D,SUM,1984-12-28T00:00Z,900.0,,0.0,
0-20000-0-11519,RGLB_D,SUM,1984-12-29T00:00Z,1051.0,,0.0,
0-20000-0-11519,RGLB_D,SUM,1984-12-30T00:00Z,2221.0,,0.0,
0-20000-0-11519,RGLB_D,SUM,1984-12-31T00:00Z,2002.0,,0.0,
0-20000-0-11519,RGLB_D,SUM,1985-01-01T00:00Z,1393.0,,0.0,
0-20000-0-11519,RGLB_D,SUM,1985-01-02T00:00Z,1296.0,,0.0,
0-20000-0-11519,RGLB_D,SUM,1985-01-03T00:00Z,2632.0,,0.0,
0-20000-0-11519,RGLB_D,SUM,1985-01-04T00:00Z,2401.0,,0.0,
0-20000-0-11519,RGLB_D,SUM,1985-01-05T00:00Z,2401.0,,0.0,
0-20000-0-11519,RGLB_D,SUM,1985-01-06T00:00Z,3024.0,,0.0,
0-20000-0-11519,RGLB_D,SUM,1985-01-07T00:00Z,2534.0,,0.0,
0-20000-0-11519,RGLB_D,SUM,1985-01-08T00:00Z,3042.0,,0.0,
0-20000-0-11519,RGLB_D,SUM,1985-01-09T00:00Z,3380.0,,0.0,
0-20000-0-11519,RGLB_D,SUM,1985-01-10T00:00Z,2966.0,,0.0,
0-20000-0-11519,RGLB_D,SUM,1985-01-11T00:00Z,2732.0,,0.0,
0-20000-0-11519,RGLB_D,SUM,1985-01-12T00:00Z,1771.0,,0.0,
0-20000-0-11519,RGLB_D,SUM,1985-01-13T00:00Z,875.0,,0.0,
0-20000-0-11519,RGLB_D,SUM,1985-01-14T00:00Z,1195.0,,0.0,
0-20000-0-11519,RGLB_D,SUM,1985-01-15T00:00Z,2819.0,,0.0,
0-20000-0-11519,RGLB_D,SUM,1985-01-16T00:00Z,4540.0,,0.0,
0-20000-0-11519,RGLB_D,SUM,1985-01-17T00:00Z,2909.0,,0.0,
0-20000-0-11519,RGLB_D,SUM,1985-01-18T00:00Z,3377.0,,0.0,
0-20000-0-11519,RGLB_D,SUM,1985-01-19T00:00Z,3820.0,,0.0,
0-20000-0-11519,RGLB_D,SUM,1985-01-20T00:00Z,1742.0,,0.0,
0-20000-0-11519,RGLB_D,SUM,1985-01-21T00:00Z,1073.0,,0.0,
0-20000-0-11519,RGLB_D,SUM,1985-01-22T00:00Z,1130.0,,0.0,
0-20000-0-11519,RGLB_D,SUM,1985-01-23T00:00Z,731.0,,0.0,
0-20000-0-11519,RGLB_D,SUM,1985-01-24T00:00Z,2938.0,,0.0,
0-20000-0-11519,RGLB_D,SUM,1985-01-25T00:00Z,1159.0,,0.0,
0-20000-0-11519,RGLB_D,SUM,1985-01-26T00:00Z,2254.0,,0.0,
0-20000-0-11519,RGLB_D,SUM,1985-01-27T00:00Z,1433.0,,0.0,
0-20000-0-11519,RGLB_D,SUM,1985-01-28T00:00Z,6217.0,,0.0,
0-20000-0-11519,RGLB_D,SUM,1985-01-29T00:00Z,4817.0,,0.0,
0-20000-0-11519,RGLB_D,SUM,1985-01-30T00:00Z,1051.0,,0.0,
0-20000-0-11519,RGLB_D,SUM,1985-01-31T00:00Z,3121.0,,0.0,
0-20000-0-11519,RGLB_D,SUM,1985-02-01T00:00Z,1091.0,,0.0,
0-20000-0-11519,RGLB_D,SUM,1985-02-02T00:00Z,2603.0,,0.0,
0-20000-0-11519,RGLB_D,SUM,1985-02-03T00:00Z,7297.0,,0.0,
0-20000-0-11519,RGLB_D,SUM,1985-02-04T00:00Z,7002.0,,0.0,
0-20000-0-11519,RGLB_D,SUM,1985-02-05T00:00Z,3856.0,,0.0,
0-20000-0-11519,RGLB_D,SUM,1985-02-06T00:00Z,3269.0,,0.0,
0-20000-0-11519,RGLB_D,SUM,1985-02-07T00:00Z,4716.0,,0.0,
0-20000-0-11519,RGLB_D,SUM,1985-02-08T00:00Z,5688.0,,0.0,
0-20000-0-11519,RGLB_D,SUM,1985-02-09T00:00Z,1649.0,,0.0,
0-20000-0-11519,RGLB_D,SUM,1985-02-10T00:00Z,7268.0,,0.0,
0-20000-0-11519,RGLB_D,SUM,1985-02-11T00:00Z,7222.0,,0.0,
0-20000-0-11519,RGLB_D,SUM,1985-02-12T00:00Z,7279.0,,0.0,
0-20000-0-11519,RGLB_D,SUM,1985-02-13T00:00Z,6520.0,,0.0,
0-20000-0-11519,RGLB_D,SUM,1985-02-14T00:00Z,4730.0,,0.0,
0-20000-0-11519,RGLB_D,SUM,1985-02-15T00:00Z,8449.0,,0.0,
0-20000-0-11519,RGLB_D,SUM,1985-02-16T00:00Z,9774.0,,0.0,
0-20000-0-11519,RGLB_D,SUM,1985-02-17T00:00Z,7510.0,,0.0,
0-20000-0-11519,RGLB_D,SUM,1985-02-18T00:00Z,7733.0,,0.0,
0-20000-0-11519,RGLB_D,SUM,1985-02-19T00:00Z,7970.0,,0.0,
0-20000-0-11519,RGLB_D,SUM,1985-02-20T00:00Z,10390.0,,0.0,
0-20000-0-11519,RGLB_D,SUM,1985-02-21T00:00Z,3560.0,,0.0,
0-20000-0-11519,RGLB_D,SUM,1985-02-22T00:00Z,3319.0,,0.0,
0-20000-0-11519,RGLB_D,SUM,1985-02-23T00:00Z,9158.0,,0.0,
0-20000-0-11519,RGLB_D,SUM,1985-02-24T00:00Z,1231.0,,0.0,
0-20000-0-11519,RGLB_D,SUM,1985-02-25T00:00Z,3406.0,,0.0,
0-20000-0-11519,RGLB_D,SUM,1985-02-26T00:00Z,1634.0,,0.0,
0-20000-0-11519,RGLB_D,SUM,1985-02-27T00:00Z,1336.0,,0.0,
0-20000-0-11519,RGLB_D,SUM,1985-02-28T00:00Z,1386.0,,0.0,
0-20000-0-11519,RGLB_D,SUM,1985-03-01T00:00Z,2714.0,,0.0,
0-20000-0-11519,RGLB_D,SUM,1985-03-02T00:00Z,2182.0,,0.0,
0-20000-0-11519,RGLB_D,SUM,1985-03-03T00:00Z,3452.0,,0.0,
0-20000-0-11519,RGLB_D,SUM,1985-03-04T00:00Z,2538.0,,0.0,
0-20000-0-11519,RGLB_D,SUM,1985-03-05T00:00Z,1786.0,,0.0,
0-20000-0-11519,RGLB_D,SUM,1985-03-06T00:00Z,2261.0,,0.0,
0-20000-0-11519,RGLB_D,SUM,1985-03-07T00:00Z,2023.0,,0.0,
0-20000-0-11519,RGLB_D,SUM,1985-03-08T00:00Z,2322.0,,0.0,
0-20000-0-11519,RGLB_D,SUM,1985-03-09T00:00Z,4568.0,,0.0,
0-20000-0-11519,RGLB_D,SUM,1985-03-10T00:00Z,5152.0,,0.0,
0-20000-0-11519,RGLB_D,SUM,1985-03-11T00:00Z,8528.0,,0.0,
0-20000-0-11519,RGLB_D,SUM,1985-03-12T00:00Z,10829.0,,0.0,
0-20000-0-11519,RGLB_D,SUM,1985-03-13T00:00Z,4453.0,,0.0,
0-20000-0-11519,RGLB_D,SUM,1985-03-14T00:00Z,3542.0,,0.0,
0-20000-0-11519,RGLB_D,SUM,1985-03-15T00:00Z,8298.0,,0.0,
0-20000-0-11519,RGLB_D,SUM,1985-03-16T00:00Z,14972.0,,0.0,
0-20000-0-11519,RGLB_D,SUM,1985-03-17T00:00Z,3082.0,,0.0,
0-20000-0-11519,RGLB_D,SUM,1985-03-18T00:00Z,1487.0,,0.0,
0-20000-0-11519,RGLB_D,SUM,1985-03-19T00:00Z,4190.0,,0.0,
0-20000-0-11519,RGLB_D,SUM,1985-03-20T00:00Z,2153.0,,0.0,
0-20000-0-11519,RGLB_D,SUM,1985-03-21T00:00Z,10156.0,,0.0,
0-20000-0-11519,RGLB_D,SUM,1985-03-22T00:00Z,5537.0,,0.0,
0-20000-0-11519,RGLB_D,SUM,1985-03-23T00:00Z,2333.0,,0.0,
0-20000-0-11519,RGLB_D,SUM,1985-03-24T00:00Z,9396.0,,0.0,
0-20000-0-11519,RGLB_D,SUM,1985-03-25T00:00Z,12107.0,,0.0,
0-20000-0-11519,RGLB_D,SUM,1985-03-26T00:00Z,8809.0,,0.0,
0-20000-0-11519,RGLB_D,SUM,1985-03-27T00:00Z,7895.0,,0.0,
0-20000-0-11519,RGLB_D,SUM,1985-03-28T00:00Z,9871.0,,0.0,
0-20000-0-11519,RGLB_D,SUM,1985-03-29T00:00Z,10364.0,,0.0,
0-20000-0-11519,RGLB_D,SUM,1985-03-30T00:00Z,14058.0,,0.0,
0-20000-0-11519,RGLB_D,SUM,1985-03-31T00:00Z,7625.0,,0.0,
0-20000-0-11519,RGLB_D,SUM,1985-04-01T00:00Z,8910.0,,0.0,
0-20000-0-11519,RGLB_D,SUM,1985-04-02T00:00Z,11567.0,,0.0,
0-20000-0-11519,RGLB_D,SUM,1985-04-03T00:00Z,6354.0,,0.0,
0-20000-0-11519,RGLB_D,SUM,1985-04-04T00:00Z,18000.0,,0.0,
0-20000-0-11519,RGLB_D,SUM,1985-04-05T00:00Z,17831.0,,0.0,
0-20000-0-11519,RGLB_D,SUM,1985-04-06T00:00Z,9972.0,,0.0,
0-20000-0-11519,RGLB_D,SUM,1985-04-07T00:00Z,7178.0,,0.0,
0-20000-0-11519,RGLB_D,SUM,1985-04-08T00:00Z,6667.0,,0.0,
0-20000-0-11519,RGLB_D,SUM,1985-04-09T00:00Z,9497.0,,0.0,
0-20000-0-11519,RGLB_D,SUM,1985-04-10T00:00Z,9522.0,,0.0,
0-20000-0-11519,RGLB_D,SUM,1985-04-11T00:00Z,11988.0,,0.0,
0-20000-0-11519,RGLB_D,SUM,1985-04-12T00:00Z,8309.0,,0.0,
0-20000-0-11519,RGLB_D,SUM,1985-04-13T00:00Z,10285.0,,0.0,
0-20000-0-11519,RGLB_D,SUM,1985-04-14T00:00Z,14166.0,,0.0,
0-20000-0-11519,RGLB_D,SUM,1985-04-15T00:00Z,10933.0,,0.0,
0-20000-0-11519,RGLB_D,SUM,1985-04-16T00:00Z,7726.0,,0.0,
0-20000-0-11519,RGLB_D,SUM,1985-04-17T00:00Z,12758.0,,0.0,
0-20000-0-11519,RGLB_D,SUM,1985-04-18T00:00Z,20365.0,,0.0,
0-20000-0-11519,RGLB_D,SUM,1985-04-19T00:00Z,18324.0,,0.0,
0-20000-0-11519,RGLB_D,SUM,1985-04-20T00:00Z,22313.0,,0.0,
0-20000-0-11519,RGLB_D,SUM,1985-04-21T00:00Z,22316.0,,0.0,
0-20000-0-11519,RGLB_D,SUM,1985-04-22T00:00Z,21845.0,,0.0,
0-20000-0-11519,RGLB_D,SUM,1985-04-23T00:00Z,16499.0,,0.0,
0-20000-0-11519,RGLB_D,SUM,1985-04-24T00:00Z,8528.0,,0.0,
0-20000-0-11519,RGLB_D,SUM,1985-04-25T00:00Z,9493.0,,0.0,
0-20000-0-11519,RGLB_D,SUM,1985-04-26T00:00Z,15167.0,,0.0,
0-20000-0-11519,RGLB_D,SUM,1985-04-27T00:00Z,12028.0,,0.0,
0-20000-0-11519,RGLB_D,SUM,1985-04-28T00:00Z,13540.0,,0.0,
0-20000-0-11519,RGLB_D,SUM,1985-04-29T00:00Z,8424.0,,0.0,
0-20000-0-11519,RGLB_D,SUM,1985-04-30T00:00Z,3668.0,,0.0,
0-20000-0-11519,RGLB_D,SUM,1985-05-01T00:00Z,3910.0,,0.0,
0-20000-0-11519,RGLB_D,SUM,1985-05-02T00:00Z,18166.0,,0.0,
0-20000-0-11519,RGLB_D,SUM,1985-05-03T00:00Z,9824.0,,0.0,
0-20000-0-11519,RGLB_D,SUM,1985-05-04T00:00Z,18072.0,,0.0,
0-20000-0-11519,RGLB_D,SUM,1985-05-05T00:00Z,19534.0,,0.0,
0-20000-0-11519,RGLB_D,SUM,1985-05-06T00:00Z,13025.0,,0.0,
0-20000-0-11519,RGLB_D,SUM,1985-05-07T00:00Z,8514.0,,0.0,
0-20000-0-11519,RGLB_D,SUM,1985-05-08T00:00Z,13349.0,,0.0,
0-20000-0-11519,RGLB_D,SUM,1985-05-09T00:00Z,10904.0,,0.0,
0-20000-0-11519,RGLB_D,SUM,1985-05-10T00:00Z,19696.0,,0.0,
0-20000-0-11519,RGLB_D,SUM,1985-05-11T00:00Z,22720.0,,0.0,
0-20000-0-11519,RGLB_D,SUM,1985-05-12T00:00Z,18166.0,,0.0,
0-20000-0-11519,RGLB_D,SUM,1985-05-13T00:00Z,18886.0,,0.0,
0-20000-0-11519,RGLB_D,SUM,1985-05-14T00:00Z,19228.0,,0.0,
0-20000-0-11519,RGLB_D,SUM,1985-05-15T00:00Z,12326.0,,0.0,
0-20000-0-11519,RGLB_D,SUM,1985-05-16T00:00Z,19015.0,,0.0,
0-20000-0-11519,RGLB_D,SUM,1985-05-17T00:00Z,6152.0,,0.0,
0-20000-0-11519,RGLB_D,SUM,1985-05-18T00:00Z,4446.0,,0.0,
0-20000-0-11519,RGLB_D,SUM,1985-05-19T00:00Z,18425.0,,0.0,
0-20000-0-11519,RGLB_D,SUM,1985-05-20T00:00Z,21118.0,,0.0,
0-20000-0-11519,RGLB_D,SUM,1985-05-21T00:00Z,9745.0,,0.0,
0-20000-0-11519,RGLB_D,SUM,1985-05-22T00:00Z,6592.0,,0.0,
0-20000-0-11519,RGLB_D,SUM,1985-05-23T00:00Z,13147.0,,0.0,
0-20000-0-11519,RGLB_D,SUM,1985-05-24T00:00Z,16895.0,,0.0,
0-20000-0-11519,RGLB_D,SUM,1985-05-25T00:00Z,26075.0,,0.0,
0-20000-0-11519,RGLB_D,SUM,1985-05-26T00:00Z,27263.0,,0.0,
0-20000-0-11519,RGLB_D,SUM,1985-05-27T00:00Z,27040.0,,0.0,
0-20000-0-11519,RGLB_D,SUM,1985-05-28T00:00Z,22950.0,,0.0,
0-20000-0-11519,RGLB_D,SUM,1985-05-29T00:00Z,18029.0,,0.0,
0-20000-0-11519,RGLB_D,SUM,1985-05-30T00:00Z,16927.0,,0.0,
0-20000-0-11519,RGLB_D,SUM,1985-05-31T00:00Z,6703.0,,0.0,
0-20000-0-11519,RGLB_D,SUM,1985-06-01T00:00Z,17719.0,,0.0,
0-20000-0-11519,RGLB_D,SUM,1985-06-02T00:00Z,11012.0,,0.0,
0-20000-0-11519,RGLB_D,SUM,1985-06-03T00:00Z,21395.0,,0.0,
0-20000-0-11519,RGLB_D,SUM,1985-06-04T00:00Z,27662.0,,0.0,
0-20000-0-11519,RGLB_D,SUM,1985-06-05T00:00Z,20387.0,,0.0,
0-20000-0-11519,RGLB_D,SUM,1985-06-06T00:00Z,21942.0,,0.0,
0-20000-0-11519,RGLB_D,SUM,1985-06-07T00:00Z,16052.0,,0.0,
0-20000-0-11519,RGLB_D,SUM,1985-06-08T00:00Z,13507.0,,0.0,
0-20000-0-11519,RGLB_D,SUM,1985-06-09T00:00Z,17503.0,,0.0,
0-20000-0-11519,RGLB_D,SUM,1985-06-10T00:00Z,11790.0,,0.0,
0-20000-0-11519,RGLB_D,SUM,1985-06-11T00:00Z,15181.0,,0.0,
0-20000-0-11519,RGLB_D,SUM,1985-06-12T00:00Z,14483.0,,0.0,
0-20000-0-11519,RGLB_D,SUM,1985-06-13T00:00Z,17550.0,,0.0,
0-20000-0-11519,RGLB_D,SUM,1985-06-14T00:00Z,18842.0,,0.0,
0-20000-0-11519,RGLB_D,SUM,1985-06-15T00:00Z,7798.0,,0.0,
0-20000-0-11519,RGLB_D,SUM,1985-06-16T00:00Z,18698.0,,0.0,
0-20000-0-11519,RGLB_D,SUM,1985-06-17T00:00Z,12863.0,,0.0,
0-20000-0-11519,RGLB_D,SUM,1985-06-18T00:00Z,14742.0,,0.0,
0-20000-0-11519,RGLB_D,SUM,1985-06-19T00:00Z,24786.0,,0.0,
0-20000-0-11519,RGLB_D,SUM,1985-06-20T00:00Z,5436.0,,0.0,
0-20000-0-11519,RGLB_D,SUM,1985-06-21T00:00Z,3683.0,,0.0,
0-20000-0-11519,RGLB_D,SUM,1985-06-22T00:00Z,11657.0,,0.0,
0-20000-0-11519,RGLB_D,SUM,1985-06-23T00:00Z,9500.0,,0.0,
0-20000-0-11519,RGLB_D,SUM,1985-06-24T00:00Z,18176.0,,0.0,
0-20000-0-11519,RGLB_D,SUM,1985-06-25T00:00Z,20059.0,,0.0,
0-20000-0-11519,RGLB_D,SUM,1985-06-26T00:00Z,20369.0,,0.0,
0-20000-0-11519,RGLB_D,SUM,1985-06-27T00:00Z,16200.0,,0.0,
0-20000-0-11519,RGLB_D,SUM,1985-06-28T00:00Z,13928.0,,0.0,
0-20000-0-11519,RGLB_D,SUM,1985-06-29T00:00Z,15091.0,,0.0,
0-20000-0-11519,RGLB_D,SUM,1985-06-30T00:00Z,23548.0,,0.0,
0-20000-0-11519,RGLB_D,SUM,1985-07-01T00:00Z,12658.0,,0.0,
0-20000-0-11519,RGLB_D,SUM,1985-07-02T00:00Z,15570.0,,0.0,
0-20000-0-11519,RGLB_D,SUM,1985-07-03T00:00Z,23274.0,,0.0,
0-20000-0-11519,RGLB_D,SUM,1985-07-04T00:00Z,27468.0,,0.0,
0-20000-0-11519,RGLB_D,SUM,1985-07-05T00:00Z,26485.0,,0.0,
0-20000-0-11519,RGLB_D,SUM,1985-07-06T00:00Z,26676.0,,0.0,
0-20000-0-11519,RGLB_D,SUM,1985-07-07T00:00Z,10073.0,,0.0,
0-20000-0-11519,RGLB_D,SUM,1985-07-08T00:00Z,14526.0,,0.0,
0-20000-0-11519,RGLB_D,SUM,1985-07-09T00:00Z,14512.0,,0.0,
0-20000-0-11519,RGLB_D,SUM,1985-07-10T00:00Z,10559.0,,0.0,
0-20000-0-11519,RGLB_D,SUM,1985-07-11T00:00Z,17996.0,,0.0,
0-20000-0-11519,RGLB_D,SUM,1985-07-12T00:00Z,21323.0,,0.0,
0-20000-0-11519,RGLB_D,SUM,1985-07-13T00:00Z,20650.0,,0.0,
0-20000-0-11519,RGLB_D,SUM,1985-07-14T00:00Z,24887.0,,0.0,
0-20000-0-11519,RGLB_D,SUM,1985-07-15T00:00Z,14976.0,,0.0,
0-20000-0-11519,RGLB_D,SUM,1985-07-16T00:00Z,18410.0,,0.0,
0-20000-0-11519,RGLB_D,SUM,1985-07-17T00:00Z,16718.0,,0.0,
0-20000-0-11519,RGLB_D,SUM,1985-07-18T00:00Z,24480.0,,0.0,
0-20000-0-11519,RGLB_D,SUM,1985-07-19T00:00Z,20531.0,,0.0,
0-20000-0-11519,RGLB_D,SUM,1985-07-20T00:00Z,15023.0,,0.0,
0-20000-0-11519,RGLB_D,SUM,1985-07-21T00:00Z,19120.0,,0.0,
0-20000-0-11519,RGLB_D,SUM,1985-07-22T00:00Z,17438.0,,0.0,
0-20000-0-11519,RGLB_D,SUM,1985-07-23T00:00Z,14998.0,,0.0,
0-20000-0-11519,RGLB_D,SUM,1985-07-24T00:00Z,24862.0,,0.0,
0-20000-0-11519,RGLB_D,SUM,1985-07-25T00:00Z,22669.0,,0.0,
0-20000-0-11519,RGLB_D,SUM,1985-07-26T00:00Z,22378.0,,0.0,
0-20000-0-11519,RGLB_D,SUM,1985-07-27T00:00Z,15977.0,,0.0,
0-20000-0-11519,RGLB_D,SUM,1985-07-28T00:00Z,25686.0,,0.0,
0-20000-0-11519,RGLB_D,SUM,1985-07-29T00:00Z,18914.0,,0.0,
0-20000-0-11519,RGLB_D,SUM,1985-07-30T00:00Z,17082.0,,0.0,
0-20000-0-11519,RGLB_D,SUM,1985-07-31T00:00Z,14612.0,,0.0,
0-20000-0-11519,RGLB_D,SUM,1985-08-01T00:00Z,16002.0,,0.0,
0-20000-0-11519,RGLB_D,SUM,1985-08-02T00:00Z,14533.0,,0.0,
0-20000-0-11519,RGLB_D,SUM,1985-08-03T00:00Z,23461.0,,0.0,
0-20000-0-11519,RGLB_D,SUM,1985-08-04T00:00Z,16204.0,,0.0,
0-20000-0-11519,RGLB_D,SUM,1985-08-05T00:00Z,23612.0,,0.0,
0-20000-0-11519,RGLB_D,SUM,1985-08-06T00:00Z,2700.0,,0.0,
0-20000-0-11519,RGLB_D,SUM,1985-08-07T00:00Z,4946.0,,0.0,
0-20000-0-11519,RGLB_D,SUM,1985-08-08T00:00Z,11279.0,,0.0,
0-20000-0-11519,RGLB_D,SUM,1985-08-09T00:00Z,18547.0,,0.0,
0-20000-0-11519,RGLB_D,SUM,1985-08-10T00:00Z,12830.0,,0.0,
0-20000-0-11519,RGLB_D,SUM,1985-08-11T00:00Z,23490.0,,0.0,
0-20000-0-11519,RGLB_D,SUM,1985-08-12T00:00Z,23278.0,,0.0,
0-20000-0-11519,RGLB_D,SUM,1985-08-13T00:00Z,18400.0,,0.0,
0-20000-0-11519,RGLB_D,SUM,1985-08-14T00:00Z,21384.0,,0.0,
0-20000-0-11519,RGLB_D,SUM,1985-08-15T00:00Z,20506.0,,0.0,
0-20000-0-11519,RGLB_D,SUM,1985-08-16T00:00Z,19829.0,,0.0,
0-20000-0-11519,RGLB_D,SUM,1985-08-17T00:00Z,6836.0,,0.0,
0-20000-0-11519,RGLB_D,SUM,1985-08-18T00:00Z,11956.0,,0.0,
0-20000-0-11519,RGLB_D,SUM,1985-08-19T00:00Z,21535.0,,0.0,
0-20000-0-11519,RGLB_D,SUM,1985-08-20T00:00Z,15037.0,,0.0,
0-20000-0-11519,RGLB_D,SUM,1985-08-21T00:00Z,19184.0,,0.0,
0-20000-0-11519,RGLB_D,SUM,1985-08-22T00:00Z,21510.0,,0.0,
0-20000-0-11519,RGLB_D,SUM,1985-08-23T00:00Z,14332.0,,0.0,
0-20000-0-11519,RGLB_D,SUM,1985-08-24T00:00Z,20509.0,,0.0,
0-20000-0-11519,RGLB_D,SUM,1985-08-25T00:00Z,6934.0,,0.0,
0-20000-0-11519,RGLB_D,SUM,1985-08-26T00:00Z,4662.0,,0.0,
0-20000-0-11519,RGLB_D,SUM,1985-08-27T00:00Z,11009.0,,0.0,
0-20000-0-11519,RGLB_D,SUM,1985-08-28T00:00Z,13550.0,,0.0,
0-20000-0-11519,RGLB_D,SUM,1985-08-29T00:00Z,18882.0,,0.0,
0-20000-0-11519,RGLB_D,SUM,1985-08-30T00:00Z,19026.0,,0.0,
0-20000-0-11519,RGLB_D,SUM,1985-08-31T00:00Z,19318.0,,0.0,
0-20000-0-11519,RGLB_D,SUM,1985-09-01T00:00Z,7859.0,,0.0,
0-20000-0-11519,RGLB_D,SUM,1985-09-02T00:00Z,17345.0,,0.0,
0-20000-0-11519,RGLB_D,SUM,1985-09-03T00:00Z,9972.0,,0.0,
0-20000-0-11519,RGLB_D,SUM,1985-09-04T00:00Z,9497.0,,0.0,
0-20000-0-11519,RGLB_D,SUM,1985-09-05T00:00Z,7913.0,,0.0,
0-20000-0-11519,RGLB_D,SUM,1985-09-06T00:00Z,12751.0,,0.0,
0-20000-0-11519,RGLB_D,SUM,1985-09-07T00:00Z,8586.0,,0.0,
0-20000-0-11519,RGLB_D,SUM,1985-09-08T00:00Z,3128.0,,0.0,
0-20000-0-11519,RGLB_D,SUM,1985-09-09T00:00Z,10631.0,,0.0,
0-20000-0-11519,RGLB_D,SUM,1985-09-10T00:00Z,14947.0,,0.0,
0-20000-0-11519,RGLB_D,SUM,1985-09-11T00:00Z,14389.0,,0.0,
0-20000-0-11519,RGLB_D,SUM,1985-09-12T00:00Z,16589.0,,0.0,
0-20000-0-11519,RGLB_D,SUM,1985-09-13T00:00Z,17068.0,,0.0,
0-20000-0-11519,RGLB_D,SUM,1985-09-14T00:00Z,9162.0,,0.0,
0-20000-0-11519,RGLB_D,SUM,1985-09-15T00:00Z,9378.0,,0.0,
0-20000-0-11519,RGLB_D,SUM,1985-09-16T00:00Z,14047.0,,0.0,
0-20000-0-11519,RGLB_D,SUM,1985-09-17T00:00Z,6433.0,,0.0,
0-20000-0-11519,RGLB_D,SUM,1985-09-18T00:00Z,12740.0,,0.0,
0-20000-0-11519,RGLB_D,SUM,1985-09-19T00:00Z,15185.0,,0.0,
0-20000-0-11519,RGLB_D,SUM,1985-09-20T00:00Z,14346.0,,0.0,
0-20000-0-11519,RGLB_D,SUM,1985-09-21T00:00Z,11560.0,,0.0,
0-20000-0-11519,RGLB_D,SUM,1985-09-22T00:00Z,13982.0,,0.0,
0-20000-0-11519,RGLB_D,SUM,1985-09-23T00:00Z,4849.0,,0.0,
0-20000-0-11519,RGLB_D,SUM,1985-09-24T00:00Z,9565.0,,0.0,
0-20000-0-11519,RGLB_D,SUM,1985-09-25T00:00Z,11074.0,,0.0,
0-20000-0-11519,RGLB_D,SUM,1985-09-26T00:00Z,8078.0,,0.0,
0-20000-0-11519,RGLB_D,SUM,1985-09-27T00:00Z,13712.0,,0.0,
0-20000-0-11519,RGLB_D,SUM,1985-09-28T00:00Z,5350.0,,0.0,
0-20000-0-11519,RGLB_D,SUM,1985-09-29T00:00Z,13972.0,,0.0,
0-20000-0-11519,RGLB_D,SUM,1985-09-30T00:00Z,12636.0,,0.0,
0-20000-0-11519,RGLB_D,SUM,1985-10-01T00:00Z,12611.0,,0.0,
0-20000-0-11519,RGLB_D,SUM,1985-10-02T00:00Z,10894.0,,0.0,
0-20000-0-11519,RGLB_D,SUM,1985-10-03T00:00Z,10753.0,,0.0,
0-20000-0-11519,RGLB_D,SUM,1985-10-04T00:00Z,11466.0,,0.0,
0-20000-0-11519,RGLB_D,SUM,1985-10-05T00:00Z,5015.0,,0.0,
0-20000-0-11519,RGLB_D,SUM,1985-10-06T00:00Z,3589.0,,0.0,
0-20000-0-11519,RGLB_D,SUM,1985-10-07T00:00Z,4003.0,,0.0,
0-20000-0-11519,RGLB_D,SUM,1985-10-08T00:00Z,3204.0,,0.0,
0-20000-0-11519,RGLB_D,SUM,1985-10-09T00:00Z,9198.0,,0.0,
0-20000-0-11519,RGLB_D,SUM,1985-10-10T00:00Z,4266.0,,0.0,
0-20000-0-11519,RGLB_D,SUM,1985-10-11T00:00Z,9936.0,,0.0,
0-20000-0-11519,RGLB_D,SUM,1985-10-12T00:00Z,10220.0,,0.0,
0-20000-0-11519,RGLB_D,SUM,1985-10-13T00:00Z,9810.0,,0.0,
0-20000-0-11519,RGLB_D,SUM,1985-10-14T00:00Z,1321.0,,0.0,
0-20000-0-11519,RGLB_D,SUM,1985-10-15T00:00Z,9673.0,,0.0,
0-20000-0-11519,RGLB_D,SUM,1985-10-16T00:00Z,7423.0,,0.0,
0-20000-0-11519,RGLB_D,SUM,1985-10-17T00:00Z,1454.0,,0.0,
0-20000-0-11519,RGLB_D,SUM,1985-10-18T00:00Z,1076.0,,0.0,
0-20000-0-11519,RGLB_D,SUM,1985-10-19T00:00Z,4108.0,,0.0,
0-20000-0-11519,RGLB_D,SUM,1985-10-20T00:00Z,8651.0,,0.0,
0-20000-0-11519,RGLB_D,SUM,1985-10-21T00:00Z,7862.0,,0.0,
0-20000-0-11519,RGLB_D,SUM,1985-10-22T00:00Z,1397.0,,0.0,
0-20000-0-11519,RGLB_D,SUM,1985-10-23T00:00Z,8824.0,,0.0,
0-20000-0-11519,RGLB_D,SUM,1985-10-24T00:00Z,7351.0,,0.0,
0-20000-0-11519,RGLB_D,SUM,1985-10-25T00:00Z,8233.0,,0.0,
0-20000-0-11519,RGLB_D,SUM,1985-10-26T00:00Z,4277.0,,0.0,
0-20000-0-11519,RGLB_D,SUM,1985-10-27T00:00Z,893.0,,0.0,
0-20000-0-11519,RGLB_D,SUM,1985-10-28T00:00Z,2059.0,,0.0,
0-20000-0-11519,RGLB_D,SUM,1985-10-29T00:00Z,6149.0,,0.0,
0-20000-0-11519,RGLB_D,SUM,1985-10-30T00:00Z,983.0,,0.0,
0-20000-0-11519,RGLB_D,SUM,1985-10-31T00:00Z,3668.0,,0.0,
0-20000-0-11519,RGLB_D,SUM,1985-11-01T00:00Z,2556.0,,0.0,
0-20000-0-11519,RGLB_D,SUM,1985-11-02T00:00Z,4039.0,,0.0,
0-20000-0-11519,RGLB_D,SUM,1985-11-03T00:00Z,7877.0,,0.0,
0-20000-0-11519,RGLB_D,SUM,1985-11-04T00:00Z,6592.0,,0.0,
0-20000-0-11519,RGLB_D,SUM,1985-11-05T00:00Z,2416.0,,0.0,
0-20000-0-11519,RGLB_D,SUM,1985-11-06T00:00Z,3481.0,,0.0,
0-20000-0-11519,RGLB_D,SUM,1985-11-07T00:00Z,3042.0,,0.0,
0-20000-0-11519,RGLB_D,SUM,1985-11-08T00:00Z,3892.0,,0.0,
0-20000-0-11519,RGLB_D,SUM,1985-11-09T00:00Z,2509.0,,0.0,
0-20000-0-11519,RGLB_D,SUM,1985-11-10T00:00Z,1642.0,,0.0,
0-20000-0-11519,RGLB_D,SUM,1985-11-11T00:00Z,4712.0,,0.0,
0-20000-0-11519,RGLB_D,SUM,1985-11-12T00:00Z,3233.0,,0.0,
0-20000-0-11519,RGLB_D,SUM,1985-11-13T00:00Z,486.0,,0.0,
0-20000-0-11519,RGLB_D,SUM,1985-11-14T00:00Z,220.0,,0.0,
0-20000-0-11519,RGLB_D,SUM,1985-11-15T00:00Z,3582.0,,0.0,
0-20000-0-11519,RGLB_D,SUM,1985-11-16T00:00Z,1595.0,,0.0,
0-20000-0-11519,RGLB_D,SUM,1985-11-17T00:00Z,1242.0,,0.0,
0-20000-0-11519,RGLB_D,SUM,1985-11-18T00:00Z,2509.0,,0.0,
0-20000-0-11519,RGLB_D,SUM,1985-11-19T00:00Z,1267.0,,0.0,
0-20000-0-11519,RGLB_D,SUM,1985-11-20T00:00Z,950.0,,0.0,
0-20000-0-11519,RGLB_D,SUM,1985-11-21T00:00Z,868.0,,0.0,
0-20000-0-11519,RGLB_D,SUM,1985-11-22T00:00Z,1076.0,,0.0,
0-20000-0-11519,RGLB_D,SUM,1985-11-23T00:00Z,382.0,,0.0,
0-20000-0-11519,RGLB_D,SUM,1985-11-24T00:00Z,500.0,,0.0,
0-20000-0-11519,RGLB_D,SUM,1985-11-25T00:00Z,810.0,,0.0,
0-20000-0-11519,RGLB_D,SUM,1985-11-26T00:00Z,1354.0,,0.0,
0-20000-0-11519,RGLB_D,SUM,1985-11-27T00:00Z,3550.0,,0.0,
0-20000-0-11519,RGLB_D,SUM,1985-11-28T00:00Z,1562.0,,0.0,
0-20000-0-11519,RGLB_D,SUM,1985-11-29T00:00Z,4698.0,,0.0,
0-20000-0-11519,RGLB_D,SUM,1985-11-30T00:00Z,1001.0,,0.0,
0-20000-0-11519,RGLB_D,SUM,1985-12-01T00:00Z,979.0,,0.0,
0-20000-0-11519,RGLB_D,SUM,1985-12-02T00:00Z,1613.0,,0.0,
0-20000-0-11519,RGLB_D,SUM,1985-12-03T00:00Z,3820.0,,0.0,
0-20000-0-11519,RGLB_D,SUM,1985-12-04T00:00Z,1368.0,,0.0,
0-20000-0-11519,RGLB_D,SUM,1985-12-05T00:00Z,3586.0,,0.0,
0-20000-0-11519,RGLB_D,SUM,1985-12-06T00:00Z,2801.0,,0.0,
0-20000-0-11519,RGLB_D,SUM,1985-12-07T00:00Z,997.0,,0.0,
0-20000-0-11519,RGLB_D,SUM,1985-12-08T00:00Z,1850.0,,0.0,
0-20000-0-11519,RGLB_D,SUM,1985-12-09T00:00Z,1429.0,,0.0,
0-20000-0-11519,RGLB_D,SUM,1985-12-10T00:00Z,601.0,,0.0,
0-20000-0-11519,RGLB_D,SUM,1985-12-11T00:00Z,947.0,,0.0,
0-20000-0-11519,RGLB_D,SUM,1985-12-12T00:00Z,731.0,,0.0,
0-20000-0-11519,RGLB_D,SUM,1985-12-13T00:00Z,1213.0,,0.0,
0-20000-0-11519,RGLB_D,SUM,1985-12-14T00:00Z,1073.0,,0.0,
0-20000-0-11519,RGLB_D,SUM,1985-12-15T00:00Z,1192.0,,0.0,
0-20000-0-11519,RGLB_D,SUM,1985-12-16T00:00Z,504.0,,0.0,
0-20000-0-11519,RGLB_D,SUM,1985-12-17T00:00Z,191.0,,0.0,
0-20000-0-11519,RGLB_D,SUM,1985-12-18T00:00Z,443.0,,0.0,
0-20000-0-11519,RGLB_D,SUM,1985-12-19T00:00Z,1742.0,,0.0,
0-20000-0-11519,RGLB_D,SUM,1985-12-20T00:00Z,904.0,,0.0,
0-20000-0-11519,RGLB_D,SUM,1985-12-21T00:00Z,1580.0,,0.0,
0-20000-0-11519,RGLB_D,SUM,1985-12-22T00:00Z,3863.0,,0.0,
0-20000-0-11519,RGLB_D,SUM,1985-12-23T00:00Z,461.0,,0.0,
0-20000-0-11519,RGLB_D,SUM,1985-12-24T00:00Z,626.0,,0.0,
0-20000-0-11519,RGLB_D,SUM,1985-12-25T00:00Z,2077.0,,0.0,
0-20000-0-11519,RGLB_D,SUM,1985-12-26T00:00Z,2545.0,,0.0,
0-20000-0-11519,RGLB_D,SUM,1985-12-27T00:00Z,2819.0,,0.0,
0-20000-0-11519,RGLB_D,SUM,1985-12-28T00:00Z,623.0,,0.0,
0-20000-0-11519,RGLB_D,SUM,1985-12-29T00:00Z,288.0,,0.0,
0-20000-0-11519,RGLB_D,SUM,1985-12-30T00:00Z,3226.0,,0.0,
0-20000-0-11519,RGLB_D,SUM,1985-12-31T00:00Z,1091.0,,0.0,
0-20000-0-11519,RGLB_D,SUM,1986-01-01T00:00Z,1922.0,,0.0,
0-20000-0-11519,RGLB_D,SUM,1986-01-02T00:00Z,1192.0,,0.0,
0-20000-0-11519,RGLB_D,SUM,1986-01-03T00:00Z,2970.0,,0.0,
0-20000-0-11519,RGLB_D,SUM,1986-01-04T00:00Z,1102.0,,0.0,
0-20000-0-11519,RGLB_D,SUM,1986-01-05T00:00Z,3780.0,,0.0,
0-20000-0-11519,RGLB_D,SUM,1986-01-06T00:00Z,2977.0,,0.0,
0-20000-0-11519,RGLB_D,SUM,1986-01-07T00:00Z,1440.0,,0.0,
0-20000-0-11519,RGLB_D,SUM,1986-01-08T00:00Z,1249.0,,0.0,
0-20000-0-11519,RGLB_D,SUM,1986-01-09T00:00Z,1339.0,,0.0,
0-20000-0-11519,RGLB_D,SUM,1986-01-10T00:00Z,4262.0,,0.0,
0-20000-0-11519,RGLB_D,SUM,1986-01-11T00:00Z,3074.0,,0.0,
0-20000-0-11519,RGLB_D,SUM,1986-01-12T00:00Z,1530.0,,0.0,
0-20000-0-11519,RGLB_D,SUM,1986-01-13T00:00Z,1681.0,,0.0,
0-20000-0-11519,RGLB_D,SUM,1986-01-14T00:00Z,896.0,,0.0,
0-20000-0-11519,RGLB_D,SUM,1986-01-15T00:00Z,1440.0,,0.0,
0-20000-0-11519,RGLB_D,SUM,1986-01-16T00:00Z,2185.0,,0.0,
0-20000-0-11519,RGLB_D,SUM,1986-01-17T00:00Z,3042.0,,0.0,
0-20000-0-11519,RGLB_D,SUM,1986-01-18T00:00Z,2333.0,,0.0,
0-20000-0-11519,RGLB_D,SUM,1986-01-19T00:00Z,1706.0,,0.0,
0-20000-0-11519,RGLB_D,SUM,1986-01-20T00:00Z,4932.0,,0.0,
0-20000-0-11519,RGLB_D,SUM,1986-01-21T00:00Z,5141.0,,0.0,
0-20000-0-11519,RGLB_D,SUM,1986-01-22T00:00Z,2754.0,,0.0,
0-20000-0-11519,RGLB_D,SUM,1986-01-23T00:00Z,1202.0,,0.0,
0-20000-0-11519,RGLB_D,SUM,1986-01-24T00:00Z,1670.0,,0.0,
0-20000-0-11519,RGLB_D,SUM,1986-01-25T00:00Z,2210.0,,0.0,
0-20000-0-11519,RGLB_D,SUM,1986-01-26T00:00Z,3874.0,,0.0,
0-20000-0-11519,RGLB_D,SUM,1986-01-27T00:00Z,3643.0,,0.0,
0-20000-0-11519,RGLB_D,SUM,1986-01-28T00:00Z,4291.0,,0.0,
0-20000-0-11519,RGLB_D,SUM,1986-01-29T00:00Z,4475.0,,0.0,
0-20000-0-11519,RGLB_D,SUM,1986-01-30T00:00Z,4345.0,,0.0,
0-20000-0-11519,RGLB_D,SUM,1986-01-31T00:00Z,2218.0,,0.0,
0-20000-0-11519,RGLB_D,SUM,1986-02-01T00:00Z,1634.0,,0.0,
0-20000-0-11519,RGLB_D,SUM,1986-02-02T00:00Z,601.0,,0.0,
0-20000-0-11519,RGLB_D,SUM,1986-02-03T00:00Z,2142.0,,0.0,
0-20000-0-11519,RGLB_D,SUM,1986-02-04T00:00Z,6131.0,,0.0,
0-20000-0-11519,RGLB_D,SUM,1986-02-05T00:00Z,6235.0,,0.0,
0-20000-0-11519,RGLB_D,SUM,1986-02-06T00:00Z,5404.0,,0.0,
0-20000-0-11519,RGLB_D,SUM,1986-02-07T00:00Z,5710.0,,0.0,
0-20000-0-11519,RGLB_D,SUM,1986-02-08T00:00Z,3874.0,,0.0,
0-20000-0-11519,RGLB_D,SUM,1986-02-09T00:00Z,1415.0,,0.0,
0-20000-0-11519,RGLB_D,SUM,1986-02-10T00:00Z,1001.0,,0.0,
0-20000-0-11519,RGLB_D,SUM,1986-02-11T00:00Z,7600.0,,0.0,
0-20000-0-11519,RGLB_D,SUM,1986-02-12T00:00Z,7729.0,,0.0,
0-20000-0-11519,RGLB_D,SUM,1986-02-13T00:00Z,5126.0,,0.0,
0-20000-0-11519,RGLB_D,SUM,1986-02-14T00:00Z,5400.0,,0.0,
0-20000-0-11519,RGLB_D,SUM,1986-02-15T00:00Z,3978.0,,0.0,
0-20000-0-11519,RGLB_D,SUM,1986-02-16T00:00Z,6088.0,,0.0,
0-20000-0-11519,RGLB_D,SUM,1986-02-17T00:00Z,2462.0,,0.0,
0-20000-0-11519,RGLB_D,SUM,1986-02-18T00:00Z,1688.0,,0.0,
0-20000-0-11519,RGLB_D,SUM,1986-02-19T00:00Z,1055.0,,0.0,
0-20000-0-11519,RGLB_D,SUM,1986-02-20T00:00Z,8136.0,,0.0,
0-20000-0-11519,RGLB_D,SUM,1986-02-21T00:00Z,6923.0,,0.0,
0-20000-0-11519,RGLB_D,SUM,1986-02-22T00:00Z,7985.0,,0.0,
0-20000-0-11519,RGLB_D,SUM,1986-02-23T00:00Z,4036.0,,0.0,
0-20000-0-11519,RGLB_D,SUM,1986-02-24T00:00Z,9119.0,,0.0,
0-20000-0-11519,RGLB_D,SUM,1986-02-25T00:00Z,5796.0,,0.0,
0-20000-0-11519,RGLB_D,SUM,1986-02-26T00:00Z,10184.0,,0.0,
0-20000-0-11519,RGLB_D,SUM,1986-02-27T00:00Z,10015.0,,0.0,
0-20000-0-11519,RGLB_D,SUM,1986-02-28T00:00Z,10289.0,,0.0,
0-20000-0-11519,RGLB_D,SUM,1986-03-01T00:00Z,7031.0,,0.0,
0-20000-0-11519,RGLB_D,SUM,1986-03-02T00:00Z,2905.0,,0.0,
0-20000-0-11519,RGLB_D,SUM,1986-03-03T00:00Z,5785.0,,0.0,
0-20000-0-11519,RGLB_D,SUM,1986-03-04T00:00Z,6426.0,,0.0,
0-20000-0-11519,RGLB_D,SUM,1986-03-05T00:00Z,3107.0,,0.0,
0-20000-0-11519,RGLB_D,SUM,1986-03-06T00:00Z,6278.0,,0.0,
0-20000-0-11519,RGLB_D,SUM,1986-03-07T00:00Z,1210.0,,0.0,
0-20000-0-11519,RGLB_D,SUM,1986-03-08T00:00Z,3632.0,,0.0,
0-20000-0-11519,RGLB_D,SUM,1986-03-09T00:00Z,4327.0,,0.0,
0-20000-0-11519,RGLB_D,SUM,1986-03-10T00:00Z,7222.0,,0.0,
0-20000-0-11519,RGLB_D,SUM,1986-03-11T00:00Z,6368.0,,0.0,
0-20000-0-11519,RGLB_D,SUM,1986-03-12T00:00Z,2491.0,,0.0,
0-20000-0-11519,RGLB_D,SUM,1986-03-13T00:00Z,1447.0,,0.0,
0-20000-0-11519,RGLB_D,SUM,1986-03-14T00:00Z,2358.0,,0.0,
0-20000-0-11519,RGLB_D,SUM,1986-03-15T00:00Z,2030.0,,0.0,
0-20000-0-11519,RGLB_D,SUM,1986-03-16T00:00Z,9950.0,,0.0,
0-20000-0-11519,RGLB_D,SUM,1986-03-17T00:00Z,14206.0,,0.0,
0-20000-0-11519,RGLB_D,SUM,1986-03-18T00:00Z,14598.0,,0.0,
0-20000-0-11519,RGLB_D,SUM,1986-03-19T00:00Z,14879.0,,0.0,
0-20000-0-11519,RGLB_D,SUM,1986-03-20T00:00Z,14807.0,,0.0,
0-20000-0-11519,RGLB_D,SUM,1986-03-21T00:00Z,8237.0,,0.0,
0-20000-0-11519,RGLB_D,SUM,1986-03-22T00:00Z,10332.0,,0.0,
0-20000-0-11519,RGLB_D,SUM,1986-03-23T00:00Z,2840.0,,0.0,
0-20000-0-11519,RGLB_D,SUM,1986-03-24T00:00Z,4489.0,,0.0,
0-20000-0-11519,RGLB_D,SUM,1986-03-25T00:00Z,10152.0,,0.0,
0-20000-0-11519,RGLB_D,SUM,1986-03-26T00:00Z,13291.0,,0.0,
0-20000-0-11519,RGLB_D,SUM,1986-03-27T00:00Z,13489.0,,0.0,
0-20000-0-11519,RGLB_D,SUM,1986-03-28T00:00Z,14382.0,,0.0,
0-20000-0-11519,RGLB_D,SUM,1986-03-29T00:00Z,10458.0,,0.0,
0-20000-0-11519,RGLB_D,SUM,1986-03-30T00:00Z,9054.0,,0.0,
0-20000-0-11519,RGLB_D,SUM,1986-03-31T00:00Z,8284.0,,0.0,
0-20000-0-11519,RGLB_D,SUM,1986-04-01T00:00Z,15167.0,,0.0,
0-20000-0-11519,RGLB_D,SUM,1986-04-02T00:00Z,15361.0,,0.0,
0-20000-0-11519,RGLB_D,SUM,1986-04-03T00:00Z,9385.0,,0.0,
0-20000-0-11519,RGLB_D,SUM,1986-04-04T00:00Z,3697.0,,0.0,
0-20000-0-11519,RGLB_D,SUM,1986-04-05T00:00Z,9198.0,,0.0,
0-20000-0-11519,RGLB_D,SUM,1986-04-06T00:00Z,3017.0,,0.0,
0-20000-0-11519,RGLB_D,SUM,1986-04-07T00:00Z,13658.0,,0.0,
0-20000-0-11519,RGLB_D,SUM,1986-04-08T00:00Z,16553.0,,0.0,
0-20000-0-11519,RGLB_D,SUM,1986-04-09T00:00Z,17615.0,,0.0,
0-20000-0-11519,RGLB_D,SUM,1986-04-10T00:00Z,9230.0,,0.0,
0-20000-0-11519,RGLB_D,SUM,1986-04-11T00:00Z,8111.0,,0.0,
0-20000-0-11519,RGLB_D,SUM,1986-04-12T00:00Z,8042.0,,0.0,
0-20000-0-11519,RGLB_D,SUM,1986-04-13T00:00Z,15415.0,,0.0,
0-20000-0-11519,RGLB_D,SUM,1986-04-14T00:00Z,17554.0,,0.0,
0-20000-0-11519,RGLB_D,SUM,1986-04-15T00:00Z,20916.0,,0.0,
0-20000-0-11519,RGLB_D,SUM,1986-04-16T00:00Z,19012.0,,0.0,
0-20000-0-11519,RGLB_D,SUM,1986-04-17T00:00Z,12380.0,,0.0,
0-20000-0-11519,RGLB_D,SUM,1986-04-18T00:00Z,4291.0,,0.0,
0-20000-0-11519,RGLB_D,SUM,1986-04-19T00:00Z,4561.0,,0.0,
0-20000-0-11519,RGLB_D,SUM,1986-04-20T00:00Z,8773.0,,0.0,
0-20000-0-11519,RGLB_D,SUM,1986-04-21T00:00Z,15599.0,,0.0,
0-20000-0-11519,RGLB_D,SUM,1986-04-22T00:00Z,17384.0,,0.0,
0-20000-0-11519,RGLB_D,SUM,1986-04-23T00:00Z,14969.0,,0.0,
0-20000-0-11519,RGLB_D,SUM,1986-04-24T00:00Z,19166.0,,0.0,
0-20000-0-11519,RGLB_D,SUM,1986-04-25T00:00Z,15480.0,,0.0,
0-20000-0-11519,RGLB_D,SUM,1986-04-26T00:00Z,12751.0,,0.0,
0-20000-0-11519,RGLB_D,SUM,1986-04-27T00:00Z,13882.0,,0.0,
0-20000-0-11519,RGLB_D,SUM,1986-04-28T00:00Z,16096.0,,0.0,
0-20000-0-11519,RGLB_D,SUM,1986-04-29T00:00Z,17294.0,,0.0,
0-20000-0-11519,RGLB_D,SUM,1986-04-30T00:00Z,19094.0,,0.0,
0-20000-0-11519,RGLB_D,SUM,1986-05-01T00:00Z,20221.0,,0.0,
0-20000-0-11519,RGLB_D,SUM,1986-05-02T00:00Z,24430.0,,0.0,
0-20000-0-11519,RGLB_D,SUM,1986-05-03T00:00Z,23350.0,,0.0,
0-20000-0-11519,RGLB_D,SUM,1986-05-04T00:00Z,22990.0,,0.0,
0-20000-0-11519,RGLB_D,SUM,1986-05-05T00:00Z,22950.0,,0.0,
0-20000-0-11519,RGLB_D,SUM,1986-05-06T00:00Z,24268.0,,0.0,
0-20000-0-11519,RGLB_D,SUM,1986-05-07T00:00Z,18911.0,,0.0,
0-20000-0-11519,RGLB_D,SUM,1986-05-08T00:00Z,2970.0,,0.0,
0-20000-0-11519,RGLB_D,SUM,1986-05-09T00:00Z,13745.0,,0.0,
0-20000-0-11519,RGLB_D,SUM,1986-05-10T00:00Z,10537.0,,0.0,
0-20000-0-11519,RGLB_D,SUM,1986-05-11T00:00Z,8280.0,,0.0,
0-20000-0-11519,RGLB_D,SUM,1986-05-12T00:00Z,18943.0,,0.0,
0-20000-0-11519,RGLB_D,SUM,1986-05-13T00:00Z,23990.0,,0.0,
0-20000-0-11519,RGLB_D,SUM,1986-05-14T00:00Z,9752.0,,0.0,
0-20000-0-11519,RGLB_D,SUM,1986-05-15T00:00Z,15808.0,,0.0,
0-20000-0-11519,RGLB_D,SUM,1986-05-16T00:00Z,17237.0,,0.0,
0-20000-0-11519,RGLB_D,SUM,1986-05-17T00:00Z,17500.0,,0.0,
0-20000-0-11519,RGLB_D,SUM,1986-05-18T00:00Z,19937.0,,0.0,
0-20000-0-11519,RGLB_D,SUM,1986-05-19T00:00Z,11797.0,,0.0,
0-20000-0-11519,RGLB_D,SUM,1986-05-20T00:00Z,15059.0,,0.0,
0-20000-0-11519,RGLB_D,SUM,1986-05-21T00:00Z,14638.0,,0.0,
0-20000-0-11519,RGLB_D,SUM,1986-05-22T00:00Z,18086.0,,0.0,
0-20000-0-11519,RGLB_D,SUM,1986-05-23T00:00Z,22262.0,,0.0,
0-20000-0-11519,RGLB_D,SUM,1986-05-24T00:00Z,13406.0,,0.0,
0-20000-0-11519,RGLB_D,SUM,1986-05-25T00:00Z,26006.0,,0.0,
0-20000-0-11519,RGLB_D,SUM,1986-05-26T00:00Z,26154.0,,0.0,
0-20000-0-11519,RGLB_D,SUM,1986-05-27T00:00Z,21964.0,,0.0,
0-20000-0-11519,RGLB_D,SUM,1986-05-28T00:00Z,2794.0,,0.0,
0-20000-0-11519,RGLB_D,SUM,1986-05-29T00:00Z,3164.0,,0.0,
0-20000-0-11519,RGLB_D,SUM,1986-05-30T00:00Z,2171.0,,0.0,
0-20000-0-11519,RGLB_D,SUM,1986-05-31T00:00Z,6340.0,,0.0,
0-20000-0-11519,RGLB_D,SUM,1986-06-01T00:00Z,18360.0,,0.0,
0-20000-0-11519,RGLB_D,SUM,1986-06-02T00:00Z,20351.0,,0.0,
0-20000-0-11519,RGLB_D,SUM,1986-06-03T00:00Z,17813.0,,0.0,
0-20000-0-11519,RGLB_D,SUM,1986-06-04T00:00Z,5353.0,,0.0,
0-20000-0-11519,RGLB_D,SUM,1986-06-05T00:00Z,7729.0,,0.0,
0-20000-0-11519,RGLB_D,SUM,1986-06-06T00:00Z,12107.0,,0.0,
0-20000-0-11519,RGLB_D,SUM,1986-06-07T00:00Z,10476.0,,0.0,
0-20000-0-11519,RGLB_D,SUM,1986-06-08T00:00Z,16362.0,,0.0,
0-20000-0-11519,RGLB_D,SUM,1986-06-09T00:00Z,20668.0,,0.0,
0-20000-0-11519,RGLB_D,SUM,1986-06-10T00:00Z,27508.0,,0.0,
0-20000-0-11519,RGLB_D,SUM,1986-06-11T00:00Z,21604.0,,0.0,
0-20000-0-11519,RGLB_D,SUM,1986-06-12T00:00Z,2336.0,,0.0,
0-20000-0-11519,RGLB_D,SUM,1986-06-13T00:00Z,6347.0,,0.0,
0-20000-0-11519,RGLB_D,SUM,1986-06-14T00:00Z,24556.0,,0.0,
0-20000-0-11519,RGLB_D,SUM,1986-06-15T00:00Z,26219.0,,0.0,
0-20000-0-11519,RGLB_D,SUM,1986-06-16T00:00Z,24937.0,,0.0,
0-20000-0-11519,RGLB_D,SUM,1986-06-17T00:00Z,23018.0,,0.0,
0-20000-0-11519,RGLB_D,SUM,1986-06-18T00:00Z,23375.0,,0.0,
0-20000-0-11519,RGLB_D,SUM,1986-06-19T00:00Z,14551.0,,0.0,
0-20000-0-11519,RGLB_D,SUM,1986-06-20T00:00Z,18432.0,,0.0,
0-20000-0-11519,RGLB_D,SUM,1986-06-21T00:00Z,22356.0,,0.0,
0-20000-0-11519,RGLB_D,SUM,1986-06-22T00:00Z,23076.0,,0.0,
0-20000-0-11519,RGLB_D,SUM,1986-06-23T00:00Z,27266.0,,0.0,
0-20000-0-11519,RGLB_D,SUM,1986-06-24T00:00Z,24034.0,,0.0,
0-20000-0-11519,RGLB_D,SUM,1986-06-25T00:00Z,26730.0,,0.0,
0-20000-0-11519,RGLB_D,SUM,1986-06-26T00:00Z,26611.0,,0.0,
0-20000-0-11519,RGLB_D,SUM,1986-06-27T00:00Z,28408.0,,0.0,
0-20000-0-11519,RGLB_D,SUM,1986-06-28T00:00Z,24228.0,,0.0,
0-20000-0-11519,RGLB_D,SUM,1986-06-29T00:00Z,20106.0,,0.0,
0-20000-0-11519,RGLB_D,SUM,1986-06-30T00:00Z,19109.0,,0.0,
0-20000-0-11519,RGLB_D,SUM,1986-07-01T00:00Z,24167.0,,0.0,
0-20000-0-11519,RGLB_D,SUM,1986-07-02T00:00Z,25736.0,,0.0,
0-20000-0-11519,RGLB_D,SUM,1986-07-03T00:00Z,23144.0,,0.0,
0-20000-0-11519,RGLB_D,SUM,1986-07-04T00:00Z,23760.0,,0.0,
0-20000-0-11519,RGLB_D,SUM,1986-07-05T00:00Z,22604.0,,0.0,
0-20000-0-11519,RGLB_D,SUM,1986-07-06T00:00Z,9403.0,,0.0,
0-20000-0-11519,RGLB_D,SUM,1986-07-07T00:00Z,5915.0,,0.0,
0-20000-0-11519,RGLB_D,SUM,1986-07-08T00:00Z,10058.0,,0.0,
0-20000-0-11519,RGLB_D,SUM,1986-07-09T00:00Z,17813.0,,0.0,
0-20000-0-11519,RGLB_D,SUM,1986-07-10T00:00Z,9230.0,,0.0,
0-20000-0-11519,RGLB_D,SUM,1986-07-11T00:00Z,15203.0,,0.0,
0-20000-0-11519,RGLB_D,SUM,1986-07-12T00:00Z,17730.0,,0.0,
0-20000-0-11519,RGLB_D,SUM,1986-07-13T00:00Z,16852.0,,0.0,
0-20000-0-11519,RGLB_D,SUM,1986-07-14T00:00Z,21359.0,,0.0,
0-20000-0-11519,RGLB_D,SUM,1986-07-15T00:00Z,25297.0,,0.0,
0-20000-0-11519,RGLB_D,SUM,1986-07-16T00:00Z,18724.0,,0.0,
0-20000-0-11519,RGLB_D,SUM,1986-07-17T00:00Z,24098.0,,0.0,
0-20000-0-11519,RGLB_D,SUM,1986-07-18T00:00Z,8312.0,,0.0,
0-20000-0-11519,RGLB_D,SUM,1986-07-19T00:00Z,5234.0,,0.0,
0-20000-0-11519,RGLB_D,SUM,1986-07-20T00:00Z,12614.0,,0.0,
0-20000-0-11519,RGLB_D,SUM,1986-07-21T00:00Z,25182.0,,0.0,
0-20000-0-11519,RGLB_D,SUM,1986-07-22T00:00Z,17849.0,,0.0,
0-20000-0-11519,RGLB_D,SUM,1986-07-23T00:00Z,22313.0,,0.0,
0-20000-0-11519,RGLB_D,SUM,1986-07-24T00:00Z,6962.0,,0.0,
0-20000-0-11519,RGLB_D,SUM,1986-07-25T00:00Z,16222.0,,0.0,
0-20000-0-11519,RGLB_D,SUM,1986-07-26T00:00Z,12326.0,,0.0,
0-20000-0-11519,RGLB_D,SUM,1986-07-27T00:00Z,20225.0,,0.0,
0-20000-0-11519,RGLB_D,SUM,1986-07-28T00:00Z,23310.0,,0.0,
0-20000-0-11519,RGLB_D,SUM,1986-07-29T00:00Z,23090.0,,0.0,
0-20000-0-11519,RGLB_D,SUM,1986-07-30T00:00Z,16556.0,,0.0,
0-20000-0-11519,RGLB_D,SUM,1986-07-31T00:00Z,21312.0,,0.0,
0-20000-0-11519,RGLB_D,SUM,1986-08-01T00:00Z,8006.0,,0.0,
0-20000-0-11519,RGLB_D,SUM,1986-08-02T00:00Z,22694.0,,0.0,
0-20000-0-11519,RGLB_D,SUM,1986-08-03T00:00Z,24084.0,,0.0,
0-20000-0-11519,RGLB_D,SUM,1986-08-04T00:00Z,21611.0,,0.0,
0-20000-0-11519,RGLB_D,SUM,1986-08-05T00:00Z,14648.0,,0.0,
0-20000-0-11519,RGLB_D,SUM,1986-08-06T00:00Z,22457.0,,0.0,
0-20000-0-11519,RGLB_D,SUM,1986-08-07T00:00Z,23530.0,,0.0,
0-20000-0-11519,RGLB_D,SUM,1986-08-08T00:00Z,11354.0,,0.0,
0-20000-0-11519,RGLB_D,SUM,1986-08-09T00:00Z,22928.0,,0.0,
0-20000-0-11519,RGLB_D,SUM,1986-08-10T00:00Z,19688.0,,0.0,
0-20000-0-11519,RGLB_D,SUM,1986-08-11T00:00Z,18839.0,,0.0,
0-20000-0-11519,RGLB_D,SUM,1986-08-12T00:00Z,3859.0,,0.0,
0-20000-0-11519,RGLB_D,SUM,1986-08-13T00:00Z,13039.0,,0.0,
0-20000-0-11519,RGLB_D,SUM,1986-08-14T00:00Z,16844.0,,0.0,
0-20000-0-11519,RGLB_D,SUM,1986-08-15T00:00Z,19912.0,,0.0,
0-20000-0-11519,RGLB_D,SUM,1986-08-16T00:00Z,14202.0,,0.0,
0-20000-0-11519,RGLB_D,SUM,1986-08-17T00:00Z,16182.0,,0.0,
0-20000-0-11519,RGLB_D,SUM,1986-08-18T00:00Z,15332.0,,0.0,
0-20000-0-11519,RGLB_D,SUM,1986-08-19T00:00Z,8795.0,,0.0,
0-20000-0-11519,RGLB_D,SUM,1986-08-20T00:00Z,11462.0,,0.0,
0-20000-0-11519,RGLB_D,SUM,1986-08-21T00:00Z,17615.0,,0.0,
0-20000-0-11519,RGLB_D,SUM,1986-08-22T00:00Z,15804.0,,0.0,
0-20000-0-11519,RGLB_D,SUM,1986-08-23T00:00Z,3064.0,,0.0,
0-20000-0-11519,RGLB_D,SUM,1986-08-24T00:00Z,6646.0,,0.0,
0-20000-0-11519,RGLB_D,SUM,1986-08-25T00:00Z,13396.0,,0.0,
0-20000-0-11519,RGLB_D,SUM,1986-08-26T00:00Z,16682.0,,0.0,
0-20000-0-11519,RGLB_D,SUM,1986-08-27T00:00Z,9950.0,,0.0,
0-20000-0-11519,RGLB_D,SUM,1986-08-28T00:00Z,4914.0,,0.0,
0-20000-0-11519,RGLB_D,SUM,1986-08-29T00:00Z,10314.0,,0.0,
0-20000-0-11519,RGLB_D,SUM,1986-08-30T00:00Z,12863.0,,0.0,
0-20000-0-11519,RGLB_D,SUM,1986-08-31T00:00Z,8075.0,,0.0,
0-20000-0-11519,RGLB_D,SUM,1986-09-01T00:00Z,8363.0,,0.0,
0-20000-0-11519,RGLB_D,SUM,1986-09-02T00:00Z,7956.0,,0.0,
0-20000-0-11519,RGLB_D,SUM,1986-09-03T00:00Z,13277.0,,0.0,
0-20000-0-11519,RGLB_D,SUM,1986-09-04T00:00Z,10793.0,,0.0,
0-20000-0-11519,RGLB_D,SUM,1986-09-05T00:00Z,14900.0,,0.0,
0-20000-0-11519,RGLB_D,SUM,1986-09-06T00:00Z,15008.0,,0.0,
0-20000-0-11519,RGLB_D,SUM,1986-09-07T00:00Z,9738.0,,0.0,
0-20000-0-11519,RGLB_D,SUM,1986-09-08T00:00Z,19141.0,,0.0,
0-20000-0-11519,RGLB_D,SUM,1986-09-09T00:00Z,10372.0,,0.0,
0-20000-0-11519,RGLB_D,SUM,1986-09-10T00:00Z,12488.0,,0.0,
0-20000-0-11519,RGLB_D,SUM,1986-09-11T00:00Z,15070.0,,0.0,
0-20000-0-11519,RGLB_D,SUM,1986-09-12T00:00Z,8942.0,,0.0,
0-20000-0-11519,RGLB_D,SUM,1986-09-13T00:00Z,1775.0,,0.0,
0-20000-0-11519,RGLB_D,SUM,1986-09-14T00:00Z,9641.0,,0.0,
0-20000-0-11519,RGLB_D,SUM,1986-09-15T00:00Z,12056.0,,0.0,
0-20000-0-11519,RGLB_D,SUM,1986-09-16T00:00Z,5566.0,,0.0,
0-20000-0-11519,RGLB_D,SUM,1986-09-17T00:00Z,2470.0,,0.0,
0-20000-0-11519,RGLB_D,SUM,1986-09-18T00:00Z,2192.0,,0.0,
0-20000-0-11519,RGLB_D,SUM,1986-09-19T00:00Z,16085.0,,0.0,
0-20000-0-11519,RGLB_D,SUM,1986-09-20T00:00Z,16430.0,,0.0,
0-20000-0-11519,RGLB_D,SUM,1986-09-21T00:00Z,14796.0,,0.0,
0-20000-0-11519,RGLB_D,SUM,1986-09-22T00:00Z,12632.0,,0.0,
0-20000-0-11519,RGLB_D,SUM,1986-09-23T00:00Z,7214.0,,0.0,
0-20000-0-11519,RGLB_D,SUM,1986-09-24T00:00Z,9659.0,,0.0,
0-20000-0-11519,RGLB_D,SUM,1986-09-25T00:00Z,14274.0,,0.0,
0-20000-0-11519,RGLB_D,SUM,1986-09-26T00:00Z,14407.0,,0.0,
0-20000-0-11519,RGLB_D,SUM,1986-09-27T00:00Z,6764.0,,0.0,
0-20000-0-11519,RGLB_D,SUM,1986-09-28T00:00Z,11074.0,,0.0,
0-20000-0-11519,RGLB_D,SUM,1986-09-29T00:00Z,12787.0,,0.0,
0-20000-0-11519,RGLB_D,SUM,1986-09-30T00:00Z,13820.0,,0.0,
0-20000-0-11519,RGLB_D,SUM,1986-10-01T00:00Z,13831.0,,0.0,
0-20000-0-11519,RGLB_D,SUM,1986-10-02T00:00Z,12924.0,,0.0,
0-20000-0-11519,RGLB_D,SUM,1986-10-03T00:00Z,8759.0,,0.0,
0-20000-0-11519,RGLB_D,SUM,1986-10-04T00:00Z,10174.0,,0.0,
0-20000-0-11519,RGLB_D,SUM,1986-10-05T00:00Z,12755.0,,0.0,
0-20000-0-11519,RGLB_D,SUM,1986-10-06T00:00Z,8417.0,,0.0,
0-20000-0-11519,RGLB_D,SUM,1986-10-07T00:00Z,7513.0,,0.0,
0-20000-0-11519,RGLB_D,SUM,1986-10-08T00:00Z,2732.0,,0.0,
0-20000-0-11519,RGLB_D,SUM,1986-10-09T00:00Z,5098.0,,0.0,
0-20000-0-11519,RGLB_D,SUM,1986-10-10T00:00Z,11167.0,,0.0,
0-20000-0-11519,RGLB_D,SUM,1986-10-11T00:00Z,6577.0,,0.0,
0-20000-0-11519,RGLB_D,SUM,1986-10-12T00:00Z,8953.0,,0.0,
0-20000-0-11519,RGLB_D,SUM,1986-10-13T00:00Z,11196.0,,0.0,
0-20000-0-11519,RGLB_D,SUM,1986-10-14T00:00Z,9896.0,,0.0,
0-20000-0-11519,RGLB_D,SUM,1986-10-15T00:00Z,9655.0,,0.0,
0-20000-0-11519,RGLB_D,SUM,1986-10-16T00:00Z,10170.0,,0.0,
0-20000-0-11519,RGLB_D,SUM,1986-10-17T00:00Z,8348.0,,0.0,
0-20000-0-11519,RGLB_D,SUM,1986-10-18T00:00Z,5587.0,,0.0,
0-20000-0-11519,RGLB_D,SUM,1986-10-19T00:00Z,4680.0,,0.0,
0-20000-0-11519,RGLB_D,SUM,1986-10-20T00:00Z,5407.0,,0.0,
0-20000-0-11519,RGLB_D,SUM,1986-10-21T00:00Z,6775.0,,0.0,
0-20000-0-11519,RGLB_D,SUM,1986-10-22T00:00Z,3971.0,,0.0,
0-20000-0-11519,RGLB_D,SUM,1986-10-23T00:00Z,4867.0,,0.0,
0-20000-0-11519,RGLB_D,SUM,1986-10-24T00:00Z,6426.0,,0.0,
0-20000-0-11519,RGLB_D,SUM,1986-10-25T00:00Z,5731.0,,0.0,
0-20000-0-11519,RGLB_D,SUM,1986-10-26T00:00Z,2740.0,,0.0,
0-20000-0-11519,RGLB_D,SUM,1986-10-27T00:00Z,2891.0,,0.0,
0-20000-0-11519,RGLB_D,SUM,1986-10-28T00:00Z,8194.0,,0.0,
0-20000-0-11519,RGLB_D,SUM,1986-10-29T00:00Z,2326.0,,0.0,
0-20000-0-11519,RGLB_D,SUM,1986-10-30T00:00Z,7290.0,,0.0,
0-20000-0-11519,RGLB_D,SUM,1986-10-31T00:00Z,6048.0,,0.0,
0-20000-0-11519,RGLB_D,SUM,1986-11-01T00:00Z,3186.0,,0.0,
0-20000-0-11519,RGLB_D,SUM,1986-11-02T00:00Z,943.0,,0.0,
0-20000-0-11519,RGLB_D,SUM,1986-11-03T00:00Z,6052.0,,0.0,
0-20000-0-11519,RGLB_D,SUM,1986-11-04T00:00Z,3496.0,,0.0,
0-20000-0-11519,RGLB_D,SUM,1986-11-05T00:00Z,2833.0,,0.0,
0-20000-0-11519,RGLB_D,SUM,1986-11-06T00:00Z,1080.0,,0.0,
0-20000-0-11519,RGLB_D,SUM,1986-11-07T00:00Z,2948.0,,0.0,
0-20000-0-11519,RGLB_D,SUM,1986-11-08T00:00Z,7398.0,,0.0,
0-20000-0-11519,RGLB_D,SUM,1986-11-09T00:00Z,7240.0,,0.0,
0-20000-0-11519,RGLB_D,SUM,1986-11-10T00:00Z,5288.0,,0.0,
0-20000-0-11519,RGLB_D,SUM,1986-11-11T00:00Z,6196.0,,0.0,
0-20000-0-11519,RGLB_D,SUM,1986-11-12T00:00Z,5004.0,,0.0,
0-20000-0-11519,RGLB_D,SUM,1986-11-13T00:00Z,1541.0,,0.0,
0-20000-0-11519,RGLB_D,SUM,1986-11-14T00:00Z,1411.0,,0.0,
0-20000-0-11519,RGLB_D,SUM,1986-11-15T00:00Z,1051.0,,0.0,
0-20000-0-11519,RGLB_D,SUM,1986-11-16T00:00Z,3042.0,,0.0,
0-20000-0-11519,RGLB_D,SUM,1986-11-17T00:00Z,2304.0,,0.0,
0-20000-0-11519,RGLB_D,SUM,1986-11-18T00:00Z,3452.0,,0.0,
0-20000-0-11519,RGLB_D,SUM,1986-11-19T00:00Z,3499.0,,0.0,
0-20000-0-11519,RGLB_D,SUM,1986-11-20T00:00Z,3380.0,,0.0,
0-20000-0-11519,RGLB_D,SUM,1986-11-21T00:00Z,3478.0,,0.0,
0-20000-0-11519,RGLB_D,SUM,1986-11-22T00:00Z,1710.0,,0.0,
0-20000-0-11519,RGLB_D,SUM,1986-11-23T00:00Z,871.0,,0.0,
0-20000-0-11519,RGLB_D,SUM,1986-11-24T00:00Z,2920.0,,0.0,
0-20000-0-11519,RGLB_D,SUM,1986-11-25T00:00Z,2164.0,,0.0,
0-20000-0-11519,RGLB_D,SUM,1986-11-26T00:00Z,4381.0,,0.0,
0-20000-0-11519,RGLB_D,SUM,1986-11-27T00:00Z,3017.0,,0.0,
0-20000-0-11519,RGLB_D,SUM,1986-11-28T00:00Z,4255.0,,0.0,
0-20000-0-11519,RGLB_D,SUM,1986-11-29T00:00Z,907.0,,0.0,
0-20000-0-11519,RGLB_D,SUM,1986-11-30T00:00Z,529.0,,0.0,
0-20000-0-11519,RGLB_D,SUM,1986-12-01T00:00Z,3589.0,,0.0,
0-20000-0-11519,RGLB_D,SUM,1986-12-02T00:00Z,1598.0,,0.0,
0-20000-0-11519,RGLB_D,SUM,1986-12-03T00:00Z,3737.0,,0.0,
0-20000-0-11519,RGLB_D,SUM,1986-12-04T00:00Z,5245.0,,0.0,
0-20000-0-11519,RGLB_D,SUM,1986-12-05T00:00Z,4975.0,,0.0,
0-20000-0-11519,RGLB_D,SUM,1986-12-06T00:00Z,1458.0,,0.0,
0-20000-0-11519,RGLB_D,SUM,1986-12-07T00:00Z,2653.0,,0.0,
0-20000-0-11519,RGLB_D,SUM,1986-12-08T00:00Z,3935.0,,0.0,
0-20000-0-11519,RGLB_D,SUM,1986-12-09T00:00Z,1112.0,,0.0,
0-20000-0-11519,RGLB_D,SUM,1986-12-10T00:00Z,752.0,,0.0,
0-20000-0-11519,RGLB_D,SUM,1986-12-11T00:00Z,1177.0,,0.0,
0-20000-0-11519,RGLB_D,SUM,1986-12-12T00:00Z,2380.0,,0.0,
0-20000-0-11519,RGLB_D,SUM,1986-12-13T00:00Z,2239.0,,0.0,
0-20000-0-11519,RGLB_D,SUM,1986-12-14T00:00Z,1087.0,,0.0,
0-20000-0-11519,RGLB_D,SUM,1986-12-15T00:00Z,911.0,,0.0,
0-20000-0-11519,RGLB_D,SUM,1986-12-16T00:00Z,3064.0,,0.0,
0-20000-0-11519,RGLB_D,SUM,1986-12-17T00:00Z,3398.0,,0.0,
0-20000-0-11519,RGLB_D,SUM,1986-12-18T00:00Z,1030.0,,0.0,
0-20000-0-11519,RGLB_D,SUM,1986-12-19T00:00Z,2268.0,,0.0,
0-20000-0-11519,RGLB_D,SUM,1986-12-20T00:00Z,2387.0,,0.0,
0-20000-0-11519,RGLB_D,SUM,1986-12-21T00:00Z,724.0,,0.0,
0-20000-0-11519,RGLB_D,SUM,1986-12-22T00:00Z,3229.0,,0.0,
0-20000-0-11519,RGLB_D,SUM,1986-12-23T00:00Z,1465.0,,0.0,
0-20000-0-11519,RGLB_D,SUM,1986-12-24T00:00Z,2236.0,,0.0,
0-20000-0-11519,RGLB_D,SUM,1986-12-25T00:00Z,3744.0,,0.0,
0-20000-0-11519,RGLB_D,SUM,1986-12-26T00:00Z,680.0,,0.0,
0-20000-0-11519,RGLB_D,SUM,1986-12-27T00:00Z,1444.0,,0.0,
0-20000-0-11519,RGLB_D,SUM,1986-12-28T00:00Z,1519.0,,0.0,
0-20000-0-11519,RGLB_D,SUM,1986-12-29T00:00Z,677.0,,0.0,
0-20000-0-11519,RGLB_D,SUM,1986-12-30T00:00Z,324.0,,0.0,
0-20000-0-11519,RGLB_D,SUM,1986-12-31T00:00Z,1930.0,,0.0,
0-20000-0-11519,RGLB_D,SUM,1987-01-01T00:00Z,1429.0,,0.0,
0-20000-0-11519,RGLB_D,SUM,1987-01-02T00:00Z,1530.0,,0.0,
0-20000-0-11519,RGLB_D,SUM,1987-01-03T00:00Z,4806.0,,0.0,
0-20000-0-11519,RGLB_D,SUM,1987-01-04T00:00Z,3449.0,,0.0,
0-20000-0-11519,RGLB_D,SUM,1987-01-05T00:00Z,1778.0,,0.0,
0-20000-0-11519,RGLB_D,SUM,1987-01-06T00:00Z,1393.0,,0.0,
0-20000-0-11519,RGLB_D,SUM,1987-01-07T00:00Z,2585.0,,0.0,
0-20000-0-11519,RGLB_D,SUM,1987-01-08T00:00Z,3096.0,,0.0,
0-20000-0-11519,RGLB_D,SUM,1987-01-09T00:00Z,882.0,,0.0,
0-20000-0-11519,RGLB_D,SUM,1987-01-10T00:00Z,1757.0,,0.0,
0-20000-0-11519,RGLB_D,SUM,1987-01-11T00:00Z,1775.0,,0.0,
0-20000-0-11519,RGLB_D,SUM,1987-01-12T00:00Z,1051.0,,0.0,
0-20000-0-11519,RGLB_D,SUM,1987-01-13T00:00Z,4201.0,,0.0,
0-20000-0-11519,RGLB_D,SUM,1987-01-14T00:00Z,3773.0,,0.0,
0-20000-0-11519,RGLB_D,SUM,1987-01-15T00:00Z,670.0,,0.0,
0-20000-0-11519,RGLB_D,SUM,1987-01-16T00:00Z,673.0,,0.0,
0-20000-0-11519,RGLB_D,SUM,1987-01-17T00:00Z,547.0,,0.0,
0-20000-0-11519,RGLB_D,SUM,1987-01-18T00:00Z,1274.0,,0.0,
0-20000-0-11519,RGLB_D,SUM,1987-01-19T00:00Z,2178.0,,0.0,
0-20000-0-11519,RGLB_D,SUM,1987-01-20T00:00Z,580.0,,0.0,
0-20000-0-11519,RGLB_D,SUM,1987-01-21T00:00Z,3179.0,,0.0,
0-20000-0-11519,RGLB_D,SUM,1987-01-22T00:00Z,1181.0,,0.0,
0-20000-0-11519,RGLB_D,SUM,1987-01-23T00:00Z,1336.0,,0.0,
0-20000-0-11519,RGLB_D,SUM,1987-01-24T00:00Z,1238.0,,0.0,
0-20000-0-11519,RGLB_D,SUM,1987-01-25T00:00Z,2113.0,,0.0,
0-20000-0-11519,RGLB_D,SUM,1987-01-26T00:00Z,562.0,,0.0,
0-20000-0-11519,RGLB_D,SUM,1987-01-27T00:00Z,2498.0,,0.0,
0-20000-0-11519,RGLB_D,SUM,1987-01-28T00:00Z,5267.0,,0.0,
0-20000-0-11519,RGLB_D,SUM,1987-01-29T00:00Z,5771.0,,0.0,
0-20000-0-11519,RGLB_D,SUM,1987-01-30T00:00Z,7254.0,,0.0,
0-20000-0-11519,RGLB_D,SUM,1987-01-31T00:00Z,6062.0,,0.0,
0-20000-0-11519,RGLB_D,SUM,1987-02-01T00:00Z,6559.0,,0.0,
0-20000-0-11519,RGLB_D,SUM,1987-02-02T00:00Z,4568.0,,0.0,
0-20000-0-11519,RGLB_D,SUM,1987-02-03T00:00Z,1390.0,,0.0,
0-20000-0-11519,RGLB_D,SUM,1987-02-04T00:00Z,1109.0,,0.0,
0-20000-0-11519,RGLB_D,SUM,1987-02-05T00:00Z,1386.0,,0.0,
0-20000-0-11519,RGLB_D,SUM,1987-02-06T00:00Z,5378.0,,0.0,
0-20000-0-11519,RGLB_D,SUM,1987-02-07T00:00Z,3373.0,,0.0,
0-20000-0-11519,RGLB_D,SUM,1987-02-08T00:00Z,4543.0,,0.0,
0-20000-0-11519,RGLB_D,SUM,1987-02-09T00:00Z,5126.0,,0.0,
0-20000-0-11519,RGLB_D,SUM,1987-02-10T00:00Z,3496.0,,0.0,
0-20000-0-11519,RGLB_D,SUM,1987-02-11T00:00Z,2506.0,,0.0,
0-20000-0-11519,RGLB_D,SUM,1987-02-12T00:00Z,3388.0,,0.0,
0-20000-0-11519,RGLB_D,SUM,1987-02-13T00:00Z,1256.0,,0.0,
0-20000-0-11519,RGLB_D,SUM,1987-02-14T00:00Z,630.0,,0.0,
0-20000-0-11519,RGLB_D,SUM,1987-02-15T00:00Z,608.0,,0.0,
0-20000-0-11519,RGLB_D,SUM,1987-02-16T00:00Z,1570.0,,0.0,
0-20000-0-11519,RGLB_D,SUM,1987-02-17T00:00Z,1192.0,,0.0,
0-20000-0-11519,RGLB_D,SUM,1987-02-18T00:00Z,1181.0,,0.0,
0-20000-0-11519,RGLB_D,SUM,1987-02-19T00:00Z,4763.0,,0.0,
0-20000-0-11519,RGLB_D,SUM,1987-02-20T00:00Z,684.0,,0.0,
0-20000-0-11519,RGLB_D,SUM,1987-02-21T00:00Z,2149.0,,0.0,
0-20000-0-11519,RGLB_D,SUM,1987-02-22T00:00Z,3092.0,,0.0,
0-20000-0-11519,RGLB_D,SUM,1987-02-23T00:00Z,7938.0,,0.0,
0-20000-0-11519,RGLB_D,SUM,1987-02-24T00:00Z,11365.0,,0.0,
0-20000-0-11519,RGLB_D,SUM,1987-02-25T00:00Z,10076.0,,0.0,
0-20000-0-11519,RGLB_D,SUM,1987-02-26T00:00Z,10163.0,,0.0,
0-20000-0-11519,RGLB_D,SUM,1987-02-27T00:00Z,3679.0,,0.0,
0-20000-0-11519,RGLB_D,SUM,1987-02-28T00:00Z,1364.0,,0.0,
0-20000-0-11519,RGLB_D,SUM,1987-03-01T00:00Z,2063.0,,0.0,
0-20000-0-11519,RGLB_D,SUM,1987-03-02T00:00Z,2484.0,,0.0,
0-20000-0-11519,RGLB_D,SUM,1987-03-03T00:00Z,11693.0,,0.0,
0-20000-0-11519,RGLB_D,SUM,1987-03-04T00:00Z,12611.0,,0.0,
0-20000-0-11519,RGLB_D,SUM,1987-03-05T00:00Z,10624.0,,0.0,
0-20000-0-11519,RGLB_D,SUM,1987-03-06T00:00Z,6581.0,,0.0,
0-20000-0-11519,RGLB_D,SUM,1987-03-07T00:00Z,6394.0,,0.0,
0-20000-0-11519,RGLB_D,SUM,1987-03-08T00:00Z,10210.0,,0.0,
0-20000-0-11519,RGLB_D,SUM,1987-03-09T00:00Z,8791.0,,0.0,
0-20000-0-11519,RGLB_D,SUM,1987-03-10T00:00Z,9068.0,,0.0,
0-20000-0-11519,RGLB_D,SUM,1987-03-11T00:00Z,9569.0,,0.0,
0-20000-0-11519,RGLB_D,SUM,1987-03-12T00:00Z,13748.0,,0.0,
0-20000-0-11519,RGLB_D,SUM,1987-03-13T00:00Z,14526.0,,0.0,
0-20000-0-11519,RGLB_D,SUM,1987-03-14T00:00Z,13385.0,,0.0,
0-20000-0-11519,RGLB_D,SUM,1987-03-15T00:00Z,13378.0,,0.0,
0-20000-0-11519,RGLB_D,SUM,1987-03-16T00:00Z,5764.0,,0.0,
0-20000-0-11519,RGLB_D,SUM,1987-03-17T00:00Z,9655.0,,0.0,
0-20000-0-11519,RGLB_D,SUM,1987-03-18T00:00Z,5198.0,,0.0,
0-20000-0-11519,RGLB_D,SUM,1987-03-19T00:00Z,12269.0,,0.0,
0-20000-0-11519,RGLB_D,SUM,1987-03-20T00:00Z,5785.0,,0.0,
0-20000-0-11519,RGLB_D,SUM,1987-03-21T00:00Z,15592.0,,0.0,
0-20000-0-11519,RGLB_D,SUM,1987-03-22T00:00Z,6815.0,,0.0,
0-20000-0-11519,RGLB_D,SUM,1987-03-23T00:00Z,11495.0,,0.0,
0-20000-0-11519,RGLB_D,SUM,1987-03-24T00:00Z,4021.0,,0.0,
0-20000-0-11519,RGLB_D,SUM,1987-03-25T00:00Z,6808.0,,0.0,
0-20000-0-11519,RGLB_D,SUM,1987-03-26T00:00Z,3917.0,,0.0,
0-20000-0-11519,RGLB_D,SUM,1987-03-27T00:00Z,13338.0,,0.0,
0-20000-0-11519,RGLB_D,SUM,1987-03-28T00:00Z,3737.0,,0.0,
0-20000-0-11519,RGLB_D,SUM,1987-03-29T00:00Z,8323.0,,0.0,
0-20000-0-11519,RGLB_D,SUM,1987-03-30T00:00Z,11146.0,,0.0,
0-20000-0-11519,RGLB_D,SUM,1987-03-31T00:00Z,6923.0,,0.0,
0-20000-0-11519,RGLB_D,SUM,1987-04-01T00:00Z,2340.0,,0.0,
0-20000-0-11519,RGLB_D,SUM,1987-04-02T00:00Z,4115.0,,0.0,
0-20000-0-11519,RGLB_D,SUM,1987-04-03T00:00Z,10782.0,,0.0,
0-20000-0-11519,RGLB_D,SUM,1987-04-04T00:00Z,7117.0,,0.0,
0-20000-0-11519,RGLB_D,SUM,1987-04-05T00:00Z,9176.0,,0.0,
0-20000-0-11519,RGLB_D,SUM,1987-04-06T00:00Z,16222.0,,0.0,
0-20000-0-11519,RGLB_D,SUM,1987-04-07T00:00Z,16196.0,,0.0,
0-20000-0-11519,RGLB_D,SUM,1987-04-08T00:00Z,12978.0,,0.0,
0-20000-0-11519,RGLB_D,SUM,1987-04-09T00:00Z,12607.0,,0.0,
0-20000-0-11519,RGLB_D,SUM,1987-04-10T00:00Z,1494.0,,0.0,
0-20000-0-11519,RGLB_D,SUM,1987-04-11T00:00Z,13090.0,,0.0,
0-20000-0-11519,RGLB_D,SUM,1987-04-12T00:00Z,12942.0,,0.0,
0-20000-0-11519,RGLB_D,SUM,1987-04-13T00:00Z,12096.0,,0.0,
0-20000-0-11519,RGLB_D,SUM,1987-04-14T00:00Z,9839.0,,0.0,
0-20000-0-11519,RGLB_D,SUM,1987-04-15T00:00Z,12575.0,,0.0,
0-20000-0-11519,RGLB_D,SUM,1987-04-16T00:00Z,4079.0,,0.0,
0-20000-0-11519,RGLB_D,SUM,1987-04-17T00:00Z,18068.0,,0.0,
0-20000-0-11519,RGLB_D,SUM,1987-04-18T00:00Z,19350.0,,0.0,
0-20000-0-11519,RGLB_D,SUM,1987-04-19T00:00Z,16412.0,,0.0,
0-20000-0-11519,RGLB_D,SUM,1987-04-20T00:00Z,8737.0,,0.0,
0-20000-0-11519,RGLB_D,SUM,1987-04-21T00:00Z,5476.0,,0.0,
0-20000-0-11519,RGLB_D,SUM,1987-04-22T00:00Z,6451.0,,0.0,
0-20000-0-11519,RGLB_D,SUM,1987-04-23T00:00Z,21125.0,,0.0,
0-20000-0-11519,RGLB_D,SUM,1987-04-24T00:00Z,19595.0,,0.0,
0-20000-0-11519,RGLB_D,SUM,1987-04-25T00:00Z,17593.0,,0.0,
0-20000-0-11519,RGLB_D,SUM,1987-04-26T00:00Z,12578.0,,0.0,
0-20000-0-11519,RGLB_D,SUM,1987-04-27T00:00Z,23137.0,,0.0,
0-20000-0-11519,RGLB_D,SUM,1987-04-28T00:00Z,22590.0,,0.0,
0-20000-0-11519,RGLB_D,SUM,1987-04-29T00:00Z,23738.0,,0.0,
0-20000-0-11519,RGLB_D,SUM,1987-04-30T00:00Z,23252.0,,0.0,
0-20000-0-11519,RGLB_D,SUM,1987-05-01T00:00Z,15988.0,,0.0,
0-20000-0-11519,RGLB_D,SUM,1987-05-02T00:00Z,21942.0,,0.0,
0-20000-0-11519,RGLB_D,SUM,1987-05-03T00:00Z,2902.0,,0.0,
0-20000-0-11519,RGLB_D,SUM,1987-05-04T00:00Z,6559.0,,0.0,
0-20000-0-11519,RGLB_D,SUM,1987-05-05T00:00Z,5530.0,,0.0,
0-20000-0-11519,RGLB_D,SUM,1987-05-06T00:00Z,12157.0,,0.0,
0-20000-0-11519,RGLB_D,SUM,1987-05-07T00:00Z,7805.0,,0.0,
0-20000-0-11519,RGLB_D,SUM,1987-05-08T00:00Z,23144.0,,0.0,
0-20000-0-11519,RGLB_D,SUM,1987-05-09T00:00Z,25765.0,,0.0,
0-20000-0-11519,RGLB_D,SUM,1987-05-10T00:00Z,21823.0,,0.0,
0-20000-0-11519,RGLB_D,SUM,1987-05-11T00:00Z,16186.0,,0.0,
0-20000-0-11519,RGLB_D,SUM,1987-05-12T00:00Z,16686.0,,0.0,
0-20000-0-11519,RGLB_D,SUM,1987-05-13T00:00Z,4615.0,,0.0,
0-20000-0-11519,RGLB_D,SUM,1987-05-14T00:00Z,19408.0,,0.0,
0-20000-0-11519,RGLB_D,SUM,1987-05-15T00:00Z,16546.0,,0.0,
0-20000-0-11519,RGLB_D,SUM,1987-05-16T00:00Z,4280.0,,0.0,
0-20000-0-11519,RGLB_D,SUM,1987-05-17T00:00Z,22511.0,,0.0,
0-20000-0-11519,RGLB_D,SUM,1987-05-18T00:00Z,16272.0,,0.0,
0-20000-0-11519,RGLB_D,SUM,1987-05-19T00:00Z,19955.0,,0.0,
0-20000-0-11519,RGLB_D,SUM,1987-05-20T00:00Z,7841.0,,0.0,
0-20000-0-11519,RGLB_D,SUM,1987-05-21T00:00Z,14227.0,,0.0,
0-20000-0-11519,RGLB_D,SUM,1987-05-22T00:00Z,2333.0,,0.0,
0-20000-0-11519,RGLB_D,SUM,1987-05-23T00:00Z,9583.0,,0.0,
0-20000-0-11519,RGLB_D,SUM,1987-05-24T00:00Z,20815.0,,0.0,
0-20000-0-11519,RGLB_D,SUM,1987-05-25T00:00Z,12985.0,,0.0,
0-20000-0-11519,RGLB_D,SUM,1987-05-26T00:00Z,26492.0,,0.0,
0-20000-0-11519,RGLB_D,SUM,1987-05-27T00:00Z,20120.0,,0.0,
0-20000-0-11519,RGLB_D,SUM,1987-05-28T00:00Z,11902.0,,0.0,
0-20000-0-11519,RGLB_D,SUM,1987-05-29T00:00Z,18130.0,,0.0,
0-20000-0-11519,RGLB_D,SUM,1987-05-30T00:00Z,14177.0,,0.0,
0-20000-0-11519,RGLB_D,SUM,1987-05-31T00:00Z,4100.0,,0.0,
0-20000-0-11519,RGLB_D,SUM,1987-06-01T00:00Z,6016.0,,0.0,
0-20000-0-11519,RGLB_D,SUM,1987-06-02T00:00Z,10966.0,,0.0,
0-20000-0-11519,RGLB_D,SUM,1987-06-03T00:00Z,9922.0,,0.0,
0-20000-0-11519,RGLB_D,SUM,1987-06-04T00:00Z,11920.0,,0.0,
0-20000-0-11519,RGLB_D,SUM,1987-06-05T00:00Z,14296.0,,0.0,
0-20000-0-11519,RGLB_D,SUM,1987-06-06T00:00Z,22284.0,,0.0,
0-20000-0-11519,RGLB_D,SUM,1987-06-07T00:00Z,9810.0,,0.0,
0-20000-0-11519,RGLB_D,SUM,1987-06-08T00:00Z,3316.0,,0.0,
0-20000-0-11519,RGLB_D,SUM,1987-06-09T00:00Z,11012.0,,0.0,
0-20000-0-11519,RGLB_D,SUM,1987-06-10T00:00Z,12596.0,,0.0,
0-20000-0-11519,RGLB_D,SUM,1987-06-11T00:00Z,27860.0,,0.0,
0-20000-0-11519,RGLB_D,SUM,1987-06-12T00:00Z,17791.0,,0.0,
0-20000-0-11519,RGLB_D,SUM,1987-06-13T00:00Z,22216.0,,0.0,
0-20000-0-11519,RGLB_D,SUM,1987-06-14T00:00Z,16214.0,,0.0,
0-20000-0-11519,RGLB_D,SUM,1987-06-15T00:00Z,11783.0,,0.0,
0-20000-0-11519,RGLB_D,SUM,1987-06-16T00:00Z,9108.0,,0.0,
0-20000-0-11519,RGLB_D,SUM,1987-06-17T00:00Z,17453.0,,0.0,
0-20000-0-11519,RGLB_D,SUM,1987-06-18T00:00Z,14054.0,,0.0,
0-20000-0-11519,RGLB_D,SUM,1987-06-19T00:00Z,20434.0,,0.0,
0-20000-0-11519,RGLB_D,SUM,1987-06-20T00:00Z,18698.0,,0.0,
0-20000-0-11519,RGLB_D,SUM,1987-06-21T00:00Z,7297.0,,0.0,
0-20000-0-11519,RGLB_D,SUM,1987-06-22T00:00Z,14861.0,,0.0,
0-20000-0-11519,RGLB_D,SUM,1987-06-23T00:00Z,10951.0,,0.0,
0-20000-0-11519,RGLB_D,SUM,1987-06-24T00:00Z,12251.0,,0.0,
0-20000-0-11519,RGLB_D,SUM,1987-06-25T00:00Z,16758.0,,0.0,
0-20000-0-11519,RGLB_D,SUM,1987-06-26T00:00Z,19166.0,,0.0,
0-20000-0-11519,RGLB_D,SUM,1987-06-27T00:00Z,14274.0,,0.0,
0-20000-0-11519,RGLB_D,SUM,1987-06-28T00:00Z,19447.0,,0.0,
0-20000-0-11519,RGLB_D,SUM,1987-06-29T00:00Z,26399.0,,0.0,
0-20000-0-11519,RGLB_D,SUM,1987-06-30T00:00Z,26071.0,,0.0,
0-20000-0-11519,RGLB_D,SUM,1987-07-01T00:00Z,16092.0,,0.0,
0-20000-0-11519,RGLB_D,SUM,1987-07-02T00:00Z,6674.0,,0.0,
0-20000-0-11519,RGLB_D,SUM,1987-07-03T00:00Z,25945.0,,0.0,
0-20000-0-11519,RGLB_D,SUM,1987-07-04T00:00Z,11261.0,,0.0,
0-20000-0-11519,RGLB_D,SUM,1987-07-05T00:00Z,27457.0,,0.0,
0-20000-0-11519,RGLB_D,SUM,1987-07-06T00:00Z,26946.0,,0.0,
0-20000-0-11519,RGLB_D,SUM,1987-07-07T00:00Z,27544.0,,0.0,
0-20000-0-11519,RGLB_D,SUM,1987-07-08T00:00Z,7495.0,,0.0,
0-20000-0-11519,RGLB_D,SUM,1987-07-09T00:00Z,14000.0,,0.0,
0-20000-0-11519,RGLB_D,SUM,1987-07-10T00:00Z,24340.0,,0.0,
0-20000-0-11519,RGLB_D,SUM,1987-07-11T00:00Z,28163.0,,0.0,
0-20000-0-11519,RGLB_D,SUM,1987-07-12T00:00Z,20981.0,,0.0,
0-20000-0-11519,RGLB_D,SUM,1987-07-13T00:00Z,18803.0,,0.0,
0-20000-0-11519,RGLB_D,SUM,1987-07-14T00:00Z,24811.0,,0.0,
0-20000-0-11519,RGLB_D,SUM,1987-07-15T00:00Z,25358.0,,0.0,
0-20000-0-11519,RGLB_D,SUM,1987-07-16T00:00Z,20246.0,,0.0,
0-20000-0-11519,RGLB_D,SUM,1987-07-17T00:00Z,21928.0,,0.0,
0-20000-0-11519,RGLB_D,SUM,1987-07-18T00:00Z,17078.0,,0.0,
0-20000-0-11519,RGLB_D,SUM,1987-07-19T00:00Z,14317.0,,0.0,
0-20000-0-11519,RGLB_D,SUM,1987-07-20T00:00Z,25250.0,,0.0,
0-20000-0-11519,RGLB_D,SUM,1987-07-21T00:00Z,13428.0,,0.0,
0-20000-0-11519,RGLB_D,SUM,1987-07-22T00:00Z,21103.0,,0.0,
0-20000-0-11519,RGLB_D,SUM,1987-07-23T00:00Z,19001.0,,0.0,
0-20000-0-11519,RGLB_D,SUM,1987-07-24T00:00Z,16056.0,,0.0,
0-20000-0-11519,RGLB_D,SUM,1987-07-25T00:00Z,19033.0,,0.0,
0-20000-0-11519,RGLB_D,SUM,1987-07-26T00:00Z,14116.0,,0.0,
0-20000-0-11519,RGLB_D,SUM,1987-07-27T00:00Z,10123.0,,0.0,
0-20000-0-11519,RGLB_D,SUM,1987-07-28T00:00Z,9140.0,,0.0,
0-20000-0-11519,RGLB_D,SUM,1987-07-29T00:00Z,9194.0,,0.0,
0-20000-0-11519,RGLB_D,SUM,1987-07-30T00:00Z,17845.0,,0.0,
0-20000-0-11519,RGLB_D,SUM,1987-07-31T00:00Z,10512.0,,0.0,
0-20000-0-11519,RGLB_D,SUM,1987-08-01T00:00Z,6811.0,,0.0,
0-20000-0-11519,RGLB_D,SUM,1987-08-02T00:00Z,9871.0,,0.0,
0-20000-0-11519,RGLB_D,SUM,1987-08-03T00:00Z,16628.0,,0.0,
0-20000-0-11519,RGLB_D,SUM,1987-08-04T00:00Z,15696.0,,0.0,
0-20000-0-11519,RGLB_D,SUM,1987-08-05T00:00Z,13896.0,,0.0,
0-20000-0-11519,RGLB_D,SUM,1987-08-06T00:00Z,13079.0,,0.0,
0-20000-0-11519,RGLB_D,SUM,1987-08-07T00:00Z,10991.0,,0.0,
0-20000-0-11519,RGLB_D,SUM,1987-08-08T00:00Z,14310.0,,0.0,
0-20000-0-11519,RGLB_D,SUM,1987-08-09T00:00Z,14202.0,,0.0,
0-20000-0-11519,RGLB_D,SUM,1987-08-10T00:00Z,11927.0,,0.0,
0-20000-0-11519,RGLB_D,SUM,1987-08-11T00:00Z,14738.0,,0.0,
0-20000-0-11519,RGLB_D,SUM,1987-08-12T00:00Z,12557.0,,0.0,
0-20000-0-11519,RGLB_D,SUM,1987-08-13T00:00Z,16952.0,,0.0,
0-20000-0-11519,RGLB_D,SUM,1987-08-14T00:00Z,13684.0,,0.0,
0-20000-0-11519,RGLB_D,SUM,1987-08-15T00:00Z,12838.0,,0.0,
0-20000-0-11519,RGLB_D,SUM,1987-08-16T00:00Z,9875.0,,0.0,
0-20000-0-11519,RGLB_D,SUM,1987-08-17T00:00Z,12672.0,,0.0,
0-20000-0-11519,RGLB_D,SUM,1987-08-18T00:00Z,10321.0,,0.0,
0-20000-0-11519,RGLB_D,SUM,1987-08-19T00:00Z,9479.0,,0.0,
0-20000-0-11519,RGLB_D,SUM,1987-08-20T00:00Z,16168.0,,0.0,
0-20000-0-11519,RGLB_D,SUM,1987-08-21T00:00Z,19228.0,,0.0,
0-20000-0-11519,RGLB_D,SUM,1987-08-22T00:00Z,22169.0,,0.0,
0-20000-0-11519,RGLB_D,SUM,1987-08-23T00:00Z,20797.0,,0.0,
0-20000-0-11519,RGLB_D,SUM,1987-08-24T00:00Z,16362.0,,0.0,
0-20000-0-11519,RGLB_D,SUM,1987-08-25T00:00Z,11707.0,,0.0,
0-20000-0-11519,RGLB_D,SUM,1987-08-26T00:00Z,14454.0,,0.0,
0-20000-0-11519,RGLB_D,SUM,1987-08-27T00:00Z,18774.0,,0.0,
0-20000-0-11519,RGLB_D,SUM,1987-08-28T00:00Z,6790.0,,0.0,
0-20000-0-11519,RGLB_D,SUM,1987-08-29T00:00Z,5749.0,,0.0,
0-20000-0-11519,RGLB_D,SUM,1987-08-30T00:00Z,18544.0,,0.0,
0-20000-0-11519,RGLB_D,SUM,1987-08-31T00:00Z,17100.0,,0.0,
0-20000-0-11519,RGLB_D,SUM,1987-09-01T00:00Z,20059.0,,0.0,
0-20000-0-11519,RGLB_D,SUM,1987-09-02T00:00Z,6862.0,,0.0,
0-20000-0-11519,RGLB_D,SUM,1987-09-03T00:00Z,11182.0,,0.0,
0-20000-0-11519,RGLB_D,SUM,1987-09-04T00:00Z,13266.0,,0.0,
0-20000-0-11519,RGLB_D,SUM,1987-09-05T00:00Z,8291.0,,0.0,
0-20000-0-11519,RGLB_D,SUM,1987-09-06T00:00Z,6293.0,,0.0,
0-20000-0-11519,RGLB_D,SUM,1987-09-07T00:00Z,8100.0,,0.0,
0-20000-0-11519,RGLB_D,SUM,1987-09-08T00:00Z,8089.0,,0.0,
0-20000-0-11519,RGLB_D,SUM,1987-09-09T00:00Z,15721.0,,0.0,
0-20000-0-11519,RGLB_D,SUM,1987-09-10T00:00Z,15264.0,,0.0,
0-20000-0-11519,RGLB_D,SUM,1987-09-11T00:00Z,6282.0,,0.0,
0-20000-0-11519,RGLB_D,SUM,1987-09-12T00:00Z,12600.0,,0.0,
0-20000-0-11519,RGLB_D,SUM,1987-09-13T00:00Z,14911.0,,0.0,
0-20000-0-11519,RGLB_D,SUM,1987-09-14T00:00Z,11207.0,,0.0,
0-20000-0-11519,RGLB_D,SUM,1987-09-15T00:00Z,13306.0,,0.0,
0-20000-0-11519,RGLB_D,SUM,1987-09-16T00:00Z,14551.0,,0.0,
0-20000-0-11519,RGLB_D,SUM,1987-09-17T00:00Z,12866.0,,0.0,
0-20000-0-11519,RGLB_D,SUM,1987-09-18T00:00Z,11203.0,,0.0,
0-20000-0-11519,RGLB_D,SUM,1987-09-19T00:00Z,7513.0,,0.0,
0-20000-0-11519,RGLB_D,SUM,1987-09-20T00:00Z,10066.0,,0.0,
0-20000-0-11519,RGLB_D,SUM,1987-09-21T00:00Z,13367.0,,0.0,
0-20000-0-11519,RGLB_D,SUM,1987-09-22T00:00Z,12244.0,,0.0,
0-20000-0-11519,RGLB_D,SUM,1987-09-23T00:00Z,12856.0,,0.0,
0-20000-0-11519,RGLB_D,SUM,1987-09-24T00:00Z,10494.0,,0.0,
0-20000-0-11519,RGLB_D,SUM,1987-09-25T00:00Z,12305.0,,0.0,
0-20000-0-11519,RGLB_D,SUM,1987-09-26T00:00Z,3373.0,,0.0,
0-20000-0-11519,RGLB_D,SUM,1987-09-27T00:00Z,5324.0,,0.0,
0-20000-0-11519,RGLB_D,SUM,1987-09-28T00:00Z,9421.0,,0.0,
0-20000-0-11519,RGLB_D,SUM,1987-09-29T00:00Z,5724.0,,0.0,
0-20000-0-11519,RGLB_D,SUM,1987-09-30T00:00Z,6602.0,,0.0,
0-20000-0-11519,RGLB_D,SUM,1987-10-01T00:00Z,10746.0,,0.0,
0-20000-0-11519,RGLB_D,SUM,1987-10-02T00:00Z,12269.0,,0.0,
0-20000-0-11519,RGLB_D,SUM,1987-10-03T00:00Z,12460.0,,0.0,
0-20000-0-11519,RGLB_D,SUM,1987-10-04T00:00Z,12733.0,,0.0,
0-20000-0-11519,RGLB_D,SUM,1987-10-05T00:00Z,11070.0,,0.0,
0-20000-0-11519,RGLB_D,SUM,1987-10-06T00:00Z,7351.0,,0.0,
0-20000-0-11519,RGLB_D,SUM,1987-10-07T00:00Z,10955.0,,0.0,
0-20000-0-11519,RGLB_D,SUM,1987-10-08T00:00Z,5674.0,,0.0,
0-20000-0-11519,RGLB_D,SUM,1987-10-09T00:00Z,11758.0,,0.0,
0-20000-0-11519,RGLB_D,SUM,1987-10-10T00:00Z,12139.0,,0.0,
0-20000-0-11519,RGLB_D,SUM,1987-10-11T00:00Z,8870.0,,0.0,
0-20000-0-11519,RGLB_D,SUM,1987-10-12T00:00Z,3863.0,,0.0,
0-20000-0-11519,RGLB_D,SUM,1987-10-13T00:00Z,10253.0,,0.0,
0-20000-0-11519,RGLB_D,SUM,1987-10-14T00:00Z,5447.0,,0.0,
0-20000-0-11519,RGLB_D,SUM,1987-10-15T00:00Z,4385.0,,0.0,
0-20000-0-11519,RGLB_D,SUM,1987-10-16T00:00Z,9086.0,,0.0,
0-20000-0-11519,RGLB_D,SUM,1987-10-17T00:00Z,1771.0,,0.0,
0-20000-0-11519,RGLB_D,SUM,1987-10-18T00:00Z,6268.0,,0.0,
0-20000-0-11519,RGLB_D,SUM,1987-10-19T00:00Z,2099.0,,0.0,
0-20000-0-11519,RGLB_D,SUM,1987-10-20T00:00Z,2124.0,,0.0,
0-20000-0-11519,RGLB_D,SUM,1987-10-21T00:00Z,3118.0,,0.0,
0-20000-0-11519,RGLB_D,SUM,1987-10-22T00:00Z,2524.0,,0.0,
0-20000-0-11519,RGLB_D,SUM,1987-10-23T00:00Z,1444.0,,0.0,
0-20000-0-11519,RGLB_D,SUM,1987-10-24T00:00Z,7052.0,,0.0,
0-20000-0-11519,RGLB_D,SUM,1987-10-25T00:00Z,1685.0,,0.0,
0-20000-0-11519,RGLB_D,SUM,1987-10-26T00:00Z,5026.0,,0.0,
0-20000-0-11519,RGLB_D,SUM,1987-10-27T00:00Z,4979.0,,0.0,
0-20000-0-11519,RGLB_D,SUM,1987-10-28T00:00Z,8323.0,,0.0,
0-20000-0-11519,RGLB_D,SUM,1987-10-29T00:00Z,7297.0,,0.0,
0-20000-0-11519,RGLB_D,SUM,1987-10-30T00:00Z,7340.0,,0.0,
0-20000-0-11519,RGLB_D,SUM,1987-10-31T00:00Z,7222.0,,0.0,
0-20000-0-11519,RGLB_D,SUM,1987-11-01T00:00Z,6131.0,,0.0,
0-20000-0-11519,RGLB_D,SUM,1987-11-02T00:00Z,1361.0,,0.0,
0-20000-0-11519,RGLB_D,SUM,1987-11-03T00:00Z,2876.0,,0.0,
0-20000-0-11519,RGLB_D,SUM,1987-11-04T00:00Z,3373.0,,0.0,
0-20000-0-11519,RGLB_D,SUM,1987-11-05T00:00Z,5789.0,,0.0,
0-20000-0-11519,RGLB_D,SUM,1987-11-06T00:00Z,1184.0,,0.0,
0-20000-0-11519,RGLB_D,SUM,1987-11-07T00:00Z,1444.0,,0.0,
0-20000-0-11519,RGLB_D,SUM,1987-11-08T00:00Z,2754.0,,0.0,
0-20000-0-11519,RGLB_D,SUM,1987-11-09T00:00Z,1688.0,,0.0,
0-20000-0-11519,RGLB_D,SUM,1987-11-10T00:00Z,1134.0,,0.0,
0-20000-0-11519,RGLB_D,SUM,1987-11-11T00:00Z,1487.0,,0.0,
0-20000-0-11519,RGLB_D,SUM,1987-11-12T00:00Z,1400.0,,0.0,
0-20000-0-11519,RGLB_D,SUM,1987-11-13T00:00Z,4280.0,,0.0,
0-20000-0-11519,RGLB_D,SUM,1987-11-14T00:00Z,2020.0,,0.0,
0-20000-0-11519,RGLB_D,SUM,1987-11-15T00:00Z,5551.0,,0.0,
0-20000-0-11519,RGLB_D,SUM,1987-11-16T00:00Z,2077.0,,0.0,
0-20000-0-11519,RGLB_D,SUM,1987-11-17T00:00Z,2200.0,,0.0,
0-20000-0-11519,RGLB_D,SUM,1987-11-18T00:00Z,1782.0,,0.0,
0-20000-0-11519,RGLB_D,SUM,1987-11-19T00:00Z,853.0,,0.0,
0-20000-0-11519,RGLB_D,SUM,1987-11-20T00:00Z,2070.0,,0.0,
0-20000-0-11519,RGLB_D,SUM,1987-11-21T00:00Z,1746.0,,0.0,
0-20000-0-11519,RGLB_D,SUM,1987-11-22T00:00Z,1429.0,,0.0,
0-20000-0-11519,RGLB_D,SUM,1987-11-23T00:00Z,4108.0,,0.0,
0-20000-0-11519,RGLB_D,SUM,1987-11-24T00:00Z,648.0,,0.0,
0-20000-0-11519,RGLB_D,SUM,1987-11-25T00:00Z,2423.0,,0.0,
0-20000-0-11519,RGLB_D,SUM,1987-11-26T00:00Z,1379.0,,0.0,
0-20000-0-11519,RGLB_D,SUM,1987-11-27T00:00Z,864.0,,0.0,
0-20000-0-11519,RGLB_D,SUM,1987-11-28T00:00Z,1458.0,,0.0,
0-20000-0-11519,RGLB_D,SUM,1987-11-29T00:00Z,673.0,,0.0,
0-20000-0-11519,RGLB_D,SUM,1987-11-30T00:00Z,1040.0,,0.0,
0-20000-0-11519,RGLB_D,SUM,1987-12-01T00:00Z,911.0,,0.0,
0-20000-0-11519,RGLB_D,SUM,1987-12-02T00:00Z,1670.0,,0.0,
0-20000-0-11519,RGLB_D,SUM,1987-12-03T00:00Z,1314.0,,0.0,
0-20000-0-11519,RGLB_D,SUM,1987-12-04T00:00Z,1105.0,,0.0,
0-20000-0-11519,RGLB_D,SUM,1987-12-05T00:00Z,641.0,,0.0,
0-20000-0-11519,RGLB_D,SUM,1987-12-06T00:00Z,472.0,,0.0,
0-20000-0-11519,RGLB_D,SUM,1987-12-07T00:00Z,940.0,,0.0,
0-20000-0-11519,RGLB_D,SUM,1987-12-08T00:00Z,4219.0,,0.0,
0-20000-0-11519,RGLB_D,SUM,1987-12-09T00:00Z,3308.0,,0.0,
0-20000-0-11519,RGLB_D,SUM,1987-12-10T00:00Z,1681.0,,0.0,
0-20000-0-11519,RGLB_D,SUM,1987-12-11T00:00Z,1332.0,,0.0,
0-20000-0-11519,RGLB_D,SUM,1987-12-12T00:00Z,3838.0,,0.0,
0-20000-0-11519,RGLB_D,SUM,1987-12-13T00:00Z,3150.0,,0.0,
0-20000-0-11519,RGLB_D,SUM,1987-12-14T00:00Z,418.0,,0.0,
0-20000-0-11519,RGLB_D,SUM,1987-12-15T00:00Z,594.0,,0.0,
0-20000-0-11519,RGLB_D,SUM,1987-12-16T00:00Z,925.0,,0.0,
0-20000-0-11519,RGLB_D,SUM,1987-12-17T00:00Z,1055.0,,0.0,
0-20000-0-11519,RGLB_D,SUM,1987-12-18T00:00Z,716.0,,0.0,
0-20000-0-11519,RGLB_D,SUM,1987-12-19T00:00Z,522.0,,0.0,
0-20000-0-11519,RGLB_D,SUM,1987-12-20T00:00Z,1336.0,,0.0,
0-20000-0-11519,RGLB_D,SUM,1987-12-21T00:00Z,1609.0,,0.0,
0-20000-0-11519,RGLB_D,SUM,1987-12-22T00:00Z,533.0,,0.0,
0-20000-0-11519,RGLB_D,SUM,1987-12-23T00:00Z,3276.0,,0.0,
0-20000-0-11519,RGLB_D,SUM,1987-12-24T00:00Z,3542.0,,0.0,
0-20000-0-11519,RGLB_D,SUM,1987-12-25T00:00Z,878.0,,0.0,
0-20000-0-11519,RGLB_D,SUM,1987-12-26T00:00Z,1393.0,,0.0,
0-20000-0-11519,RGLB_D,SUM,1987-12-27T00:00Z,1001.0,,0.0,
0-20000-0-11519,RGLB_D,SUM,1987-12-28T00:00Z,1487.0,,0.0,
0-20000-0-11519,RGLB_D,SUM,1987-12-29T00:00Z,4000.0,,0.0,
0-20000-0-11519,RGLB_D,SUM,1987-12-30T00:00Z,2099.0,,0.0,
0-20000-0-11519,RGLB_D,SUM,1987-12-31T00:00Z,1642.0,,0.0,
0-20000-0-11519,RGLB_D,SUM,1988-01-01T00:00Z,2117.0,,0.0,
0-20000-0-11519,RGLB_D,SUM,1988-01-02T00:00Z,1505.0,,0.0,
0-20000-0-11519,RGLB_D,SUM,1988-01-03T00:00Z,4313.0,,0.0,
0-20000-0-11519,RGLB_D,SUM,1988-01-04T00:00Z,2520.0,,0.0,
0-20000-0-11519,RGLB_D,SUM,1988-01-05T00:00Z,806.0,,0.0,
0-20000-0-11519,RGLB_D,SUM,1988-01-06T00:00Z,3827.0,,0.0,
0-20000-0-11519,RGLB_D,SUM,1988-01-07T00:00Z,1901.0,,0.0,
0-20000-0-11519,RGLB_D,SUM,1988-01-08T00:00Z,1555.0,,0.0,
0-20000-0-11519,RGLB_D,SUM,1988-01-09T00:00Z,4226.0,,0.0,
0-20000-0-11519,RGLB_D,SUM,1988-01-10T00:00Z,5166.0,,0.0,
0-20000-0-11519,RGLB_D,SUM,1988-01-11T00:00Z,1642.0,,0.0,
0-20000-0-11519,RGLB_D,SUM,1988-01-12T00:00Z,2668.0,,0.0,
0-20000-0-11519,RGLB_D,SUM,1988-01-13T00:00Z,1145.0,,0.0,
0-20000-0-11519,RGLB_D,SUM,1988-01-14T00:00Z,1436.0,,0.0,
0-20000-0-11519,RGLB_D,SUM,1988-01-15T00:00Z,882.0,,0.0,
0-20000-0-11519,RGLB_D,SUM,1988-01-16T00:00Z,1656.0,,0.0,
0-20000-0-11519,RGLB_D,SUM,1988-01-17T00:00Z,1685.0,,0.0,
0-20000-0-11519,RGLB_D,SUM,1988-01-18T00:00Z,1346.0,,0.0,
0-20000-0-11519,RGLB_D,SUM,1988-01-19T00:00Z,518.0,,0.0,
0-20000-0-11519,RGLB_D,SUM,1988-01-20T00:00Z,576.0,,0.0,
0-20000-0-11519,RGLB_D,SUM,1988-01-21T00:00Z,497.0,,0.0,
0-20000-0-11519,RGLB_D,SUM,1988-01-22T00:00Z,1627.0,,0.0,
0-20000-0-11519,RGLB_D,SUM,1988-01-23T00:00Z,3280.0,,0.0,
0-20000-0-11519,RGLB_D,SUM,1988-01-24T00:00Z,1566.0,,0.0,
0-20000-0-11519,RGLB_D,SUM,1988-01-25T00:00Z,1620.0,,0.0,
0-20000-0-11519,RGLB_D,SUM,1988-01-26T00:00Z,5069.0,,0.0,
0-20000-0-11519,RGLB_D,SUM,1988-01-27T00:00Z,2934.0,,0.0,
0-20000-0-11519,RGLB_D,SUM,1988-01-28T00:00Z,1811.0,,0.0,
0-20000-0-11519,RGLB_D,SUM,1988-01-29T00:00Z,1422.0,,0.0,
0-20000-0-11519,RGLB_D,SUM,1988-01-30T00:00Z,1998.0,,0.0,
0-20000-0-11519,RGLB_D,SUM,1988-01-31T00:00Z,3190.0,,0.0,
0-20000-0-11519,RGLB_D,SUM,1988-02-01T00:00Z,4813.0,,0.0,
0-20000-0-11519,RGLB_D,SUM,1988-02-02T00:00Z,2405.0,,0.0,
0-20000-0-11519,RGLB_D,SUM,1988-02-03T00:00Z,2812.0,,0.0,
0-20000-0-11519,RGLB_D,SUM,1988-02-04T00:00Z,7531.0,,0.0,
0-20000-0-11519,RGLB_D,SUM,1988-02-05T00:00Z,4342.0,,0.0,
0-20000-0-11519,RGLB_D,SUM,1988-02-06T00:00Z,1818.0,,0.0,
0-20000-0-11519,RGLB_D,SUM,1988-02-07T00:00Z,1699.0,,0.0,
0-20000-0-11519,RGLB_D,SUM,1988-02-08T00:00Z,3100.0,,0.0,
0-20000-0-11519,RGLB_D,SUM,1988-02-09T00:00Z,6181.0,,0.0,
0-20000-0-11519,RGLB_D,SUM,1988-02-10T00:00Z,6908.0,,0.0,
0-20000-0-11519,RGLB_D,SUM,1988-02-11T00:00Z,4345.0,,0.0,
0-20000-0-11519,RGLB_D,SUM,1988-02-12T00:00Z,4133.0,,0.0,
0-20000-0-11519,RGLB_D,SUM,1988-02-13T00:00Z,4316.0,,0.0,
0-20000-0-11519,RGLB_D,SUM,1988-02-14T00:00Z,8035.0,,0.0,
0-20000-0-11519,RGLB_D,SUM,1988-02-15T00:00Z,8042.0,,0.0,
0-20000-0-11519,RGLB_D,SUM,1988-02-16T00:00Z,7416.0,,0.0,
0-20000-0-11519,RGLB_D,SUM,1988-02-17T00:00Z,5278.0,,0.0,
0-20000-0-11519,RGLB_D,SUM,1988-02-18T00:00Z,3679.0,,0.0,
0-20000-0-11519,RGLB_D,SUM,1988-02-19T00:00Z,2851.0,,0.0,
0-20000-0-11519,RGLB_D,SUM,1988-02-20T00:00Z,6631.0,,0.0,
0-20000-0-11519,RGLB_D,SUM,1988-02-21T00:00Z,10181.0,,0.0,
0-20000-0-11519,RGLB_D,SUM,1988-02-22T00:00Z,3740.0,,0.0,
0-20000-0-11519,RGLB_D,SUM,1988-02-23T00:00Z,2275.0,,0.0,
0-20000-0-11519,RGLB_D,SUM,1988-02-24T00:00Z,7524.0,,0.0,
0-20000-0-11519,RGLB_D,SUM,1988-02-25T00:00Z,1771.0,,0.0,
0-20000-0-11519,RGLB_D,SUM,1988-02-26T00:00Z,1613.0,,0.0,
0-20000-0-11519,RGLB_D,SUM,1988-02-27T00:00Z,907.0,,0.0,
0-20000-0-11519,RGLB_D,SUM,1988-02-28T00:00Z,4352.0,,0.0,
0-20000-0-11519,RGLB_D,SUM,1988-02-29T00:00Z,7834.0,,0.0,
0-20000-0-11519,RGLB_D,SUM,1988-03-01T00:00Z,7052.0,,0.0,
0-20000-0-11519,RGLB_D,SUM,1988-03-02T00:00Z,5602.0,,0.0,
0-20000-0-11519,RGLB_D,SUM,1988-03-03T00:00Z,7639.0,,0.0,
0-20000-0-11519,RGLB_D,SUM,1988-03-04T00:00Z,10084.0,,0.0,
0-20000-0-11519,RGLB_D,SUM,1988-03-05T00:00Z,2765.0,,0.0,
0-20000-0-11519,RGLB_D,SUM,1988-03-06T00:00Z,10433.0,,0.0,
0-20000-0-11519,RGLB_D,SUM,1988-03-07T00:00Z,5922.0,,0.0,
0-20000-0-11519,RGLB_D,SUM,1988-03-08T00:00Z,4324.0,,0.0,
0-20000-0-11519,RGLB_D,SUM,1988-03-09T00:00Z,7751.0,,0.0,
0-20000-0-11519,RGLB_D,SUM,1988-03-10T00:00Z,13108.0,,0.0,
0-20000-0-11519,RGLB_D,SUM,1988-03-11T00:00Z,6574.0,,0.0,
0-20000-0-11519,RGLB_D,SUM,1988-03-12T00:00Z,6901.0,,0.0,
0-20000-0-11519,RGLB_D,SUM,1988-03-13T00:00Z,7088.0,,0.0,
0-20000-0-11519,RGLB_D,SUM,1988-03-14T00:00Z,4939.0,,0.0,
0-20000-0-11519,RGLB_D,SUM,1988-03-15T00:00Z,3301.0,,0.0,
0-20000-0-11519,RGLB_D,SUM,1988-03-16T00:00Z,4090.0,,0.0,
0-20000-0-11519,RGLB_D,SUM,1988-03-17T00:00Z,5746.0,,0.0,
0-20000-0-11519,RGLB_D,SUM,1988-03-18T00:00Z,11930.0,,0.0,
0-20000-0-11519,RGLB_D,SUM,1988-03-19T00:00Z,15836.0,,0.0,
0-20000-0-11519,RGLB_D,SUM,1988-03-20T00:00Z,2005.0,,0.0,
0-20000-0-11519,RGLB_D,SUM,1988-03-21T00:00Z,4741.0,,0.0,
0-20000-0-11519,RGLB_D,SUM,1988-03-22T00:00Z,1832.0,,0.0,
0-20000-0-11519,RGLB_D,SUM,1988-03-23T00:00Z,9299.0,,0.0,
0-20000-0-11519,RGLB_D,SUM,1988-03-24T00:00Z,3010.0,,0.0,
0-20000-0-11519,RGLB_D,SUM,1988-03-25T00:00Z,4270.0,,0.0,
0-20000-0-11519,RGLB_D,SUM,1988-03-26T00:00Z,8003.0,,0.0,
0-20000-0-11519,RGLB_D,SUM,1988-03-27T00:00Z,6743.0,,0.0,
0-20000-0-11519,RGLB_D,SUM,1988-03-28T00:00Z,6851.0,,0.0,
0-20000-0-11519,RGLB_D,SUM,1988-03-29T00:00Z,11221.0,,0.0,
0-20000-0-11519,RGLB_D,SUM,1988-03-30T00:00Z,14551.0,,0.0,
0-20000-0-11519,RGLB_D,SUM,1988-03-31T00:00Z,5882.0,,0.0,
0-20000-0-11519,RGLB_D,SUM,1988-04-01T00:00Z,2491.0,,0.0,
0-20000-0-11519,RGLB_D,SUM,1988-04-02T00:00Z,8489.0,,0.0,
0-20000-0-11519,RGLB_D,SUM,1988-04-03T00:00Z,14072.0,,0.0,
0-20000-0-11519,RGLB_D,SUM,1988-04-04T00:00Z,9860.0,,0.0,
0-20000-0-11519,RGLB_D,SUM,1988-04-05T00:00Z,9382.0,,0.0,
0-20000-0-11519,RGLB_D,SUM,1988-04-06T00:00Z,18670.0,,0.0,
0-20000-0-11519,RGLB_D,SUM,1988-04-07T00:00Z,13234.0,,0.0,
0-20000-0-11519,RGLB_D,SUM,1988-04-08T00:00Z,4741.0,,0.0,
0-20000-0-11519,RGLB_D,SUM,1988-04-09T00:00Z,8986.0,,0.0,
0-20000-0-11519,RGLB_D,SUM,1988-04-10T00:00Z,20621.0,,0.0,
0-20000-0-11519,RGLB_D,SUM,1988-04-11T00:00Z,19616.0,,0.0,
0-20000-0-11519,RGLB_D,SUM,1988-04-12T00:00Z,19811.0,,0.0,
0-20000-0-11519,RGLB_D,SUM,1988-04-13T00:00Z,6469.0,,0.0,
0-20000-0-11519,RGLB_D,SUM,1988-04-14T00:00Z,20808.0,,0.0,
0-20000-0-11519,RGLB_D,SUM,1988-04-15T00:00Z,21042.0,,0.0,
0-20000-0-11519,RGLB_D,SUM,1988-04-16T00:00Z,22068.0,,0.0,
0-20000-0-11519,RGLB_D,SUM,1988-04-17T00:00Z,22608.0,,0.0,
0-20000-0-11519,RGLB_D,SUM,1988-04-18T00:00Z,14717.0,,0.0,
0-20000-0-11519,RGLB_D,SUM,1988-04-19T00:00Z,17744.0,,0.0,
0-20000-0-11519,RGLB_D,SUM,1988-04-20T00:00Z,20459.0,,0.0,
0-20000-0-11519,RGLB_D,SUM,1988-04-21T00:00Z,10685.0,,0.0,
0-20000-0-11519,RGLB_D,SUM,1988-04-22T00:00Z,14328.0,,0.0,
0-20000-0-11519,RGLB_D,SUM,1988-04-23T00:00Z,15793.0,,0.0,
0-20000-0-11519,RGLB_D,SUM,1988-04-24T00:00Z,23807.0,,0.0,
0-20000-0-11519,RGLB_D,SUM,1988-04-25T00:00Z,21006.0,,0.0,
0-20000-0-11519,RGLB_D,SUM,1988-04-26T00:00Z,20898.0,,0.0,
0-20000-0-11519,RGLB_D,SUM,1988-04-27T00:00Z,17636.0,,0.0,
0-20000-0-11519,RGLB_D,SUM,1988-04-28T00:00Z,16474.0,,0.0,
0-20000-0-11519,RGLB_D,SUM,1988-04-29T00:00Z,13007.0,,0.0,
0-20000-0-11519,RGLB_D,SUM,1988-04-30T00:00Z,18511.0,,0.0,
0-20000-0-11519,RGLB_D,SUM,1988-05-01T00:00Z,20959.0,,0.0,
0-20000-0-11519,RGLB_D,SUM,1988-05-02T00:00Z,20239.0,,0.0,
0-20000-0-11519,RGLB_D,SUM,1988-05-03T00:00Z,11138.0,,0.0,
0-20000-0-11519,RGLB_D,SUM,1988-05-04T00:00Z,18432.0,,0.0,
0-20000-0-11519,RGLB_D,SUM,1988-05-05T00:00Z,22324.0,,0.0,
0-20000-0-11519,RGLB_D,SUM,1988-05-06T00:00Z,20952.0,,0.0,
0-20000-0-11519,RGLB_D,SUM,1988-05-07T00:00Z,23083.0,,0.0,
0-20000-0-11519,RGLB_D,SUM,1988-05-08T00:00Z,15664.0,,0.0,
0-20000-0-11519,RGLB_D,SUM,1988-05-09T00:00Z,25178.0,,0.0,
0-20000-0-11519,RGLB_D,SUM,1988-05-10T00:00Z,19357.0,,0.0,
0-20000-0-11519,RGLB_D,SUM,1988-05-11T00:00Z,22961.0,,0.0,
0-20000-0-11519,RGLB_D,SUM,1988-05-12T00:00Z,24876.0,,0.0,
0-20000-0-11519,RGLB_D,SUM,1988-05-13T00:00Z,19591.0,,0.0,
0-20000-0-11519,RGLB_D,SUM,1988-05-14T00:00Z,15293.0,,0.0,
0-20000-0-11519,RGLB_D,SUM,1988-05-15T00:00Z,20873.0,,0.0,
0-20000-0-11519,RGLB_D,SUM,1988-05-16T00:00Z,24822.0,,0.0,
0-20000-0-11519,RGLB_D,SUM,1988-05-17T00:00Z,12881.0,,0.0,
0-20000-0-11519,RGLB_D,SUM,1988-05-18T00:00Z,11509.0,,0.0,
0-20000-0-11519,RGLB_D,SUM,1988-05-19T00:00Z,12089.0,,0.0,
0-20000-0-11519,RGLB_D,SUM,1988-05-20T00:00Z,4561.0,,0.0,
0-20000-0-11519,RGLB_D,SUM,1988-05-21T00:00Z,14371.0,,0.0,
0-20000-0-11519,RGLB_D,SUM,1988-05-22T00:00Z,14281.0,,0.0,
0-20000-0-11519,RGLB_D,SUM,1988-05-23T00:00Z,14832.0,,0.0,
0-20000-0-11519,RGLB_D,SUM,1988-05-24T00:00Z,25963.0,,0.0,
0-20000-0-11519,RGLB_D,SUM,1988-05-25T00:00Z,24779.0,,0.0,
0-20000-0-11519,RGLB_D,SUM,1988-05-26T00:00Z,23015.0,,0.0,
0-20000-0-11519,RGLB_D,SUM,1988-05-27T00:00Z,21150.0,,0.0,
0-20000-0-11519,RGLB_D,SUM,1988-05-28T00:00Z,24156.0,,0.0,
0-20000-0-11519,RGLB_D,SUM,1988-05-29T00:00Z,22392.0,,0.0,
0-20000-0-11519,RGLB_D,SUM,1988-05-30T00:00Z,7700.0,,0.0,
0-20000-0-11519,RGLB_D,SUM,1988-05-31T00:00Z,16715.0,,0.0,
0-20000-0-11519,RGLB_D,SUM,1988-06-01T00:00Z,18713.0,,0.0,
0-20000-0-11519,RGLB_D,SUM,1988-06-02T00:00Z,14699.0,,0.0,
0-20000-0-11519,RGLB_D,SUM,1988-06-03T00:00Z,21049.0,,0.0,
0-20000-0-11519,RGLB_D,SUM,1988-06-04T00:00Z,6530.0,,0.0,
0-20000-0-11519,RGLB_D,SUM,1988-06-05T00:00Z,8647.0,,0.0,
0-20000-0-11519,RGLB_D,SUM,1988-06-06T00:00Z,3488.0,,0.0,
0-20000-0-11519,RGLB_D,SUM,1988-06-07T00:00Z,16758.0,,0.0,
0-20000-0-11519,RGLB_D,SUM,1988-06-08T00:00Z,11797.0,,0.0,
0-20000-0-11519,RGLB_D,SUM,1988-06-09T00:00Z,15502.0,,0.0,
0-20000-0-11519,RGLB_D,SUM,1988-06-10T00:00Z,21121.0,,0.0,
0-20000-0-11519,RGLB_D,SUM,1988-06-11T00:00Z,11398.0,,0.0,
0-20000-0-11519,RGLB_D,SUM,1988-06-12T00:00Z,8230.0,,0.0,
0-20000-0-11519,RGLB_D,SUM,1988-06-13T00:00Z,23512.0,,0.0,
0-20000-0-11519,RGLB_D,SUM,1988-06-14T00:00Z,26298.0,,0.0,
0-20000-0-11519,RGLB_D,SUM,1988-06-15T00:00Z,22064.0,,0.0,
0-20000-0-11519,RGLB_D,SUM,1988-06-16T00:00Z,26197.0,,0.0,
0-20000-0-11519,RGLB_D,SUM,1988-06-17T00:00Z,24278.0,,0.0,
0-20000-0-11519,RGLB_D,SUM,1988-06-18T00:00Z,24628.0,,0.0,
0-20000-0-11519,RGLB_D,SUM,1988-06-19T00:00Z,16106.0,,0.0,
0-20000-0-11519,RGLB_D,SUM,1988-06-20T00:00Z,12305.0,,0.0,
0-20000-0-11519,RGLB_D,SUM,1988-06-21T00:00Z,15404.0,,0.0,
0-20000-0-11519,RGLB_D,SUM,1988-06-22T00:00Z,14922.0,,0.0,
0-20000-0-11519,RGLB_D,SUM,1988-06-23T00:00Z,12406.0,,0.0,
0-20000-0-11519,RGLB_D,SUM,1988-06-24T00:00Z,5026.0,,0.0,
0-20000-0-11519,RGLB_D,SUM,1988-06-25T00:00Z,5702.0,,0.0,
0-20000-0-11519,RGLB_D,SUM,1988-06-26T00:00Z,8230.0,,0.0,
0-20000-0-11519,RGLB_D,SUM,1988-06-27T00:00Z,14998.0,,0.0,
0-20000-0-11519,RGLB_D,SUM,1988-06-28T00:00Z,18889.0,,0.0,
0-20000-0-11519,RGLB_D,SUM,1988-06-29T00:00Z,17118.0,,0.0,
0-20000-0-11519,RGLB_D,SUM,1988-06-30T00:00Z,23130.0,,0.0,
0-20000-0-11519,RGLB_D,SUM,1988-07-01T00:00Z,15113.0,,0.0,
0-20000-0-11519,RGLB_D,SUM,1988-07-02T00:00Z,16592.0,,0.0,
0-20000-0-11519,RGLB_D,SUM,1988-07-03T00:00Z,16970.0,,0.0,
0-20000-0-11519,RGLB_D,SUM,1988-07-04T00:00Z,19256.0,,0.0,
0-20000-0-11519,RGLB_D,SUM,1988-07-05T00:00Z,25081.0,,0.0,
0-20000-0-11519,RGLB_D,SUM,1988-07-06T00:00Z,14926.0,,0.0,
0-20000-0-11519,RGLB_D,SUM,1988-07-07T00:00Z,11304.0,,0.0,
0-20000-0-11519,RGLB_D,SUM,1988-07-08T00:00Z,15707.0,,0.0,
0-20000-0-11519,RGLB_D,SUM,1988-07-09T00:00Z,19141.0,,0.0,
0-20000-0-11519,RGLB_D,SUM,1988-07-10T00:00Z,22576.0,,0.0,
0-20000-0-11519,RGLB_D,SUM,1988-07-11T00:00Z,26471.0,,0.0,
0-20000-0-11519,RGLB_D,SUM,1988-07-12T00:00Z,8208.0,,0.0,
0-20000-0-11519,RGLB_D,SUM,1988-07-13T00:00Z,22504.0,,0.0,
0-20000-0-11519,RGLB_D,SUM,1988-07-14T00:00Z,10386.0,,0.0,
0-20000-0-11519,RGLB_D,SUM,1988-07-15T00:00Z,13108.0,,0.0,
0-20000-0-11519,RGLB_D,SUM,1988-07-16T00:00Z,12064.0,,0.0,
0-20000-0-11519,RGLB_D,SUM,1988-07-17T00:00Z,12427.0,,0.0,
0-20000-0-11519,RGLB_D,SUM,1988-07-18T00:00Z,13144.0,,0.0,
0-20000-0-11519,RGLB_D,SUM,1988-07-19T00:00Z,8698.0,,0.0,
0-20000-0-11519,RGLB_D,SUM,1988-07-20T00:00Z,20819.0,,0.0,
0-20000-0-11519,RGLB_D,SUM,1988-07-21T00:00Z,14702.0,,0.0,
0-20000-0-11519,RGLB_D,SUM,1988-07-22T00:00Z,20023.0,,0.0,
0-20000-0-11519,RGLB_D,SUM,1988-07-23T00:00Z,22925.0,,0.0,
0-20000-0-11519,RGLB_D,SUM,1988-07-24T00:00Z,20300.0,,0.0,
0-20000-0-11519,RGLB_D,SUM,1988-07-25T00:00Z,26057.0,,0.0,
0-20000-0-11519,RGLB_D,SUM,1988-07-26T00:00Z,27086.0,,0.0,
0-20000-0-11519,RGLB_D,SUM,1988-07-27T00:00Z,4291.0,,0.0,
0-20000-0-11519,RGLB_D,SUM,1988-07-28T00:00Z,23933.0,,0.0,
0-20000-0-11519,RGLB_D,SUM,1988-07-29T00:00Z,21859.0,,0.0,
0-20000-0-11519,RGLB_D,SUM,1988-07-30T00:00Z,23324.0,,0.0,
0-20000-0-11519,RGLB_D,SUM,1988-07-31T00:00Z,21827.0,,0.0,
0-20000-0-11519,RGLB_D,SUM,1988-08-01T00:00Z,23926.0,,0.0,
0-20000-0-11519,RGLB_D,SUM,1988-08-02T00:00Z,18288.0,,0.0,
0-20000-0-11519,RGLB_D,SUM,1988-08-03T00:00Z,5335.0,,0.0,
0-20000-0-11519,RGLB_D,SUM,1988-08-04T00:00Z,16920.0,,0.0,
0-20000-0-11519,RGLB_D,SUM,1988-08-05T00:00Z,14706.0,,0.0,
0-20000-0-11519,RGLB_D,SUM,1988-08-06T00:00Z,13136.0,,0.0,
0-20000-0-11519,RGLB_D,SUM,1988-08-07T00:00Z,22892.0,,0.0,
0-20000-0-11519,RGLB_D,SUM,1988-08-08T00:00Z,20135.0,,0.0,
0-20000-0-11519,RGLB_D,SUM,1988-08-09T00:00Z,15707.0,,0.0,
0-20000-0-11519,RGLB_D,SUM,1988-08-10T00:00Z,20333.0,,0.0,
0-20000-0-11519,RGLB_D,SUM,1988-08-11T00:00Z,13835.0,,0.0,
0-20000-0-11519,RGLB_D,SUM,1988-08-12T00:00Z,17593.0,,0.0,
0-20000-0-11519,RGLB_D,SUM,1988-08-13T00:00Z,16722.0,,0.0,
0-20000-0-11519,RGLB_D,SUM,1988-08-14T00:00Z,22658.0,,0.0,
0-20000-0-11519,RGLB_D,SUM,1988-08-15T00:00Z,17276.0,,0.0,
0-20000-0-11519,RGLB_D,SUM,1988-08-16T00:00Z,15865.0,,0.0,
0-20000-0-11519,RGLB_D,SUM,1988-08-17T00:00Z,21085.0,,0.0,
0-20000-0-11519,RGLB_D,SUM,1988-08-18T00:00Z,21265.0,,0.0,
0-20000-0-11519,RGLB_D,SUM,1988-08-19T00:00Z,18691.0,,0.0,
0-20000-0-11519,RGLB_D,SUM,1988-08-20T00:00Z,1670.0,,0.0,
0-20000-0-11519,RGLB_D,SUM,1988-08-21T00:00Z,17899.0,,0.0,
0-20000-0-11519,RGLB_D,SUM,1988-08-22T00:00Z,9112.0,,0.0,
0-20000-0-11519,RGLB_D,SUM,1988-08-23T00:00Z,9115.0,,0.0,
0-20000-0-11519,RGLB_D,SUM,1988-08-24T00:00Z,11761.0,,0.0,
0-20000-0-11519,RGLB_D,SUM,1988-08-25T00:00Z,6606.0,,0.0,
0-20000-0-11519,RGLB_D,SUM,1988-08-26T00:00Z,11405.0,,0.0,
0-20000-0-11519,RGLB_D,SUM,1988-08-27T00:00Z,16880.0,,0.0,
0-20000-0-11519,RGLB_D,SUM,1988-08-28T00:00Z,17906.0,,0.0,
0-20000-0-11519,RGLB_D,SUM,1988-08-29T00:00Z,12024.0,,0.0,
0-20000-0-11519,RGLB_D,SUM,1988-08-30T00:00Z,16492.0,,0.0,
0-20000-0-11519,RGLB_D,SUM,1988-08-31T00:00Z,15980.0,,0.0,
0-20000-0-11519,RGLB_D,SUM,1988-09-01T00:00Z,17957.0,,0.0,
0-20000-0-11519,RGLB_D,SUM,1988-09-02T00:00Z,1429.0,,0.0,
0-20000-0-11519,RGLB_D,SUM,1988-09-03T00:00Z,17230.0,,0.0,
0-20000-0-11519,RGLB_D,SUM,1988-09-04T00:00Z,9090.0,,0.0,
0-20000-0-11519,RGLB_D,SUM,1988-09-05T00:00Z,12593.0,,0.0,
0-20000-0-11519,RGLB_D,SUM,1988-09-06T00:00Z,14688.0,,0.0,
0-20000-0-11519,RGLB_D,SUM,1988-09-07T00:00Z,12906.0,,0.0,
0-20000-0-11519,RGLB_D,SUM,1988-09-08T00:00Z,16740.0,,0.0,
0-20000-0-11519,RGLB_D,SUM,1988-09-09T00:00Z,15700.0,,0.0,
0-20000-0-11519,RGLB_D,SUM,1988-09-10T00:00Z,17338.0,,0.0,
0-20000-0-11519,RGLB_D,SUM,1988-09-11T00:00Z,14360.0,,0.0,
0-20000-0-11519,RGLB_D,SUM,1988-09-12T00:00Z,6714.0,,0.0,
0-20000-0-11519,RGLB_D,SUM,1988-09-13T00:00Z,9709.0,,0.0,
0-20000-0-11519,RGLB_D,SUM,1988-09-14T00:00Z,16895.0,,0.0,
0-20000-0-11519,RGLB_D,SUM,1988-09-15T00:00Z,9857.0,,0.0,
0-20000-0-11519,RGLB_D,SUM,1988-09-16T00:00Z,6700.0,,0.0,
0-20000-0-11519,RGLB_D,SUM,1988-09-17T00:00Z,4511.0,,0.0,
0-20000-0-11519,RGLB_D,SUM,1988-09-18T00:00Z,7960.0,,0.0,
0-20000-0-11519,RGLB_D,SUM,1988-09-19T00:00Z,4705.0,,0.0,
0-20000-0-11519,RGLB_D,SUM,1988-09-20T00:00Z,2707.0,,0.0,
0-20000-0-11519,RGLB_D,SUM,1988-09-21T00:00Z,1966.0,,0.0,
0-20000-0-11519,RGLB_D,SUM,1988-09-22T00:00Z,8006.0,,0.0,
0-20000-0-11519,RGLB_D,SUM,1988-09-23T00:00Z,6451.0,,0.0,
0-20000-0-11519,RGLB_D,SUM,1988-09-24T00:00Z,13259.0,,0.0,
0-20000-0-11519,RGLB_D,SUM,1988-09-25T00:00Z,4615.0,,0.0,
0-20000-0-11519,RGLB_D,SUM,1988-09-26T00:00Z,8723.0,,0.0,
0-20000-0-11519,RGLB_D,SUM,1988-09-27T00:00Z,12132.0,,0.0,
0-20000-0-11519,RGLB_D,SUM,1988-09-28T00:00Z,14839.0,,0.0,
0-20000-0-11519,RGLB_D,SUM,1988-09-29T00:00Z,4165.0,,0.0,
0-20000-0-11519,RGLB_D,SUM,1988-09-30T00:00Z,2246.0,,0.0,
0-20000-0-11519,RGLB_D,SUM,1988-10-01T00:00Z,4338.0,,0.0,
0-20000-0-11519,RGLB_D,SUM,1988-10-02T00:00Z,11898.0,,0.0,
0-20000-0-11519,RGLB_D,SUM,1988-10-03T00:00Z,10415.0,,0.0,
0-20000-0-11519,RGLB_D,SUM,1988-10-04T00:00Z,12769.0,,0.0,
0-20000-0-11519,RGLB_D,SUM,1988-10-05T00:00Z,11704.0,,0.0,
0-20000-0-11519,RGLB_D,SUM,1988-10-06T00:00Z,8262.0,,0.0,
0-20000-0-11519,RGLB_D,SUM,1988-10-07T00:00Z,3060.0,,0.0,
0-20000-0-11519,RGLB_D,SUM,1988-10-08T00:00Z,9454.0,,0.0,
0-20000-0-11519,RGLB_D,SUM,1988-10-09T00:00Z,6091.0,,0.0,
0-20000-0-11519,RGLB_D,SUM,1988-10-10T00:00Z,4147.0,,0.0,
0-20000-0-11519,RGLB_D,SUM,1988-10-11T00:00Z,1728.0,,0.0,
0-20000-0-11519,RGLB_D,SUM,1988-10-12T00:00Z,7247.0,,0.0,
0-20000-0-11519,RGLB_D,SUM,1988-10-13T00:00Z,1552.0,,0.0,
0-20000-0-11519,RGLB_D,SUM,1988-10-14T00:00Z,8759.0,,0.0,
0-20000-0-11519,RGLB_D,SUM,1988-10-15T00:00Z,1670.0,,0.0,
0-20000-0-11519,RGLB_D,SUM,1988-10-16T00:00Z,2495.0,,0.0,
0-20000-0-11519,RGLB_D,SUM,1988-10-17T00:00Z,7736.0,,0.0,
0-20000-0-11519,RGLB_D,SUM,1988-10-18T00:00Z,3589.0,,0.0,
0-20000-0-11519,RGLB_D,SUM,1988-10-19T00:00Z,4277.0,,0.0,
0-20000-0-11519,RGLB_D,SUM,1988-10-20T00:00Z,5245.0,,0.0,
0-20000-0-11519,RGLB_D,SUM,1988-10-21T00:00Z,1364.0,,0.0,
0-20000-0-11519,RGLB_D,SUM,1988-10-22T00:00Z,1663.0,,0.0,
0-20000-0-11519,RGLB_D,SUM,1988-10-23T00:00Z,1937.0,,0.0,
0-20000-0-11519,RGLB_D,SUM,1988-10-24T00:00Z,4792.0,,0.0,
0-20000-0-11519,RGLB_D,SUM,1988-10-25T00:00Z,1192.0,,0.0,
0-20000-0-11519,RGLB_D,SUM,1988-10-26T00:00Z,8950.0,,0.0,
0-20000-0-11519,RGLB_D,SUM,1988-10-27T00:00Z,6286.0,,0.0,
0-20000-0-11519,RGLB_D,SUM,1988-10-28T00:00Z,3326.0,,0.0,
0-20000-0-11519,RGLB_D,SUM,1988-10-29T00:00Z,4824.0,,0.0,
0-20000-0-11519,RGLB_D,SUM,1988-10-30T00:00Z,4298.0,,0.0,
0-20000-0-11519,RGLB_D,SUM,1988-10-31T00:00Z,5774.0,,0.0,
0-20000-0-11519,RGLB_D,SUM,1988-11-01T00:00Z,4280.0,,0.0,
0-20000-0-11519,RGLB_D,SUM,1988-11-02T00:00Z,2016.0,,0.0,
0-20000-0-11519,RGLB_D,SUM,1988-11-03T00:00Z,2675.0,,0.0,
0-20000-0-11519,RGLB_D,SUM,1988-11-04T00:00Z,6926.0,,0.0,
0-20000-0-11519,RGLB_D,SUM,1988-11-05T00:00Z,7384.0,,0.0,
0-20000-0-11519,RGLB_D,SUM,1988-11-06T00:00Z,5206.0,,0.0,
0-20000-0-11519,RGLB_D,SUM,1988-11-07T00:00Z,4007.0,,0.0,
0-20000-0-11519,RGLB_D,SUM,1988-11-08T00:00Z,1231.0,,0.0,
0-20000-0-11519,RGLB_D,SUM,1988-11-09T00:00Z,5378.0,,0.0,
0-20000-0-11519,RGLB_D,SUM,1988-11-10T00:00Z,4691.0,,0.0,
0-20000-0-11519,RGLB_D,SUM,1988-11-11T00:00Z,2941.0,,0.0,
0-20000-0-11519,RGLB_D,SUM,1988-11-12T00:00Z,4406.0,,0.0,
0-20000-0-11519,RGLB_D,SUM,1988-11-13T00:00Z,806.0,,0.0,
0-20000-0-11519,RGLB_D,SUM,1988-11-14T00:00Z,1213.0,,0.0,
0-20000-0-11519,RGLB_D,SUM,1988-11-15T00:00Z,4601.0,,0.0,
0-20000-0-11519,RGLB_D,SUM,1988-11-16T00:00Z,702.0,,0.0,
0-20000-0-11519,RGLB_D,SUM,1988-11-17T00:00Z,5512.0,,0.0,
0-20000-0-11519,RGLB_D,SUM,1988-11-18T00:00Z,875.0,,0.0,
0-20000-0-11519,RGLB_D,SUM,1988-11-19T00:00Z,4014.0,,0.0,
0-20000-0-11519,RGLB_D,SUM,1988-11-20T00:00Z,2012.0,,0.0,
0-20000-0-11519,RGLB_D,SUM,1988-11-21T00:00Z,1721.0,,0.0,
0-20000-0-11519,RGLB_D,SUM,1988-11-22T00:00Z,3730.0,,0.0,
0-20000-0-11519,RGLB_D,SUM,1988-11-23T00:00Z,3013.0,,0.0,
0-20000-0-11519,RGLB_D,SUM,1988-11-24T00:00Z,1361.0,,0.0,
0-20000-0-11519,RGLB_D,SUM,1988-11-25T00:00Z,562.0,,0.0,
0-20000-0-11519,RGLB_D,SUM,1988-11-26T00:00Z,630.0,,0.0,
0-20000-0-11519,RGLB_D,SUM,1988-11-27T00:00Z,2218.0,,0.0,
0-20000-0-11519,RGLB_D,SUM,1988-11-28T00:00Z,2056.0,,0.0,
0-20000-0-11519,RGLB_D,SUM,1988-11-29T00:00Z,2297.0,,0.0,
0-20000-0-11519,RGLB_D,SUM,1988-11-30T00:00Z,972.0,,0.0,
0-20000-0-11519,RGLB_D,SUM,1988-12-01T00:00Z,796.0,,0.0,
0-20000-0-11519,RGLB_D,SUM,1988-12-02T00:00Z,565.0,,0.0,
0-20000-0-11519,RGLB_D,SUM,1988-12-03T00:00Z,371.0,,0.0,
0-20000-0-11519,RGLB_D,SUM,1988-12-04T00:00Z,1649.0,,0.0,
0-20000-0-11519,RGLB_D,SUM,1988-12-05T00:00Z,2225.0,,0.0,
0-20000-0-11519,RGLB_D,SUM,1988-12-06T00:00Z,1829.0,,0.0,
0-20000-0-11519,RGLB_D,SUM,1988-12-07T00:00Z,922.0,,0.0,
0-20000-0-11519,RGLB_D,SUM,1988-12-08T00:00Z,3906.0,,0.0,
0-20000-0-11519,RGLB_D,SUM,1988-12-09T00:00Z,2588.0,,0.0,
0-20000-0-11519,RGLB_D,SUM,1988-12-10T00:00Z,583.0,,0.0,
0-20000-0-11519,RGLB_D,SUM,1988-12-11T00:00Z,1055.0,,0.0,
0-20000-0-11519,RGLB_D,SUM,1988-12-12T00:00Z,1638.0,,0.0,
0-20000-0-11519,RGLB_D,SUM,1988-12-13T00:00Z,1721.0,,0.0,
0-20000-0-11519,RGLB_D,SUM,1988-12-14T00:00Z,1814.0,,0.0,
0-20000-0-11519,RGLB_D,SUM,1988-12-15T00:00Z,2693.0,,0.0,
0-20000-0-11519,RGLB_D,SUM,1988-12-16T00:00Z,882.0,,0.0,
0-20000-0-11519,RGLB_D,SUM,1988-12-17T00:00Z,1008.0,,0.0,
0-20000-0-11519,RGLB_D,SUM,1988-12-18T00:00Z,522.0,,0.0,
0-20000-0-11519,RGLB_D,SUM,1988-12-19T00:00Z,1037.0,,0.0,
0-20000-0-11519,RGLB_D,SUM,1988-12-20T00:00Z,749.0,,0.0,
0-20000-0-11519,RGLB_D,SUM,1988-12-21T00:00Z,1408.0,,0.0,
0-20000-0-11519,RGLB_D,SUM,1988-12-22T00:00Z,601.0,,0.0,
0-20000-0-11519,RGLB_D,SUM,1988-12-23T00:00Z,785.0,,0.0,
0-20000-0-11519,RGLB_D,SUM,1988-12-24T00:00Z,1134.0,,0.0,
0-20000-0-11519,RGLB_D,SUM,1988-12-25T00:00Z,3719.0,,0.0,
0-20000-0-11519,RGLB_D,SUM,1988-12-26T00:00Z,1724.0,,0.0,
0-20000-0-11519,RGLB_D,SUM,1988-12-27T00:00Z,2063.0,,0.0,
0-20000-0-11519,RGLB_D,SUM,1988-12-28T00:00Z,3532.0,,0.0,
0-20000-0-11519,RGLB_D,SUM,1988-12-29T00:00Z,1159.0,,0.0,
0-20000-0-11519,RGLB_D,SUM,1988-12-30T00:00Z,1746.0,,0.0,
0-20000-0-11519,RGLB_D,SUM,1988-12-31T00:00Z,626.0,,0.0,
0-20000-0-11519,RGLB_D,SUM,1989-01-01T00:00Z,2009.0,,0.0,
0-20000-0-11519,RGLB_D,SUM,1989-01-02T00:00Z,3103.0,,0.0,
0-20000-0-11519,RGLB_D,SUM,1989-01-03T00:00Z,2848.0,,0.0,
0-20000-0-11519,RGLB_D,SUM,1989-01-04T00:00Z,3290.0,,0.0,
0-20000-0-11519,RGLB_D,SUM,1989-01-05T00:00Z,670.0,,0.0,
0-20000-0-11519,RGLB_D,SUM,1989-01-06T00:00Z,713.0,,0.0,
0-20000-0-11519,RGLB_D,SUM,1989-01-07T00:00Z,965.0,,0.0,
0-20000-0-11519,RGLB_D,SUM,1989-01-08T00:00Z,580.0,,0.0,
0-20000-0-11519,RGLB_D,SUM,1989-01-09T00:00Z,1116.0,,0.0,
0-20000-0-11519,RGLB_D,SUM,1989-01-10T00:00Z,587.0,,0.0,
0-20000-0-11519,RGLB_D,SUM,1989-01-11T00:00Z,4558.0,,0.0,
0-20000-0-11519,RGLB_D,SUM,1989-01-12T00:00Z,1134.0,,0.0,
0-20000-0-11519,RGLB_D,SUM,1989-01-13T00:00Z,4662.0,,0.0,
0-20000-0-11519,RGLB_D,SUM,1989-01-14T00:00Z,5123.0,,0.0,
0-20000-0-11519,RGLB_D,SUM,1989-01-15T00:00Z,4442.0,,0.0,
0-20000-0-11519,RGLB_D,SUM,1989-01-16T00:00Z,1019.0,,0.0,
0-20000-0-11519,RGLB_D,SUM,1989-01-17T00:00Z,2671.0,,0.0,
0-20000-0-11519,RGLB_D,SUM,1989-01-18T00:00Z,3658.0,,0.0,
0-20000-0-11519,RGLB_D,SUM,1989-01-19T00:00Z,5472.0,,0.0,
0-20000-0-11519,RGLB_D,SUM,1989-01-20T00:00Z,4097.0,,0.0,
0-20000-0-11519,RGLB_D,SUM,1989-01-21T00:00Z,2092.0,,0.0,
0-20000-0-11519,RGLB_D,SUM,1989-01-22T00:00Z,907.0,,0.0,
0-20000-0-11519,RGLB_D,SUM,1989-01-23T00:00Z,3463.0,,0.0,
0-20000-0-11519,RGLB_D,SUM,1989-01-24T00:00Z,871.0,,0.0,
0-20000-0-11519,RGLB_D,SUM,1989-01-25T00:00Z,968.0,,0.0,
0-20000-0-11519,RGLB_D,SUM,1989-01-26T00:00Z,1685.0,,0.0,
0-20000-0-11519,RGLB_D,SUM,1989-01-27T00:00Z,1318.0,,0.0,
0-20000-0-11519,RGLB_D,SUM,1989-01-28T00:00Z,1174.0,,0.0,
0-20000-0-11519,RGLB_D,SUM,1989-01-29T00:00Z,4486.0,,0.0,
0-20000-0-11519,RGLB_D,SUM,1989-01-30T00:00Z,6034.0,,0.0,
0-20000-0-11519,RGLB_D,SUM,1989-01-31T00:00Z,2088.0,,0.0,
0-20000-0-11519,RGLB_D,SUM,1989-02-01T00:00Z,1120.0,,0.0,
0-20000-0-11519,RGLB_D,SUM,1989-02-02T00:00Z,1872.0,,0.0,
0-20000-0-11519,RGLB_D,SUM,1989-02-03T00:00Z,3722.0,,0.0,
0-20000-0-11519,RGLB_D,SUM,1989-02-04T00:00Z,1350.0,,0.0,
0-20000-0-11519,RGLB_D,SUM,1989-02-05T00:00Z,4770.0,,0.0,
0-20000-0-11519,RGLB_D,SUM,1989-02-06T00:00Z,2005.0,,0.0,
0-20000-0-11519,RGLB_D,SUM,1989-02-07T00:00Z,6001.0,,0.0,
0-20000-0-11519,RGLB_D,SUM,1989-02-08T00:00Z,2074.0,,0.0,
0-20000-0-11519,RGLB_D,SUM,1989-02-09T00:00Z,1408.0,,0.0,
0-20000-0-11519,RGLB_D,SUM,1989-02-10T00:00Z,4518.0,,0.0,
0-20000-0-11519,RGLB_D,SUM,1989-02-11T00:00Z,1904.0,,0.0,
0-20000-0-11519,RGLB_D,SUM,1989-02-12T00:00Z,2257.0,,0.0,
0-20000-0-11519,RGLB_D,SUM,1989-02-13T00:00Z,5868.0,,0.0,
0-20000-0-11519,RGLB_D,SUM,1989-02-14T00:00Z,2833.0,,0.0,
0-20000-0-11519,RGLB_D,SUM,1989-02-15T00:00Z,3028.0,,0.0,
0-20000-0-11519,RGLB_D,SUM,1989-02-16T00:00Z,4000.0,,0.0,
0-20000-0-11519,RGLB_D,SUM,1989-02-17T00:00Z,9328.0,,0.0,
0-20000-0-11519,RGLB_D,SUM,1989-02-18T00:00Z,3024.0,,0.0,
0-20000-0-11519,RGLB_D,SUM,1989-02-19T00:00Z,1732.0,,0.0,
0-20000-0-11519,RGLB_D,SUM,1989-02-20T00:00Z,2491.0,,0.0,
0-20000-0-11519,RGLB_D,SUM,1989-02-21T00:00Z,4723.0,,0.0,
0-20000-0-11519,RGLB_D,SUM,1989-02-22T00:00Z,7243.0,,0.0,
0-20000-0-11519,RGLB_D,SUM,1989-02-23T00:00Z,6185.0,,0.0,
0-20000-0-11519,RGLB_D,SUM,1989-02-24T00:00Z,4403.0,,0.0,
0-20000-0-11519,RGLB_D,SUM,1989-02-25T00:00Z,7193.0,,0.0,
0-20000-0-11519,RGLB_D,SUM,1989-02-26T00:00Z,5454.0,,0.0,
0-20000-0-11519,RGLB_D,SUM,1989-02-27T00:00Z,6293.0,,0.0,
0-20000-0-11519,RGLB_D,SUM,1989-02-28T00:00Z,5818.0,,0.0,
0-20000-0-11519,RGLB_D,SUM,1989-03-01T00:00Z,7884.0,,0.0,
0-20000-0-11519,RGLB_D,SUM,1989-03-02T00:00Z,5342.0,,0.0,
0-20000-0-11519,RGLB_D,SUM,1989-03-03T00:00Z,3092.0,,0.0,
0-20000-0-11519,RGLB_D,SUM,1989-03-04T00:00Z,3251.0,,0.0,
0-20000-0-11519,RGLB_D,SUM,1989-03-05T00:00Z,8946.0,,0.0,
0-20000-0-11519,RGLB_D,SUM,1989-03-06T00:00Z,11848.0,,0.0,
0-20000-0-11519,RGLB_D,SUM,1989-03-07T00:00Z,13007.0,,0.0,
0-20000-0-11519,RGLB_D,SUM,1989-03-08T00:00Z,2718.0,,0.0,
0-20000-0-11519,RGLB_D,SUM,1989-03-09T00:00Z,2981.0,,0.0,
0-20000-0-11519,RGLB_D,SUM,1989-03-10T00:00Z,6901.0,,0.0,
0-20000-0-11519,RGLB_D,SUM,1989-03-11T00:00Z,9472.0,,0.0,
0-20000-0-11519,RGLB_D,SUM,1989-03-12T00:00Z,1609.0,,0.0,
0-20000-0-11519,RGLB_D,SUM,1989-03-13T00:00Z,8759.0,,0.0,
0-20000-0-11519,RGLB_D,SUM,1989-03-14T00:00Z,11549.0,,0.0,
0-20000-0-11519,RGLB_D,SUM,1989-03-15T00:00Z,5472.0,,0.0,
0-20000-0-11519,RGLB_D,SUM,1989-03-16T00:00Z,4774.0,,0.0,
0-20000-0-11519,RGLB_D,SUM,1989-03-17T00:00Z,9655.0,,0.0,
0-20000-0-11519,RGLB_D,SUM,1989-03-18T00:00Z,6494.0,,0.0,
0-20000-0-11519,RGLB_D,SUM,1989-03-19T00:00Z,15224.0,,0.0,
0-20000-0-11519,RGLB_D,SUM,1989-03-20T00:00Z,14605.0,,0.0,
0-20000-0-11519,RGLB_D,SUM,1989-03-21T00:00Z,5231.0,,0.0,
0-20000-0-11519,RGLB_D,SUM,1989-03-22T00:00Z,8683.0,,0.0,
0-20000-0-11519,RGLB_D,SUM,1989-03-23T00:00Z,5108.0,,0.0,
0-20000-0-11519,RGLB_D,SUM,1989-03-24T00:00Z,8402.0,,0.0,
0-20000-0-11519,RGLB_D,SUM,1989-03-25T00:00Z,6739.0,,0.0,
0-20000-0-11519,RGLB_D,SUM,1989-03-26T00:00Z,16762.0,,0.0,
0-20000-0-11519,RGLB_D,SUM,1989-03-27T00:00Z,17809.0,,0.0,
0-20000-0-11519,RGLB_D,SUM,1989-03-28T00:00Z,17132.0,,0.0,
0-20000-0-11519,RGLB_D,SUM,1989-03-29T00:00Z,6383.0,,0.0,
0-20000-0-11519,RGLB_D,SUM,1989-03-30T00:00Z,13230.0,,0.0,
0-20000-0-11519,RGLB_D,SUM,1989-03-31T00:00Z,12949.0,,0.0,
0-20000-0-11519,RGLB_D,SUM,1989-04-01T00:00Z,4090.0,,0.0,
0-20000-0-11519,RGLB_D,SUM,1989-04-02T00:00Z,8813.0,,0.0,
0-20000-0-11519,RGLB_D,SUM,1989-04-03T00:00Z,8050.0,,0.0,
0-20000-0-11519,RGLB_D,SUM,1989-04-04T00:00Z,2664.0,,0.0,
0-20000-0-11519,RGLB_D,SUM,1989-04-05T00:00Z,8867.0,,0.0,
0-20000-0-11519,RGLB_D,SUM,1989-04-06T00:00Z,12766.0,,0.0,
0-20000-0-11519,RGLB_D,SUM,1989-04-07T00:00Z,17593.0,,0.0,
0-20000-0-11519,RGLB_D,SUM,1989-04-08T00:00Z,15304.0,,0.0,
0-20000-0-11519,RGLB_D,SUM,1989-04-09T00:00Z,9284.0,,0.0,
0-20000-0-11519,RGLB_D,SUM,1989-04-10T00:00Z,8417.0,,0.0,
0-20000-0-11519,RGLB_D,SUM,1989-04-11T00:00Z,17255.0,,0.0,
0-20000-0-11519,RGLB_D,SUM,1989-04-12T00:00Z,18335.0,,0.0,
0-20000-0-11519,RGLB_D,SUM,1989-04-13T00:00Z,19771.0,,0.0,
0-20000-0-11519,RGLB_D,SUM,1989-04-14T00:00Z,13349.0,,0.0,
0-20000-0-11519,RGLB_D,SUM,1989-04-15T00:00Z,4198.0,,0.0,
0-20000-0-11519,RGLB_D,SUM,1989-04-16T00:00Z,12917.0,,0.0,
0-20000-0-11519,RGLB_D,SUM,1989-04-17T00:00Z,1202.0,,0.0,
0-20000-0-11519,RGLB_D,SUM,1989-04-18T00:00Z,15048.0,,0.0,
0-20000-0-11519,RGLB_D,SUM,1989-04-19T00:00Z,11570.0,,0.0,
0-20000-0-11519,RGLB_D,SUM,1989-04-20T00:00Z,10739.0,,0.0,
0-20000-0-11519,RGLB_D,SUM,1989-04-21T00:00Z,18407.0,,0.0,
0-20000-0-11519,RGLB_D,SUM,1989-04-22T00:00Z,5526.0,,0.0,
0-20000-0-11519,RGLB_D,SUM,1989-04-23T00:00Z,12542.0,,0.0,
0-20000-0-11519,RGLB_D,SUM,1989-04-24T00:00Z,24008.0,,0.0,
0-20000-0-11519,RGLB_D,SUM,1989-04-25T00:00Z,15131.0,,0.0,
0-20000-0-11519,RGLB_D,SUM,1989-04-26T00:00Z,17312.0,,0.0,
0-20000-0-11519,RGLB_D,SUM,1989-04-27T00:00Z,1447.0,,0.0,
0-20000-0-11519,RGLB_D,SUM,1989-04-28T00:00Z,2120.0,,0.0,
0-20000-0-11519,RGLB_D,SUM,1989-04-29T00:00Z,3762.0,,0.0,
0-20000-0-11519,RGLB_D,SUM,1989-04-30T00:00Z,6818.0,,0.0,
0-20000-0-11519,RGLB_D,SUM,1989-05-01T00:00Z,14443.0,,0.0,
0-20000-0-11519,RGLB_D,SUM,1989-05-02T00:00Z,24869.0,,0.0,
0-20000-0-11519,RGLB_D,SUM,1989-05-03T00:00Z,10159.0,,0.0,
0-20000-0-11519,RGLB_D,SUM,1989-05-04T00:00Z,12697.0,,0.0,
0-20000-0-11519,RGLB_D,SUM,1989-05-05T00:00Z,20635.0,,0.0,
0-20000-0-11519,RGLB_D,SUM,1989-05-06T00:00Z,13014.0,,0.0,
0-20000-0-11519,RGLB_D,SUM,1989-05-07T00:00Z,15426.0,,0.0,
0-20000-0-11519,RGLB_D,SUM,1989-05-08T00:00Z,11596.0,,0.0,
0-20000-0-11519,RGLB_D,SUM,1989-05-09T00:00Z,24433.0,,0.0,
0-20000-0-11519,RGLB_D,SUM,1989-05-10T00:00Z,6530.0,,0.0,
0-20000-0-11519,RGLB_D,SUM,1989-05-11T00:00Z,9108.0,,0.0,
0-20000-0-11519,RGLB_D,SUM,1989-05-12T00:00Z,15908.0,,0.0,
0-20000-0-11519,RGLB_D,SUM,1989-05-13T00:00Z,11354.0,,0.0,
0-20000-0-11519,RGLB_D,SUM,1989-05-14T00:00Z,10944.0,,0.0,
0-20000-0-11519,RGLB_D,SUM,1989-05-15T00:00Z,24588.0,,0.0,
0-20000-0-11519,RGLB_D,SUM,1989-05-16T00:00Z,27558.0,,0.0,
0-20000-0-11519,RGLB_D,SUM,1989-05-17T00:00Z,25736.0,,0.0,
0-20000-0-11519,RGLB_D,SUM,1989-05-18T00:00Z,25488.0,,0.0,
0-20000-0-11519,RGLB_D,SUM,1989-05-19T00:00Z,24811.0,,0.0,
0-20000-0-11519,RGLB_D,SUM,1989-05-20T00:00Z,19033.0,,0.0,
0-20000-0-11519,RGLB_D,SUM,1989-05-21T00:00Z,20232.0,,0.0,
0-20000-0-11519,RGLB_D,SUM,1989-05-22T00:00Z,28494.0,,0.0,
0-20000-0-11519,RGLB_D,SUM,1989-05-23T00:00Z,27961.0,,0.0,
0-20000-0-11519,RGLB_D,SUM,1989-05-24T00:00Z,27058.0,,0.0,
0-20000-0-11519,RGLB_D,SUM,1989-05-25T00:00Z,27626.0,,0.0,
0-20000-0-11519,RGLB_D,SUM,1989-05-26T00:00Z,25582.0,,0.0,
0-20000-0-11519,RGLB_D,SUM,1989-05-27T00:00Z,26100.0,,0.0,
0-20000-0-11519,RGLB_D,SUM,1989-05-28T00:00Z,20182.0,,0.0,
0-20000-0-11519,RGLB_D,SUM,1989-05-29T00:00Z,18130.0,,0.0,
0-20000-0-11519,RGLB_D,SUM,1989-05-30T00:00Z,15246.0,,0.0,
0-20000-0-11519,RGLB_D,SUM,1989-05-31T00:00Z,17136.0,,0.0,
0-20000-0-11519,RGLB_D,SUM,1989-06-01T00:00Z,18205.0,,0.0,
0-20000-0-11519,RGLB_D,SUM,1989-06-02T00:00Z,4720.0,,0.0,
0-20000-0-11519,RGLB_D,SUM,1989-06-03T00:00Z,13864.0,,0.0,
0-20000-0-11519,RGLB_D,SUM,1989-06-04T00:00Z,11941.0,,0.0,
0-20000-0-11519,RGLB_D,SUM,1989-06-05T00:00Z,18684.0,,0.0,
0-20000-0-11519,RGLB_D,SUM,1989-06-06T00:00Z,16531.0,,0.0,
0-20000-0-11519,RGLB_D,SUM,1989-06-07T00:00Z,22234.0,,0.0,
0-20000-0-11519,RGLB_D,SUM,1989-06-08T00:00Z,21834.0,,0.0,
0-20000-0-11519,RGLB_D,SUM,1989-06-09T00:00Z,23969.0,,0.0,
0-20000-0-11519,RGLB_D,SUM,1989-06-10T00:00Z,24106.0,,0.0,
0-20000-0-11519,RGLB_D,SUM,1989-06-11T00:00Z,13716.0,,0.0,
0-20000-0-11519,RGLB_D,SUM,1989-06-12T00:00Z,28544.0,,0.0,
0-20000-0-11519,RGLB_D,SUM,1989-06-13T00:00Z,17032.0,,0.0,
0-20000-0-11519,RGLB_D,SUM,1989-06-14T00:00Z,27500.0,,0.0,
0-20000-0-11519,RGLB_D,SUM,1989-06-15T00:00Z,25272.0,,0.0,
0-20000-0-11519,RGLB_D,SUM,1989-06-16T00:00Z,12985.0,,0.0,
0-20000-0-11519,RGLB_D,SUM,1989-06-17T00:00Z,5026.0,,0.0,
0-20000-0-11519,RGLB_D,SUM,1989-06-18T00:00Z,8888.0,,0.0,
0-20000-0-11519,RGLB_D,SUM,1989-06-19T00:00Z,29812.0,,0.0,
0-20000-0-11519,RGLB_D,SUM,1989-06-20T00:00Z,18616.0,,0.0,
0-20000-0-11519,RGLB_D,SUM,1989-06-21T00:00Z,25607.0,,0.0,
0-20000-0-11519,RGLB_D,SUM,1989-06-22T00:00Z,21204.0,,0.0,
0-20000-0-11519,RGLB_D,SUM,1989-06-23T00:00Z,18418.0,,0.0,
0-20000-0-11519,RGLB_D,SUM,1989-06-24T00:00Z,7024.0,,0.0,
0-20000-0-11519,RGLB_D,SUM,1989-06-25T00:00Z,22136.0,,0.0,
0-20000-0-11519,RGLB_D,SUM,1989-06-26T00:00Z,23245.0,,0.0,
0-20000-0-11519,RGLB_D,SUM,1989-06-27T00:00Z,18842.0,,0.0,
0-20000-0-11519,RGLB_D,SUM,1989-06-28T00:00Z,9792.0,,0.0,
0-20000-0-11519,RGLB_D,SUM,1989-06-29T00:00Z,23594.0,,0.0,
0-20000-0-11519,RGLB_D,SUM,1989-06-30T00:00Z,9594.0,,0.0,
0-20000-0-11519,RGLB_D,SUM,1989-07-01T00:00Z,16315.0,,0.0,
0-20000-0-11519,RGLB_D,SUM,1989-07-02T00:00Z,9749.0,,0.0,
0-20000-0-11519,RGLB_D,SUM,1989-07-03T00:00Z,9659.0,,0.0,
0-20000-0-11519,RGLB_D,SUM,1989-07-04T00:00Z,23569.0,,0.0,
0-20000-0-11519,RGLB_D,SUM,1989-07-05T00:00Z,23897.0,,0.0,
0-20000-0-11519,RGLB_D,SUM,1989-07-06T00:00Z,27907.0,,0.0,
0-20000-0-11519,RGLB_D,SUM,1989-07-07T00:00Z,27058.0,,0.0,
0-20000-0-11519,RGLB_D,SUM,1989-07-08T00:00Z,21935.0,,0.0,
0-20000-0-11519,RGLB_D,SUM,1989-07-09T00:00Z,17975.0,,0.0,
0-20000-0-11519,RGLB_D,SUM,1989-07-10T00:00Z,19058.0,,0.0,
0-20000-0-11519,RGLB_D,SUM,1989-07-11T00:00Z,4511.0,,0.0,
0-20000-0-11519,RGLB_D,SUM,1989-07-12T00:00Z,9227.0,,0.0,
0-20000-0-11519,RGLB_D,SUM,1989-07-13T00:00Z,13514.0,,0.0,
0-20000-0-11519,RGLB_D,SUM,1989-07-14T00:00Z,17276.0,,0.0,
0-20000-0-11519,RGLB_D,SUM,1989-07-15T00:00Z,17305.0,,0.0,
0-20000-0-11519,RGLB_D,SUM,1989-07-16T00:00Z,20380.0,,0.0,
0-20000-0-11519,RGLB_D,SUM,1989-07-17T00:00Z,15678.0,,0.0,
0-20000-0-11519,RGLB_D,SUM,1989-07-18T00:00Z,14825.0,,0.0,
0-20000-0-11519,RGLB_D,SUM,1989-07-19T00:00Z,21892.0,,0.0,
0-20000-0-11519,RGLB_D,SUM,1989-07-20T00:00Z,20707.0,,0.0,
0-20000-0-11519,RGLB_D,SUM,1989-07-21T00:00Z,23422.0,,0.0,
0-20000-0-11519,RGLB_D,SUM,1989-07-22T00:00Z,24415.0,,0.0,
0-20000-0-11519,RGLB_D,SUM,1989-07-23T00:00Z,21215.0,,0.0,
0-20000-0-11519,RGLB_D,SUM,1989-07-24T00:00Z,14281.0,,0.0,
0-20000-0-11519,RGLB_D,SUM,1989-07-25T00:00Z,11041.0,,0.0,
0-20000-0-11519,RGLB_D,SUM,1989-07-26T00:00Z,12629.0,,0.0,
0-20000-0-11519,RGLB_D,SUM,1989-07-27T00:00Z,12121.0,,0.0,
0-20000-0-11519,RGLB_D,SUM,1989-07-28T00:00Z,14285.0,,0.0,
0-20000-0-11519,RGLB_D,SUM,1989-07-29T00:00Z,22169.0,,0.0,
0-20000-0-11519,RGLB_D,SUM,1989-07-30T00:00Z,19422.0,,0.0,
0-20000-0-11519,RGLB_D,SUM,1989-07-31T00:00Z,11473.0,,0.0,
0-20000-0-11519,RGLB_D,SUM,1989-08-01T00:00Z,8831.0,,0.0,
0-20000-0-11519,RGLB_D,SUM,1989-08-02T00:00Z,13392.0,,0.0,
0-20000-0-11519,RGLB_D,SUM,1989-08-03T00:00Z,4280.0,,0.0,
0-20000-0-11519,RGLB_D,SUM,1989-08-04T00:00Z,12726.0,,0.0,
0-20000-0-11519,RGLB_D,SUM,1989-08-05T00:00Z,22630.0,,0.0,
0-20000-0-11519,RGLB_D,SUM,1989-08-06T00:00Z,23350.0,,0.0,
0-20000-0-11519,RGLB_D,SUM,1989-08-07T00:00Z,15077.0,,0.0,
0-20000-0-11519,RGLB_D,SUM,1989-08-08T00:00Z,10724.0,,0.0,
0-20000-0-11519,RGLB_D,SUM,1989-08-09T00:00Z,12564.0,,0.0,
0-20000-0-11519,RGLB_D,SUM,1989-08-10T00:00Z,21042.0,,0.0,
0-20000-0-11519,RGLB_D,SUM,1989-08-11T00:00Z,20340.0,,0.0,
0-20000-0-11519,RGLB_D,SUM,1989-08-12T00:00Z,13115.0,,0.0,
0-20000-0-11519,RGLB_D,SUM,1989-08-13T00:00Z,19310.0,,0.0,
0-20000-0-11519,RGLB_D,SUM,1989-08-14T00:00Z,21478.0,,0.0,
0-20000-0-11519,RGLB_D,SUM,1989-08-15T00:00Z,21143.0,,0.0,
0-20000-0-11519,RGLB_D,SUM,1989-08-16T00:00Z,21056.0,,0.0,
0-20000-0-11519,RGLB_D,SUM,1989-08-17T00:00Z,14587.0,,0.0,
0-20000-0-11519,RGLB_D,SUM,1989-08-18T00:00Z,12290.0,,0.0,
0-20000-0-11519,RGLB_D,SUM,1989-08-19T00:00Z,18558.0,,0.0,
0-20000-0-11519,RGLB_D,SUM,1989-08-20T00:00Z,19361.0,,0.0,
0-20000-0-11519,RGLB_D,SUM,1989-08-21T00:00Z,19768.0,,0.0,
0-20000-0-11519,RGLB_D,SUM,1989-08-22T00:00Z,15973.0,,0.0,
0-20000-0-11519,RGLB_D,SUM,1989-08-23T00:00Z,10397.0,,0.0,
0-20000-0-11519,RGLB_D,SUM,1989-08-24T00:00Z,18860.0,,0.0,
0-20000-0-11519,RGLB_D,SUM,1989-08-25T00:00Z,9472.0,,0.0,
0-20000-0-11519,RGLB_D,SUM,1989-08-26T00:00Z,13122.0,,0.0,
0-20000-0-11519,RGLB_D,SUM,1989-08-27T00:00Z,11120.0,,0.0,
0-20000-0-11519,RGLB_D,SUM,1989-08-28T00:00Z,4241.0,,0.0,
0-20000-0-11519,RGLB_D,SUM,1989-08-29T00:00Z,2664.0,,0.0,
0-20000-0-11519,RGLB_D,SUM,1989-08-30T00:00Z,12434.0,,0.0,
0-20000-0-11519,RGLB_D,SUM,1989-08-31T00:00Z,18515.0,,0.0,
0-20000-0-11519,RGLB_D,SUM,1989-09-01T00:00Z,19177.0,,0.0,
0-20000-0-11519,RGLB_D,SUM,1989-09-02T00:00Z,9655.0,,0.0,
0-20000-0-11519,RGLB_D,SUM,1989-09-03T00:00Z,5569.0,,0.0,
0-20000-0-11519,RGLB_D,SUM,1989-09-04T00:00Z,2588.0,,0.0,
0-20000-0-11519,RGLB_D,SUM,1989-09-05T00:00Z,6509.0,,0.0,
0-20000-0-11519,RGLB_D,SUM,1989-09-06T00:00Z,13453.0,,0.0,
0-20000-0-11519,RGLB_D,SUM,1989-09-07T00:00Z,13126.0,,0.0,
0-20000-0-11519,RGLB_D,SUM,1989-09-08T00:00Z,15962.0,,0.0,
0-20000-0-11519,RGLB_D,SUM,1989-09-09T00:00Z,14735.0,,0.0,
0-20000-0-11519,RGLB_D,SUM,1989-09-10T00:00Z,13986.0,,0.0,
0-20000-0-11519,RGLB_D,SUM,1989-09-11T00:00Z,14152.0,,0.0,
0-20000-0-11519,RGLB_D,SUM,1989-09-12T00:00Z,11394.0,,0.0,
0-20000-0-11519,RGLB_D,SUM,1989-09-13T00:00Z,15275.0,,0.0,
0-20000-0-11519,RGLB_D,SUM,1989-09-14T00:00Z,7556.0,,0.0,
0-20000-0-11519,RGLB_D,SUM,1989-09-15T00:00Z,5051.0,,0.0,
0-20000-0-11519,RGLB_D,SUM,1989-09-16T00:00Z,8183.0,,0.0,
0-20000-0-11519,RGLB_D,SUM,1989-09-17T00:00Z,14605.0,,0.0,
0-20000-0-11519,RGLB_D,SUM,1989-09-18T00:00Z,15984.0,,0.0,
0-20000-0-11519,RGLB_D,SUM,1989-09-19T00:00Z,8701.0,,0.0,
0-20000-0-11519,RGLB_D,SUM,1989-09-20T00:00Z,5702.0,,0.0,
0-20000-0-11519,RGLB_D,SUM,1989-09-21T00:00Z,13788.0,,0.0,
0-20000-0-11519,RGLB_D,SUM,1989-09-22T00:00Z,14119.0,,0.0,
0-20000-0-11519,RGLB_D,SUM,1989-09-23T00:00Z,13676.0,,0.0,
0-20000-0-11519,RGLB_D,SUM,1989-09-24T00:00Z,7452.0,,0.0,
0-20000-0-11519,RGLB_D,SUM,1989-09-25T00:00Z,4820.0,,0.0,
0-20000-0-11519,RGLB_D,SUM,1989-09-26T00:00Z,3812.0,,0.0,
0-20000-0-11519,RGLB_D,SUM,1989-09-27T00:00Z,2516.0,,0.0,
0-20000-0-11519,RGLB_D,SUM,1989-09-28T00:00Z,4122.0,,0.0,
0-20000-0-11519,RGLB_D,SUM,1989-09-29T00:00Z,5306.0,,0.0,
0-20000-0-11519,RGLB_D,SUM,1989-09-30T00:00Z,3168.0,,0.0,
0-20000-0-11519,RGLB_D,SUM,1989-10-01T00:00Z,10566.0,,0.0,
0-20000-0-11519,RGLB_D,SUM,1989-10-02T00:00Z,2862.0,,0.0,
0-20000-0-11519,RGLB_D,SUM,1989-10-03T00:00Z,13381.0,,0.0,
0-20000-0-11519,RGLB_D,SUM,1989-10-04T00:00Z,11981.0,,0.0,
0-20000-0-11519,RGLB_D,SUM,1989-10-05T00:00Z,11588.0,,0.0,
0-20000-0-11519,RGLB_D,SUM,1989-10-06T00:00Z,10768.0,,0.0,
0-20000-0-11519,RGLB_D,SUM,1989-10-07T00:00Z,1951.0,,0.0,
0-20000-0-11519,RGLB_D,SUM,1989-10-08T00:00Z,2711.0,,0.0,
0-20000-0-11519,RGLB_D,SUM,1989-10-09T00:00Z,6322.0,,0.0,
0-20000-0-11519,RGLB_D,SUM,1989-10-10T00:00Z,3229.0,,0.0,
0-20000-0-11519,RGLB_D,SUM,1989-10-11T00:00Z,3078.0,,0.0,
0-20000-0-11519,RGLB_D,SUM,1989-10-12T00:00Z,5846.0,,0.0,
0-20000-0-11519,RGLB_D,SUM,1989-10-13T00:00Z,10062.0,,0.0,
0-20000-0-11519,RGLB_D,SUM,1989-10-14T00:00Z,6599.0,,0.0,
0-20000-0-11519,RGLB_D,SUM,1989-10-15T00:00Z,7589.0,,0.0,
0-20000-0-11519,RGLB_D,SUM,1989-10-16T00:00Z,10267.0,,0.0,
0-20000-0-11519,RGLB_D,SUM,1989-10-17T00:00Z,10080.0,,0.0,
0-20000-0-11519,RGLB_D,SUM,1989-10-18T00:00Z,9227.0,,0.0,
0-20000-0-11519,RGLB_D,SUM,1989-10-19T00:00Z,6988.0,,0.0,
0-20000-0-11519,RGLB_D,SUM,1989-10-20T00:00Z,3604.0,,0.0,
0-20000-0-11519,RGLB_D,SUM,1989-10-21T00:00Z,6376.0,,0.0,
0-20000-0-11519,RGLB_D,SUM,1989-10-22T00:00Z,9900.0,,0.0,
0-20000-0-11519,RGLB_D,SUM,1989-10-23T00:00Z,8510.0,,0.0,
0-20000-0-11519,RGLB_D,SUM,1989-10-24T00:00Z,8132.0,,0.0,
0-20000-0-11519,RGLB_D,SUM,1989-10-25T00:00Z,8140.0,,0.0,
0-20000-0-11519,RGLB_D,SUM,1989-10-26T00:00Z,7546.0,,0.0,
0-20000-0-11519,RGLB_D,SUM,1989-10-27T00:00Z,7470.0,,0.0,
0-20000-0-11519,RGLB_D,SUM,1989-10-28T00:00Z,7052.0,,0.0,
0-20000-0-11519,RGLB_D,SUM,1989-10-29T00:00Z,2520.0,,0.0,
0-20000-0-11519,RGLB_D,SUM,1989-10-30T00:00Z,2945.0,,0.0,
0-20000-0-11519,RGLB_D,SUM,1989-10-31T00:00Z,3316.0,,0.0,
0-20000-0-11519,RGLB_D,SUM,1989-11-01T00:00Z,4054.0,,0.0,
0-20000-0-11519,RGLB_D,SUM,1989-11-02T00:00Z,6685.0,,0.0,
0-20000-0-11519,RGLB_D,SUM,1989-11-03T00:00Z,5519.0,,0.0,
0-20000-0-11519,RGLB_D,SUM,1989-11-04T00:00Z,770.0,,0.0,
0-20000-0-11519,RGLB_D,SUM,1989-11-05T00:00Z,3600.0,,0.0,
0-20000-0-11519,RGLB_D,SUM,1989-11-06T00:00Z,738.0,,0.0,
0-20000-0-11519,RGLB_D,SUM,1989-11-07T00:00Z,652.0,,0.0,
0-20000-0-11519,RGLB_D,SUM,1989-11-08T00:00Z,4777.0,,0.0,
0-20000-0-11519,RGLB_D,SUM,1989-11-09T00:00Z,3082.0,,0.0,
0-20000-0-11519,RGLB_D,SUM,1989-11-10T00:00Z,4385.0,,0.0,
0-20000-0-11519,RGLB_D,SUM,1989-11-11T00:00Z,2322.0,,0.0,
0-20000-0-11519,RGLB_D,SUM,1989-11-12T00:00Z,1213.0,,0.0,
0-20000-0-11519,RGLB_D,SUM,1989-11-13T00:00Z,1843.0,,0.0,
0-20000-0-11519,RGLB_D,SUM,1989-11-14T00:00Z,4003.0,,0.0,
0-20000-0-11519,RGLB_D,SUM,1989-11-15T00:00Z,954.0,,0.0,
0-20000-0-11519,RGLB_D,SUM,1989-11-16T00:00Z,3190.0,,0.0,
0-20000-0-11519,RGLB_D,SUM,1989-11-17T00:00Z,6289.0,,0.0,
0-20000-0-11519,RGLB_D,SUM,1989-11-18T00:00Z,5720.0,,0.0,
0-20000-0-11519,RGLB_D,SUM,1989-11-19T00:00Z,5040.0,,0.0,
0-20000-0-11519,RGLB_D,SUM,1989-11-20T00:00Z,1919.0,,0.0,
0-20000-0-11519,RGLB_D,SUM,1989-11-21T00:00Z,965.0,,0.0,
0-20000-0-11519,RGLB_D,SUM,1989-11-22T00:00Z,540.0,,0.0,
0-20000-0-11519,RGLB_D,SUM,1989-11-23T00:00Z,5123.0,,0.0,
0-20000-0-11519,RGLB_D,SUM,1989-11-24T00:00Z,2174.0,,0.0,
0-20000-0-11519,RGLB_D,SUM,1989-11-25T00:00Z,3128.0,,0.0,
0-20000-0-11519,RGLB_D,SUM,1989-11-26T00:00Z,965.0,,0.0,
0-20000-0-11519,RGLB_D,SUM,1989-11-27T00:00Z,1494.0,,0.0,
0-20000-0-11519,RGLB_D,SUM,1989-11-28T00:00Z,1408.0,,0.0,
0-20000-0-11519,RGLB_D,SUM,1989-11-29T00:00Z,4889.0,,0.0,
0-20000-0-11519,RGLB_D,SUM,1989-11-30T00:00Z,2988.0,,0.0,
0-20000-0-11519,RGLB_D,SUM,1989-12-01T00:00Z,2437.0,,0.0,
0-20000-0-11519,RGLB_D,SUM,1989-12-02T00:00Z,2635.0,,0.0,
0-20000-0-11519,RGLB_D,SUM,1989-12-03T00:00Z,2758.0,,0.0,
0-20000-0-11519,RGLB_D,SUM,1989-12-04T00:00Z,2434.0,,0.0,
0-20000-0-11519,RGLB_D,SUM,1989-12-05T00:00Z,1084.0,,0.0,
0-20000-0-11519,RGLB_D,SUM,1989-12-06T00:00Z,1109.0,,0.0,
0-20000-0-11519,RGLB_D,SUM,1989-12-07T00:00Z,3398.0,,0.0,
0-20000-0-11519,RGLB_D,SUM,1989-12-08T00:00Z,4136.0,,0.0,
0-20000-0-11519,RGLB_D,SUM,1989-12-09T00:00Z,504.0,,0.0,
0-20000-0-11519,RGLB_D,SUM,1989-12-10T00:00Z,4774.0,,0.0,
0-20000-0-11519,RGLB_D,SUM,1989-12-11T00:00Z,3287.0,,0.0,
0-20000-0-11519,RGLB_D,SUM,1989-12-12T00:00Z,2333.0,,0.0,
0-20000-0-11519,RGLB_D,SUM,1989-12-13T00:00Z,2426.0,,0.0,
0-20000-0-11519,RGLB_D,SUM,1989-12-14T00:00Z,1652.0,,0.0,
0-20000-0-11519,RGLB_D,SUM,1989-12-15T00:00Z,734.0,,0.0,
0-20000-0-11519,RGLB_D,SUM,1989-12-16T00:00Z,2369.0,,0.0,
0-20000-0-11519,RGLB_D,SUM,1989-12-17T00:00Z,486.0,,0.0,
0-20000-0-11519,RGLB_D,SUM,1989-12-18T00:00Z,3359.0,,0.0,
0-20000-0-11519,RGLB_D,SUM,1989-12-19T00:00Z,511.0,,0.0,
0-20000-0-11519,RGLB_D,SUM,1989-12-20T00:00Z,576.0,,0.0,
0-20000-0-11519,RGLB_D,SUM,1989-12-21T00:00Z,1022.0,,0.0,
0-20000-0-11519,RGLB_D,SUM,1989-12-22T00:00Z,2430.0,,0.0,
0-20000-0-11519,RGLB_D,SUM,1989-12-23T00:00Z,2538.0,,0.0,
0-20000-0-11519,RGLB_D,SUM,1989-12-24T00:00Z,1753.0,,0.0,
0-20000-0-11519,RGLB_D,SUM,1989-12-25T00:00Z,1217.0,,0.0,
0-20000-0-11519,RGLB_D,SUM,1989-12-26T00:00Z,1519.0,,0.0,
0-20000-0-11519,RGLB_D,SUM,1989-12-27T00:00Z,3355.0,,0.0,
0-20000-0-11519,RGLB_D,SUM,1989-12-28T00:00Z,1026.0,,0.0,
0-20000-0-11519,RGLB_D,SUM,1989-12-29T00:00Z,1098.0,,0.0,
0-20000-0-11519,RGLB_D,SUM,1989-12-30T00:00Z,814.0,,0.0,
0-20000-0-11519,RGLB_D,SUM,1989-12-31T00:00Z,616.0,,0.0,
0-20000-0-11519,RGLB_D,SUM,1990-01-01T00:00Z,544.0,,0.0,
0-20000-0-11519,RGLB_D,SUM,1990-01-02T00:00Z,572.0,,0.0,
0-20000-0-11519,RGLB_D,SUM,1990-01-03T00:00Z,947.0,,0.0,
0-20000-0-11519,RGLB_D,SUM,1990-01-04T00:00Z,3532.0,,0.0,
0-20000-0-11519,RGLB_D,SUM,1990-01-05T00:00Z,486.0,,0.0,
0-20000-0-11519,RGLB_D,SUM,1990-01-06T00:00Z,1523.0,,0.0,
0-20000-0-11519,RGLB_D,SUM,1990-01-07T00:00Z,1357.0,,0.0,
0-20000-0-11519,RGLB_D,SUM,1990-01-08T00:00Z,3838.0,,0.0,
0-20000-0-11519,RGLB_D,SUM,1990-01-09T00:00Z,1559.0,,0.0,
0-20000-0-11519,RGLB_D,SUM,1990-01-10T00:00Z,4205.0,,0.0,
0-20000-0-11519,RGLB_D,SUM,1990-01-11T00:00Z,3373.0,,0.0,
0-20000-0-11519,RGLB_D,SUM,1990-01-12T00:00Z,1109.0,,0.0,
0-20000-0-11519,RGLB_D,SUM,1990-01-13T00:00Z,4997.0,,0.0,
0-20000-0-11519,RGLB_D,SUM,1990-01-14T00:00Z,860.0,,0.0,
0-20000-0-11519,RGLB_D,SUM,1990-01-15T00:00Z,4280.0,,0.0,
0-20000-0-11519,RGLB_D,SUM,1990-01-16T00:00Z,4259.0,,0.0,
0-20000-0-11519,RGLB_D,SUM,1990-01-17T00:00Z,626.0,,0.0,
0-20000-0-11519,RGLB_D,SUM,1990-01-18T00:00Z,4928.0,,0.0,
0-20000-0-11519,RGLB_D,SUM,1990-01-19T00:00Z,3856.0,,0.0,
0-20000-0-11519,RGLB_D,SUM,1990-01-20T00:00Z,1660.0,,0.0,
0-20000-0-11519,RGLB_D,SUM,1990-01-21T00:00Z,1685.0,,0.0,
0-20000-0-11519,RGLB_D,SUM,1990-01-22T00:00Z,4806.0,,0.0,
0-20000-0-11519,RGLB_D,SUM,1990-01-23T00:00Z,3924.0,,0.0,
0-20000-0-11519,RGLB_D,SUM,1990-01-24T00:00Z,3719.0,,0.0,
0-20000-0-11519,RGLB_D,SUM,1990-01-25T00:00Z,2056.0,,0.0,
0-20000-0-11519,RGLB_D,SUM,1990-01-26T00:00Z,5011.0,,0.0,
0-20000-0-11519,RGLB_D,SUM,1990-01-27T00:00Z,4918.0,,0.0,
0-20000-0-11519,RGLB_D,SUM,1990-01-28T00:00Z,2578.0,,0.0,
0-20000-0-11519,RGLB_D,SUM,1990-01-29T00:00Z,5839.0,,0.0,
0-20000-0-11519,RGLB_D,SUM,1990-01-30T00:00Z,2239.0,,0.0,
0-20000-0-11519,RGLB_D,SUM,1990-01-31T00:00Z,5141.0,,0.0,
0-20000-0-11519,RGLB_D,SUM,1990-02-01T00:00Z,1937.0,,0.0,
0-20000-0-11519,RGLB_D,SUM,1990-02-02T00:00Z,1980.0,,0.0,
0-20000-0-11519,RGLB_D,SUM,1990-02-03T00:00Z,6264.0,,0.0,
0-20000-0-11519,RGLB_D,SUM,1990-02-04T00:00Z,7672.0,,0.0,
0-20000-0-11519,RGLB_D,SUM,1990-02-05T00:00Z,7535.0,,0.0,
0-20000-0-11519,RGLB_D,SUM,1990-02-06T00:00Z,6444.0,,0.0,
0-20000-0-11519,RGLB_D,SUM,1990-02-07T00:00Z,6869.0,,0.0,
0-20000-0-11519,RGLB_D,SUM,1990-02-08T00:00Z,2243.0,,0.0,
0-20000-0-11519,RGLB_D,SUM,1990-02-09T00:00Z,2646.0,,0.0,
0-20000-0-11519,RGLB_D,SUM,1990-02-10T00:00Z,8435.0,,0.0,
0-20000-0-11519,RGLB_D,SUM,1990-02-11T00:00Z,2088.0,,0.0,
0-20000-0-11519,RGLB_D,SUM,1990-02-12T00:00Z,3650.0,,0.0,
0-20000-0-11519,RGLB_D,SUM,1990-02-13T00:00Z,5263.0,,0.0,
0-20000-0-11519,RGLB_D,SUM,1990-02-14T00:00Z,6052.0,,0.0,
0-20000-0-11519,RGLB_D,SUM,1990-02-15T00:00Z,3820.0,,0.0,
0-20000-0-11519,RGLB_D,SUM,1990-02-16T00:00Z,6275.0,,0.0,
0-20000-0-11519,RGLB_D,SUM,1990-02-17T00:00Z,9986.0,,0.0,
0-20000-0-11519,RGLB_D,SUM,1990-02-18T00:00Z,6156.0,,0.0,
0-20000-0-11519,RGLB_D,SUM,1990-02-19T00:00Z,8273.0,,0.0,
0-20000-0-11519,RGLB_D,SUM,1990-02-20T00:00Z,9986.0,,0.0,
0-20000-0-11519,RGLB_D,SUM,1990-02-21T00:00Z,9324.0,,0.0,
0-20000-0-11519,RGLB_D,SUM,1990-02-22T00:00Z,9306.0,,0.0,
0-20000-0-11519,RGLB_D,SUM,1990-02-23T00:00Z,9878.0,,0.0,
0-20000-0-11519,RGLB_D,SUM,1990-02-24T00:00Z,9756.0,,0.0,
0-20000-0-11519,RGLB_D,SUM,1990-02-25T00:00Z,9565.0,,0.0,
0-20000-0-11519,RGLB_D,SUM,1990-02-26T00:00Z,5522.0,,0.0,
0-20000-0-11519,RGLB_D,SUM,1990-02-27T00:00Z,1642.0,,0.0,
0-20000-0-11519,RGLB_D,SUM,1990-02-28T00:00Z,7567.0,,0.0,
0-20000-0-11519,RGLB_D,SUM,1990-03-01T00:00Z,6786.0,,0.0,
0-20000-0-11519,RGLB_D,SUM,1990-03-02T00:00Z,7340.0,,0.0,
0-20000-0-11519,RGLB_D,SUM,1990-03-03T00:00Z,5458.0,,0.0,
0-20000-0-11519,RGLB_D,SUM,1990-03-04T00:00Z,4637.0,,0.0,
0-20000-0-11519,RGLB_D,SUM,1990-03-05T00:00Z,6685.0,,0.0,
0-20000-0-11519,RGLB_D,SUM,1990-03-06T00:00Z,6466.0,,0.0,
0-20000-0-11519,RGLB_D,SUM,1990-03-07T00:00Z,6026.0,,0.0,
0-20000-0-11519,RGLB_D,SUM,1990-03-08T00:00Z,11758.0,,0.0,
0-20000-0-11519,RGLB_D,SUM,1990-03-09T00:00Z,9097.0,,0.0,
0-20000-0-11519,RGLB_D,SUM,1990-03-10T00:00Z,3737.0,,0.0,
0-20000-0-11519,RGLB_D,SUM,1990-03-11T00:00Z,12467.0,,0.0,
0-20000-0-11519,RGLB_D,SUM,1990-03-12T00:00Z,10451.0,,0.0,
0-20000-0-11519,RGLB_D,SUM,1990-03-13T00:00Z,12197.0,,0.0,
0-20000-0-11519,RGLB_D,SUM,1990-03-14T00:00Z,10051.0,,0.0,
0-20000-0-11519,RGLB_D,SUM,1990-03-15T00:00Z,11264.0,,0.0,
0-20000-0-11519,RGLB_D,SUM,1990-03-16T00:00Z,13982.0,,0.0,
0-20000-0-11519,RGLB_D,SUM,1990-03-17T00:00Z,15268.0,,0.0,
0-20000-0-11519,RGLB_D,SUM,1990-03-18T00:00Z,15275.0,,0.0,
0-20000-0-11519,RGLB_D,SUM,1990-03-19T00:00Z,14486.0,,0.0,
0-20000-0-11519,RGLB_D,SUM,1990-03-20T00:00Z,6858.0,,0.0,
0-20000-0-11519,RGLB_D,SUM,1990-03-21T00:00Z,12280.0,,0.0,
0-20000-0-11519,RGLB_D,SUM,1990-03-22T00:00Z,10598.0,,0.0,
0-20000-0-11519,RGLB_D,SUM,1990-03-23T00:00Z,10048.0,,0.0,
0-20000-0-11519,RGLB_D,SUM,1990-03-24T00:00Z,16873.0,,0.0,
0-20000-0-11519,RGLB_D,SUM,1990-03-25T00:00Z,6142.0,,0.0,
0-20000-0-11519,RGLB_D,SUM,1990-03-26T00:00Z,7193.0,,0.0,
0-20000-0-11519,RGLB_D,SUM,1990-03-27T00:00Z,12121.0,,0.0,
0-20000-0-11519,RGLB_D,SUM,1990-03-28T00:00Z,3967.0,,0.0,
0-20000-0-11519,RGLB_D,SUM,1990-03-29T00:00Z,3265.0,,0.0,
0-20000-0-11519,RGLB_D,SUM,1990-03-30T00:00Z,11376.0,,0.0,
0-20000-0-11519,RGLB_D,SUM,1990-03-31T00:00Z,13712.0,,0.0,
0-20000-0-11519,RGLB_D,SUM,1990-04-01T00:00Z,18151.0,,0.0,
0-20000-0-11519,RGLB_D,SUM,1990-04-02T00:00Z,17572.0,,0.0,
0-20000-0-11519,RGLB_D,SUM,1990-04-03T00:00Z,13928.0,,0.0,
0-20000-0-11519,RGLB_D,SUM,1990-04-04T00:00Z,10933.0,,0.0,
0-20000-0-11519,RGLB_D,SUM,1990-04-05T00:00Z,9263.0,,0.0,
0-20000-0-11519,RGLB_D,SUM,1990-04-06T00:00Z,4554.0,,0.0,
0-20000-0-11519,RGLB_D,SUM,1990-04-07T00:00Z,2110.0,,0.0,
0-20000-0-11519,RGLB_D,SUM,1990-04-08T00:00Z,13889.0,,0.0,
0-20000-0-11519,RGLB_D,SUM,1990-04-09T00:00Z,20156.0,,0.0,
0-20000-0-11519,RGLB_D,SUM,1990-04-10T00:00Z,19393.0,,0.0,
0-20000-0-11519,RGLB_D,SUM,1990-04-11T00:00Z,4403.0,,0.0,
0-20000-0-11519,RGLB_D,SUM,1990-04-12T00:00Z,10490.0,,0.0,
0-20000-0-11519,RGLB_D,SUM,1990-04-13T00:00Z,16913.0,,0.0,
0-20000-0-11519,RGLB_D,SUM,1990-04-14T00:00Z,20434.0,,0.0,
0-20000-0-11519,RGLB_D,SUM,1990-04-15T00:00Z,12496.0,,0.0,
0-20000-0-11519,RGLB_D,SUM,1990-04-16T00:00Z,17143.0,,0.0,
0-20000-0-11519,RGLB_D,SUM,1990-04-17T00:00Z,15275.0,,0.0,
0-20000-0-11519,RGLB_D,SUM,1990-04-18T00:00Z,16837.0,,0.0,
0-20000-0-11519,RGLB_D,SUM,1990-04-19T00:00Z,13331.0,,0.0,
0-20000-0-11519,RGLB_D,SUM,1990-04-20T00:00Z,17006.0,,0.0,
0-20000-0-11519,RGLB_D,SUM,1990-04-21T00:00Z,8298.0,,0.0,
0-20000-0-11519,RGLB_D,SUM,1990-04-22T00:00Z,12827.0,,0.0,
0-20000-0-11519,RGLB_D,SUM,1990-04-23T00:00Z,3024.0,,0.0,
0-20000-0-11519,RGLB_D,SUM,1990-04-24T00:00Z,4244.0,,0.0,
0-20000-0-11519,RGLB_D,SUM,1990-04-25T00:00Z,7243.0,,0.0,
0-20000-0-11519,RGLB_D,SUM,1990-04-26T00:00Z,12305.0,,0.0,
0-20000-0-11519,RGLB_D,SUM,1990-04-27T00:00Z,6365.0,,0.0,
0-20000-0-11519,RGLB_D,SUM,1990-04-28T00:00Z,14944.0,,0.0,
0-20000-0-11519,RGLB_D,SUM,1990-04-29T00:00Z,21593.0,,0.0,
0-20000-0-11519,RGLB_D,SUM,1990-04-30T00:00Z,12719.0,,0.0,
0-20000-0-11519,RGLB_D,SUM,1990-05-01T00:00Z,19868.0,,0.0,
0-20000-0-11519,RGLB_D,SUM,1990-05-02T00:00Z,25160.0,,0.0,
0-20000-0-11519,RGLB_D,SUM,1990-05-03T00:00Z,25416.0,,0.0,
0-20000-0-11519,RGLB_D,SUM,1990-05-04T00:00Z,22943.0,,0.0,
0-20000-0-11519,RGLB_D,SUM,1990-05-05T00:00Z,22082.0,,0.0,
0-20000-0-11519,RGLB_D,SUM,1990-05-06T00:00Z,23735.0,,0.0,
0-20000-0-11519,RGLB_D,SUM,1990-05-07T00:00Z,24343.0,,0.0,
0-20000-0-11519,RGLB_D,SUM,1990-05-08T00:00Z,17881.0,,0.0,
0-20000-0-11519,RGLB_D,SUM,1990-05-09T00:00Z,13176.0,,0.0,
0-20000-0-11519,RGLB_D,SUM,1990-05-10T00:00Z,17402.0,,0.0,
0-20000-0-11519,RGLB_D,SUM,1990-05-11T00:00Z,17590.0,,0.0,
0-20000-0-11519,RGLB_D,SUM,1990-05-12T00:00Z,20185.0,,0.0,
0-20000-0-11519,RGLB_D,SUM,1990-05-13T00:00Z,24703.0,,0.0,
0-20000-0-11519,RGLB_D,SUM,1990-05-14T00:00Z,18652.0,,0.0,
0-20000-0-11519,RGLB_D,SUM,1990-05-15T00:00Z,23263.0,,0.0,
0-20000-0-11519,RGLB_D,SUM,1990-05-16T00:00Z,18745.0,,0.0,
0-20000-0-11519,RGLB_D,SUM,1990-05-17T00:00Z,16013.0,,0.0,
0-20000-0-11519,RGLB_D,SUM,1990-05-18T00:00Z,13831.0,,0.0,
0-20000-0-11519,RGLB_D,SUM,1990-05-19T00:00Z,22500.0,,0.0,
0-20000-0-11519,RGLB_D,SUM,1990-05-20T00:00Z,23324.0,,0.0,
0-20000-0-11519,RGLB_D,SUM,1990-05-21T00:00Z,23429.0,,0.0,
0-20000-0-11519,RGLB_D,SUM,1990-05-22T00:00Z,12409.0,,0.0,
0-20000-0-11519,RGLB_D,SUM,1990-05-23T00:00Z,17942.0,,0.0,
0-20000-0-11519,RGLB_D,SUM,1990-05-24T00:00Z,18144.0,,0.0,
0-20000-0-11519,RGLB_D,SUM,1990-05-25T00:00Z,8662.0,,0.0,
0-20000-0-11519,RGLB_D,SUM,1990-05-26T00:00Z,26348.0,,0.0,
0-20000-0-11519,RGLB_D,SUM,1990-05-27T00:00Z,24455.0,,0.0,
0-20000-0-11519,RGLB_D,SUM,1990-05-28T00:00Z,17672.0,,0.0,
0-20000-0-11519,RGLB_D,SUM,1990-05-29T00:00Z,21971.0,,0.0,
0-20000-0-11519,RGLB_D,SUM,1990-05-30T00:00Z,22586.0,,0.0,
0-20000-0-11519,RGLB_D,SUM,1990-05-31T00:00Z,20772.0,,0.0,
0-20000-0-11519,RGLB_D,SUM,1990-06-01T00:00Z,18338.0,,0.0,
0-20000-0-11519,RGLB_D,SUM,1990-06-02T00:00Z,18781.0,,0.0,
0-20000-0-11519,RGLB_D,SUM,1990-06-03T00:00Z,14044.0,,0.0,
0-20000-0-11519,RGLB_D,SUM,1990-06-04T00:00Z,18436.0,,0.0,
0-20000-0-11519,RGLB_D,SUM,1990-06-05T00:00Z,23260.0,,0.0,
0-20000-0-11519,RGLB_D,SUM,1990-06-06T00:00Z,11905.0,,0.0,
0-20000-0-11519,RGLB_D,SUM,1990-06-07T00:00Z,14288.0,,0.0,
0-20000-0-11519,RGLB_D,SUM,1990-06-08T00:00Z,12848.0,,0.0,
0-20000-0-11519,RGLB_D,SUM,1990-06-09T00:00Z,15437.0,,0.0,
0-20000-0-11519,RGLB_D,SUM,1990-06-10T00:00Z,12672.0,,0.0,
0-20000-0-11519,RGLB_D,SUM,1990-06-11T00:00Z,9590.0,,0.0,
0-20000-0-11519,RGLB_D,SUM,1990-06-12T00:00Z,23281.0,,0.0,
0-20000-0-11519,RGLB_D,SUM,1990-06-13T00:00Z,22133.0,,0.0,
0-20000-0-11519,RGLB_D,SUM,1990-06-14T00:00Z,12406.0,,0.0,
0-20000-0-11519,RGLB_D,SUM,1990-06-15T00:00Z,5828.0,,0.0,
0-20000-0-11519,RGLB_D,SUM,1990-06-16T00:00Z,19105.0,,0.0,
0-20000-0-11519,RGLB_D,SUM,1990-06-17T00:00Z,21071.0,,0.0,
0-20000-0-11519,RGLB_D,SUM,1990-06-18T00:00Z,20048.0,,0.0,
0-20000-0-11519,RGLB_D,SUM,1990-06-19T00:00Z,19714.0,,0.0,
0-20000-0-11519,RGLB_D,SUM,1990-06-20T00:00Z,25934.0,,0.0,
0-20000-0-11519,RGLB_D,SUM,1990-06-21T00:00Z,8582.0,,0.0,
0-20000-0-11519,RGLB_D,SUM,1990-06-22T00:00Z,14868.0,,0.0,
0-20000-0-11519,RGLB_D,SUM,1990-06-23T00:00Z,10217.0,,0.0,
0-20000-0-11519,RGLB_D,SUM,1990-06-24T00:00Z,25366.0,,0.0,
0-20000-0-11519,RGLB_D,SUM,1990-06-25T00:00Z,14407.0,,0.0,
0-20000-0-11519,RGLB_D,SUM,1990-06-26T00:00Z,19325.0,,0.0,
0-20000-0-11519,RGLB_D,SUM,1990-06-27T00:00Z,27508.0,,0.0,
0-20000-0-11519,RGLB_D,SUM,1990-06-28T00:00Z,13295.0,,0.0,
0-20000-0-11519,RGLB_D,SUM,1990-06-29T00:00Z,24584.0,,0.0,
0-20000-0-11519,RGLB_D,SUM,1990-06-30T00:00Z,27677.0,,0.0,
0-20000-0-11519,RGLB_D,SUM,1990-07-01T00:00Z,15163.0,,0.0,
0-20000-0-11519,RGLB_D,SUM,1990-07-02T00:00Z,19022.0,,0.0,
0-20000-0-11519,RGLB_D,SUM,1990-07-03T00:00Z,20318.0,,0.0,
0-20000-0-11519,RGLB_D,SUM,1990-07-04T00:00Z,7826.0,,0.0,
0-20000-0-11519,RGLB_D,SUM,1990-07-05T00:00Z,15188.0,,0.0,
0-20000-0-11519,RGLB_D,SUM,1990-07-06T00:00Z,18115.0,,0.0,
0-20000-0-11519,RGLB_D,SUM,1990-07-07T00:00Z,15624.0,,0.0,
0-20000-0-11519,RGLB_D,SUM,1990-07-08T00:00Z,7693.0,,0.0,
0-20000-0-11519,RGLB_D,SUM,1990-07-09T00:00Z,6462.0,,0.0,
0-20000-0-11519,RGLB_D,SUM,1990-07-10T00:00Z,12600.0,,0.0,
0-20000-0-11519,RGLB_D,SUM,1990-07-11T00:00Z,18875.0,,0.0,
0-20000-0-11519,RGLB_D,SUM,1990-07-12T00:00Z,27090.0,,0.0,
0-20000-0-11519,RGLB_D,SUM,1990-07-13T00:00Z,21539.0,,0.0,
0-20000-0-11519,RGLB_D,SUM,1990-07-14T00:00Z,24692.0,,0.0,
0-20000-0-11519,RGLB_D,SUM,1990-07-15T00:00Z,25837.0,,0.0,
0-20000-0-11519,RGLB_D,SUM,1990-07-16T00:00Z,25078.0,,0.0,
0-20000-0-11519,RGLB_D,SUM,1990-07-17T00:00Z,21128.0,,0.0,
0-20000-0-11519,RGLB_D,SUM,1990-07-18T00:00Z,8395.0,,0.0,
0-20000-0-11519,RGLB_D,SUM,1990-07-19T00:00Z,7546.0,,0.0,
0-20000-0-11519,RGLB_D,SUM,1990-07-20T00:00Z,26683.0,,0.0,
0-20000-0-11519,RGLB_D,SUM,1990-07-21T00:00Z,22316.0,,0.0,
0-20000-0-11519,RGLB_D,SUM,1990-07-22T00:00Z,28368.0,,0.0,
0-20000-0-11519,RGLB_D,SUM,1990-07-23T00:00Z,27104.0,,0.0,
0-20000-0-11519,RGLB_D,SUM,1990-07-24T00:00Z,24541.0,,0.0,
0-20000-0-11519,RGLB_D,SUM,1990-07-25T00:00Z,14393.0,,0.0,
0-20000-0-11519,RGLB_D,SUM,1990-07-26T00:00Z,14393.0,,0.0,
0-20000-0-11519,RGLB_D,SUM,1990-07-27T00:00Z,22824.0,,0.0,
0-20000-0-11519,RGLB_D,SUM,1990-07-28T00:00Z,24775.0,,0.0,
0-20000-0-11519,RGLB_D,SUM,1990-07-29T00:00Z,23594.0,,0.0,
0-20000-0-11519,RGLB_D,SUM,1990-07-30T00:00Z,19102.0,,0.0,
0-20000-0-11519,RGLB_D,SUM,1990-07-31T00:00Z,17989.0,,0.0,
0-20000-0-11519,RGLB_D,SUM,1990-08-01T00:00Z,22543.0,,0.0,
0-20000-0-11519,RGLB_D,SUM,1990-08-02T00:00Z,25157.0,,0.0,
0-20000-0-11519,RGLB_D,SUM,1990-08-03T00:00Z,24484.0,,0.0,
0-20000-0-11519,RGLB_D,SUM,1990-08-04T00:00Z,24347.0,,0.0,
0-20000-0-11519,RGLB_D,SUM,1990-08-05T00:00Z,23976.0,,0.0,
0-20000-0-11519,RGLB_D,SUM,1990-08-06T00:00Z,4950.0,,0.0,
0-20000-0-11519,RGLB_D,SUM,1990-08-07T00:00Z,10933.0,,0.0,
0-20000-0-11519,RGLB_D,SUM,1990-08-08T00:00Z,19530.0,,0.0,
0-20000-0-11519,RGLB_D,SUM,1990-08-09T00:00Z,16538.0,,0.0,
0-20000-0-11519,RGLB_D,SUM,1990-08-10T00:00Z,14371.0,,0.0,
0-20000-0-11519,RGLB_D,SUM,1990-08-11T00:00Z,19091.0,,0.0,
0-20000-0-11519,RGLB_D,SUM,1990-08-12T00:00Z,22306.0,,0.0,
0-20000-0-11519,RGLB_D,SUM,1990-08-13T00:00Z,16643.0,,0.0,
0-20000-0-11519,RGLB_D,SUM,1990-08-14T00:00Z,18544.0,,0.0,
0-20000-0-11519,RGLB_D,SUM,1990-08-15T00:00Z,10184.0,,0.0,
0-20000-0-11519,RGLB_D,SUM,1990-08-16T00:00Z,17921.0,,0.0,
0-20000-0-11519,RGLB_D,SUM,1990-08-17T00:00Z,6174.0,,0.0,
0-20000-0-11519,RGLB_D,SUM,1990-08-18T00:00Z,20174.0,,0.0,
0-20000-0-11519,RGLB_D,SUM,1990-08-19T00:00Z,9140.0,,0.0,
0-20000-0-11519,RGLB_D,SUM,1990-08-20T00:00Z,12362.0,,0.0,
0-20000-0-11519,RGLB_D,SUM,1990-08-21T00:00Z,5537.0,,0.0,
0-20000-0-11519,RGLB_D,SUM,1990-08-22T00:00Z,5404.0,,0.0,
0-20000-0-11519,RGLB_D,SUM,1990-08-23T00:00Z,6840.0,,0.0,
0-20000-0-11519,RGLB_D,SUM,1990-08-24T00:00Z,20920.0,,0.0,
0-20000-0-11519,RGLB_D,SUM,1990-08-25T00:00Z,19278.0,,0.0,
0-20000-0-11519,RGLB_D,SUM,1990-08-26T00:00Z,16582.0,,0.0,
0-20000-0-11519,RGLB_D,SUM,1990-08-27T00:00Z,18108.0,,0.0,
0-20000-0-11519,RGLB_D,SUM,1990-08-28T00:00Z,17881.0,,0.0,
0-20000-0-11519,RGLB_D,SUM,1990-08-29T00:00Z,18464.0,,0.0,
0-20000-0-11519,RGLB_D,SUM,1990-08-30T00:00Z,16456.0,,0.0,
0-20000-0-11519,RGLB_D,SUM,1990-08-31T00:00Z,16888.0,,0.0,
0-20000-0-11519,RGLB_D,SUM,1990-09-01T00:00Z,12035.0,,0.0,
0-20000-0-11519,RGLB_D,SUM,1990-09-02T00:00Z,5033.0,,0.0,
0-20000-0-11519,RGLB_D,SUM,1990-09-03T00:00Z,8438.0,,0.0,
0-20000-0-11519,RGLB_D,SUM,1990-09-04T00:00Z,4968.0,,0.0,
0-20000-0-11519,RGLB_D,SUM,1990-09-05T00:00Z,9655.0,,0.0,
0-20000-0-11519,RGLB_D,SUM,1990-09-06T00:00Z,13442.0,,0.0,
0-20000-0-11519,RGLB_D,SUM,1990-09-07T00:00Z,7466.0,,0.0,
0-20000-0-11519,RGLB_D,SUM,1990-09-08T00:00Z,7186.0,,0.0,
0-20000-0-11519,RGLB_D,SUM,1990-09-09T00:00Z,7603.0,,0.0,
0-20000-0-11519,RGLB_D,SUM,1990-09-10T00:00Z,3974.0,,0.0,
0-20000-0-11519,RGLB_D,SUM,1990-09-11T00:00Z,7196.0,,0.0,
0-20000-0-11519,RGLB_D,SUM,1990-09-12T00:00Z,10159.0,,0.0,
0-20000-0-11519,RGLB_D,SUM,1990-09-13T00:00Z,6930.0,,0.0,
0-20000-0-11519,RGLB_D,SUM,1990-09-14T00:00Z,6980.0,,0.0,
0-20000-0-11519,RGLB_D,SUM,1990-09-15T00:00Z,12398.0,,0.0,
0-20000-0-11519,RGLB_D,SUM,1990-09-16T00:00Z,11268.0,,0.0,
0-20000-0-11519,RGLB_D,SUM,1990-09-17T00:00Z,17226.0,,0.0,
0-20000-0-11519,RGLB_D,SUM,1990-09-18T00:00Z,10685.0,,0.0,
0-20000-0-11519,RGLB_D,SUM,1990-09-19T00:00Z,4129.0,,0.0,
0-20000-0-11519,RGLB_D,SUM,1990-09-20T00:00Z,12460.0,,0.0,
0-20000-0-11519,RGLB_D,SUM,1990-09-21T00:00Z,4410.0,,0.0,
0-20000-0-11519,RGLB_D,SUM,1990-09-22T00:00Z,5054.0,,0.0,
0-20000-0-11519,RGLB_D,SUM,1990-09-23T00:00Z,10404.0,,0.0,
0-20000-0-11519,RGLB_D,SUM,1990-09-24T00:00Z,5227.0,,0.0,
0-20000-0-11519,RGLB_D,SUM,1990-09-25T00:00Z,6797.0,,0.0,
0-20000-0-11519,RGLB_D,SUM,1990-09-26T00:00Z,7646.0,,0.0,
0-20000-0-11519,RGLB_D,SUM,1990-09-27T00:00Z,8165.0,,0.0,
0-20000-0-11519,RGLB_D,SUM,1990-09-28T00:00Z,13025.0,,0.0,
0-20000-0-11519,RGLB_D,SUM,1990-09-29T00:00Z,12960.0,,0.0,
0-20000-0-11519,RGLB_D,SUM,1990-09-30T00:00Z,9983.0,,0.0,
0-20000-0-11519,RGLB_D,SUM,1990-10-01T00:00Z,4655.0,,0.0,
0-20000-0-11519,RGLB_D,SUM,1990-10-02T00:00Z,11149.0,,0.0,
0-20000-0-11519,RGLB_D,SUM,1990-10-03T00:00Z,13306.0,,0.0,
0-20000-0-11519,RGLB_D,SUM,1990-10-04T00:00Z,1534.0,,0.0,
0-20000-0-11519,RGLB_D,SUM,1990-10-05T00:00Z,10904.0,,0.0,
0-20000-0-11519,RGLB_D,SUM,1990-10-06T00:00Z,8190.0,,0.0,
0-20000-0-11519,RGLB_D,SUM,1990-10-07T00:00Z,7618.0,,0.0,
0-20000-0-11519,RGLB_D,SUM,1990-10-08T00:00Z,5299.0,,0.0,
0-20000-0-11519,RGLB_D,SUM,1990-10-09T00:00Z,10498.0,,0.0,
0-20000-0-11519,RGLB_D,SUM,1990-10-10T00:00Z,11869.0,,0.0,
0-20000-0-11519,RGLB_D,SUM,1990-10-11T00:00Z,11509.0,,0.0,
0-20000-0-11519,RGLB_D,SUM,1990-10-12T00:00Z,10915.0,,0.0,
0-20000-0-11519,RGLB_D,SUM,1990-10-13T00:00Z,9086.0,,0.0,
0-20000-0-11519,RGLB_D,SUM,1990-10-14T00:00Z,8910.0,,0.0,
0-20000-0-11519,RGLB_D,SUM,1990-10-15T00:00Z,9763.0,,0.0,
0-20000-0-11519,RGLB_D,SUM,1990-10-16T00:00Z,9295.0,,0.0,
0-20000-0-11519,RGLB_D,SUM,1990-10-17T00:00Z,9140.0,,0.0,
0-20000-0-11519,RGLB_D,SUM,1990-10-18T00:00Z,6444.0,,0.0,
0-20000-0-11519,RGLB_D,SUM,1990-10-19T00:00Z,2369.0,,0.0,
0-20000-0-11519,RGLB_D,SUM,1990-10-20T00:00Z,2808.0,,0.0,
0-20000-0-11519,RGLB_D,SUM,1990-10-21T00:00Z,5803.0,,0.0,
0-20000-0-11519,RGLB_D,SUM,1990-10-22T00:00Z,10379.0,,0.0,
0-20000-0-11519,RGLB_D,SUM,1990-10-23T00:00Z,9785.0,,0.0,
0-20000-0-11519,RGLB_D,SUM,1990-10-24T00:00Z,8993.0,,0.0,
0-20000-0-11519,RGLB_D,SUM,1990-10-25T00:00Z,8179.0,,0.0,
0-20000-0-11519,RGLB_D,SUM,1990-10-26T00:00Z,5958.0,,0.0,
0-20000-0-11519,RGLB_D,SUM,1990-10-27T00:00Z,1724.0,,0.0,
0-20000-0-11519,RGLB_D,SUM,1990-10-28T00:00Z,8021.0,,0.0,
0-20000-0-11519,RGLB_D,SUM,1990-10-29T00:00Z,1746.0,,0.0,
0-20000-0-11519,RGLB_D,SUM,1990-10-30T00:00Z,5789.0,,0.0,
0-20000-0-11519,RGLB_D,SUM,1990-10-31T00:00Z,1901.0,,0.0,
0-20000-0-11519,RGLB_D,SUM,1990-11-01T00:00Z,2657.0,,0.0,
0-20000-0-11519,RGLB_D,SUM,1990-11-02T00:00Z,4414.0,,0.0,
0-20000-0-11519,RGLB_D,SUM,1990-11-03T00:00Z,4554.0,,0.0,
0-20000-0-11519,RGLB_D,SUM,1990-11-04T00:00Z,3377.0,,0.0,
0-20000-0-11519,RGLB_D,SUM,1990-11-05T00:00Z,1627.0,,0.0,
0-20000-0-11519,RGLB_D,SUM,1990-11-06T00:00Z,1746.0,,0.0,
0-20000-0-11519,RGLB_D,SUM,1990-11-07T00:00Z,2059.0,,0.0,
0-20000-0-11519,RGLB_D,SUM,1990-11-08T00:00Z,1357.0,,0.0,
0-20000-0-11519,RGLB_D,SUM,1990-11-09T00:00Z,4007.0,,0.0,
0-20000-0-11519,RGLB_D,SUM,1990-11-10T00:00Z,1552.0,,0.0,
0-20000-0-11519,RGLB_D,SUM,1990-11-11T00:00Z,943.0,,0.0,
0-20000-0-11519,RGLB_D,SUM,1990-11-12T00:00Z,1080.0,,0.0,
0-20000-0-11519,RGLB_D,SUM,1990-11-13T00:00Z,4738.0,,0.0,
0-20000-0-11519,RGLB_D,SUM,1990-11-14T00:00Z,1109.0,,0.0,
0-20000-0-11519,RGLB_D,SUM,1990-11-15T00:00Z,2383.0,,0.0,
0-20000-0-11519,RGLB_D,SUM,1990-11-16T00:00Z,3805.0,,0.0,
0-20000-0-11519,RGLB_D,SUM,1990-11-17T00:00Z,1062.0,,0.0,
0-20000-0-11519,RGLB_D,SUM,1990-11-18T00:00Z,878.0,,0.0,
0-20000-0-11519,RGLB_D,SUM,1990-11-19T00:00Z,2819.0,,0.0,
0-20000-0-11519,RGLB_D,SUM,1990-11-20T00:00Z,1152.0,,0.0,
0-20000-0-11519,RGLB_D,SUM,1990-11-21T00:00Z,1559.0,,0.0,
0-20000-0-11519,RGLB_D,SUM,1990-11-22T00:00Z,796.0,,0.0,
0-20000-0-11519,RGLB_D,SUM,1990-11-23T00:00Z,1102.0,,0.0,
0-20000-0-11519,RGLB_D,SUM,1990-11-24T00:00Z,3848.0,,0.0,
0-20000-0-11519,RGLB_D,SUM,1990-11-25T00:00Z,1685.0,,0.0,
0-20000-0-11519,RGLB_D,SUM,1990-11-26T00:00Z,1732.0,,0.0,
0-20000-0-11519,RGLB_D,SUM,1990-11-27T00:00Z,1490.0,,0.0,
0-20000-0-11519,RGLB_D,SUM,1990-11-28T00:00Z,533.0,,0.0,
0-20000-0-11519,RGLB_D,SUM,1990-11-29T00:00Z,2380.0,,0.0,
0-20000-0-11519,RGLB_D,SUM,1990-11-30T00:00Z,2675.0,,0.0,
0-20000-0-11519,RGLB_D,SUM,1990-12-01T00:00Z,3866.0,,0.0,
0-20000-0-11519,RGLB_D,SUM,1990-12-02T00:00Z,1440.0,,0.0,
0-20000-0-11519,RGLB_D,SUM,1990-12-03T00:00Z,3024.0,,0.0,
0-20000-0-11519,RGLB_D,SUM,1990-12-04T00:00Z,1462.0,,0.0,
0-20000-0-11519,RGLB_D,SUM,1990-12-05T00:00Z,1559.0,,0.0,
0-20000-0-11519,RGLB_D,SUM,1990-12-06T00:00Z,4165.0,,0.0,
0-20000-0-11519,RGLB_D,SUM,1990-12-07T00:00Z,4079.0,,0.0,
0-20000-0-11519,RGLB_D,SUM,1990-12-08T00:00Z,2761.0,,0.0,
0-20000-0-11519,RGLB_D,SUM,1990-12-09T00:00Z,860.0,,0.0,
0-20000-0-11519,RGLB_D,SUM,1990-12-10T00:00Z,288.0,,0.0,
0-20000-0-11519,RGLB_D,SUM,1990-12-11T00:00Z,4054.0,,0.0,
0-20000-0-11519,RGLB_D,SUM,1990-12-12T00:00Z,688.0,,0.0,
0-20000-0-11519,RGLB_D,SUM,1990-12-13T00:00Z,2686.0,,0.0,
0-20000-0-11519,RGLB_D,SUM,1990-12-14T00:00Z,853.0,,0.0,
0-20000-0-11519,RGLB_D,SUM,1990-12-15T00:00Z,828.0,,0.0,
0-20000-0-11519,RGLB_D,SUM,1990-12-16T00:00Z,558.0,,0.0,
0-20000-0-11519,RGLB_D,SUM,1990-12-17T00:00Z,2826.0,,0.0,
0-20000-0-11519,RGLB_D,SUM,1990-12-18T00:00Z,1847.0,,0.0,
0-20000-0-11519,RGLB_D,SUM,1990-12-19T00:00Z,1919.0,,0.0,
0-20000-0-11519,RGLB_D,SUM,1990-12-20T00:00Z,1390.0,,0.0,
0-20000-0-11519,RGLB_D,SUM,1990-12-21T00:00Z,1418.0,,0.0,
0-20000-0-11519,RGLB_D,SUM,1990-12-22T00:00Z,1465.0,,0.0,
0-20000-0-11519,RGLB_D,SUM,1990-12-23T00:00Z,781.0,,0.0,
0-20000-0-11519,RGLB_D,SUM,1990-12-24T00:00Z,4108.0,,0.0,
0-20000-0-11519,RGLB_D,SUM,1990-12-25T00:00Z,3712.0,,0.0,
0-20000-0-11519,RGLB_D,SUM,1990-12-26T00:00Z,1076.0,,0.0,
0-20000-0-11519,RGLB_D,SUM,1990-12-27T00:00Z,3287.0,,0.0,
0-20000-0-11519,RGLB_D,SUM,1990-12-28T00:00Z,2516.0,,0.0,
0-20000-0-11519,RGLB_D,SUM,1990-12-29T00:00Z,396.0,,0.0,
0-20000-0-11519,RGLB_D,SUM,1990-12-30T00:00Z,979.0,,0.0,
0-20000-0-11519,RGLB_D,SUM,1990-12-31T00:00Z,2844.0,,0.0,
0-20000-0-11519,RGLB_D,SUM,1991-01-01T00:00Z,961.0,,0.0,
0-20000-0-11519,RGLB_D,SUM,1991-01-02T00:00Z,936.0,,0.0,
0-20000-0-11519,RGLB_D,SUM,1991-01-03T00:00Z,1768.0,,0.0,
0-20000-0-11519,RGLB_D,SUM,1991-01-04T00:00Z,2509.0,,0.0,
0-20000-0-11519,RGLB_D,SUM,1991-01-05T00:00Z,2642.0,,0.0,
0-20000-0-11519,RGLB_D,SUM,1991-01-06T00:00Z,2610.0,,0.0,
0-20000-0-11519,RGLB_D,SUM,1991-01-07T00:00Z,1156.0,,0.0,
0-20000-0-11519,RGLB_D,SUM,1991-01-08T00:00Z,4648.0,,0.0,
0-20000-0-11519,RGLB_D,SUM,1991-01-09T00:00Z,1771.0,,0.0,
0-20000-0-11519,RGLB_D,SUM,1991-01-10T00:00Z,2264.0,,0.0,
0-20000-0-11519,RGLB_D,SUM,1991-01-11T00:00Z,778.0,,0.0,
0-20000-0-11519,RGLB_D,SUM,1991-01-12T00:00Z,2725.0,,0.0,
0-20000-0-11519,RGLB_D,SUM,1991-01-13T00:00Z,1354.0,,0.0,
0-20000-0-11519,RGLB_D,SUM,1991-01-14T00:00Z,5170.0,,0.0,
0-20000-0-11519,RGLB_D,SUM,1991-01-15T00:00Z,5285.0,,0.0,
0-20000-0-11519,RGLB_D,SUM,1991-01-16T00:00Z,4946.0,,0.0,
0-20000-0-11519,RGLB_D,SUM,1991-01-17T00:00Z,5170.0,,0.0,
0-20000-0-11519,RGLB_D,SUM,1991-01-18T00:00Z,5069.0,,0.0,
0-20000-0-11519,RGLB_D,SUM,1991-01-19T00:00Z,5159.0,,0.0,
0-20000-0-11519,RGLB_D,SUM,1991-01-20T00:00Z,3924.0,,0.0,
0-20000-0-11519,RGLB_D,SUM,1991-01-21T00:00Z,1541.0,,0.0,
0-20000-0-11519,RGLB_D,SUM,1991-01-22T00:00Z,2030.0,,0.0,
0-20000-0-11519,RGLB_D,SUM,1991-01-23T00:00Z,1156.0,,0.0,
0-20000-0-11519,RGLB_D,SUM,1991-01-24T00:00Z,1480.0,,0.0,
0-20000-0-11519,RGLB_D,SUM,1991-01-25T00:00Z,1145.0,,0.0,
0-20000-0-11519,RGLB_D,SUM,1991-01-26T00:00Z,904.0,,0.0,
0-20000-0-11519,RGLB_D,SUM,1991-01-27T00:00Z,1523.0,,0.0,
0-20000-0-11519,RGLB_D,SUM,1991-01-28T00:00Z,1458.0,,0.0,
0-20000-0-11519,RGLB_D,SUM,1991-01-29T00:00Z,1062.0,,0.0,
0-20000-0-11519,RGLB_D,SUM,1991-01-30T00:00Z,3697.0,,0.0,
0-20000-0-11519,RGLB_D,SUM,1991-01-31T00:00Z,6876.0,,0.0,
0-20000-0-11519,RGLB_D,SUM,1991-02-01T00:00Z,6530.0,,0.0,
0-20000-0-11519,RGLB_D,SUM,1991-02-02T00:00Z,6613.0,,0.0,
0-20000-0-11519,RGLB_D,SUM,1991-02-03T00:00Z,5990.0,,0.0,
0-20000-0-11519,RGLB_D,SUM,1991-02-04T00:00Z,5112.0,,0.0,
0-20000-0-11519,RGLB_D,SUM,1991-02-05T00:00Z,2837.0,,0.0,
0-20000-0-11519,RGLB_D,SUM,1991-02-06T00:00Z,5472.0,,0.0,
0-20000-0-11519,RGLB_D,SUM,1991-02-07T00:00Z,3107.0,,0.0,
0-20000-0-11519,RGLB_D,SUM,1991-02-08T00:00Z,2812.0,,0.0,
0-20000-0-11519,RGLB_D,SUM,1991-02-09T00:00Z,6383.0,,0.0,
0-20000-0-11519,RGLB_D,SUM,1991-02-10T00:00Z,3924.0,,0.0,
0-20000-0-11519,RGLB_D,SUM,1991-02-11T00:00Z,5018.0,,0.0,
0-20000-0-11519,RGLB_D,SUM,1991-02-12T00:00Z,7398.0,,0.0,
0-20000-0-11519,RGLB_D,SUM,1991-02-13T00:00Z,1980.0,,0.0,
0-20000-0-11519,RGLB_D,SUM,1991-02-14T00:00Z,4943.0,,0.0,
0-20000-0-11519,RGLB_D,SUM,1991-02-15T00:00Z,5886.0,,0.0,
0-20000-0-11519,RGLB_D,SUM,1991-02-16T00:00Z,3571.0,,0.0,
0-20000-0-11519,RGLB_D,SUM,1991-02-17T00:00Z,4720.0,,0.0,
0-20000-0-11519,RGLB_D,SUM,1991-02-18T00:00Z,3445.0,,0.0,
0-20000-0-11519,RGLB_D,SUM,1991-02-19T00:00Z,8957.0,,0.0,
0-20000-0-11519,RGLB_D,SUM,1991-02-20T00:00Z,6620.0,,0.0,
0-20000-0-11519,RGLB_D,SUM,1991-02-21T00:00Z,7391.0,,0.0,
0-20000-0-11519,RGLB_D,SUM,1991-02-22T00:00Z,5292.0,,0.0,
0-20000-0-11519,RGLB_D,SUM,1991-02-23T00:00Z,3823.0,,0.0,
0-20000-0-11519,RGLB_D,SUM,1991-02-24T00:00Z,8150.0,,0.0,
0-20000-0-11519,RGLB_D,SUM,1991-02-25T00:00Z,8082.0,,0.0,
0-20000-0-11519,RGLB_D,SUM,1991-02-26T00:00Z,7733.0,,0.0,
0-20000-0-11519,RGLB_D,SUM,1991-02-27T00:00Z,5080.0,,0.0,
0-20000-0-11519,RGLB_D,SUM,1991-02-28T00:00Z,10894.0,,0.0,
0-20000-0-11519,RGLB_D,SUM,1991-03-01T00:00Z,2862.0,,0.0,
0-20000-0-11519,RGLB_D,SUM,1991-03-02T00:00Z,2804.0,,0.0,
0-20000-0-11519,RGLB_D,SUM,1991-03-03T00:00Z,4687.0,,0.0,
0-20000-0-11519,RGLB_D,SUM,1991-03-04T00:00Z,4439.0,,0.0,
0-20000-0-11519,RGLB_D,SUM,1991-03-05T00:00Z,1602.0,,0.0,
0-20000-0-11519,RGLB_D,SUM,1991-03-06T00:00Z,4374.0,,0.0,
0-20000-0-11519,RGLB_D,SUM,1991-03-07T00:00Z,3049.0,,0.0,
0-20000-0-11519,RGLB_D,SUM,1991-03-08T00:00Z,7679.0,,0.0,
0-20000-0-11519,RGLB_D,SUM,1991-03-09T00:00Z,5861.0,,0.0,
0-20000-0-11519,RGLB_D,SUM,1991-03-10T00:00Z,4392.0,,0.0,
0-20000-0-11519,RGLB_D,SUM,1991-03-11T00:00Z,3024.0,,0.0,
0-20000-0-11519,RGLB_D,SUM,1991-03-12T00:00Z,3398.0,,0.0,
0-20000-0-11519,RGLB_D,SUM,1991-03-13T00:00Z,4680.0,,0.0,
0-20000-0-11519,RGLB_D,SUM,1991-03-14T00:00Z,7319.0,,0.0,
0-20000-0-11519,RGLB_D,SUM,1991-03-15T00:00Z,10660.0,,0.0,
0-20000-0-11519,RGLB_D,SUM,1991-03-16T00:00Z,11416.0,,0.0,
0-20000-0-11519,RGLB_D,SUM,1991-03-17T00:00Z,12866.0,,0.0,
0-20000-0-11519,RGLB_D,SUM,1991-03-18T00:00Z,11851.0,,0.0,
0-20000-0-11519,RGLB_D,SUM,1991-03-19T00:00Z,11718.0,,0.0,
0-20000-0-11519,RGLB_D,SUM,1991-03-20T00:00Z,9497.0,,0.0,
0-20000-0-11519,RGLB_D,SUM,1991-03-21T00:00Z,9396.0,,0.0,
0-20000-0-11519,RGLB_D,SUM,1991-03-22T00:00Z,3881.0,,0.0,
0-20000-0-11519,RGLB_D,SUM,1991-03-23T00:00Z,8032.0,,0.0,
0-20000-0-11519,RGLB_D,SUM,1991-03-24T00:00Z,9630.0,,0.0,
0-20000-0-11519,RGLB_D,SUM,1991-03-25T00:00Z,3506.0,,0.0,
0-20000-0-11519,RGLB_D,SUM,1991-03-26T00:00Z,3539.0,,0.0,
0-20000-0-11519,RGLB_D,SUM,1991-03-27T00:00Z,9130.0,,0.0,
0-20000-0-11519,RGLB_D,SUM,1991-03-28T00:00Z,6124.0,,0.0,
0-20000-0-11519,RGLB_D,SUM,1991-03-29T00:00Z,7135.0,,0.0,
0-20000-0-11519,RGLB_D,SUM,1991-03-30T00:00Z,7358.0,,0.0,
0-20000-0-11519,RGLB_D,SUM,1991-03-31T00:00Z,4932.0,,0.0,
0-20000-0-11519,RGLB_D,SUM,1991-04-01T00:00Z,12902.0,,0.0,
0-20000-0-11519,RGLB_D,SUM,1991-04-02T00:00Z,8820.0,,0.0,
0-20000-0-11519,RGLB_D,SUM,1991-04-03T00:00Z,14004.0,,0.0,
0-20000-0-11519,RGLB_D,SUM,1991-04-04T00:00Z,13406.0,,0.0,
0-20000-0-11519,RGLB_D,SUM,1991-04-05T00:00Z,9014.0,,0.0,
0-20000-0-11519,RGLB_D,SUM,1991-04-06T00:00Z,3179.0,,0.0,
0-20000-0-11519,RGLB_D,SUM,1991-04-07T00:00Z,8269.0,,0.0,
0-20000-0-11519,RGLB_D,SUM,1991-04-08T00:00Z,8240.0,,0.0,
0-20000-0-11519,RGLB_D,SUM,1991-04-09T00:00Z,16520.0,,0.0,
0-20000-0-11519,RGLB_D,SUM,1991-04-10T00:00Z,19310.0,,0.0,
0-20000-0-11519,RGLB_D,SUM,1991-04-11T00:00Z,16585.0,,0.0,
0-20000-0-11519,RGLB_D,SUM,1991-04-12T00:00Z,17957.0,,0.0,
0-20000-0-11519,RGLB_D,SUM,1991-04-13T00:00Z,15833.0,,0.0,
0-20000-0-11519,RGLB_D,SUM,1991-04-14T00:00Z,16474.0,,0.0,
0-20000-0-11519,RGLB_D,SUM,1991-04-15T00:00Z,17435.0,,0.0,
0-20000-0-11519,RGLB_D,SUM,1991-04-16T00:00Z,14087.0,,0.0,
0-20000-0-11519,RGLB_D,SUM,1991-04-17T00:00Z,13360.0,,0.0,
0-20000-0-11519,RGLB_D,SUM,1991-04-18T00:00Z,11340.0,,0.0,
0-20000-0-11519,RGLB_D,SUM,1991-04-19T00:00Z,11574.0,,0.0,
0-20000-0-11519,RGLB_D,SUM,1991-04-20T00:00Z,8996.0,,0.0,
0-20000-0-11519,RGLB_D,SUM,1991-04-21T00:00Z,15811.0,,0.0,
0-20000-0-11519,RGLB_D,SUM,1991-04-22T00:00Z,16337.0,,0.0,
0-20000-0-11519,RGLB_D,SUM,1991-04-23T00:00Z,11113.0,,0.0,
0-20000-0-11519,RGLB_D,SUM,1991-04-24T00:00Z,12265.0,,0.0,
0-20000-0-11519,RGLB_D,SUM,1991-04-25T00:00Z,10807.0,,0.0,
0-20000-0-11519,RGLB_D,SUM,1991-04-26T00:00Z,10573.0,,0.0,
0-20000-0-11519,RGLB_D,SUM,1991-04-27T00:00Z,19318.0,,0.0,
0-20000-0-11519,RGLB_D,SUM,1991-04-28T00:00Z,16132.0,,0.0,
0-20000-0-11519,RGLB_D,SUM,1991-04-29T00:00Z,13594.0,,0.0,
0-20000-0-11519,RGLB_D,SUM,1991-04-30T00:00Z,7798.0,,0.0,
0-20000-0-11519,RGLB_D,SUM,1991-05-01T00:00Z,9767.0,,0.0,
0-20000-0-11519,RGLB_D,SUM,1991-05-02T00:00Z,7254.0,,0.0,
0-20000-0-11519,RGLB_D,SUM,1991-05-03T00:00Z,5641.0,,0.0,
0-20000-0-11519,RGLB_D,SUM,1991-05-04T00:00Z,13298.0,,0.0,
0-20000-0-11519,RGLB_D,SUM,1991-05-05T00:00Z,13266.0,,0.0,
0-20000-0-11519,RGLB_D,SUM,1991-05-06T00:00Z,17528.0,,0.0,
0-20000-0-11519,RGLB_D,SUM,1991-05-07T00:00Z,9752.0,,0.0,
0-20000-0-11519,RGLB_D,SUM,1991-05-08T00:00Z,22273.0,,0.0,
0-20000-0-11519,RGLB_D,SUM,1991-05-09T00:00Z,18313.0,,0.0,
0-20000-0-11519,RGLB_D,SUM,1991-05-10T00:00Z,7542.0,,0.0,
0-20000-0-11519,RGLB_D,SUM,1991-05-11T00:00Z,6768.0,,0.0,
0-20000-0-11519,RGLB_D,SUM,1991-05-12T00:00Z,2599.0,,0.0,
0-20000-0-11519,RGLB_D,SUM,1991-05-13T00:00Z,17086.0,,0.0,
0-20000-0-11519,RGLB_D,SUM,1991-05-14T00:00Z,8759.0,,0.0,
0-20000-0-11519,RGLB_D,SUM,1991-05-15T00:00Z,16279.0,,0.0,
0-20000-0-11519,RGLB_D,SUM,1991-05-16T00:00Z,13662.0,,0.0,
0-20000-0-11519,RGLB_D,SUM,1991-05-17T00:00Z,13608.0,,0.0,
0-20000-0-11519,RGLB_D,SUM,1991-05-18T00:00Z,16204.0,,0.0,
0-20000-0-11519,RGLB_D,SUM,1991-05-19T00:00Z,21269.0,,0.0,
0-20000-0-11519,RGLB_D,SUM,1991-05-20T00:00Z,25974.0,,0.0,
0-20000-0-11519,RGLB_D,SUM,1991-05-21T00:00Z,4424.0,,0.0,
0-20000-0-11519,RGLB_D,SUM,1991-05-22T00:00Z,16697.0,,0.0,
0-20000-0-11519,RGLB_D,SUM,1991-05-23T00:00Z,13068.0,,0.0,
0-20000-0-11519,RGLB_D,SUM,1991-05-24T00:00Z,20074.0,,0.0,
0-20000-0-11519,RGLB_D,SUM,1991-05-25T00:00Z,7837.0,,0.0,
0-20000-0-11519,RGLB_D,SUM,1991-05-26T00:00Z,11581.0,,0.0,
0-20000-0-11519,RGLB_D,SUM,1991-05-27T00:00Z,26456.0,,0.0,
0-20000-0-11519,RGLB_D,SUM,1991-05-28T00:00Z,19505.0,,0.0,
0-20000-0-11519,RGLB_D,SUM,1991-05-29T00:00Z,24725.0,,0.0,
0-20000-0-11519,RGLB_D,SUM,1991-05-30T00:00Z,18364.0,,0.0,
0-20000-0-11519,RGLB_D,SUM,1991-05-31T00:00Z,27043.0,,0.0,
0-20000-0-11519,RGLB_D,SUM,1991-06-01T00:00Z,27472.0,,0.0,
0-20000-0-11519,RGLB_D,SUM,1991-06-02T00:00Z,28933.0,,0.0,
0-20000-0-11519,RGLB_D,SUM,1991-06-03T00:00Z,12712.0,,0.0,
0-20000-0-11519,RGLB_D,SUM,1991-06-04T00:00Z,18346.0,,0.0,
0-20000-0-11519,RGLB_D,SUM,1991-06-05T00:00Z,18846.0,,0.0,
0-20000-0-11519,RGLB_D,SUM,1991-06-06T00:00Z,9216.0,,0.0,
0-20000-0-11519,RGLB_D,SUM,1991-06-07T00:00Z,19033.0,,0.0,
0-20000-0-11519,RGLB_D,SUM,1991-06-08T00:00Z,19728.0,,0.0,
0-20000-0-11519,RGLB_D,SUM,1991-06-09T00:00Z,17712.0,,0.0,
0-20000-0-11519,RGLB_D,SUM,1991-06-10T00:00Z,21816.0,,0.0,
0-20000-0-11519,RGLB_D,SUM,1991-06-11T00:00Z,14256.0,,0.0,
0-20000-0-11519,RGLB_D,SUM,1991-06-12T00:00Z,27256.0,,0.0,
0-20000-0-11519,RGLB_D,SUM,1991-06-13T00:00Z,16769.0,,0.0,
0-20000-0-11519,RGLB_D,SUM,1991-06-14T00:00Z,15890.0,,0.0,
0-20000-0-11519,RGLB_D,SUM,1991-06-15T00:00Z,23245.0,,0.0,
0-20000-0-11519,RGLB_D,SUM,1991-06-16T00:00Z,12316.0,,0.0,
0-20000-0-11519,RGLB_D,SUM,1991-06-17T00:00Z,2671.0,,0.0,
0-20000-0-11519,RGLB_D,SUM,1991-06-18T00:00Z,11272.0,,0.0,
0-20000-0-11519,RGLB_D,SUM,1991-06-19T00:00Z,21355.0,,0.0,
0-20000-0-11519,RGLB_D,SUM,1991-06-20T00:00Z,17082.0,,0.0,
0-20000-0-11519,RGLB_D,SUM,1991-06-21T00:00Z,14353.0,,0.0,
0-20000-0-11519,RGLB_D,SUM,1991-06-22T00:00Z,28242.0,,0.0,
0-20000-0-11519,RGLB_D,SUM,1991-06-23T00:00Z,24066.0,,0.0,
0-20000-0-11519,RGLB_D,SUM,1991-06-24T00:00Z,17147.0,,0.0,
0-20000-0-11519,RGLB_D,SUM,1991-06-25T00:00Z,12125.0,,0.0,
0-20000-0-11519,RGLB_D,SUM,1991-06-26T00:00Z,24588.0,,0.0,
0-20000-0-11519,RGLB_D,SUM,1991-06-27T00:00Z,13712.0,,0.0,
0-20000-0-11519,RGLB_D,SUM,1991-06-28T00:00Z,11480.0,,0.0,
0-20000-0-11519,RGLB_D,SUM,1991-06-29T00:00Z,9220.0,,0.0,
0-20000-0-11519,RGLB_D,SUM,1991-06-30T00:00Z,26496.0,,0.0,
0-20000-0-11519,RGLB_D,SUM,1991-07-01T00:00Z,25524.0,,0.0,
0-20000-0-11519,RGLB_D,SUM,1991-07-02T00:00Z,28303.0,,0.0,
0-20000-0-11519,RGLB_D,SUM,1991-07-03T00:00Z,11185.0,,0.0,
0-20000-0-11519,RGLB_D,SUM,1991-07-04T00:00Z,12798.0,,0.0,
0-20000-0-11519,RGLB_D,SUM,1991-07-05T00:00Z,22237.0,,0.0,
0-20000-0-11519,RGLB_D,SUM,1991-07-06T00:00Z,27385.0,,0.0,
0-20000-0-11519,RGLB_D,SUM,1991-07-07T00:00Z,27713.0,,0.0,
0-20000-0-11519,RGLB_D,SUM,1991-07-08T00:00Z,25484.0,,0.0,
0-20000-0-11519,RGLB_D,SUM,1991-07-09T00:00Z,14828.0,,0.0,
0-20000-0-11519,RGLB_D,SUM,1991-07-10T00:00Z,20434.0,,0.0,
0-20000-0-11519,RGLB_D,SUM,1991-07-11T00:00Z,22450.0,,0.0,
0-20000-0-11519,RGLB_D,SUM,1991-07-12T00:00Z,24944.0,,0.0,
0-20000-0-11519,RGLB_D,SUM,1991-07-13T00:00Z,8248.0,,0.0,
0-20000-0-11519,RGLB_D,SUM,1991-07-14T00:00Z,8284.0,,0.0,
0-20000-0-11519,RGLB_D,SUM,1991-07-15T00:00Z,20668.0,,0.0,
0-20000-0-11519,RGLB_D,SUM,1991-07-16T00:00Z,20254.0,,0.0,
0-20000-0-11519,RGLB_D,SUM,1991-07-17T00:00Z,18209.0,,0.0,
0-20000-0-11519,RGLB_D,SUM,1991-07-18T00:00Z,20714.0,,0.0,
0-20000-0-11519,RGLB_D,SUM,1991-07-19T00:00Z,22511.0,,0.0,
0-20000-0-11519,RGLB_D,SUM,1991-07-20T00:00Z,16466.0,,0.0,
0-20000-0-11519,RGLB_D,SUM,1991-07-21T00:00Z,11506.0,,0.0,
0-20000-0-11519,RGLB_D,SUM,1991-07-22T00:00Z,24134.0,,0.0,
0-20000-0-11519,RGLB_D,SUM,1991-07-23T00:00Z,25852.0,,0.0,
0-20000-0-11519,RGLB_D,SUM,1991-07-24T00:00Z,16027.0,,0.0,
0-20000-0-11519,RGLB_D,SUM,1991-07-25T00:00Z,14454.0,,0.0,
0-20000-0-11519,RGLB_D,SUM,1991-07-26T00:00Z,4882.0,,0.0,
0-20000-0-11519,RGLB_D,SUM,1991-07-27T00:00Z,10213.0,,0.0,
0-20000-0-11519,RGLB_D,SUM,1991-07-28T00:00Z,21514.0,,0.0,
0-20000-0-11519,RGLB_D,SUM,1991-07-29T00:00Z,25117.0,,0.0,
0-20000-0-11519,RGLB_D,SUM,1991-07-30T00:00Z,24638.0,,0.0,
0-20000-0-11519,RGLB_D,SUM,1991-07-31T00:00Z,12733.0,,0.0,
0-20000-0-11519,RGLB_D,SUM,1991-08-01T00:00Z,12748.0,,0.0,
0-20000-0-11519,RGLB_D,SUM,1991-08-02T00:00Z,3359.0,,0.0,
0-20000-0-11519,RGLB_D,SUM,1991-08-03T00:00Z,12650.0,,0.0,
0-20000-0-11519,RGLB_D,SUM,1991-08-04T00:00Z,15905.0,,0.0,
0-20000-0-11519,RGLB_D,SUM,1991-08-05T00:00Z,13378.0,,0.0,
0-20000-0-11519,RGLB_D,SUM,1991-08-06T00:00Z,21283.0,,0.0,
0-20000-0-11519,RGLB_D,SUM,1991-08-07T00:00Z,24628.0,,0.0,
0-20000-0-11519,RGLB_D,SUM,1991-08-08T00:00Z,22522.0,,0.0,
0-20000-0-11519,RGLB_D,SUM,1991-08-09T00:00Z,9090.0,,0.0,
0-20000-0-11519,RGLB_D,SUM,1991-08-10T00:00Z,15520.0,,0.0,
0-20000-0-11519,RGLB_D,SUM,1991-08-11T00:00Z,11257.0,,0.0,
0-20000-0-11519,RGLB_D,SUM,1991-08-12T00:00Z,9382.0,,0.0,
0-20000-0-11519,RGLB_D,SUM,1991-08-13T00:00Z,17341.0,,0.0,
0-20000-0-11519,RGLB_D,SUM,1991-08-14T00:00Z,19202.0,,0.0,
0-20000-0-11519,RGLB_D,SUM,1991-08-15T00:00Z,17510.0,,0.0,
0-20000-0-11519,RGLB_D,SUM,1991-08-16T00:00Z,18076.0,,0.0,
0-20000-0-11519,RGLB_D,SUM,1991-08-17T00:00Z,13612.0,,0.0,
0-20000-0-11519,RGLB_D,SUM,1991-08-18T00:00Z,16362.0,,0.0,
0-20000-0-11519,RGLB_D,SUM,1991-08-19T00:00Z,15073.0,,0.0,
0-20000-0-11519,RGLB_D,SUM,1991-08-20T00:00Z,4561.0,,0.0,
0-20000-0-11519,RGLB_D,SUM,1991-08-21T00:00Z,16380.0,,0.0,
0-20000-0-11519,RGLB_D,SUM,1991-08-22T00:00Z,21895.0,,0.0,
0-20000-0-11519,RGLB_D,SUM,1991-08-23T00:00Z,18976.0,,0.0,
0-20000-0-11519,RGLB_D,SUM,1991-08-24T00:00Z,10674.0,,0.0,
0-20000-0-11519,RGLB_D,SUM,1991-08-25T00:00Z,13187.0,,0.0,
0-20000-0-11519,RGLB_D,SUM,1991-08-26T00:00Z,13414.0,,0.0,
0-20000-0-11519,RGLB_D,SUM,1991-08-27T00:00Z,9695.0,,0.0,
0-20000-0-11519,RGLB_D,SUM,1991-08-28T00:00Z,7225.0,,0.0,
0-20000-0-11519,RGLB_D,SUM,1991-08-29T00:00Z,17608.0,,0.0,
0-20000-0-11519,RGLB_D,SUM,1991-08-30T00:00Z,19404.0,,0.0,
0-20000-0-11519,RGLB_D,SUM,1991-08-31T00:00Z,17964.0,,0.0,
0-20000-0-11519,RGLB_D,SUM,1991-09-01T00:00Z,18968.0,,0.0,
0-20000-0-11519,RGLB_D,SUM,1991-09-02T00:00Z,16733.0,,0.0,
0-20000-0-11519,RGLB_D,SUM,1991-09-03T00:00Z,17968.0,,0.0,
0-20000-0-11519,RGLB_D,SUM,1991-09-04T00:00Z,17856.0,,0.0,
0-20000-0-11519,RGLB_D,SUM,1991-09-05T00:00Z,15080.0,,0.0,
0-20000-0-11519,RGLB_D,SUM,1991-09-06T00:00Z,15102.0,,0.0,
0-20000-0-11519,RGLB_D,SUM,1991-09-07T00:00Z,5850.0,,0.0,
0-20000-0-11519,RGLB_D,SUM,1991-09-08T00:00Z,6052.0,,0.0,
0-20000-0-11519,RGLB_D,SUM,1991-09-09T00:00Z,10163.0,,0.0,
0-20000-0-11519,RGLB_D,SUM,1991-09-10T00:00Z,17406.0,,0.0,
0-20000-0-11519,RGLB_D,SUM,1991-09-11T00:00Z,7387.0,,0.0,
0-20000-0-11519,RGLB_D,SUM,1991-09-12T00:00Z,15401.0,,0.0,
0-20000-0-11519,RGLB_D,SUM,1991-09-13T00:00Z,17172.0,,0.0,
0-20000-0-11519,RGLB_D,SUM,1991-09-14T00:00Z,5159.0,,0.0,
0-20000-0-11519,RGLB_D,SUM,1991-09-15T00:00Z,12197.0,,0.0,
0-20000-0-11519,RGLB_D,SUM,1991-09-16T00:00Z,10051.0,,0.0,
0-20000-0-11519,RGLB_D,SUM,1991-09-17T00:00Z,7031.0,,0.0,
0-20000-0-11519,RGLB_D,SUM,1991-09-18T00:00Z,6725.0,,0.0,
0-20000-0-11519,RGLB_D,SUM,1991-09-19T00:00Z,13756.0,,0.0,
0-20000-0-11519,RGLB_D,SUM,1991-09-20T00:00Z,5346.0,,0.0,
0-20000-0-11519,RGLB_D,SUM,1991-09-21T00:00Z,14555.0,,0.0,
0-20000-0-11519,RGLB_D,SUM,1991-09-22T00:00Z,13057.0,,0.0,
0-20000-0-11519,RGLB_D,SUM,1991-09-23T00:00Z,10685.0,,0.0,
0-20000-0-11519,RGLB_D,SUM,1991-09-24T00:00Z,8050.0,,0.0,
0-20000-0-11519,RGLB_D,SUM,1991-09-25T00:00Z,15480.0,,0.0,
0-20000-0-11519,RGLB_D,SUM,1991-09-26T00:00Z,10534.0,,0.0,
0-20000-0-11519,RGLB_D,SUM,1991-09-27T00:00Z,3370.0,,0.0,
0-20000-0-11519,RGLB_D,SUM,1991-09-28T00:00Z,13014.0,,0.0,
0-20000-0-11519,RGLB_D,SUM,1991-09-29T00:00Z,11974.0,,0.0,
0-20000-0-11519,RGLB_D,SUM,1991-09-30T00:00Z,4550.0,,0.0,
0-20000-0-11519,RGLB_D,SUM,1991-10-01T00:00Z,13104.0,,0.0,
0-20000-0-11519,RGLB_D,SUM,1991-10-02T00:00Z,7438.0,,0.0,
0-20000-0-11519,RGLB_D,SUM,1991-10-03T00:00Z,11419.0,,0.0,
0-20000-0-11519,RGLB_D,SUM,1991-10-04T00:00Z,13385.0,,0.0,
0-20000-0-11519,RGLB_D,SUM,1991-10-05T00:00Z,12157.0,,0.0,
0-20000-0-11519,RGLB_D,SUM,1991-10-06T00:00Z,12521.0,,0.0,
0-20000-0-11519,RGLB_D,SUM,1991-10-07T00:00Z,11218.0,,0.0,
0-20000-0-11519,RGLB_D,SUM,1991-10-08T00:00Z,11668.0,,0.0,
0-20000-0-11519,RGLB_D,SUM,1991-10-09T00:00Z,7736.0,,0.0,
0-20000-0-11519,RGLB_D,SUM,1991-10-10T00:00Z,8726.0,,0.0,
0-20000-0-11519,RGLB_D,SUM,1991-10-11T00:00Z,6689.0,,0.0,
0-20000-0-11519,RGLB_D,SUM,1991-10-12T00:00Z,3391.0,,0.0,
0-20000-0-11519,RGLB_D,SUM,1991-10-13T00:00Z,3024.0,,0.0,
0-20000-0-11519,RGLB_D,SUM,1991-10-14T00:00Z,9216.0,,0.0,
0-20000-0-11519,RGLB_D,SUM,1991-10-15T00:00Z,7369.0,,0.0,
0-20000-0-11519,RGLB_D,SUM,1991-10-16T00:00Z,9292.0,,0.0,
0-20000-0-11519,RGLB_D,SUM,1991-10-17T00:00Z,2664.0,,0.0,
0-20000-0-11519,RGLB_D,SUM,1991-10-18T00:00Z,6800.0,,0.0,
0-20000-0-11519,RGLB_D,SUM,1991-10-19T00:00Z,5414.0,,0.0,
0-20000-0-11519,RGLB_D,SUM,1991-10-20T00:00Z,4500.0,,0.0,
0-20000-0-11519,RGLB_D,SUM,1991-10-21T00:00Z,4835.0,,0.0,
0-20000-0-11519,RGLB_D,SUM,1991-10-22T00:00Z,8068.0,,0.0,
0-20000-0-11519,RGLB_D,SUM,1991-10-23T00:00Z,6055.0,,0.0,
0-20000-0-11519,RGLB_D,SUM,1991-10-24T00:00Z,1555.0,,0.0,
0-20000-0-11519,RGLB_D,SUM,1991-10-25T00:00Z,5594.0,,0.0,
0-20000-0-11519,RGLB_D,SUM,1991-10-26T00:00Z,8824.0,,0.0,
0-20000-0-11519,RGLB_D,SUM,1991-10-27T00:00Z,8449.0,,0.0,
0-20000-0-11519,RGLB_D,SUM,1991-10-28T00:00Z,8611.0,,0.0,
0-20000-0-11519,RGLB_D,SUM,1991-10-29T00:00Z,3208.0,,0.0,
0-20000-0-11519,RGLB_D,SUM,1991-10-30T00:00Z,7290.0,,0.0,
0-20000-0-11519,RGLB_D,SUM,1991-10-31T00:00Z,7625.0,,0.0,
0-20000-0-11519,RGLB_D,SUM,1991-11-01T00:00Z,7416.0,,0.0,
0-20000-0-11519,RGLB_D,SUM,1991-11-02T00:00Z,1714.0,,0.0,
0-20000-0-11519,RGLB_D,SUM,1991-11-03T00:00Z,6354.0,,0.0,
0-20000-0-11519,RGLB_D,SUM,1991-11-04T00:00Z,1494.0,,0.0,
0-20000-0-11519,RGLB_D,SUM,1991-11-05T00:00Z,3013.0,,0.0,
0-20000-0-11519,RGLB_D,SUM,1991-11-06T00:00Z,3294.0,,0.0,
0-20000-0-11519,RGLB_D,SUM,1991-11-07T00:00Z,767.0,,0.0,
0-20000-0-11519,RGLB_D,SUM,1991-11-08T00:00Z,2714.0,,0.0,
0-20000-0-11519,RGLB_D,SUM,1991-11-09T00:00Z,1868.0,,0.0,
0-20000-0-11519,RGLB_D,SUM,1991-11-10T00:00Z,4320.0,,0.0,
0-20000-0-11519,RGLB_D,SUM,1991-11-11T00:00Z,3283.0,,0.0,
0-20000-0-11519,RGLB_D,SUM,1991-11-12T00:00Z,3200.0,,0.0,
0-20000-0-11519,RGLB_D,SUM,1991-11-13T00:00Z,1861.0,,0.0,
0-20000-0-11519,RGLB_D,SUM,1991-11-14T00:00Z,868.0,,0.0,
0-20000-0-11519,RGLB_D,SUM,1991-11-15T00:00Z,3236.0,,0.0,
0-20000-0-11519,RGLB_D,SUM,1991-11-16T00:00Z,3848.0,,0.0,
0-20000-0-11519,RGLB_D,SUM,1991-11-17T00:00Z,472.0,,0.0,
0-20000-0-11519,RGLB_D,SUM,1991-11-18T00:00Z,5612.0,,0.0,
0-20000-0-11519,RGLB_D,SUM,1991-11-19T00:00Z,914.0,,0.0,
0-20000-0-11519,RGLB_D,SUM,1991-11-20T00:00Z,263.0,,0.0,
0-20000-0-11519,RGLB_D,SUM,1991-11-21T00:00Z,821.0,,0.0,
0-20000-0-11519,RGLB_D,SUM,1991-11-22T00:00Z,1480.0,,0.0,
0-20000-0-11519,RGLB_D,SUM,1991-11-23T00:00Z,4766.0,,0.0,
0-20000-0-11519,RGLB_D,SUM,1991-11-24T00:00Z,918.0,,0.0,
0-20000-0-11519,RGLB_D,SUM,1991-11-25T00:00Z,1364.0,,0.0,
0-20000-0-11519,RGLB_D,SUM,1991-11-26T00:00Z,598.0,,0.0,
0-20000-0-11519,RGLB_D,SUM,1991-11-27T00:00Z,1332.0,,0.0,
0-20000-0-11519,RGLB_D,SUM,1991-11-28T00:00Z,2873.0,,0.0,
0-20000-0-11519,RGLB_D,SUM,1991-11-29T00:00Z,965.0,,0.0,
0-20000-0-11519,RGLB_D,SUM,1991-11-30T00:00Z,950.0,,0.0,
0-20000-0-11519,RGLB_D,SUM,1991-12-01T00:00Z,598.0,,0.0,
0-20000-0-11519,RGLB_D,SUM,1991-12-02T00:00Z,4144.0,,0.0,
0-20000-0-11519,RGLB_D,SUM,1991-12-03T00:00Z,806.0,,0.0,
0-20000-0-11519,RGLB_D,SUM,1991-12-04T00:00Z,990.0,,0.0,
0-20000-0-11519,RGLB_D,SUM,1991-12-05T00:00Z,2041.0,,0.0,
0-20000-0-11519,RGLB_D,SUM,1991-12-06T00:00Z,2239.0,,0.0,
0-20000-0-11519,RGLB_D,SUM,1991-12-07T00:00Z,806.0,,0.0,
0-20000-0-11519,RGLB_D,SUM,1991-12-08T00:00Z,738.0,,0.0,
0-20000-0-11519,RGLB_D,SUM,1991-12-09T00:00Z,3895.0,,0.0,
0-20000-0-11519,RGLB_D,SUM,1991-12-10T00:00Z,1714.0,,0.0,
0-20000-0-11519,RGLB_D,SUM,1991-12-11T00:00Z,3640.0,,0.0,
0-20000-0-11519,RGLB_D,SUM,1991-12-12T00:00Z,954.0,,0.0,
0-20000-0-11519,RGLB_D,SUM,1991-12-13T00:00Z,3013.0,,0.0,
0-20000-0-11519,RGLB_D,SUM,1991-12-14T00:00Z,4223.0,,0.0,
0-20000-0-11519,RGLB_D,SUM,1991-12-15T00:00Z,4046.0,,0.0,
0-20000-0-11519,RGLB_D,SUM,1991-12-16T00:00Z,4352.0,,0.0,
0-20000-0-11519,RGLB_D,SUM,1991-12-17T00:00Z,2614.0,,0.0,
0-20000-0-11519,RGLB_D,SUM,1991-12-18T00:00Z,778.0,,0.0,
0-20000-0-11519,RGLB_D,SUM,1991-12-19T00:00Z,1073.0,,0.0,
0-20000-0-11519,RGLB_D,SUM,1991-12-20T00:00Z,1699.0,,0.0,
0-20000-0-11519,RGLB_D,SUM,1991-12-21T00:00Z,2848.0,,0.0,
0-20000-0-11519,RGLB_D,SUM,1991-12-22T00:00Z,1912.0,,0.0,
0-20000-0-11519,RGLB_D,SUM,1991-12-23T00:00Z,846.0,,0.0,
0-20000-0-11519,RGLB_D,SUM,1991-12-24T00:00Z,1800.0,,0.0,
0-20000-0-11519,RGLB_D,SUM,1991-12-25T00:00Z,2020.0,,0.0,
0-20000-0-11519,RGLB_D,SUM,1991-12-26T00:00Z,648.0,,0.0,
0-20000-0-11519,RGLB_D,SUM,1991-12-27T00:00Z,457.0,,0.0,
0-20000-0-11519,RGLB_D,SUM,1991-12-28T00:00Z,3420.0,,0.0,
0-20000-0-11519,RGLB_D,SUM,1991-12-29T00:00Z,1908.0,,0.0,
0-20000-0-11519,RGLB_D,SUM,1991-12-30T00:00Z,2088.0,,0.0,
0-20000-0-11519,RGLB_D,SUM,1991-12-31T00:00Z,1440.0,,0.0,
0-20000-0-11519,RGLB_D,SUM,1992-01-01T00:00Z,3460.0,,0.0,
0-20000-0-11519,RGLB_D,SUM,1992-01-02T00:00Z,4399.0,,0.0,
0-20000-0-11519,RGLB_D,SUM,1992-01-03T00:00Z,4518.0,,0.0,
0-20000-0-11519,RGLB_D,SUM,1992-01-04T00:00Z,3344.0,,0.0,
0-20000-0-11519,RGLB_D,SUM,1992-01-05T00:00Z,1541.0,,0.0,
0-20000-0-11519,RGLB_D,SUM,1992-01-06T00:00Z,968.0,,0.0,
0-20000-0-11519,RGLB_D,SUM,1992-01-07T00:00Z,3848.0,,0.0,
0-20000-0-11519,RGLB_D,SUM,1992-01-08T00:00Z,2369.0,,0.0,
0-20000-0-11519,RGLB_D,SUM,1992-01-09T00:00Z,1912.0,,0.0,
0-20000-0-11519,RGLB_D,SUM,1992-01-10T00:00Z,1066.0,,0.0,
0-20000-0-11519,RGLB_D,SUM,1992-01-11T00:00Z,896.0,,0.0,
0-20000-0-11519,RGLB_D,SUM,1992-01-12T00:00Z,1696.0,,0.0,
0-20000-0-11519,RGLB_D,SUM,1992-01-13T00:00Z,2664.0,,0.0,
0-20000-0-11519,RGLB_D,SUM,1992-01-14T00:00Z,1408.0,,0.0,
0-20000-0-11519,RGLB_D,SUM,1992-01-15T00:00Z,1008.0,,0.0,
0-20000-0-11519,RGLB_D,SUM,1992-01-16T00:00Z,1008.0,,0.0,
0-20000-0-11519,RGLB_D,SUM,1992-01-17T00:00Z,2574.0,,0.0,
0-20000-0-11519,RGLB_D,SUM,1992-01-18T00:00Z,684.0,,0.0,
0-20000-0-11519,RGLB_D,SUM,1992-01-19T00:00Z,893.0,,0.0,
0-20000-0-11519,RGLB_D,SUM,1992-01-20T00:00Z,4100.0,,0.0,
0-20000-0-11519,RGLB_D,SUM,1992-01-21T00:00Z,5497.0,,0.0,
0-20000-0-11519,RGLB_D,SUM,1992-01-22T00:00Z,4720.0,,0.0,
0-20000-0-11519,RGLB_D,SUM,1992-01-23T00:00Z,1584.0,,0.0,
0-20000-0-11519,RGLB_D,SUM,1992-01-24T00:00Z,1033.0,,0.0,
0-20000-0-11519,RGLB_D,SUM,1992-01-25T00:00Z,3269.0,,0.0,
0-20000-0-11519,RGLB_D,SUM,1992-01-26T00:00Z,2686.0,,0.0,
0-20000-0-11519,RGLB_D,SUM,1992-01-27T00:00Z,925.0,,0.0,
0-20000-0-11519,RGLB_D,SUM,1992-01-28T00:00Z,4637.0,,0.0,
0-20000-0-11519,RGLB_D,SUM,1992-01-29T00:00Z,4910.0,,0.0,
0-20000-0-11519,RGLB_D,SUM,1992-01-30T00:00Z,2329.0,,0.0,
0-20000-0-11519,RGLB_D,SUM,1992-01-31T00:00Z,5670.0,,0.0,
0-20000-0-11519,RGLB_D,SUM,1992-02-01T00:00Z,2192.0,,0.0,
0-20000-0-11519,RGLB_D,SUM,1992-02-02T00:00Z,4273.0,,0.0,
0-20000-0-11519,RGLB_D,SUM,1992-02-03T00:00Z,1296.0,,0.0,
0-20000-0-11519,RGLB_D,SUM,1992-02-04T00:00Z,1854.0,,0.0,
0-20000-0-11519,RGLB_D,SUM,1992-02-05T00:00Z,2066.0,,0.0,
0-20000-0-11519,RGLB_D,SUM,1992-02-06T00:00Z,1217.0,,0.0,
0-20000-0-11519,RGLB_D,SUM,1992-02-07T00:00Z,1134.0,,0.0,
0-20000-0-11519,RGLB_D,SUM,1992-02-08T00:00Z,3460.0,,0.0,
0-20000-0-11519,RGLB_D,SUM,1992-02-09T00:00Z,2891.0,,0.0,
0-20000-0-11519,RGLB_D,SUM,1992-02-10T00:00Z,3967.0,,0.0,
0-20000-0-11519,RGLB_D,SUM,1992-02-11T00:00Z,3852.0,,0.0,
0-20000-0-11519,RGLB_D,SUM,1992-02-12T00:00Z,3406.0,,0.0,
0-20000-0-11519,RGLB_D,SUM,1992-02-13T00:00Z,5890.0,,0.0,
0-20000-0-11519,RGLB_D,SUM,1992-02-14T00:00Z,5238.0,,0.0,
0-20000-0-11519,RGLB_D,SUM,1992-02-15T00:00Z,3398.0,,0.0,
0-20000-0-11519,RGLB_D,SUM,1992-02-16T00:00Z,6426.0,,0.0,
0-20000-0-11519,RGLB_D,SUM,1992-02-17T00:00Z,3683.0,,0.0,
0-20000-0-11519,RGLB_D,SUM,1992-02-18T00:00Z,6512.0,,0.0,
0-20000-0-11519,RGLB_D,SUM,1992-02-19T00:00Z,4349.0,,0.0,
0-20000-0-11519,RGLB_D,SUM,1992-02-20T00:00Z,7168.0,,0.0,
0-20000-0-11519,RGLB_D,SUM,1992-02-21T00:00Z,1573.0,,0.0,
0-20000-0-11519,RGLB_D,SUM,1992-02-22T00:00Z,2225.0,,0.0,
0-20000-0-11519,RGLB_D,SUM,1992-02-23T00:00Z,1264.0,,0.0,
0-20000-0-11519,RGLB_D,SUM,1992-02-24T00:00Z,10390.0,,0.0,
0-20000-0-11519,RGLB_D,SUM,1992-02-25T00:00Z,8496.0,,0.0,
0-20000-0-11519,RGLB_D,SUM,1992-02-26T00:00Z,6707.0,,0.0,
0-20000-0-11519,RGLB_D,SUM,1992-02-27T00:00Z,7679.0,,0.0,
0-20000-0-11519,RGLB_D,SUM,1992-02-28T00:00Z,7250.0,,0.0,
0-20000-0-11519,RGLB_D,SUM,1992-02-29T00:00Z,9414.0,,0.0,
0-20000-0-11519,RGLB_D,SUM,1992-03-01T00:00Z,8827.0,,0.0,
0-20000-0-11519,RGLB_D,SUM,1992-03-02T00:00Z,8514.0,,0.0,
0-20000-0-11519,RGLB_D,SUM,1992-03-03T00:00Z,6516.0,,0.0,
0-20000-0-11519,RGLB_D,SUM,1992-03-04T00:00Z,12370.0,,0.0,
0-20000-0-11519,RGLB_D,SUM,1992-03-05T00:00Z,12038.0,,0.0,
0-20000-0-11519,RGLB_D,SUM,1992-03-06T00:00Z,6682.0,,0.0,
0-20000-0-11519,RGLB_D,SUM,1992-03-07T00:00Z,1562.0,,0.0,
0-20000-0-11519,RGLB_D,SUM,1992-03-08T00:00Z,12658.0,,0.0,
0-20000-0-11519,RGLB_D,SUM,1992-03-09T00:00Z,12449.0,,0.0,
0-20000-0-11519,RGLB_D,SUM,1992-03-10T00:00Z,13115.0,,0.0,
0-20000-0-11519,RGLB_D,SUM,1992-03-11T00:00Z,9472.0,,0.0,
0-20000-0-11519,RGLB_D,SUM,1992-03-12T00:00Z,6358.0,,0.0,
0-20000-0-11519,RGLB_D,SUM,1992-03-13T00:00Z,4946.0,,0.0,
0-20000-0-11519,RGLB_D,SUM,1992-03-14T00:00Z,12809.0,,0.0,
0-20000-0-11519,RGLB_D,SUM,1992-03-15T00:00Z,9652.0,,0.0,
0-20000-0-11519,RGLB_D,SUM,1992-03-16T00:00Z,9122.0,,0.0,
0-20000-0-11519,RGLB_D,SUM,1992-03-17T00:00Z,11077.0,,0.0,
0-20000-0-11519,RGLB_D,SUM,1992-03-18T00:00Z,6937.0,,0.0,
0-20000-0-11519,RGLB_D,SUM,1992-03-19T00:00Z,13979.0,,0.0,
0-20000-0-11519,RGLB_D,SUM,1992-03-20T00:00Z,3614.0,,0.0,
0-20000-0-11519,RGLB_D,SUM,1992-03-21T00:00Z,7045.0,,0.0,
0-20000-0-11519,RGLB_D,SUM,1992-03-22T00:00Z,7740.0,,0.0,
0-20000-0-11519,RGLB_D,SUM,1992-03-23T00:00Z,9180.0,,0.0,
0-20000-0-11519,RGLB_D,SUM,1992-03-24T00:00Z,1278.0,,0.0,
0-20000-0-11519,RGLB_D,SUM,1992-03-25T00:00Z,5004.0,,0.0,
0-20000-0-11519,RGLB_D,SUM,1992-03-26T00:00Z,6732.0,,0.0,
0-20000-0-11519,RGLB_D,SUM,1992-03-27T00:00Z,3668.0,,0.0,
0-20000-0-11519,RGLB_D,SUM,1992-03-28T00:00Z,8885.0,,0.0,
0-20000-0-11519,RGLB_D,SUM,1992-03-29T00:00Z,9623.0,,0.0,
0-20000-0-11519,RGLB_D,SUM,1992-03-30T00:00Z,16034.0,,0.0,
0-20000-0-11519,RGLB_D,SUM,1992-03-31T00:00Z,13910.0,,0.0,
0-20000-0-11519,RGLB_D,SUM,1992-04-01T00:00Z,7427.0,,0.0,
0-20000-0-11519,RGLB_D,SUM,1992-04-02T00:00Z,14497.0,,0.0,
0-20000-0-11519,RGLB_D,SUM,1992-04-03T00:00Z,10328.0,,0.0,
0-20000-0-11519,RGLB_D,SUM,1992-04-04T00:00Z,9198.0,,0.0,
0-20000-0-11519,RGLB_D,SUM,1992-04-05T00:00Z,2560.0,,0.0,
0-20000-0-11519,RGLB_D,SUM,1992-04-06T00:00Z,13190.0,,0.0,
0-20000-0-11519,RGLB_D,SUM,1992-04-07T00:00Z,17118.0,,0.0,
0-20000-0-11519,RGLB_D,SUM,1992-04-08T00:00Z,10976.0,,0.0,
0-20000-0-11519,RGLB_D,SUM,1992-04-09T00:00Z,16783.0,,0.0,
0-20000-0-11519,RGLB_D,SUM,1992-04-10T00:00Z,18940.0,,0.0,
0-20000-0-11519,RGLB_D,SUM,1992-04-11T00:00Z,17262.0,,0.0,
0-20000-0-11519,RGLB_D,SUM,1992-04-12T00:00Z,15977.0,,0.0,
0-20000-0-11519,RGLB_D,SUM,1992-04-13T00:00Z,9518.0,,0.0,
0-20000-0-11519,RGLB_D,SUM,1992-04-14T00:00Z,13475.0,,0.0,
0-20000-0-11519,RGLB_D,SUM,1992-04-15T00:00Z,10951.0,,0.0,
0-20000-0-11519,RGLB_D,SUM,1992-04-16T00:00Z,12103.0,,0.0,
0-20000-0-11519,RGLB_D,SUM,1992-04-17T00:00Z,13295.0,,0.0,
0-20000-0-11519,RGLB_D,SUM,1992-04-18T00:00Z,15412.0,,0.0,
0-20000-0-11519,RGLB_D,SUM,1992-04-19T00:00Z,11387.0,,0.0,
0-20000-0-11519,RGLB_D,SUM,1992-04-20T00:00Z,17237.0,,0.0,
0-20000-0-11519,RGLB_D,SUM,1992-04-21T00:00Z,21834.0,,0.0,
0-20000-0-11519,RGLB_D,SUM,1992-04-22T00:00Z,16016.0,,0.0,
0-20000-0-11519,RGLB_D,SUM,1992-04-23T00:00Z,8068.0,,0.0,
0-20000-0-11519,RGLB_D,SUM,1992-04-24T00:00Z,15685.0,,0.0,
0-20000-0-11519,RGLB_D,SUM,1992-04-25T00:00Z,21899.0,,0.0,
0-20000-0-11519,RGLB_D,SUM,1992-04-26T00:00Z,14040.0,,0.0,
0-20000-0-11519,RGLB_D,SUM,1992-04-27T00:00Z,7708.0,,0.0,
0-20000-0-11519,RGLB_D,SUM,1992-04-28T00:00Z,19714.0,,0.0,
0-20000-0-11519,RGLB_D,SUM,1992-04-29T00:00Z,6055.0,,0.0,
0-20000-0-11519,RGLB_D,SUM,1992-04-30T00:00Z,14202.0,,0.0,
0-20000-0-11519,RGLB_D,SUM,1992-05-01T00:00Z,18050.0,,0.0,
0-20000-0-11519,RGLB_D,SUM,1992-05-02T00:00Z,14461.0,,0.0,
0-20000-0-11519,RGLB_D,SUM,1992-05-03T00:00Z,10382.0,,0.0,
0-20000-0-11519,RGLB_D,SUM,1992-05-04T00:00Z,19721.0,,0.0,
0-20000-0-11519,RGLB_D,SUM,1992-05-05T00:00Z,24214.0,,0.0,
0-20000-0-11519,RGLB_D,SUM,1992-05-06T00:00Z,23494.0,,0.0,
0-20000-0-11519,RGLB_D,SUM,1992-05-07T00:00Z,10570.0,,0.0,
0-20000-0-11519,RGLB_D,SUM,1992-05-08T00:00Z,15286.0,,0.0,
0-20000-0-11519,RGLB_D,SUM,1992-05-09T00:00Z,10966.0,,0.0,
0-20000-0-11519,RGLB_D,SUM,1992-05-10T00:00Z,15109.0,,0.0,
0-20000-0-11519,RGLB_D,SUM,1992-05-11T00:00Z,9788.0,,0.0,
0-20000-0-11519,RGLB_D,SUM,1992-05-12T00:00Z,23173.0,,0.0,
0-20000-0-11519,RGLB_D,SUM,1992-05-13T00:00Z,25610.0,,0.0,
0-20000-0-11519,RGLB_D,SUM,1992-05-14T00:00Z,25081.0,,0.0,
0-20000-0-11519,RGLB_D,SUM,1992-05-15T00:00Z,25567.0,,0.0,
0-20000-0-11519,RGLB_D,SUM,1992-05-16T00:00Z,26237.0,,0.0,
0-20000-0-11519,RGLB_D,SUM,1992-05-17T00:00Z,18320.0,,0.0,
0-20000-0-11519,RGLB_D,SUM,1992-05-18T00:00Z,27079.0,,0.0,
0-20000-0-11519,RGLB_D,SUM,1992-05-19T00:00Z,19886.0,,0.0,
0-20000-0-11519,RGLB_D,SUM,1992-05-20T00:00Z,21193.0,,0.0,
0-20000-0-11519,RGLB_D,SUM,1992-05-21T00:00Z,21758.0,,0.0,
0-20000-0-11519,RGLB_D,SUM,1992-05-22T00:00Z,25186.0,,0.0,
0-20000-0-11519,RGLB_D,SUM,1992-05-23T00:00Z,20650.0,,0.0,
0-20000-0-11519,RGLB_D,SUM,1992-05-24T00:00Z,26262.0,,0.0,
0-20000-0-11519,RGLB_D,SUM,1992-05-25T00:00Z,27328.0,,0.0,
0-20000-0-11519,RGLB_D,SUM,1992-05-26T00:00Z,27536.0,,0.0,
0-20000-0-11519,RGLB_D,SUM,1992-05-27T00:00Z,25780.0,,0.0,
0-20000-0-11519,RGLB_D,SUM,1992-05-28T00:00Z,27947.0,,0.0,
0-20000-0-11519,RGLB_D,SUM,1992-05-29T00:00Z,20358.0,,0.0,
0-20000-0-11519,RGLB_D,SUM,1992-05-30T00:00Z,21240.0,,0.0,
0-20000-0-11519,RGLB_D,SUM,1992-05-31T00:00Z,25992.0,,0.0,
0-20000-0-11519,RGLB_D,SUM,1992-06-01T00:00Z,19084.0,,0.0,
0-20000-0-11519,RGLB_D,SUM,1992-06-02T00:00Z,18976.0,,0.0,
0-20000-0-11519,RGLB_D,SUM,1992-06-03T00:00Z,14645.0,,0.0,
0-20000-0-11519,RGLB_D,SUM,1992-06-04T00:00Z,13540.0,,0.0,
0-20000-0-11519,RGLB_D,SUM,1992-06-05T00:00Z,22252.0,,0.0,
0-20000-0-11519,RGLB_D,SUM,1992-06-06T00:00Z,10796.0,,0.0,
0-20000-0-11519,RGLB_D,SUM,1992-06-07T00:00Z,14285.0,,0.0,
0-20000-0-11519,RGLB_D,SUM,1992-06-08T00:00Z,11099.0,,0.0,
0-20000-0-11519,RGLB_D,SUM,1992-06-09T00:00Z,14688.0,,0.0,
0-20000-0-11519,RGLB_D,SUM,1992-06-10T00:00Z,23850.0,,0.0,
0-20000-0-11519,RGLB_D,SUM,1992-06-11T00:00Z,22349.0,,0.0,
0-20000-0-11519,RGLB_D,SUM,1992-06-12T00:00Z,13640.0,,0.0,
0-20000-0-11519,RGLB_D,SUM,1992-06-13T00:00Z,21686.0,,0.0,
0-20000-0-11519,RGLB_D,SUM,1992-06-14T00:00Z,26784.0,,0.0,
0-20000-0-11519,RGLB_D,SUM,1992-06-15T00:00Z,17370.0,,0.0,
0-20000-0-11519,RGLB_D,SUM,1992-06-16T00:00Z,17734.0,,0.0,
0-20000-0-11519,RGLB_D,SUM,1992-06-17T00:00Z,17514.0,,0.0,
0-20000-0-11519,RGLB_D,SUM,1992-06-18T00:00Z,22489.0,,0.0,
0-20000-0-11519,RGLB_D,SUM,1992-06-19T00:00Z,21272.0,,0.0,
0-20000-0-11519,RGLB_D,SUM,1992-06-20T00:00Z,21971.0,,0.0,
0-20000-0-11519,RGLB_D,SUM,1992-06-21T00:00Z,19386.0,,0.0,
0-20000-0-11519,RGLB_D,SUM,1992-06-22T00:00Z,20225.0,,0.0,
0-20000-0-11519,RGLB_D,SUM,1992-06-23T00:00Z,12438.0,,0.0,
0-20000-0-11519,RGLB_D,SUM,1992-06-24T00:00Z,8003.0,,0.0,
0-20000-0-11519,RGLB_D,SUM,1992-06-25T00:00Z,15329.0,,0.0,
0-20000-0-11519,RGLB_D,SUM,1992-06-26T00:00Z,26636.0,,0.0,
0-20000-0-11519,RGLB_D,SUM,1992-06-27T00:00Z,25196.0,,0.0,
0-20000-0-11519,RGLB_D,SUM,1992-06-28T00:00Z,27731.0,,0.0,
0-20000-0-11519,RGLB_D,SUM,1992-06-29T00:00Z,27122.0,,0.0,
0-20000-0-11519,RGLB_D,SUM,1992-06-30T00:00Z,28361.0,,0.0,
0-20000-0-11519,RGLB_D,SUM,1992-07-01T00:00Z,27338.0,,0.0,
0-20000-0-11519,RGLB_D,SUM,1992-07-02T00:00Z,19613.0,,0.0,
0-20000-0-11519,RGLB_D,SUM,1992-07-03T00:00Z,20898.0,,0.0,
0-20000-0-11519,RGLB_D,SUM,1992-07-04T00:00Z,16121.0,,0.0,
0-20000-0-11519,RGLB_D,SUM,1992-07-05T00:00Z,5983.0,,0.0,
0-20000-0-11519,RGLB_D,SUM,1992-07-06T00:00Z,7715.0,,0.0,
0-20000-0-11519,RGLB_D,SUM,1992-07-07T00:00Z,5296.0,,0.0,
0-20000-0-11519,RGLB_D,SUM,1992-07-08T00:00Z,27385.0,,0.0,
0-20000-0-11519,RGLB_D,SUM,1992-07-09T00:00Z,28890.0,,0.0,
0-20000-0-11519,RGLB_D,SUM,1992-07-10T00:00Z,17651.0,,0.0,
0-20000-0-11519,RGLB_D,SUM,1992-07-11T00:00Z,8719.0,,0.0,
0-20000-0-11519,RGLB_D,SUM,1992-07-12T00:00Z,14454.0,,0.0,
0-20000-0-11519,RGLB_D,SUM,1992-07-13T00:00Z,19868.0,,0.0,
0-20000-0-11519,RGLB_D,SUM,1992-07-14T00:00Z,15710.0,,0.0,
0-20000-0-11519,RGLB_D,SUM,1992-07-15T00:00Z,22338.0,,0.0,
0-20000-0-11519,RGLB_D,SUM,1992-07-16T00:00Z,22630.0,,0.0,
0-20000-0-11519,RGLB_D,SUM,1992-07-17T00:00Z,25625.0,,0.0,
0-20000-0-11519,RGLB_D,SUM,1992-07-18T00:00Z,18774.0,,0.0,
0-20000-0-11519,RGLB_D,SUM,1992-07-19T00:00Z,23080.0,,0.0,
0-20000-0-11519,RGLB_D,SUM,1992-07-20T00:00Z,26320.0,,0.0,
0-20000-0-11519,RGLB_D,SUM,1992-07-21T00:00Z,25585.0,,0.0,
0-20000-0-11519,RGLB_D,SUM,1992-07-22T00:00Z,12892.0,,0.0,
0-20000-0-11519,RGLB_D,SUM,1992-07-23T00:00Z,18641.0,,0.0,
0-20000-0-11519,RGLB_D,SUM,1992-07-24T00:00Z,26309.0,,0.0,
0-20000-0-11519,RGLB_D,SUM,1992-07-25T00:00Z,19339.0,,0.0,
0-20000-0-11519,RGLB_D,SUM,1992-07-26T00:00Z,22835.0,,0.0,
0-20000-0-11519,RGLB_D,SUM,1992-07-27T00:00Z,23400.0,,0.0,
0-20000-0-11519,RGLB_D,SUM,1992-07-28T00:00Z,24725.0,,0.0,
0-20000-0-11519,RGLB_D,SUM,1992-07-29T00:00Z,24660.0,,0.0,
0-20000-0-11519,RGLB_D,SUM,1992-07-30T00:00Z,22907.0,,0.0,
0-20000-0-11519,RGLB_D,SUM,1992-07-31T00:00Z,8381.0,,0.0,
0-20000-0-11519,RGLB_D,SUM,1992-08-01T00:00Z,16830.0,,0.0,
0-20000-0-11519,RGLB_D,SUM,1992-08-02T00:00Z,19163.0,,0.0,
0-20000-0-11519,RGLB_D,SUM,1992-08-03T00:00Z,19768.0,,0.0,
0-20000-0-11519,RGLB_D,SUM,1992-08-04T00:00Z,14569.0,,0.0,
0-20000-0-11519,RGLB_D,SUM,1992-08-05T00:00Z,24944.0,,0.0,
0-20000-0-11519,RGLB_D,SUM,1992-08-06T00:00Z,24412.0,,0.0,
0-20000-0-11519,RGLB_D,SUM,1992-08-07T00:00Z,22482.0,,0.0,
0-20000-0-11519,RGLB_D,SUM,1992-08-08T00:00Z,22122.0,,0.0,
0-20000-0-11519,RGLB_D,SUM,1992-08-09T00:00Z,23098.0,,0.0,
0-20000-0-11519,RGLB_D,SUM,1992-08-10T00:00Z,20459.0,,0.0,
0-20000-0-11519,RGLB_D,SUM,1992-08-11T00:00Z,17568.0,,0.0,
0-20000-0-11519,RGLB_D,SUM,1992-08-12T00:00Z,20311.0,,0.0,
0-20000-0-11519,RGLB_D,SUM,1992-08-13T00:00Z,7873.0,,0.0,
0-20000-0-11519,RGLB_D,SUM,1992-08-14T00:00Z,5011.0,,0.0,
0-20000-0-11519,RGLB_D,SUM,1992-08-15T00:00Z,12301.0,,0.0,
0-20000-0-11519,RGLB_D,SUM,1992-08-16T00:00Z,20488.0,,0.0,
0-20000-0-11519,RGLB_D,SUM,1992-08-17T00:00Z,16582.0,,0.0,
0-20000-0-11519,RGLB_D,SUM,1992-08-18T00:00Z,13712.0,,0.0,
0-20000-0-11519,RGLB_D,SUM,1992-08-19T00:00Z,19368.0,,0.0,
0-20000-0-11519,RGLB_D,SUM,1992-08-20T00:00Z,14353.0,,0.0,
0-20000-0-11519,RGLB_D,SUM,1992-08-21T00:00Z,19858.0,,0.0,
0-20000-0-11519,RGLB_D,SUM,1992-08-22T00:00Z,14342.0,,0.0,
0-20000-0-11519,RGLB_D,SUM,1992-08-23T00:00Z,12499.0,,0.0,
0-20000-0-11519,RGLB_D,SUM,1992-08-24T00:00Z,17834.0,,0.0,
0-20000-0-11519,RGLB_D,SUM,1992-08-25T00:00Z,20164.0,,0.0,
0-20000-0-11519,RGLB_D,SUM,1992-08-26T00:00Z,14130.0,,0.0,
0-20000-0-11519,RGLB_D,SUM,1992-08-27T00:00Z,19836.0,,0.0,
0-20000-0-11519,RGLB_D,SUM,1992-08-28T00:00Z,19627.0,,0.0,
0-20000-0-11519,RGLB_D,SUM,1992-08-29T00:00Z,19346.0,,0.0,
0-20000-0-11519,RGLB_D,SUM,1992-08-30T00:00Z,13669.0,,0.0,
0-20000-0-11519,RGLB_D,SUM,1992-08-31T00:00Z,17651.0,,0.0,
0-20000-0-11519,RGLB_D,SUM,1992-09-01T00:00Z,6080.0,,0.0,
0-20000-0-11519,RGLB_D,SUM,1992-09-02T00:00Z,16866.0,,0.0,
0-20000-0-11519,RGLB_D,SUM,1992-09-03T00:00Z,7290.0,,0.0,
0-20000-0-11519,RGLB_D,SUM,1992-09-04T00:00Z,10811.0,,0.0,
0-20000-0-11519,RGLB_D,SUM,1992-09-05T00:00Z,4712.0,,0.0,
0-20000-0-11519,RGLB_D,SUM,1992-09-06T00:00Z,12355.0,,0.0,
0-20000-0-11519,RGLB_D,SUM,1992-09-07T00:00Z,15984.0,,0.0,
0-20000-0-11519,RGLB_D,SUM,1992-09-08T00:00Z,12726.0,,0.0,
0-20000-0-11519,RGLB_D,SUM,1992-09-09T00:00Z,17233.0,,0.0,
0-20000-0-11519,RGLB_D,SUM,1992-09-10T00:00Z,17449.0,,0.0,
0-20000-0-11519,RGLB_D,SUM,1992-09-11T00:00Z,15592.0,,0.0,
0-20000-0-11519,RGLB_D,SUM,1992-09-12T00:00Z,13111.0,,0.0,
0-20000-0-11519,RGLB_D,SUM,1992-09-13T00:00Z,13410.0,,0.0,
0-20000-0-11519,RGLB_D,SUM,1992-09-14T00:00Z,3402.0,,0.0,
0-20000-0-11519,RGLB_D,SUM,1992-09-15T00:00Z,11279.0,,0.0,
0-20000-0-11519,RGLB_D,SUM,1992-09-16T00:00Z,8086.0,,0.0,
0-20000-0-11519,RGLB_D,SUM,1992-09-17T00:00Z,16110.0,,0.0,
0-20000-0-11519,RGLB_D,SUM,1992-09-18T00:00Z,16200.0,,0.0,
0-20000-0-11519,RGLB_D,SUM,1992-09-19T00:00Z,15905.0,,0.0,
0-20000-0-11519,RGLB_D,SUM,1992-09-20T00:00Z,15062.0,,0.0,
0-20000-0-11519,RGLB_D,SUM,1992-09-21T00:00Z,14094.0,,0.0,
0-20000-0-11519,RGLB_D,SUM,1992-09-22T00:00Z,14915.0,,0.0,
0-20000-0-11519,RGLB_D,SUM,1992-09-23T00:00Z,13298.0,,0.0,
0-20000-0-11519,RGLB_D,SUM,1992-09-24T00:00Z,6232.0,,0.0,
0-20000-0-11519,RGLB_D,SUM,1992-09-25T00:00Z,10696.0,,0.0,
0-20000-0-11519,RGLB_D,SUM,1992-09-26T00:00Z,14126.0,,0.0,
0-20000-0-11519,RGLB_D,SUM,1992-09-27T00:00Z,14072.0,,0.0,
0-20000-0-11519,RGLB_D,SUM,1992-09-28T00:00Z,13399.0,,0.0,
0-20000-0-11519,RGLB_D,SUM,1992-09-29T00:00Z,7985.0,,0.0,
0-20000-0-11519,RGLB_D,SUM,1992-09-30T00:00Z,6538.0,,0.0,
0-20000-0-11519,RGLB_D,SUM,1992-10-01T00:00Z,5659.0,,0.0,
0-20000-0-11519,RGLB_D,SUM,1992-10-02T00:00Z,6214.0,,0.0,
0-20000-0-11519,RGLB_D,SUM,1992-10-03T00:00Z,11282.0,,0.0,
0-20000-0-11519,RGLB_D,SUM,1992-10-04T00:00Z,7661.0,,0.0,
0-20000-0-11519,RGLB_D,SUM,1992-10-05T00:00Z,3611.0,,0.0,
0-20000-0-11519,RGLB_D,SUM,1992-10-06T00:00Z,12269.0,,0.0,
0-20000-0-11519,RGLB_D,SUM,1992-10-07T00:00Z,2761.0,,0.0,
0-20000-0-11519,RGLB_D,SUM,1992-10-08T00:00Z,7477.0,,0.0,
0-20000-0-11519,RGLB_D,SUM,1992-10-09T00:00Z,1566.0,,0.0,
0-20000-0-11519,RGLB_D,SUM,1992-10-10T00:00Z,8813.0,,0.0,
0-20000-0-11519,RGLB_D,SUM,1992-10-11T00:00Z,11452.0,,0.0,
0-20000-0-11519,RGLB_D,SUM,1992-10-12T00:00Z,12204.0,,0.0,
0-20000-0-11519,RGLB_D,SUM,1992-10-13T00:00Z,11272.0,,0.0,
0-20000-0-11519,RGLB_D,SUM,1992-10-14T00:00Z,10804.0,,0.0,
0-20000-0-11519,RGLB_D,SUM,1992-10-15T00:00Z,8831.0,,0.0,
0-20000-0-11519,RGLB_D,SUM,1992-10-16T00:00Z,6793.0,,0.0,
0-20000-0-11519,RGLB_D,SUM,1992-10-17T00:00Z,1339.0,,0.0,
0-20000-0-11519,RGLB_D,SUM,1992-10-18T00:00Z,2999.0,,0.0,
0-20000-0-11519,RGLB_D,SUM,1992-10-19T00:00Z,10062.0,,0.0,
0-20000-0-11519,RGLB_D,SUM,1992-10-20T00:00Z,8834.0,,0.0,
0-20000-0-11519,RGLB_D,SUM,1992-10-21T00:00Z,3287.0,,0.0,
0-20000-0-11519,RGLB_D,SUM,1992-10-22T00:00Z,4331.0,,0.0,
0-20000-0-11519,RGLB_D,SUM,1992-10-23T00:00Z,5656.0,,0.0,
0-20000-0-11519,RGLB_D,SUM,1992-10-24T00:00Z,3229.0,,0.0,
0-20000-0-11519,RGLB_D,SUM,1992-10-25T00:00Z,4619.0,,0.0,
0-20000-0-11519,RGLB_D,SUM,1992-10-26T00:00Z,1883.0,,0.0,
0-20000-0-11519,RGLB_D,SUM,1992-10-27T00:00Z,4266.0,,0.0,
0-20000-0-11519,RGLB_D,SUM,1992-10-28T00:00Z,4180.0,,0.0,
0-20000-0-11519,RGLB_D,SUM,1992-10-29T00:00Z,2174.0,,0.0,
0-20000-0-11519,RGLB_D,SUM,1992-10-30T00:00Z,6800.0,,0.0,
0-20000-0-11519,RGLB_D,SUM,1992-10-31T00:00Z,846.0,,0.0,
0-20000-0-11519,RGLB_D,SUM,1992-11-01T00:00Z,2930.0,,0.0,
0-20000-0-11519,RGLB_D,SUM,1992-11-02T00:00Z,1192.0,,0.0,
0-20000-0-11519,RGLB_D,SUM,1992-11-03T00:00Z,3715.0,,0.0,
0-20000-0-11519,RGLB_D,SUM,1992-11-04T00:00Z,2470.0,,0.0,
0-20000-0-11519,RGLB_D,SUM,1992-11-05T00:00Z,2272.0,,0.0,
0-20000-0-11519,RGLB_D,SUM,1992-11-06T00:00Z,6095.0,,0.0,
0-20000-0-11519,RGLB_D,SUM,1992-11-07T00:00Z,6772.0,,0.0,
0-20000-0-11519,RGLB_D,SUM,1992-11-08T00:00Z,3805.0,,0.0,
0-20000-0-11519,RGLB_D,SUM,1992-11-09T00:00Z,5497.0,,0.0,
0-20000-0-11519,RGLB_D,SUM,1992-11-10T00:00Z,2909.0,,0.0,
0-20000-0-11519,RGLB_D,SUM,1992-11-11T00:00Z,2052.0,,0.0,
0-20000-0-11519,RGLB_D,SUM,1992-11-12T00:00Z,3589.0,,0.0,
0-20000-0-11519,RGLB_D,SUM,1992-11-13T00:00Z,4997.0,,0.0,
0-20000-0-11519,RGLB_D,SUM,1992-11-14T00:00Z,3985.0,,0.0,
0-20000-0-11519,RGLB_D,SUM,1992-11-15T00:00Z,3053.0,,0.0,
0-20000-0-11519,RGLB_D,SUM,1992-11-16T00:00Z,1058.0,,0.0,
0-20000-0-11519,RGLB_D,SUM,1992-11-17T00:00Z,2632.0,,0.0,
0-20000-0-11519,RGLB_D,SUM,1992-11-18T00:00Z,2380.0,,0.0,
0-20000-0-11519,RGLB_D,SUM,1992-11-19T00:00Z,2887.0,,0.0,
0-20000-0-11519,RGLB_D,SUM,1992-11-20T00:00Z,3964.0,,0.0,
0-20000-0-11519,RGLB_D,SUM,1992-11-21T00:00Z,3917.0,,0.0,
0-20000-0-11519,RGLB_D,SUM,1992-11-22T00:00Z,752.0,,0.0,
0-20000-0-11519,RGLB_D,SUM,1992-11-23T00:00Z,612.0,,0.0,
0-20000-0-11519,RGLB_D,SUM,1992-11-24T00:00Z,1584.0,,0.0,
0-20000-0-11519,RGLB_D,SUM,1992-11-25T00:00Z,1066.0,,0.0,
0-20000-0-11519,RGLB_D,SUM,1992-11-26T00:00Z,2164.0,,0.0,
0-20000-0-11519,RGLB_D,SUM,1992-11-27T00:00Z,3571.0,,0.0,
0-20000-0-11519,RGLB_D,SUM,1992-11-28T00:00Z,2585.0,,0.0,
0-20000-0-11519,RGLB_D,SUM,1992-11-29T00:00Z,3269.0,,0.0,
0-20000-0-11519,RGLB_D,SUM,1992-11-30T00:00Z,1166.0,,0.0,
0-20000-0-11519,RGLB_D,SUM,1992-12-01T00:00Z,1411.0,,0.0,
0-20000-0-11519,RGLB_D,SUM,1992-12-02T00:00Z,2761.0,,0.0,
0-20000-0-11519,RGLB_D,SUM,1992-12-03T00:00Z,886.0,,0.0,
0-20000-0-11519,RGLB_D,SUM,1992-12-04T00:00Z,3222.0,,0.0,
0-20000-0-11519,RGLB_D,SUM,1992-12-05T00:00Z,706.0,,0.0,
0-20000-0-11519,RGLB_D,SUM,1992-12-06T00:00Z,2102.0,,0.0,
0-20000-0-11519,RGLB_D,SUM,1992-12-07T00:00Z,3910.0,,0.0,
0-20000-0-11519,RGLB_D,SUM,1992-12-08T00:00Z,331.0,,0.0,
0-20000-0-11519,RGLB_D,SUM,1992-12-09T00:00Z,475.0,,0.0,
0-20000-0-11519,RGLB_D,SUM,1992-12-10T00:00Z,1055.0,,0.0,
0-20000-0-11519,RGLB_D,SUM,1992-12-11T00:00Z,691.0,,0.0,
0-20000-0-11519,RGLB_D,SUM,1992-12-12T00:00Z,1159.0,,0.0,
0-20000-0-11519,RGLB_D,SUM,1992-12-13T00:00Z,1372.0,,0.0,
0-20000-0-11519,RGLB_D,SUM,1992-12-14T00:00Z,598.0,,0.0,
0-20000-0-11519,RGLB_D,SUM,1992-12-15T00:00Z,4014.0,,0.0,
0-20000-0-11519,RGLB_D,SUM,1992-12-16T00:00Z,493.0,,0.0,
0-20000-0-11519,RGLB_D,SUM,1992-12-17T00:00Z,583.0,,0.0,
0-20000-0-11519,RGLB_D,SUM,1992-12-18T00:00Z,637.0,,0.0,
0-20000-0-11519,RGLB_D,SUM,1992-12-19T00:00Z,918.0,,0.0,
0-20000-0-11519,RGLB_D,SUM,1992-12-20T00:00Z,1786.0,,0.0,
0-20000-0-11519,RGLB_D,SUM,1992-12-21T00:00Z,662.0,,0.0,
0-20000-0-11519,RGLB_D,SUM,1992-12-22T00:00Z,1271.0,,0.0,
0-20000-0-11519,RGLB_D,SUM,1992-12-23T00:00Z,2408.0,,0.0,
0-20000-0-11519,RGLB_D,SUM,1992-12-24T00:00Z,3812.0,,0.0,
0-20000-0-11519,RGLB_D,SUM,1992-12-25T00:00Z,3478.0,,0.0,
0-20000-0-11519,RGLB_D,SUM,1992-12-26T00:00Z,3690.0,,0.0,
0-20000-0-11519,RGLB_D,SUM,1992-12-27T00:00Z,1912.0,,0.0,
0-20000-0-11519,RGLB_D,SUM,1992-12-28T00:00Z,4126.0,,0.0,
0-20000-0-11519,RGLB_D,SUM,1992-12-29T00:00Z,3830.0,,0.0,
0-20000-0-11519,RGLB_D,SUM,1992-12-30T00:00Z,828.0,,0.0,
0-20000-0-11519,RGLB_D,SUM,1992-12-31T00:00Z,2772.0,,0.0,
0-20000-0-11519,RGLB_D,SUM,1993-01-01T00:00Z,3013.0,,0.0,
0-20000-0-11519,RGLB_D,SUM,1993-01-02T00:00Z,4478.0,,0.0,
0-20000-0-11519,RGLB_D,SUM,1993-01-03T00:00Z,3841.0,,0.0,
0-20000-0-11519,RGLB_D,SUM,1993-01-04T00:00Z,4068.0,,0.0,
0-20000-0-11519,RGLB_D,SUM,1993-01-05T00:00Z,4406.0,,0.0,
0-20000-0-11519,RGLB_D,SUM,1993-01-06T00:00Z,1044.0,,0.0,
0-20000-0-11519,RGLB_D,SUM,1993-01-07T00:00Z,907.0,,0.0,
0-20000-0-11519,RGLB_D,SUM,1993-01-08T00:00Z,1246.0,,0.0,
0-20000-0-11519,RGLB_D,SUM,1993-01-09T00:00Z,4327.0,,0.0,
0-20000-0-11519,RGLB_D,SUM,1993-01-10T00:00Z,2016.0,,0.0,
0-20000-0-11519,RGLB_D,SUM,1993-01-11T00:00Z,1476.0,,0.0,
0-20000-0-11519,RGLB_D,SUM,1993-01-12T00:00Z,2621.0,,0.0,
0-20000-0-11519,RGLB_D,SUM,1993-01-13T00:00Z,4219.0,,0.0,
0-20000-0-11519,RGLB_D,SUM,1993-01-14T00:00Z,3614.0,,0.0,
0-20000-0-11519,RGLB_D,SUM,1993-01-15T00:00Z,3920.0,,0.0,
0-20000-0-11519,RGLB_D,SUM,1993-01-16T00:00Z,3326.0,,0.0,
0-20000-0-11519,RGLB_D,SUM,1993-01-17T00:00Z,4993.0,,0.0,
0-20000-0-11519,RGLB_D,SUM,1993-01-18T00:00Z,2923.0,,0.0,
0-20000-0-11519,RGLB_D,SUM,1993-01-19T00:00Z,2642.0,,0.0,
0-20000-0-11519,RGLB_D,SUM,1993-01-20T00:00Z,1534.0,,0.0,
0-20000-0-11519,RGLB_D,SUM,1993-01-21T00:00Z,2484.0,,0.0,
0-20000-0-11519,RGLB_D,SUM,1993-01-22T00:00Z,1998.0,,0.0,
0-20000-0-11519,RGLB_D,SUM,1993-01-23T00:00Z,3467.0,,0.0,
0-20000-0-11519,RGLB_D,SUM,1993-01-24T00:00Z,2898.0,,0.0,
0-20000-0-11519,RGLB_D,SUM,1993-01-25T00:00Z,3445.0,,0.0,
0-20000-0-11519,RGLB_D,SUM,1993-01-26T00:00Z,4410.0,,0.0,
0-20000-0-11519,RGLB_D,SUM,1993-01-27T00:00Z,3197.0,,0.0,
0-20000-0-11519,RGLB_D,SUM,1993-01-28T00:00Z,4831.0,,0.0,
0-20000-0-11519,RGLB_D,SUM,1993-01-29T00:00Z,2560.0,,0.0,
0-20000-0-11519,RGLB_D,SUM,1993-01-30T00:00Z,6682.0,,0.0,
0-20000-0-11519,RGLB_D,SUM,1993-01-31T00:00Z,5915.0,,0.0,
0-20000-0-11519,RGLB_D,SUM,1993-02-01T00:00Z,5893.0,,0.0,
0-20000-0-11519,RGLB_D,SUM,1993-02-02T00:00Z,6192.0,,0.0,
0-20000-0-11519,RGLB_D,SUM,1993-02-03T00:00Z,6196.0,,0.0,
0-20000-0-11519,RGLB_D,SUM,1993-02-04T00:00Z,5569.0,,0.0,
0-20000-0-11519,RGLB_D,SUM,1993-02-05T00:00Z,6502.0,,0.0,
0-20000-0-11519,RGLB_D,SUM,1993-02-06T00:00Z,1786.0,,0.0,
0-20000-0-11519,RGLB_D,SUM,1993-02-07T00:00Z,2351.0,,0.0,
0-20000-0-11519,RGLB_D,SUM,1993-02-08T00:00Z,2624.0,,0.0,
0-20000-0-11519,RGLB_D,SUM,1993-02-09T00:00Z,1436.0,,0.0,
0-20000-0-11519,RGLB_D,SUM,1993-02-10T00:00Z,3276.0,,0.0,
0-20000-0-11519,RGLB_D,SUM,1993-02-11T00:00Z,2264.0,,0.0,
0-20000-0-11519,RGLB_D,SUM,1993-02-12T00:00Z,2848.0,,0.0,
0-20000-0-11519,RGLB_D,SUM,1993-02-13T00:00Z,1220.0,,0.0,
0-20000-0-11519,RGLB_D,SUM,1993-02-14T00:00Z,2322.0,,0.0,
0-20000-0-11519,RGLB_D,SUM,1993-02-15T00:00Z,2052.0,,0.0,
0-20000-0-11519,RGLB_D,SUM,1993-02-16T00:00Z,5962.0,,0.0,
0-20000-0-11519,RGLB_D,SUM,1993-02-17T00:00Z,1490.0,,0.0,
0-20000-0-11519,RGLB_D,SUM,1993-02-18T00:00Z,5184.0,,0.0,
0-20000-0-11519,RGLB_D,SUM,1993-02-19T00:00Z,5386.0,,0.0,
0-20000-0-11519,RGLB_D,SUM,1993-02-20T00:00Z,8330.0,,0.0,
0-20000-0-11519,RGLB_D,SUM,1993-02-21T00:00Z,5623.0,,0.0,
0-20000-0-11519,RGLB_D,SUM,1993-02-22T00:00Z,8788.0,,0.0,
0-20000-0-11519,RGLB_D,SUM,1993-02-23T00:00Z,8154.0,,0.0,
0-20000-0-11519,RGLB_D,SUM,1993-02-24T00:00Z,2743.0,,0.0,
0-20000-0-11519,RGLB_D,SUM,1993-02-25T00:00Z,1976.0,,0.0,
0-20000-0-11519,RGLB_D,SUM,1993-02-26T00:00Z,7873.0,,0.0,
0-20000-0-11519,RGLB_D,SUM,1993-02-27T00:00Z,11012.0,,0.0,
0-20000-0-11519,RGLB_D,SUM,1993-02-28T00:00Z,10307.0,,0.0,
0-20000-0-11519,RGLB_D,SUM,1993-03-01T00:00Z,10523.0,,0.0,
0-20000-0-11519,RGLB_D,SUM,1993-03-02T00:00Z,10598.0,,0.0,
0-20000-0-11519,RGLB_D,SUM,1993-03-03T00:00Z,10465.0,,0.0,
0-20000-0-11519,RGLB_D,SUM,1993-03-04T00:00Z,6761.0,,0.0,
0-20000-0-11519,RGLB_D,SUM,1993-03-05T00:00Z,11102.0,,0.0,
0-20000-0-11519,RGLB_D,SUM,1993-03-06T00:00Z,3553.0,,0.0,
0-20000-0-11519,RGLB_D,SUM,1993-03-07T00:00Z,8212.0,,0.0,
0-20000-0-11519,RGLB_D,SUM,1993-03-08T00:00Z,7578.0,,0.0,
0-20000-0-11519,RGLB_D,SUM,1993-03-09T00:00Z,12949.0,,0.0,
0-20000-0-11519,RGLB_D,SUM,1993-03-10T00:00Z,12758.0,,0.0,
0-20000-0-11519,RGLB_D,SUM,1993-03-11T00:00Z,8158.0,,0.0,
0-20000-0-11519,RGLB_D,SUM,1993-03-12T00:00Z,11808.0,,0.0,
0-20000-0-11519,RGLB_D,SUM,1993-03-13T00:00Z,12773.0,,0.0,
0-20000-0-11519,RGLB_D,SUM,1993-03-14T00:00Z,12035.0,,0.0,
0-20000-0-11519,RGLB_D,SUM,1993-03-15T00:00Z,7607.0,,0.0,
0-20000-0-11519,RGLB_D,SUM,1993-03-16T00:00Z,12776.0,,0.0,
0-20000-0-11519,RGLB_D,SUM,1993-03-17T00:00Z,3204.0,,0.0,
0-20000-0-11519,RGLB_D,SUM,1993-03-18T00:00Z,10534.0,,0.0,
0-20000-0-11519,RGLB_D,SUM,1993-03-19T00:00Z,15923.0,,0.0,
0-20000-0-11519,RGLB_D,SUM,1993-03-20T00:00Z,14310.0,,0.0,
0-20000-0-11519,RGLB_D,SUM,1993-03-21T00:00Z,13568.0,,0.0,
0-20000-0-11519,RGLB_D,SUM,1993-03-22T00:00Z,8417.0,,0.0,
0-20000-0-11519,RGLB_D,SUM,1993-03-23T00:00Z,4410.0,,0.0,
0-20000-0-11519,RGLB_D,SUM,1993-03-24T00:00Z,8057.0,,0.0,
0-20000-0-11519,RGLB_D,SUM,1993-03-25T00:00Z,10804.0,,0.0,
0-20000-0-11519,RGLB_D,SUM,1993-03-26T00:00Z,10843.0,,0.0,
0-20000-0-11519,RGLB_D,SUM,1993-03-27T00:00Z,9565.0,,0.0,
0-20000-0-11519,RGLB_D,SUM,1993-03-28T00:00Z,7949.0,,0.0,
0-20000-0-11519,RGLB_D,SUM,1993-03-29T00:00Z,7938.0,,0.0,
0-20000-0-11519,RGLB_D,SUM,1993-03-30T00:00Z,11095.0,,0.0,
0-20000-0-11519,RGLB_D,SUM,1993-03-31T00:00Z,14231.0,,0.0,
0-20000-0-11519,RGLB_D,SUM,1993-04-01T00:00Z,15401.0,,0.0,
0-20000-0-11519,RGLB_D,SUM,1993-04-02T00:00Z,17417.0,,0.0,
0-20000-0-11519,RGLB_D,SUM,1993-04-03T00:00Z,13723.0,,0.0,
0-20000-0-11519,RGLB_D,SUM,1993-04-04T00:00Z,12186.0,,0.0,
0-20000-0-11519,RGLB_D,SUM,1993-04-05T00:00Z,8230.0,,0.0,
0-20000-0-11519,RGLB_D,SUM,1993-04-06T00:00Z,11437.0,,0.0,
0-20000-0-11519,RGLB_D,SUM,1993-04-07T00:00Z,6185.0,,0.0,
0-20000-0-11519,RGLB_D,SUM,1993-04-08T00:00Z,6444.0,,0.0,
0-20000-0-11519,RGLB_D,SUM,1993-04-09T00:00Z,6772.0,,0.0,
0-20000-0-11519,RGLB_D,SUM,1993-04-10T00:00Z,19462.0,,0.0,
0-20000-0-11519,RGLB_D,SUM,1993-04-11T00:00Z,20376.0,,0.0,
0-20000-0-11519,RGLB_D,SUM,1993-04-12T00:00Z,6800.0,,0.0,
0-20000-0-11519,RGLB_D,SUM,1993-04-13T00:00Z,7740.0,,0.0,
0-20000-0-11519,RGLB_D,SUM,1993-04-14T00:00Z,16668.0,,0.0,
0-20000-0-11519,RGLB_D,SUM,1993-04-15T00:00Z,16668.0,,0.0,
0-20000-0-11519,RGLB_D,SUM,1993-04-16T00:00Z,17118.0,,0.0,
0-20000-0-11519,RGLB_D,SUM,1993-04-17T00:00Z,16434.0,,0.0,
0-20000-0-11519,RGLB_D,SUM,1993-04-18T00:00Z,8806.0,,0.0,
0-20000-0-11519,RGLB_D,SUM,1993-04-19T00:00Z,3863.0,,0.0,
0-20000-0-11519,RGLB_D,SUM,1993-04-20T00:00Z,12229.0,,0.0,
0-20000-0-11519,RGLB_D,SUM,1993-04-21T00:00Z,19508.0,,0.0,
0-20000-0-11519,RGLB_D,SUM,1993-04-22T00:00Z,17662.0,,0.0,
0-20000-0-11519,RGLB_D,SUM,1993-04-23T00:00Z,20974.0,,0.0,
0-20000-0-11519,RGLB_D,SUM,1993-04-24T00:00Z,22604.0,,0.0,
0-20000-0-11519,RGLB_D,SUM,1993-04-25T00:00Z,18670.0,,0.0,
0-20000-0-11519,RGLB_D,SUM,1993-04-26T00:00Z,23144.0,,0.0,
0-20000-0-11519,RGLB_D,SUM,1993-04-27T00:00Z,23544.0,,0.0,
0-20000-0-11519,RGLB_D,SUM,1993-04-28T00:00Z,19642.0,,0.0,
0-20000-0-11519,RGLB_D,SUM,1993-04-29T00:00Z,22100.0,,0.0,
0-20000-0-11519,RGLB_D,SUM,1993-04-30T00:00Z,20578.0,,0.0,
0-20000-0-11519,RGLB_D,SUM,1993-05-01T00:00Z,21319.0,,0.0,
0-20000-0-11519,RGLB_D,SUM,1993-05-02T00:00Z,22892.0,,0.0,
0-20000-0-11519,RGLB_D,SUM,1993-05-03T00:00Z,14591.0,,0.0,
0-20000-0-11519,RGLB_D,SUM,1993-05-04T00:00Z,10670.0,,0.0,
0-20000-0-11519,RGLB_D,SUM,1993-05-05T00:00Z,8050.0,,0.0,
0-20000-0-11519,RGLB_D,SUM,1993-05-06T00:00Z,15041.0,,0.0,
0-20000-0-11519,RGLB_D,SUM,1993-05-07T00:00Z,18486.0,,0.0,
0-20000-0-11519,RGLB_D,SUM,1993-05-08T00:00Z,17219.0,,0.0,
0-20000-0-11519,RGLB_D,SUM,1993-05-09T00:00Z,23105.0,,0.0,
0-20000-0-11519,RGLB_D,SUM,1993-05-10T00:00Z,19552.0,,0.0,
0-20000-0-11519,RGLB_D,SUM,1993-05-11T00:00Z,23285.0,,0.0,
0-20000-0-11519,RGLB_D,SUM,1993-05-12T00:00Z,25736.0,,0.0,
0-20000-0-11519,RGLB_D,SUM,1993-05-13T00:00Z,23202.0,,0.0,
0-20000-0-11519,RGLB_D,SUM,1993-05-14T00:00Z,21910.0,,0.0,
0-20000-0-11519,RGLB_D,SUM,1993-05-15T00:00Z,16142.0,,0.0,
0-20000-0-11519,RGLB_D,SUM,1993-05-16T00:00Z,23994.0,,0.0,
0-20000-0-11519,RGLB_D,SUM,1993-05-17T00:00Z,26982.0,,0.0,
0-20000-0-11519,RGLB_D,SUM,1993-05-18T00:00Z,24750.0,,0.0,
0-20000-0-11519,RGLB_D,SUM,1993-05-19T00:00Z,18630.0,,0.0,
0-20000-0-11519,RGLB_D,SUM,1993-05-20T00:00Z,23198.0,,0.0,
0-20000-0-11519,RGLB_D,SUM,1993-05-21T00:00Z,18209.0,,0.0,
0-20000-0-11519,RGLB_D,SUM,1993-05-22T00:00Z,2574.0,,0.0,
0-20000-0-11519,RGLB_D,SUM,1993-05-23T00:00Z,3899.0,,0.0,
0-20000-0-11519,RGLB_D,SUM,1993-05-24T00:00Z,17842.0,,0.0,
0-20000-0-11519,RGLB_D,SUM,1993-05-25T00:00Z,25618.0,,0.0,
0-20000-0-11519,RGLB_D,SUM,1993-05-26T00:00Z,21352.0,,0.0,
0-20000-0-11519,RGLB_D,SUM,1993-05-27T00:00Z,15793.0,,0.0,
0-20000-0-11519,RGLB_D,SUM,1993-05-28T00:00Z,15332.0,,0.0,
0-20000-0-11519,RGLB_D,SUM,1993-05-29T00:00Z,24714.0,,0.0,
0-20000-0-11519,RGLB_D,SUM,1993-05-30T00:00Z,27392.0,,0.0,
0-20000-0-11519,RGLB_D,SUM,1993-05-31T00:00Z,19516.0,,0.0,
0-20000-0-11519,RGLB_D,SUM,1993-06-01T00:00Z,21244.0,,0.0,
0-20000-0-11519,RGLB_D,SUM,1993-06-02T00:00Z,27734.0,,0.0,
0-20000-0-11519,RGLB_D,SUM,1993-06-03T00:00Z,10645.0,,0.0,
0-20000-0-11519,RGLB_D,SUM,1993-06-04T00:00Z,18997.0,,0.0,
0-20000-0-11519,RGLB_D,SUM,1993-06-05T00:00Z,26240.0,,0.0,
0-20000-0-11519,RGLB_D,SUM,1993-06-06T00:00Z,24538.0,,0.0,
0-20000-0-11519,RGLB_D,SUM,1993-06-07T00:00Z,22442.0,,0.0,
0-20000-0-11519,RGLB_D,SUM,1993-06-08T00:00Z,19364.0,,0.0,
0-20000-0-11519,RGLB_D,SUM,1993-06-09T00:00Z,25078.0,,0.0,
0-20000-0-11519,RGLB_D,SUM,1993-06-10T00:00Z,26543.0,,0.0,
0-20000-0-11519,RGLB_D,SUM,1993-06-11T00:00Z,18371.0,,0.0,
0-20000-0-11519,RGLB_D,SUM,1993-06-12T00:00Z,3719.0,,0.0,
0-20000-0-11519,RGLB_D,SUM,1993-06-13T00:00Z,17622.0,,0.0,
0-20000-0-11519,RGLB_D,SUM,1993-06-14T00:00Z,15052.0,,0.0,
0-20000-0-11519,RGLB_D,SUM,1993-06-15T00:00Z,8514.0,,0.0,
0-20000-0-11519,RGLB_D,SUM,1993-06-16T00:00Z,23321.0,,0.0,
0-20000-0-11519,RGLB_D,SUM,1993-06-17T00:00Z,14540.0,,0.0,
0-20000-0-11519,RGLB_D,SUM,1993-06-18T00:00Z,12344.0,,0.0,
0-20000-0-11519,RGLB_D,SUM,1993-06-19T00:00Z,24815.0,,0.0,
0-20000-0-11519,RGLB_D,SUM,1993-06-20T00:00Z,13183.0,,0.0,
0-20000-0-11519,RGLB_D,SUM,1993-06-21T00:00Z,13565.0,,0.0,
0-20000-0-11519,RGLB_D,SUM,1993-06-22T00:00Z,22727.0,,0.0,
0-20000-0-11519,RGLB_D,SUM,1993-06-23T00:00Z,5440.0,,0.0,
0-20000-0-11519,RGLB_D,SUM,1993-06-24T00:00Z,20812.0,,0.0,
0-20000-0-11519,RGLB_D,SUM,1993-06-25T00:00Z,16402.0,,0.0,
0-20000-0-11519,RGLB_D,SUM,1993-06-26T00:00Z,22975.0,,0.0,
0-20000-0-11519,RGLB_D,SUM,1993-06-27T00:00Z,6257.0,,0.0,
0-20000-0-11519,RGLB_D,SUM,1993-06-28T00:00Z,9752.0,,0.0,
0-20000-0-11519,RGLB_D,SUM,1993-06-29T00:00Z,24703.0,,0.0,
0-20000-0-11519,RGLB_D,SUM,1993-06-30T00:00Z,23177.0,,0.0,
0-20000-0-11519,RGLB_D,SUM,1993-07-01T00:00Z,29092.0,,0.0,
0-20000-0-11519,RGLB_D,SUM,1993-07-02T00:00Z,29012.0,,0.0,
0-20000-0-11519,RGLB_D,SUM,1993-07-03T00:00Z,22759.0,,0.0,
0-20000-0-11519,RGLB_D,SUM,1993-07-04T00:00Z,22493.0,,0.0,
0-20000-0-11519,RGLB_D,SUM,1993-07-05T00:00Z,22000.0,,0.0,
0-20000-0-11519,RGLB_D,SUM,1993-07-06T00:00Z,13244.0,,0.0,
0-20000-0-11519,RGLB_D,SUM,1993-07-07T00:00Z,11902.0,,0.0,
0-20000-0-11519,RGLB_D,SUM,1993-07-08T00:00Z,23350.0,,0.0,
0-20000-0-11519,RGLB_D,SUM,1993-07-09T00:00Z,29070.0,,0.0,
0-20000-0-11519,RGLB_D,SUM,1993-07-10T00:00Z,18191.0,,0.0,
0-20000-0-11519,RGLB_D,SUM,1993-07-11T00:00Z,2912.0,,0.0,
0-20000-0-11519,RGLB_D,SUM,1993-07-12T00:00Z,16636.0,,0.0,
0-20000-0-11519,RGLB_D,SUM,1993-07-13T00:00Z,12445.0,,0.0,
0-20000-0-11519,RGLB_D,SUM,1993-07-14T00:00Z,18432.0,,0.0,
0-20000-0-11519,RGLB_D,SUM,1993-07-15T00:00Z,14702.0,,0.0,
0-20000-0-11519,RGLB_D,SUM,1993-07-16T00:00Z,9616.0,,0.0,
0-20000-0-11519,RGLB_D,SUM,1993-07-17T00:00Z,19166.0,,0.0,
0-20000-0-11519,RGLB_D,SUM,1993-07-18T00:00Z,18407.0,,0.0,
0-20000-0-11519,RGLB_D,SUM,1993-07-19T00:00Z,21629.0,,0.0,
0-20000-0-11519,RGLB_D,SUM,1993-07-20T00:00Z,16502.0,,0.0,
0-20000-0-11519,RGLB_D,SUM,1993-07-21T00:00Z,14728.0,,0.0,
0-20000-0-11519,RGLB_D,SUM,1993-07-22T00:00Z,16495.0,,0.0,
0-20000-0-11519,RGLB_D,SUM,1993-07-23T00:00Z,15142.0,,0.0,
0-20000-0-11519,RGLB_D,SUM,1993-07-24T00:00Z,15768.0,,0.0,
0-20000-0-11519,RGLB_D,SUM,1993-07-25T00:00Z,13907.0,,0.0,
0-20000-0-11519,RGLB_D,SUM,1993-07-26T00:00Z,21755.0,,0.0,
0-20000-0-11519,RGLB_D,SUM,1993-07-27T00:00Z,12042.0,,0.0,
0-20000-0-11519,RGLB_D,SUM,1993-07-28T00:00Z,16841.0,,0.0,
0-20000-0-11519,RGLB_D,SUM,1993-07-29T00:00Z,18137.0,,0.0,
0-20000-0-11519,RGLB_D,SUM,1993-07-30T00:00Z,24829.0,,0.0,
0-20000-0-11519,RGLB_D,SUM,1993-07-31T00:00Z,10328.0,,0.0,
0-20000-0-11519,RGLB_D,SUM,1993-08-01T00:00Z,23180.0,,0.0,
0-20000-0-11519,RGLB_D,SUM,1993-08-02T00:00Z,25535.0,,0.0,
0-20000-0-11519,RGLB_D,SUM,1993-08-03T00:00Z,23080.0,,0.0,
0-20000-0-11519,RGLB_D,SUM,1993-08-04T00:00Z,19048.0,,0.0,
0-20000-0-11519,RGLB_D,SUM,1993-08-05T00:00Z,19033.0,,0.0,
0-20000-0-11519,RGLB_D,SUM,1993-08-06T00:00Z,20509.0,,0.0,
0-20000-0-11519,RGLB_D,SUM,1993-08-07T00:00Z,26096.0,,0.0,
0-20000-0-11519,RGLB_D,SUM,1993-08-08T00:00Z,23098.0,,0.0,
0-20000-0-11519,RGLB_D,SUM,1993-08-09T00:00Z,17816.0,,0.0,
0-20000-0-11519,RGLB_D,SUM,1993-08-10T00:00Z,8086.0,,0.0,
0-20000-0-11519,RGLB_D,SUM,1993-08-11T00:00Z,17424.0,,0.0,
0-20000-0-11519,RGLB_D,SUM,1993-08-12T00:00Z,20758.0,,0.0,
0-20000-0-11519,RGLB_D,SUM,1993-08-13T00:00Z,18619.0,,0.0,
0-20000-0-11519,RGLB_D,SUM,1993-08-14T00:00Z,22680.0,,0.0,
0-20000-0-11519,RGLB_D,SUM,1993-08-15T00:00Z,22219.0,,0.0,
0-20000-0-11519,RGLB_D,SUM,1993-08-16T00:00Z,19998.0,,0.0,
0-20000-0-11519,RGLB_D,SUM,1993-08-17T00:00Z,12262.0,,0.0,
0-20000-0-11519,RGLB_D,SUM,1993-08-18T00:00Z,23260.0,,0.0,
0-20000-0-11519,RGLB_D,SUM,1993-08-19T00:00Z,20873.0,,0.0,
0-20000-0-11519,RGLB_D,SUM,1993-08-20T00:00Z,16394.0,,0.0,
0-20000-0-11519,RGLB_D,SUM,1993-08-21T00:00Z,10523.0,,0.0,
0-20000-0-11519,RGLB_D,SUM,1993-08-22T00:00Z,18875.0,,0.0,
0-20000-0-11519,RGLB_D,SUM,1993-08-23T00:00Z,5522.0,,0.0,
0-20000-0-11519,RGLB_D,SUM,1993-08-24T00:00Z,9886.0,,0.0,
0-20000-0-11519,RGLB_D,SUM,1993-08-25T00:00Z,14623.0,,0.0,
0-20000-0-11519,RGLB_D,SUM,1993-08-26T00:00Z,13172.0,,0.0,
0-20000-0-11519,RGLB_D,SUM,1993-08-27T00:00Z,16438.0,,0.0,
0-20000-0-11519,RGLB_D,SUM,1993-08-28T00:00Z,9662.0,,0.0,
0-20000-0-11519,RGLB_D,SUM,1993-08-29T00:00Z,17503.0,,0.0,
0-20000-0-11519,RGLB_D,SUM,1993-08-30T00:00Z,14760.0,,0.0,
0-20000-0-11519,RGLB_D,SUM,1993-08-31T00:00Z,5346.0,,0.0,
0-20000-0-11519,RGLB_D,SUM,1993-09-01T00:00Z,4266.0,,0.0,
0-20000-0-11519,RGLB_D,SUM,1993-09-02T00:00Z,11243.0,,0.0,
0-20000-0-11519,RGLB_D,SUM,1993-09-03T00:00Z,7668.0,,0.0,
0-20000-0-11519,RGLB_D,SUM,1993-09-04T00:00Z,6311.0,,0.0,
0-20000-0-11519,RGLB_D,SUM,1993-09-05T00:00Z,8784.0,,0.0,
0-20000-0-11519,RGLB_D,SUM,1993-09-06T00:00Z,16038.0,,0.0,
0-20000-0-11519,RGLB_D,SUM,1993-09-07T00:00Z,18238.0,,0.0,
0-20000-0-11519,RGLB_D,SUM,1993-09-08T00:00Z,10494.0,,0.0,
0-20000-0-11519,RGLB_D,SUM,1993-09-09T00:00Z,18374.0,,0.0,
0-20000-0-11519,RGLB_D,SUM,1993-09-10T00:00Z,5306.0,,0.0,
0-20000-0-11519,RGLB_D,SUM,1993-09-11T00:00Z,17143.0,,0.0,
0-20000-0-11519,RGLB_D,SUM,1993-09-12T00:00Z,7902.0,,0.0,
0-20000-0-11519,RGLB_D,SUM,1993-09-13T00:00Z,11437.0,,0.0,
0-20000-0-11519,RGLB_D,SUM,1993-09-14T00:00Z,6044.0,,0.0,
0-20000-0-11519,RGLB_D,SUM,1993-09-15T00:00Z,13417.0,,0.0,
0-20000-0-11519,RGLB_D,SUM,1993-09-16T00:00Z,13172.0,,0.0,
0-20000-0-11519,RGLB_D,SUM,1993-09-17T00:00Z,16088.0,,0.0,
0-20000-0-11519,RGLB_D,SUM,1993-09-18T00:00Z,15012.0,,0.0,
0-20000-0-11519,RGLB_D,SUM,1993-09-19T00:00Z,15782.0,,0.0,
0-20000-0-11519,RGLB_D,SUM,1993-09-20T00:00Z,7571.0,,0.0,
0-20000-0-11519,RGLB_D,SUM,1993-09-21T00:00Z,14206.0,,0.0,
0-20000-0-11519,RGLB_D,SUM,1993-09-22T00:00Z,13450.0,,0.0,
0-20000-0-11519,RGLB_D,SUM,1993-09-23T00:00Z,13694.0,,0.0,
0-20000-0-11519,RGLB_D,SUM,1993-09-24T00:00Z,13122.0,,0.0,
0-20000-0-11519,RGLB_D,SUM,1993-09-25T00:00Z,10534.0,,0.0,
0-20000-0-11519,RGLB_D,SUM,1993-09-26T00:00Z,3974.0,,0.0,
0-20000-0-11519,RGLB_D,SUM,1993-09-27T00:00Z,11196.0,,0.0,
0-20000-0-11519,RGLB_D,SUM,1993-09-28T00:00Z,9000.0,,0.0,
0-20000-0-11519,RGLB_D,SUM,1993-09-29T00:00Z,7927.0,,0.0,
0-20000-0-11519,RGLB_D,SUM,1993-09-30T00:00Z,9702.0,,0.0,
0-20000-0-11519,RGLB_D,SUM,1993-10-01T00:00Z,3834.0,,0.0,
0-20000-0-11519,RGLB_D,SUM,1993-10-02T00:00Z,9058.0,,0.0,
0-20000-0-11519,RGLB_D,SUM,1993-10-03T00:00Z,9623.0,,0.0,
0-20000-0-11519,RGLB_D,SUM,1993-10-04T00:00Z,12478.0,,0.0,
0-20000-0-11519,RGLB_D,SUM,1993-10-05T00:00Z,12481.0,,0.0,
0-20000-0-11519,RGLB_D,SUM,1993-10-06T00:00Z,6530.0,,0.0,
0-20000-0-11519,RGLB_D,SUM,1993-10-07T00:00Z,12629.0,,0.0,
0-20000-0-11519,RGLB_D,SUM,1993-10-08T00:00Z,4763.0,,0.0,
0-20000-0-11519,RGLB_D,SUM,1993-10-09T00:00Z,4982.0,,0.0,
0-20000-0-11519,RGLB_D,SUM,1993-10-10T00:00Z,11520.0,,0.0,
0-20000-0-11519,RGLB_D,SUM,1993-10-11T00:00Z,6127.0,,0.0,
0-20000-0-11519,RGLB_D,SUM,1993-10-12T00:00Z,8860.0,,0.0,
0-20000-0-11519,RGLB_D,SUM,1993-10-13T00:00Z,10750.0,,0.0,
0-20000-0-11519,RGLB_D,SUM,1993-10-14T00:00Z,3863.0,,0.0,
0-20000-0-11519,RGLB_D,SUM,1993-10-15T00:00Z,4921.0,,0.0,
0-20000-0-11519,RGLB_D,SUM,1993-10-16T00:00Z,10030.0,,0.0,
0-20000-0-11519,RGLB_D,SUM,1993-10-17T00:00Z,2387.0,,0.0,
0-20000-0-11519,RGLB_D,SUM,1993-10-18T00:00Z,7690.0,,0.0,
0-20000-0-11519,RGLB_D,SUM,1993-10-19T00:00Z,3200.0,,0.0,
0-20000-0-11519,RGLB_D,SUM,1993-10-20T00:00Z,1462.0,,0.0,
0-20000-0-11519,RGLB_D,SUM,1993-10-21T00:00Z,4525.0,,0.0,
0-20000-0-11519,RGLB_D,SUM,1993-10-22T00:00Z,670.0,,0.0,
0-20000-0-11519,RGLB_D,SUM,1993-10-23T00:00Z,1026.0,,0.0,
0-20000-0-11519,RGLB_D,SUM,1993-10-24T00:00Z,1278.0,,0.0,
0-20000-0-11519,RGLB_D,SUM,1993-10-25T00:00Z,1940.0,,0.0,
0-20000-0-11519,RGLB_D,SUM,1993-10-26T00:00Z,6588.0,,0.0,
0-20000-0-11519,RGLB_D,SUM,1993-10-27T00:00Z,7445.0,,0.0,
0-20000-0-11519,RGLB_D,SUM,1993-10-28T00:00Z,1350.0,,0.0,
0-20000-0-11519,RGLB_D,SUM,1993-10-29T00:00Z,2171.0,,0.0,
0-20000-0-11519,RGLB_D,SUM,1993-10-30T00:00Z,7236.0,,0.0,
0-20000-0-11519,RGLB_D,SUM,1993-10-31T00:00Z,6664.0,,0.0,
0-20000-0-11519,RGLB_D,SUM,1993-11-01T00:00Z,936.0,,0.0,
0-20000-0-11519,RGLB_D,SUM,1993-11-02T00:00Z,990.0,,0.0,
0-20000-0-11519,RGLB_D,SUM,1993-11-03T00:00Z,608.0,,0.0,
0-20000-0-11519,RGLB_D,SUM,1993-11-04T00:00Z,1184.0,,0.0,
0-20000-0-11519,RGLB_D,SUM,1993-11-05T00:00Z,929.0,,0.0,
0-20000-0-11519,RGLB_D,SUM,1993-11-06T00:00Z,659.0,,0.0,
0-20000-0-11519,RGLB_D,SUM,1993-11-07T00:00Z,1926.0,,0.0,
0-20000-0-11519,RGLB_D,SUM,1993-11-08T00:00Z,1670.0,,0.0,
0-20000-0-11519,RGLB_D,SUM,1993-11-09T00:00Z,1375.0,,0.0,
0-20000-0-11519,RGLB_D,SUM,1993-11-10T00:00Z,1800.0,,0.0,
0-20000-0-11519,RGLB_D,SUM,1993-11-11T00:00Z,2542.0,,0.0,
0-20000-0-11519,RGLB_D,SUM,1993-11-12T00:00Z,4730.0,,0.0,
0-20000-0-11519,RGLB_D,SUM,1993-11-13T00:00Z,1271.0,,0.0,
0-20000-0-11519,RGLB_D,SUM,1993-11-14T00:00Z,1264.0,,0.0,
0-20000-0-11519,RGLB_D,SUM,1993-11-15T00:00Z,1163.0,,0.0,
0-20000-0-11519,RGLB_D,SUM,1993-11-16T00:00Z,871.0,,0.0,
0-20000-0-11519,RGLB_D,SUM,1993-11-17T00:00Z,1368.0,,0.0,
0-20000-0-11519,RGLB_D,SUM,1993-11-18T00:00Z,5263.0,,0.0,
0-20000-0-11519,RGLB_D,SUM,1993-11-19T00:00Z,5285.0,,0.0,
0-20000-0-11519,RGLB_D,SUM,1993-11-20T00:00Z,4774.0,,0.0,
0-20000-0-11519,RGLB_D,SUM,1993-11-21T00:00Z,1922.0,,0.0,
0-20000-0-11519,RGLB_D,SUM,1993-11-22T00:00Z,191.0,,0.0,
0-20000-0-11519,RGLB_D,SUM,1993-11-23T00:00Z,4205.0,,0.0,
0-20000-0-11519,RGLB_D,SUM,1993-11-24T00:00Z,1055.0,,0.0,
0-20000-0-11519,RGLB_D,SUM,1993-11-25T00:00Z,864.0,,0.0,
0-20000-0-11519,RGLB_D,SUM,1993-11-26T00:00Z,4230.0,,0.0,
0-20000-0-11519,RGLB_D,SUM,1993-11-27T00:00Z,2876.0,,0.0,
0-20000-0-11519,RGLB_D,SUM,1993-11-28T00:00Z,1692.0,,0.0,
0-20000-0-11519,RGLB_D,SUM,1993-11-29T00:00Z,1519.0,,0.0,
0-20000-0-11519,RGLB_D,SUM,1993-11-30T00:00Z,2635.0,,0.0,
0-20000-0-11519,RGLB_D,SUM,1993-12-01T00:00Z,1832.0,,0.0,
0-20000-0-11519,RGLB_D,SUM,1993-12-02T00:00Z,2106.0,,0.0,
0-20000-0-11519,RGLB_D,SUM,1993-12-03T00:00Z,1339.0,,0.0,
0-20000-0-11519,RGLB_D,SUM,1993-12-04T00:00Z,3928.0,,0.0,
0-20000-0-11519,RGLB_D,SUM,1993-12-05T00:00Z,2002.0,,0.0,
0-20000-0-11519,RGLB_D,SUM,1993-12-06T00:00Z,2077.0,,0.0,
0-20000-0-11519,RGLB_D,SUM,1993-12-07T00:00Z,1314.0,,0.0,
0-20000-0-11519,RGLB_D,SUM,1993-12-08T00:00Z,3575.0,,0.0,
0-20000-0-11519,RGLB_D,SUM,1993-12-09T00:00Z,2488.0,,0.0,
0-20000-0-11519,RGLB_D,SUM,1993-12-10T00:00Z,1332.0,,0.0,
0-20000-0-11519,RGLB_D,SUM,1993-12-11T00:00Z,3492.0,,0.0,
0-20000-0-11519,RGLB_D,SUM,1993-12-12T00:00Z,1242.0,,0.0,
0-20000-0-11519,RGLB_D,SUM,1993-12-13T00:00Z,785.0,,0.0,
0-20000-0-11519,RGLB_D,SUM,1993-12-14T00:00Z,1051.0,,0.0,
0-20000-0-11519,RGLB_D,SUM,1993-12-15T00:00Z,3121.0,,0.0,
0-20000-0-11519,RGLB_D,SUM,1993-12-16T00:00Z,2700.0,,0.0,
0-20000-0-11519,RGLB_D,SUM,1993-12-17T00:00Z,1879.0,,0.0,
0-20000-0-11519,RGLB_D,SUM,1993-12-18T00:00Z,976.0,,0.0,
0-20000-0-11519,RGLB_D,SUM,1993-12-19T00:00Z,2048.0,,0.0,
0-20000-0-11519,RGLB_D,SUM,1993-12-20T00:00Z,551.0,,0.0,
0-20000-0-11519,RGLB_D,SUM,1993-12-21T00:00Z,3074.0,,0.0,
0-20000-0-11519,RGLB_D,SUM,1993-12-22T00:00Z,2182.0,,0.0,
0-20000-0-11519,RGLB_D,SUM,1993-12-23T00:00Z,1530.0,,0.0,
0-20000-0-11519,RGLB_D,SUM,1993-12-24T00:00Z,2038.0,,0.0,
0-20000-0-11519,RGLB_D,SUM,1993-12-25T00:00Z,1746.0,,0.0,
0-20000-0-11519,RGLB_D,SUM,1993-12-26T00:00Z,2074.0,,0.0,
0-20000-0-11519,RGLB_D,SUM,1993-12-27T00:00Z,1876.0,,0.0,
0-20000-0-11519,RGLB_D,SUM,1993-12-28T00:00Z,3679.0,,0.0,
0-20000-0-11519,RGLB_D,SUM,1993-12-29T00:00Z,3949.0,,0.0,
0-20000-0-11519,RGLB_D,SUM,1993-12-30T00:00Z,2812.0,,0.0,
0-20000-0-11519,RGLB_D,SUM,1993-12-31T00:00Z,3096.0,,0.0,
0-20000-0-11519,RGLB_D,SUM,1994-01-01T00:00Z,1314.0,,0.0,
0-20000-0-11519,RGLB_D,SUM,1994-01-02T00:00Z,1674.0,,0.0,
0-20000-0-11519,RGLB_D,SUM,1994-01-03T00:00Z,2711.0,,0.0,
0-20000-0-11519,RGLB_D,SUM,1994-01-04T00:00Z,2146.0,,0.0,
0-20000-0-11519,RGLB_D,SUM,1994-01-05T00:00Z,3031.0,,0.0,
0-20000-0-11519,RGLB_D,SUM,1994-01-06T00:00Z,2938.0,,0.0,
0-20000-0-11519,RGLB_D,SUM,1994-01-07T00:00Z,1494.0,,0.0,
0-20000-0-11519,RGLB_D,SUM,1994-01-08T00:00Z,2012.0,,0.0,
0-20000-0-11519,RGLB_D,SUM,1994-01-09T00:00Z,464.0,,0.0,
0-20000-0-11519,RGLB_D,SUM,1994-01-10T00:00Z,1854.0,,0.0,
0-20000-0-11519,RGLB_D,SUM,1994-01-11T00:00Z,1170.0,,0.0,
0-20000-0-11519,RGLB_D,SUM,1994-01-12T00:00Z,3002.0,,0.0,
0-20000-0-11519,RGLB_D,SUM,1994-01-13T00:00Z,1159.0,,0.0,
0-20000-0-11519,RGLB_D,SUM,1994-01-14T00:00Z,3118.0,,0.0,
0-20000-0-11519,RGLB_D,SUM,1994-01-15T00:00Z,3604.0,,0.0,
0-20000-0-11519,RGLB_D,SUM,1994-01-16T00:00Z,3337.0,,0.0,
0-20000-0-11519,RGLB_D,SUM,1994-01-17T00:00Z,1577.0,,0.0,
0-20000-0-11519,RGLB_D,SUM,1994-01-18T00:00Z,5389.0,,0.0,
0-20000-0-11519,RGLB_D,SUM,1994-01-19T00:00Z,5458.0,,0.0,
0-20000-0-11519,RGLB_D,SUM,1994-01-20T00:00Z,2502.0,,0.0,
0-20000-0-11519,RGLB_D,SUM,1994-01-21T00:00Z,5422.0,,0.0,
0-20000-0-11519,RGLB_D,SUM,1994-01-22T00:00Z,1354.0,,0.0,
0-20000-0-11519,RGLB_D,SUM,1994-01-23T00:00Z,1066.0,,0.0,
0-20000-0-11519,RGLB_D,SUM,1994-01-24T00:00Z,4907.0,,0.0,
0-20000-0-11519,RGLB_D,SUM,1994-01-25T00:00Z,2056.0,,0.0,
0-20000-0-11519,RGLB_D,SUM,1994-01-26T00:00Z,4471.0,,0.0,
0-20000-0-11519,RGLB_D,SUM,1994-01-27T00:00Z,1523.0,,0.0,
0-20000-0-11519,RGLB_D,SUM,1994-01-28T00:00Z,4208.0,,0.0,
0-20000-0-11519,RGLB_D,SUM,1994-01-29T00:00Z,1584.0,,0.0,
0-20000-0-11519,RGLB_D,SUM,1994-01-30T00:00Z,2887.0,,0.0,
0-20000-0-11519,RGLB_D,SUM,1994-01-31T00:00Z,3578.0,,0.0,
0-20000-0-11519,RGLB_D,SUM,1994-02-01T00:00Z,5677.0,,0.0,
0-20000-0-11519,RGLB_D,SUM,1994-02-02T00:00Z,3046.0,,0.0,
0-20000-0-11519,RGLB_D,SUM,1994-02-03T00:00Z,3114.0,,0.0,
0-20000-0-11519,RGLB_D,SUM,1994-02-04T00:00Z,3935.0,,0.0,
0-20000-0-11519,RGLB_D,SUM,1994-02-05T00:00Z,1001.0,,0.0,
0-20000-0-11519,RGLB_D,SUM,1994-02-06T00:00Z,1660.0,,0.0,
0-20000-0-11519,RGLB_D,SUM,1994-02-07T00:00Z,814.0,,0.0,
0-20000-0-11519,RGLB_D,SUM,1994-02-08T00:00Z,619.0,,0.0,
0-20000-0-11519,RGLB_D,SUM,1994-02-09T00:00Z,2876.0,,0.0,
0-20000-0-11519,RGLB_D,SUM,1994-02-10T00:00Z,2045.0,,0.0,
0-20000-0-11519,RGLB_D,SUM,1994-02-11T00:00Z,1937.0,,0.0,
0-20000-0-11519,RGLB_D,SUM,1994-02-12T00:00Z,2221.0,,0.0,
0-20000-0-11519,RGLB_D,SUM,1994-02-13T00:00Z,5443.0,,0.0,
0-20000-0-11519,RGLB_D,SUM,1994-02-14T00:00Z,8604.0,,0.0,
0-20000-0-11519,RGLB_D,SUM,1994-02-15T00:00Z,9331.0,,0.0,
0-20000-0-11519,RGLB_D,SUM,1994-02-16T00:00Z,9194.0,,0.0,
0-20000-0-11519,RGLB_D,SUM,1994-02-17T00:00Z,4658.0,,0.0,
0-20000-0-11519,RGLB_D,SUM,1994-02-18T00:00Z,7787.0,,0.0,
0-20000-0-11519,RGLB_D,SUM,1994-02-19T00:00Z,8334.0,,0.0,
0-20000-0-11519,RGLB_D,SUM,1994-02-20T00:00Z,6847.0,,0.0,
0-20000-0-11519,RGLB_D,SUM,1994-02-21T00:00Z,6120.0,,0.0,
0-20000-0-11519,RGLB_D,SUM,1994-02-22T00:00Z,2783.0,,0.0,
0-20000-0-11519,RGLB_D,SUM,1994-02-23T00:00Z,1235.0,,0.0,
0-20000-0-11519,RGLB_D,SUM,1994-02-24T00:00Z,3010.0,,0.0,
0-20000-0-11519,RGLB_D,SUM,1994-02-25T00:00Z,2210.0,,0.0,
0-20000-0-11519,RGLB_D,SUM,1994-02-26T00:00Z,7326.0,,0.0,
0-20000-0-11519,RGLB_D,SUM,1994-02-27T00:00Z,9227.0,,0.0,
0-20000-0-11519,RGLB_D,SUM,1994-02-28T00:00Z,7931.0,,0.0,
0-20000-0-11519,RGLB_D,SUM,1994-03-01T00:00Z,4939.0,,0.0,
0-20000-0-11519,RGLB_D,SUM,1994-03-02T00:00Z,5375.0,,0.0,
0-20000-0-11519,RGLB_D,SUM,1994-03-03T00:00Z,7207.0,,0.0,
0-20000-0-11519,RGLB_D,SUM,1994-03-04T00:00Z,2326.0,,0.0,
0-20000-0-11519,RGLB_D,SUM,1994-03-05T00:00Z,12640.0,,0.0,
0-20000-0-11519,RGLB_D,SUM,1994-03-06T00:00Z,7027.0,,0.0,
0-20000-0-11519,RGLB_D,SUM,1994-03-07T00:00Z,2714.0,,0.0,
0-20000-0-11519,RGLB_D,SUM,1994-03-08T00:00Z,3064.0,,0.0,
0-20000-0-11519,RGLB_D,SUM,1994-03-09T00:00Z,4270.0,,0.0,
0-20000-0-11519,RGLB_D,SUM,1994-03-10T00:00Z,4655.0,,0.0,
0-20000-0-11519,RGLB_D,SUM,1994-03-11T00:00Z,13784.0,,0.0,
0-20000-0-11519,RGLB_D,SUM,1994-03-12T00:00Z,7978.0,,0.0,
0-20000-0-11519,RGLB_D,SUM,1994-03-13T00:00Z,2812.0,,0.0,
0-20000-0-11519,RGLB_D,SUM,1994-03-14T00:00Z,6041.0,,0.0,
0-20000-0-11519,RGLB_D,SUM,1994-03-15T00:00Z,4129.0,,0.0,
0-20000-0-11519,RGLB_D,SUM,1994-03-16T00:00Z,10379.0,,0.0,
0-20000-0-11519,RGLB_D,SUM,1994-03-17T00:00Z,12485.0,,0.0,
0-20000-0-11519,RGLB_D,SUM,1994-03-18T00:00Z,7222.0,,0.0,
0-20000-0-11519,RGLB_D,SUM,1994-03-19T00:00Z,7560.0,,0.0,
0-20000-0-11519,RGLB_D,SUM,1994-03-20T00:00Z,10616.0,,0.0,
0-20000-0-11519,RGLB_D,SUM,1994-03-21T00:00Z,11369.0,,0.0,
0-20000-0-11519,RGLB_D,SUM,1994-03-22T00:00Z,7672.0,,0.0,
0-20000-0-11519,RGLB_D,SUM,1994-03-23T00:00Z,7294.0,,0.0,
0-20000-0-11519,RGLB_D,SUM,1994-03-24T00:00Z,2941.0,,0.0,
0-20000-0-11519,RGLB_D,SUM,1994-03-25T00:00Z,4626.0,,0.0,
0-20000-0-11519,RGLB_D,SUM,1994-03-26T00:00Z,12992.0,,0.0,
0-20000-0-11519,RGLB_D,SUM,1994-03-27T00:00Z,11102.0,,0.0,
0-20000-0-11519,RGLB_D,SUM,1994-03-28T00:00Z,14792.0,,0.0,
0-20000-0-11519,RGLB_D,SUM,1994-03-29T00:00Z,6113.0,,0.0,
0-20000-0-11519,RGLB_D,SUM,1994-03-30T00:00Z,12636.0,,0.0,
0-20000-0-11519,RGLB_D,SUM,1994-03-31T00:00Z,14000.0,,0.0,
0-20000-0-11519,RGLB_D,SUM,1994-04-01T00:00Z,5728.0,,0.0,
0-20000-0-11519,RGLB_D,SUM,1994-04-02T00:00Z,10937.0,,0.0,
0-20000-0-11519,RGLB_D,SUM,1994-04-03T00:00Z,10487.0,,0.0,
0-20000-0-11519,RGLB_D,SUM,1994-04-04T00:00Z,14234.0,,0.0,
0-20000-0-11519,RGLB_D,SUM,1994-04-05T00:00Z,16614.0,,0.0,
0-20000-0-11519,RGLB_D,SUM,1994-04-06T00:00Z,12920.0,,0.0,
0-20000-0-11519,RGLB_D,SUM,1994-04-07T00:00Z,14627.0,,0.0,
0-20000-0-11519,RGLB_D,SUM,1994-04-08T00:00Z,16124.0,,0.0,
0-20000-0-11519,RGLB_D,SUM,1994-04-09T00:00Z,11714.0,,0.0,
0-20000-0-11519,RGLB_D,SUM,1994-04-10T00:00Z,3046.0,,0.0,
0-20000-0-11519,RGLB_D,SUM,1994-04-11T00:00Z,3121.0,,0.0,
0-20000-0-11519,RGLB_D,SUM,1994-04-12T00:00Z,1951.0,,0.0,
0-20000-0-11519,RGLB_D,SUM,1994-04-13T00:00Z,3416.0,,0.0,
0-20000-0-11519,RGLB_D,SUM,1994-04-14T00:00Z,5260.0,,0.0,
0-20000-0-11519,RGLB_D,SUM,1994-04-15T00:00Z,7330.0,,0.0,
0-20000-0-11519,RGLB_D,SUM,1994-04-16T00:00Z,13583.0,,0.0,
0-20000-0-11519,RGLB_D,SUM,1994-04-17T00:00Z,1933.0,,0.0,
0-20000-0-11519,RGLB_D,SUM,1994-04-18T00:00Z,8852.0,,0.0,
0-20000-0-11519,RGLB_D,SUM,1994-04-19T00:00Z,15880.0,,0.0,
0-20000-0-11519,RGLB_D,SUM,1994-04-20T00:00Z,20142.0,,0.0,
0-20000-0-11519,RGLB_D,SUM,1994-04-21T00:00Z,20290.0,,0.0,
0-20000-0-11519,RGLB_D,SUM,1994-04-22T00:00Z,18205.0,,0.0,
0-20000-0-11519,RGLB_D,SUM,1994-04-23T00:00Z,19472.0,,0.0,
0-20000-0-11519,RGLB_D,SUM,1994-04-24T00:00Z,21452.0,,0.0,
0-20000-0-11519,RGLB_D,SUM,1994-04-25T00:00Z,20466.0,,0.0,
0-20000-0-11519,RGLB_D,SUM,1994-04-26T00:00Z,12762.0,,0.0,
0-20000-0-11519,RGLB_D,SUM,1994-04-27T00:00Z,10721.0,,0.0,
0-20000-0-11519,RGLB_D,SUM,1994-04-28T00:00Z,19670.0,,0.0,
0-20000-0-11519,RGLB_D,SUM,1994-04-29T00:00Z,18234.0,,0.0,
0-20000-0-11519,RGLB_D,SUM,1994-04-30T00:00Z,19757.0,,0.0,
0-20000-0-11519,RGLB_D,SUM,1994-05-01T00:00Z,15408.0,,0.0,
0-20000-0-11519,RGLB_D,SUM,1994-05-02T00:00Z,7193.0,,0.0,
0-20000-0-11519,RGLB_D,SUM,1994-05-03T00:00Z,25337.0,,0.0,
0-20000-0-11519,RGLB_D,SUM,1994-05-04T00:00Z,20347.0,,0.0,
0-20000-0-11519,RGLB_D,SUM,1994-05-05T00:00Z,10764.0,,0.0,
0-20000-0-11519,RGLB_D,SUM,1994-05-06T00:00Z,14371.0,,0.0,
0-20000-0-11519,RGLB_D,SUM,1994-05-07T00:00Z,21895.0,,0.0,
0-20000-0-11519,RGLB_D,SUM,1994-05-08T00:00Z,26539.0,,0.0,
0-20000-0-11519,RGLB_D,SUM,1994-05-09T00:00Z,23872.0,,0.0,
0-20000-0-11519,RGLB_D,SUM,1994-05-10T00:00Z,9018.0,,0.0,
0-20000-0-11519,RGLB_D,SUM,1994-05-11T00:00Z,22558.0,,0.0,
0-20000-0-11519,RGLB_D,SUM,1994-05-12T00:00Z,14468.0,,0.0,
0-20000-0-11519,RGLB_D,SUM,1994-05-13T00:00Z,20614.0,,0.0,
0-20000-0-11519,RGLB_D,SUM,1994-05-14T00:00Z,20070.0,,0.0,
0-20000-0-11519,RGLB_D,SUM,1994-05-15T00:00Z,23602.0,,0.0,
0-20000-0-11519,RGLB_D,SUM,1994-05-16T00:00Z,22028.0,,0.0,
0-20000-0-11519,RGLB_D,SUM,1994-05-17T00:00Z,16754.0,,0.0,
0-20000-0-11519,RGLB_D,SUM,1994-05-18T00:00Z,19336.0,,0.0,
0-20000-0-11519,RGLB_D,SUM,1994-05-19T00:00Z,6073.0,,0.0,
0-20000-0-11519,RGLB_D,SUM,1994-05-20T00:00Z,5728.0,,0.0,
0-20000-0-11519,RGLB_D,SUM,1994-05-21T00:00Z,19440.0,,0.0,
0-20000-0-11519,RGLB_D,SUM,1994-05-22T00:00Z,21474.0,,0.0,
0-20000-0-11519,RGLB_D,SUM,1994-05-23T00:00Z,13370.0,,0.0,
0-20000-0-11519,RGLB_D,SUM,1994-05-24T00:00Z,23177.0,,0.0,
0-20000-0-11519,RGLB_D,SUM,1994-05-25T00:00Z,9047.0,,0.0,
0-20000-0-11519,RGLB_D,SUM,1994-05-26T00:00Z,21758.0,,0.0,
0-20000-0-11519,RGLB_D,SUM,1994-05-27T00:00Z,8935.0,,0.0,
0-20000-0-11519,RGLB_D,SUM,1994-05-28T00:00Z,21722.0,,0.0,
0-20000-0-11519,RGLB_D,SUM,1994-05-29T00:00Z,17694.0,,0.0,
0-20000-0-11519,RGLB_D,SUM,1994-05-30T00:00Z,21755.0,,0.0,
0-20000-0-11519,RGLB_D,SUM,1994-05-31T00:00Z,22453.0,,0.0,
0-20000-0-11519,RGLB_D,SUM,1994-06-01T00:00Z,27842.0,,0.0,
0-20000-0-11519,RGLB_D,SUM,1994-06-02T00:00Z,19490.0,,0.0,
0-20000-0-11519,RGLB_D,SUM,1994-06-03T00:00Z,23630.0,,0.0,
0-20000-0-11519,RGLB_D,SUM,1994-06-04T00:00Z,20419.0,,0.0,
0-20000-0-11519,RGLB_D,SUM,1994-06-05T00:00Z,8665.0,,0.0,
0-20000-0-11519,RGLB_D,SUM,1994-06-06T00:00Z,21496.0,,0.0,
0-20000-0-11519,RGLB_D,SUM,1994-06-07T00:00Z,13378.0,,0.0,
0-20000-0-11519,RGLB_D,SUM,1994-06-08T00:00Z,28350.0,,0.0,
0-20000-0-11519,RGLB_D,SUM,1994-06-09T00:00Z,5645.0,,0.0,
0-20000-0-11519,RGLB_D,SUM,1994-06-10T00:00Z,18702.0,,0.0,
0-20000-0-11519,RGLB_D,SUM,1994-06-11T00:00Z,11916.0,,0.0,
0-20000-0-11519,RGLB_D,SUM,1994-06-12T00:00Z,23994.0,,0.0,
0-20000-0-11519,RGLB_D,SUM,1994-06-13T00:00Z,24160.0,,0.0,
0-20000-0-11519,RGLB_D,SUM,1994-06-14T00:00Z,6134.0,,0.0,
0-20000-0-11519,RGLB_D,SUM,1994-06-15T00:00Z,22680.0,,0.0,
0-20000-0-11519,RGLB_D,SUM,1994-06-16T00:00Z,9439.0,,0.0,
0-20000-0-11519,RGLB_D,SUM,1994-06-17T00:00Z,13846.0,,0.0,
0-20000-0-11519,RGLB_D,SUM,1994-06-18T00:00Z,19577.0,,0.0,
0-20000-0-11519,RGLB_D,SUM,1994-06-19T00:00Z,28746.0,,0.0,
0-20000-0-11519,RGLB_D,SUM,1994-06-20T00:00Z,24509.0,,0.0,
0-20000-0-11519,RGLB_D,SUM,1994-06-21T00:00Z,17730.0,,0.0,
0-20000-0-11519,RGLB_D,SUM,1994-06-22T00:00Z,20851.0,,0.0,
0-20000-0-11519,RGLB_D,SUM,1994-06-23T00:00Z,26093.0,,0.0,
0-20000-0-11519,RGLB_D,SUM,1994-06-24T00:00Z,29794.0,,0.0,
0-20000-0-11519,RGLB_D,SUM,1994-06-25T00:00Z,29138.0,,0.0,
0-20000-0-11519,RGLB_D,SUM,1994-06-26T00:00Z,24394.0,,0.0,
0-20000-0-11519,RGLB_D,SUM,1994-06-27T00:00Z,23144.0,,0.0,
0-20000-0-11519,RGLB_D,SUM,1994-06-28T00:00Z,24142.0,,0.0,
0-20000-0-11519,RGLB_D,SUM,1994-06-29T00:00Z,21067.0,,0.0,
0-20000-0-11519,RGLB_D,SUM,1994-06-30T00:00Z,13100.0,,0.0,
0-20000-0-11519,RGLB_D,SUM,1994-07-01T00:00Z,26698.0,,0.0,
0-20000-0-11519,RGLB_D,SUM,1994-07-02T00:00Z,29419.0,,0.0,
0-20000-0-11519,RGLB_D,SUM,1994-07-03T00:00Z,27871.0,,0.0,
0-20000-0-11519,RGLB_D,SUM,1994-07-04T00:00Z,26618.0,,0.0,
0-20000-0-11519,RGLB_D,SUM,1994-07-05T00:00Z,18706.0,,0.0,
0-20000-0-11519,RGLB_D,SUM,1994-07-06T00:00Z,18472.0,,0.0,
0-20000-0-11519,RGLB_D,SUM,1994-07-07T00:00Z,7762.0,,0.0,
0-20000-0-11519,RGLB_D,SUM,1994-07-08T00:00Z,21708.0,,0.0,
0-20000-0-11519,RGLB_D,SUM,1994-07-09T00:00Z,18227.0,,0.0,
0-20000-0-11519,RGLB_D,SUM,1994-07-10T00:00Z,20066.0,,0.0,
0-20000-0-11519,RGLB_D,SUM,1994-07-11T00:00Z,23270.0,,0.0,
0-20000-0-11519,RGLB_D,SUM,1994-07-12T00:00Z,21406.0,,0.0,
0-20000-0-11519,RGLB_D,SUM,1994-07-13T00:00Z,25204.0,,0.0,
0-20000-0-11519,RGLB_D,SUM,1994-07-14T00:00Z,21215.0,,0.0,
0-20000-0-11519,RGLB_D,SUM,1994-07-15T00:00Z,20718.0,,0.0,
0-20000-0-11519,RGLB_D,SUM,1994-07-16T00:00Z,21618.0,,0.0,
0-20000-0-11519,RGLB_D,SUM,1994-07-17T00:00Z,16240.0,,0.0,
0-20000-0-11519,RGLB_D,SUM,1994-07-18T00:00Z,16430.0,,0.0,
0-20000-0-11519,RGLB_D,SUM,1994-07-19T00:00Z,7348.0,,0.0,
0-20000-0-11519,RGLB_D,SUM,1994-07-20T00:00Z,7628.0,,0.0,
0-20000-0-11519,RGLB_D,SUM,1994-07-21T00:00Z,27796.0,,0.0,
0-20000-0-11519,RGLB_D,SUM,1994-07-22T00:00Z,27295.0,,0.0,
0-20000-0-11519,RGLB_D,SUM,1994-07-23T00:00Z,25852.0,,0.0,
0-20000-0-11519,RGLB_D,SUM,1994-07-24T00:00Z,25600.0,,0.0,
0-20000-0-11519,RGLB_D,SUM,1994-07-25T00:00Z,22741.0,,0.0,
0-20000-0-11519,RGLB_D,SUM,1994-07-26T00:00Z,22424.0,,0.0,
0-20000-0-11519,RGLB_D,SUM,1994-07-27T00:00Z,20765.0,,0.0,
0-20000-0-11519,RGLB_D,SUM,1994-07-28T00:00Z,25034.0,,0.0,
0-20000-0-11519,RGLB_D,SUM,1994-07-29T00:00Z,22788.0,,0.0,
0-20000-0-11519,RGLB_D,SUM,1994-07-30T00:00Z,24210.0,,0.0,
0-20000-0-11519,RGLB_D,SUM,1994-07-31T00:00Z,25452.0,,0.0,
0-20000-0-11519,RGLB_D,SUM,1994-08-01T00:00Z,24534.0,,0.0,
0-20000-0-11519,RGLB_D,SUM,1994-08-02T00:00Z,15149.0,,0.0,
0-20000-0-11519,RGLB_D,SUM,1994-08-03T00:00Z,20876.0,,0.0,
0-20000-0-11519,RGLB_D,SUM,1994-08-04T00:00Z,24646.0,,0.0,
0-20000-0-11519,RGLB_D,SUM,1994-08-05T00:00Z,24210.0,,0.0,
0-20000-0-11519,RGLB_D,SUM,1994-08-06T00:00Z,16297.0,,0.0,
0-20000-0-11519,RGLB_D,SUM,1994-08-07T00:00Z,10516.0,,0.0,
0-20000-0-11519,RGLB_D,SUM,1994-08-08T00:00Z,15106.0,,0.0,
0-20000-0-11519,RGLB_D,SUM,1994-08-09T00:00Z,18342.0,,0.0,
0-20000-0-11519,RGLB_D,SUM,1994-08-10T00:00Z,20880.0,,0.0,
0-20000-0-11519,RGLB_D,SUM,1994-08-11T00:00Z,18889.0,,0.0,
0-20000-0-11519,RGLB_D,SUM,1994-08-12T00:00Z,12553.0,,0.0,
0-20000-0-11519,RGLB_D,SUM,1994-08-13T00:00Z,9234.0,,0.0,
0-20000-0-11519,RGLB_D,SUM,1994-08-14T00:00Z,21305.0,,0.0,
0-20000-0-11519,RGLB_D,SUM,1994-08-15T00:00Z,22097.0,,0.0,
0-20000-0-11519,RGLB_D,SUM,1994-08-16T00:00Z,22136.0,,0.0,
0-20000-0-11519,RGLB_D,SUM,1994-08-17T00:00Z,18655.0,,0.0,
0-20000-0-11519,RGLB_D,SUM,1994-08-18T00:00Z,11196.0,,0.0,
0-20000-0-11519,RGLB_D,SUM,1994-08-19T00:00Z,14216.0,,0.0,
0-20000-0-11519,RGLB_D,SUM,1994-08-20T00:00Z,14036.0,,0.0,
0-20000-0-11519,RGLB_D,SUM,1994-08-21T00:00Z,20988.0,,0.0,
0-20000-0-11519,RGLB_D,SUM,1994-08-22T00:00Z,19066.0,,0.0,
0-20000-0-11519,RGLB_D,SUM,1994-08-23T00:00Z,6422.0,,0.0,
0-20000-0-11519,RGLB_D,SUM,1994-08-24T00:00Z,5576.0,,0.0,
0-20000-0-11519,RGLB_D,SUM,1994-08-25T00:00Z,5267.0,,0.0,
0-20000-0-11519,RGLB_D,SUM,1994-08-26T00:00Z,11704.0,,0.0,
0-20000-0-11519,RGLB_D,SUM,1994-08-27T00:00Z,12280.0,,0.0,
0-20000-0-11519,RGLB_D,SUM,1994-08-28T00:00Z,17194.0,,0.0,
0-20000-0-11519,RGLB_D,SUM,1994-08-29T00:00Z,16844.0,,0.0,
0-20000-0-11519,RGLB_D,SUM,1994-08-30T00:00Z,17474.0,,0.0,
0-20000-0-11519,RGLB_D,SUM,1994-08-31T00:00Z,17197.0,,0.0,
0-20000-0-11519,RGLB_D,SUM,1994-09-01T00:00Z,15538.0,,0.0,
0-20000-0-11519,RGLB_D,SUM,1994-09-02T00:00Z,8636.0,,0.0,
0-20000-0-11519,RGLB_D,SUM,1994-09-03T00:00Z,12726.0,,0.0,
0-20000-0-11519,RGLB_D,SUM,1994-09-04T00:00Z,15484.0,,0.0,
0-20000-0-11519,RGLB_D,SUM,1994-09-05T00:00Z,5854.0,,0.0,
0-20000-0-11519,RGLB_D,SUM,1994-09-06T00:00Z,14526.0,,0.0,
0-20000-0-11519,RGLB_D,SUM,1994-09-07T00:00Z,4482.0,,0.0,
0-20000-0-11519,RGLB_D,SUM,1994-09-08T00:00Z,14051.0,,0.0,
0-20000-0-11519,RGLB_D,SUM,1994-09-09T00:00Z,11686.0,,0.0,
0-20000-0-11519,RGLB_D,SUM,1994-09-10T00:00Z,8935.0,,0.0,
0-20000-0-11519,RGLB_D,SUM,1994-09-11T00:00Z,13316.0,,0.0,
0-20000-0-11519,RGLB_D,SUM,1994-09-12T00:00Z,13550.0,,0.0,
0-20000-0-11519,RGLB_D,SUM,1994-09-13T00:00Z,8582.0,,0.0,
0-20000-0-11519,RGLB_D,SUM,1994-09-14T00:00Z,4820.0,,0.0,
0-20000-0-11519,RGLB_D,SUM,1994-09-15T00:00Z,16175.0,,0.0,
0-20000-0-11519,RGLB_D,SUM,1994-09-16T00:00Z,15905.0,,0.0,
0-20000-0-11519,RGLB_D,SUM,1994-09-17T00:00Z,11804.0,,0.0,
0-20000-0-11519,RGLB_D,SUM,1994-09-18T00:00Z,10688.0,,0.0,
0-20000-0-11519,RGLB_D,SUM,1994-09-19T00:00Z,6538.0,,0.0,
0-20000-0-11519,RGLB_D,SUM,1994-09-20T00:00Z,9086.0,,0.0,
0-20000-0-11519,RGLB_D,SUM,1994-09-21T00:00Z,4792.0,,0.0,
0-20000-0-11519,RGLB_D,SUM,1994-09-22T00:00Z,11826.0,,0.0,
0-20000-0-11519,RGLB_D,SUM,1994-09-23T00:00Z,14933.0,,0.0,
0-20000-0-11519,RGLB_D,SUM,1994-09-24T00:00Z,10058.0,,0.0,
0-20000-0-11519,RGLB_D,SUM,1994-09-25T00:00Z,7960.0,,0.0,
0-20000-0-11519,RGLB_D,SUM,1994-09-26T00:00Z,8791.0,,0.0,
0-20000-0-11519,RGLB_D,SUM,1994-09-27T00:00Z,9137.0,,0.0,
0-20000-0-11519,RGLB_D,SUM,1994-09-28T00:00Z,5436.0,,0.0,
0-20000-0-11519,RGLB_D,SUM,1994-09-29T00:00Z,9950.0,,0.0,
0-20000-0-11519,RGLB_D,SUM,1994-09-30T00:00Z,12042.0,,0.0,
0-20000-0-11519,RGLB_D,SUM,1994-10-01T00:00Z,8752.0,,0.0,
0-20000-0-11519,RGLB_D,SUM,1994-10-02T00:00Z,8046.0,,0.0,
0-20000-0-11519,RGLB_D,SUM,1994-10-03T00:00Z,7420.0,,0.0,
0-20000-0-11519,RGLB_D,SUM,1994-10-04T00:00Z,11153.0,,0.0,
0-20000-0-11519,RGLB_D,SUM,1994-10-05T00:00Z,8140.0,,0.0,
0-20000-0-11519,RGLB_D,SUM,1994-10-06T00:00Z,9144.0,,0.0,
0-20000-0-11519,RGLB_D,SUM,1994-10-07T00:00Z,7038.0,,0.0,
0-20000-0-11519,RGLB_D,SUM,1994-10-08T00:00Z,2650.0,,0.0,
0-20000-0-11519,RGLB_D,SUM,1994-10-09T00:00Z,8730.0,,0.0,
0-20000-0-11519,RGLB_D,SUM,1994-10-10T00:00Z,6062.0,,0.0,
0-20000-0-11519,RGLB_D,SUM,1994-10-11T00:00Z,7240.0,,0.0,
0-20000-0-11519,RGLB_D,SUM,1994-10-12T00:00Z,7963.0,,0.0,
0-20000-0-11519,RGLB_D,SUM,1994-10-13T00:00Z,8665.0,,0.0,
0-20000-0-11519,RGLB_D,SUM,1994-10-14T00:00Z,7996.0,,0.0,
0-20000-0-11519,RGLB_D,SUM,1994-10-15T00:00Z,4144.0,,0.0,
0-20000-0-11519,RGLB_D,SUM,1994-10-16T00:00Z,1771.0,,0.0,
0-20000-0-11519,RGLB_D,SUM,1994-10-17T00:00Z,3780.0,,0.0,
0-20000-0-11519,RGLB_D,SUM,1994-10-18T00:00Z,9810.0,,0.0,
0-20000-0-11519,RGLB_D,SUM,1994-10-19T00:00Z,7819.0,,0.0,
0-20000-0-11519,RGLB_D,SUM,1994-10-20T00:00Z,7805.0,,0.0,
0-20000-0-11519,RGLB_D,SUM,1994-10-21T00:00Z,9583.0,,0.0,
0-20000-0-11519,RGLB_D,SUM,1994-10-22T00:00Z,8359.0,,0.0,
0-20000-0-11519,RGLB_D,SUM,1994-10-23T00:00Z,1764.0,,0.0,
0-20000-0-11519,RGLB_D,SUM,1994-10-24T00:00Z,1825.0,,0.0,
0-20000-0-11519,RGLB_D,SUM,1994-10-25T00:00Z,7859.0,,0.0,
0-20000-0-11519,RGLB_D,SUM,1994-10-26T00:00Z,2441.0,,0.0,
0-20000-0-11519,RGLB_D,SUM,1994-10-27T00:00Z,5620.0,,0.0,
0-20000-0-11519,RGLB_D,SUM,1994-10-28T00:00Z,3290.0,,0.0,
0-20000-0-11519,RGLB_D,SUM,1994-10-29T00:00Z,8525.0,,0.0,
0-20000-0-11519,RGLB_D,SUM,1994-10-30T00:00Z,1382.0,,0.0,
0-20000-0-11519,RGLB_D,SUM,1994-10-31T00:00Z,3384.0,,0.0,
0-20000-0-11519,RGLB_D,SUM,1994-11-01T00:00Z,3427.0,,0.0,
0-20000-0-11519,RGLB_D,SUM,1994-11-02T00:00Z,7121.0,,0.0,
0-20000-0-11519,RGLB_D,SUM,1994-11-03T00:00Z,6782.0,,0.0,
0-20000-0-11519,RGLB_D,SUM,1994-11-04T00:00Z,7009.0,,0.0,
0-20000-0-11519,RGLB_D,SUM,1994-11-05T00:00Z,5454.0,,0.0,
0-20000-0-11519,RGLB_D,SUM,1994-11-06T00:00Z,3586.0,,0.0,
0-20000-0-11519,RGLB_D,SUM,1994-11-07T00:00Z,3046.0,,0.0,
0-20000-0-11519,RGLB_D,SUM,1994-11-08T00:00Z,1026.0,,0.0,
0-20000-0-11519,RGLB_D,SUM,1994-11-09T00:00Z,2210.0,,0.0,
0-20000-0-11519,RGLB_D,SUM,1994-11-10T00:00Z,558.0,,0.0,
0-20000-0-11519,RGLB_D,SUM,1994-11-11T00:00Z,2812.0,,0.0,
0-20000-0-11519,RGLB_D,SUM,1994-11-12T00:00Z,3434.0,,0.0,
0-20000-0-11519,RGLB_D,SUM,1994-11-13T00:00Z,1865.0,,0.0,
0-20000-0-11519,RGLB_D,SUM,1994-11-14T00:00Z,1872.0,,0.0,
0-20000-0-11519,RGLB_D,SUM,1994-11-15T00:00Z,1228.0,,0.0,
0-20000-0-11519,RGLB_D,SUM,1994-11-16T00:00Z,3877.0,,0.0,
0-20000-0-11519,RGLB_D,SUM,1994-11-17T00:00Z,4324.0,,0.0,
0-20000-0-11519,RGLB_D,SUM,1994-11-18T00:00Z,2088.0,,0.0,
0-20000-0-11519,RGLB_D,SUM,1994-11-19T00:00Z,4237.0,,0.0,
0-20000-0-11519,RGLB_D,SUM,1994-11-20T00:00Z,1850.0,,0.0,
0-20000-0-11519,RGLB_D,SUM,1994-11-21T00:00Z,3766.0,,0.0,
0-20000-0-11519,RGLB_D,SUM,1994-11-22T00:00Z,5033.0,,0.0,
0-20000-0-11519,RGLB_D,SUM,1994-11-23T00:00Z,1159.0,,0.0,
0-20000-0-11519,RGLB_D,SUM,1994-11-24T00:00Z,997.0,,0.0,
0-20000-0-11519,RGLB_D,SUM,1994-11-25T00:00Z,878.0,,0.0,
0-20000-0-11519,RGLB_D,SUM,1994-11-26T00:00Z,868.0,,0.0,
0-20000-0-11519,RGLB_D,SUM,1994-11-27T00:00Z,626.0,,0.0,
0-20000-0-11519,RGLB_D,SUM,1994-11-28T00:00Z,785.0,,0.0,
0-20000-0-11519,RGLB_D,SUM,1994-11-29T00:00Z,4266.0,,0.0,
0-20000-0-11519,RGLB_D,SUM,1994-11-30T00:00Z,1318.0,,0.0,
0-20000-0-11519,RGLB_D,SUM,1994-12-01T00:00Z,4626.0,,0.0,
0-20000-0-11519,RGLB_D,SUM,1994-12-02T00:00Z,4525.0,,0.0,
0-20000-0-11519,RGLB_D,SUM,1994-12-03T00:00Z,2027.0,,0.0,
0-20000-0-11519,RGLB_D,SUM,1994-12-04T00:00Z,709.0,,0.0,
0-20000-0-11519,RGLB_D,SUM,1994-12-05T00:00Z,356.0,,0.0,
0-20000-0-11519,RGLB_D,SUM,1994-12-06T00:00Z,3283.0,,0.0,
0-20000-0-11519,RGLB_D,SUM,1994-12-07T00:00Z,4234.0,,0.0,
0-20000-0-11519,RGLB_D,SUM,1994-12-08T00:00Z,3798.0,,0.0,
0-20000-0-11519,RGLB_D,SUM,1994-12-09T00:00Z,2542.0,,0.0,
0-20000-0-11519,RGLB_D,SUM,1994-12-10T00:00Z,1422.0,,0.0,
0-20000-0-11519,RGLB_D,SUM,1994-12-11T00:00Z,2344.0,,0.0,
0-20000-0-11519,RGLB_D,SUM,1994-12-12T00:00Z,3812.0,,0.0,
0-20000-0-11519,RGLB_D,SUM,1994-12-13T00:00Z,302.0,,0.0,
0-20000-0-11519,RGLB_D,SUM,1994-12-14T00:00Z,3182.0,,0.0,
0-20000-0-11519,RGLB_D,SUM,1994-12-15T00:00Z,2470.0,,0.0,
0-20000-0-11519,RGLB_D,SUM,1994-12-16T00:00Z,2974.0,,0.0,
0-20000-0-11519,RGLB_D,SUM,1994-12-17T00:00Z,2909.0,,0.0,
0-20000-0-11519,RGLB_D,SUM,1994-12-18T00:00Z,4212.0,,0.0,
0-20000-0-11519,RGLB_D,SUM,1994-12-19T00:00Z,734.0,,0.0,
0-20000-0-11519,RGLB_D,SUM,1994-12-20T00:00Z,846.0,,0.0,
0-20000-0-11519,RGLB_D,SUM,1994-12-21T00:00Z,763.0,,0.0,
0-20000-0-11519,RGLB_D,SUM,1994-12-22T00:00Z,1051.0,,0.0,
0-20000-0-11519,RGLB_D,SUM,1994-12-23T00:00Z,2023.0,,0.0,
0-20000-0-11519,RGLB_D,SUM,1994-12-24T00:00Z,882.0,,0.0,
0-20000-0-11519,RGLB_D,SUM,1994-12-25T00:00Z,821.0,,0.0,
0-20000-0-11519,RGLB_D,SUM,1994-12-26T00:00Z,673.0,,0.0,
0-20000-0-11519,RGLB_D,SUM,1994-12-27T00:00Z,662.0,,0.0,
0-20000-0-11519,RGLB_D,SUM,1994-12-28T00:00Z,1274.0,,0.0,
0-20000-0-11519,RGLB_D,SUM,1994-12-29T00:00Z,774.0,,0.0,
0-20000-0-11519,RGLB_D,SUM,1994-12-30T00:00Z,1548.0,,0.0,
0-20000-0-11519,RGLB_D,SUM,1994-12-31T00:00Z,2153.0,,0.0,
0-20000-0-11519,RGLB_D,SUM,1995-01-01T00:00Z,2480.0,,0.0,
0-20000-0-11519,RGLB_D,SUM,1995-01-02T00:00Z,1552.0,,0.0,
0-20000-0-11519,RGLB_D,SUM,1995-01-03T00:00Z,1228.0,,0.0,
0-20000-0-11519,RGLB_D,SUM,1995-01-04T00:00Z,2614.0,,0.0,
0-20000-0-11519,RGLB_D,SUM,1995-01-05T00:00Z,3452.0,,0.0,
0-20000-0-11519,RGLB_D,SUM,1995-01-06T00:00Z,1498.0,,0.0,
0-20000-0-11519,RGLB_D,SUM,1995-01-07T00:00Z,670.0,,0.0,
0-20000-0-11519,RGLB_D,SUM,1995-01-08T00:00Z,1969.0,,0.0,
0-20000-0-11519,RGLB_D,SUM,1995-01-09T00:00Z,731.0,,0.0,
0-20000-0-11519,RGLB_D,SUM,1995-01-10T00:00Z,1584.0,,0.0,
0-20000-0-11519,RGLB_D,SUM,1995-01-11T00:00Z,3136.0,,0.0,
0-20000-0-11519,RGLB_D,SUM,1995-01-12T00:00Z,3002.0,,0.0,
0-20000-0-11519,RGLB_D,SUM,1995-01-13T00:00Z,3096.0,,0.0,
0-20000-0-11519,RGLB_D,SUM,1995-01-14T00:00Z,3395.0,,0.0,
0-20000-0-11519,RGLB_D,SUM,1995-01-15T00:00Z,2153.0,,0.0,
0-20000-0-11519,RGLB_D,SUM,1995-01-16T00:00Z,4450.0,,0.0,
0-20000-0-11519,RGLB_D,SUM,1995-01-17T00:00Z,1523.0,,0.0,
0-20000-0-11519,RGLB_D,SUM,1995-01-18T00:00Z,4990.0,,0.0,
0-20000-0-11519,RGLB_D,SUM,1995-01-19T00:00Z,724.0,,0.0,
0-20000-0-11519,RGLB_D,SUM,1995-01-20T00:00Z,3028.0,,0.0,
0-20000-0-11519,RGLB_D,SUM,1995-01-21T00:00Z,1483.0,,0.0,
0-20000-0-11519,RGLB_D,SUM,1995-01-22T00:00Z,1782.0,,0.0,
0-20000-0-11519,RGLB_D,SUM,1995-01-23T00:00Z,2434.0,,0.0,
0-20000-0-11519,RGLB_D,SUM,1995-01-24T00:00Z,4216.0,,0.0,
0-20000-0-11519,RGLB_D,SUM,1995-01-25T00:00Z,1134.0,,0.0,
0-20000-0-11519,RGLB_D,SUM,1995-01-26T00:00Z,3244.0,,0.0,
0-20000-0-11519,RGLB_D,SUM,1995-01-27T00:00Z,2794.0,,0.0,
0-20000-0-11519,RGLB_D,SUM,1995-01-28T00:00Z,2459.0,,0.0,
0-20000-0-11519,RGLB_D,SUM,1995-01-29T00:00Z,3553.0,,0.0,
0-20000-0-11519,RGLB_D,SUM,1995-01-30T00:00Z,1836.0,,0.0,
0-20000-0-11519,RGLB_D,SUM,1995-01-31T00:00Z,5209.0,,0.0,
0-20000-0-11519,RGLB_D,SUM,1995-02-01T00:00Z,1847.0,,0.0,
0-20000-0-11519,RGLB_D,SUM,1995-02-02T00:00Z,1141.0,,0.0,
0-20000-0-11519,RGLB_D,SUM,1995-02-03T00:00Z,5944.0,,0.0,
0-20000-0-11519,RGLB_D,SUM,1995-02-04T00:00Z,4788.0,,0.0,
0-20000-0-11519,RGLB_D,SUM,1995-02-05T00:00Z,4763.0,,0.0,
0-20000-0-11519,RGLB_D,SUM,1995-02-06T00:00Z,2452.0,,0.0,
0-20000-0-11519,RGLB_D,SUM,1995-02-07T00:00Z,4943.0,,0.0,
0-20000-0-11519,RGLB_D,SUM,1995-02-08T00:00Z,4993.0,,0.0,
0-20000-0-11519,RGLB_D,SUM,1995-02-09T00:00Z,2286.0,,0.0,
0-20000-0-11519,RGLB_D,SUM,1995-02-10T00:00Z,5076.0,,0.0,
0-20000-0-11519,RGLB_D,SUM,1995-02-11T00:00Z,5407.0,,0.0,
0-20000-0-11519,RGLB_D,SUM,1995-02-12T00:00Z,4032.0,,0.0,
0-20000-0-11519,RGLB_D,SUM,1995-02-13T00:00Z,7614.0,,0.0,
0-20000-0-11519,RGLB_D,SUM,1995-02-14T00:00Z,2880.0,,0.0,
0-20000-0-11519,RGLB_D,SUM,1995-02-15T00:00Z,2772.0,,0.0,
0-20000-0-11519,RGLB_D,SUM,1995-02-16T00:00Z,3956.0,,0.0,
0-20000-0-11519,RGLB_D,SUM,1995-02-17T00:00Z,4716.0,,0.0,
0-20000-0-11519,RGLB_D,SUM,1995-02-18T00:00Z,6203.0,,0.0,
0-20000-0-11519,RGLB_D,SUM,1995-02-19T00:00Z,5177.0,,0.0,
0-20000-0-11519,RGLB_D,SUM,1995-02-20T00:00Z,3805.0,,0.0,
0-20000-0-11519,RGLB_D,SUM,1995-02-21T00:00Z,8226.0,,0.0,
0-20000-0-11519,RGLB_D,SUM,1995-02-22T00:00Z,10753.0,,0.0,
0-20000-0-11519,RGLB_D,SUM,1995-02-23T00:00Z,2999.0,,0.0,
0-20000-0-11519,RGLB_D,SUM,1995-02-24T00:00Z,9158.0,,0.0,
0-20000-0-11519,RGLB_D,SUM,1995-02-25T00:00Z,5742.0,,0.0,
0-20000-0-11519,RGLB_D,SUM,1995-02-26T00:00Z,4687.0,,0.0,
0-20000-0-11519,RGLB_D,SUM,1995-02-27T00:00Z,6296.0,,0.0,
0-20000-0-11519,RGLB_D,SUM,1995-02-28T00:00Z,3920.0,,0.0,
0-20000-0-11519,RGLB_D,SUM,1995-03-01T00:00Z,10300.0,,0.0,
0-20000-0-11519,RGLB_D,SUM,1995-03-02T00:00Z,4104.0,,0.0,
0-20000-0-11519,RGLB_D,SUM,1995-03-03T00:00Z,10609.0,,0.0,
0-20000-0-11519,RGLB_D,SUM,1995-03-04T00:00Z,2617.0,,0.0,
0-20000-0-11519,RGLB_D,SUM,1995-03-05T00:00Z,11462.0,,0.0,
0-20000-0-11519,RGLB_D,SUM,1995-03-06T00:00Z,10624.0,,0.0,
0-20000-0-11519,RGLB_D,SUM,1995-03-07T00:00Z,9205.0,,0.0,
0-20000-0-11519,RGLB_D,SUM,1995-03-08T00:00Z,13421.0,,0.0,
0-20000-0-11519,RGLB_D,SUM,1995-03-09T00:00Z,5504.0,,0.0,
0-20000-0-11519,RGLB_D,SUM,1995-03-10T00:00Z,11196.0,,0.0,
0-20000-0-11519,RGLB_D,SUM,1995-03-11T00:00Z,12348.0,,0.0,
0-20000-0-11519,RGLB_D,SUM,1995-03-12T00:00Z,14130.0,,0.0,
0-20000-0-11519,RGLB_D,SUM,1995-03-13T00:00Z,6664.0,,0.0,
0-20000-0-11519,RGLB_D,SUM,1995-03-14T00:00Z,3838.0,,0.0,
0-20000-0-11519,RGLB_D,SUM,1995-03-15T00:00Z,5746.0,,0.0,
0-20000-0-11519,RGLB_D,SUM,1995-03-16T00:00Z,8856.0,,0.0,
0-20000-0-11519,RGLB_D,SUM,1995-03-17T00:00Z,8917.0,,0.0,
0-20000-0-11519,RGLB_D,SUM,1995-03-18T00:00Z,12982.0,,0.0,
0-20000-0-11519,RGLB_D,SUM,1995-03-19T00:00Z,4730.0,,0.0,
0-20000-0-11519,RGLB_D,SUM,1995-03-20T00:00Z,11711.0,,0.0,
0-20000-0-11519,RGLB_D,SUM,1995-03-21T00:00Z,10076.0,,0.0,
0-20000-0-11519,RGLB_D,SUM,1995-03-22T00:00Z,13885.0,,0.0,
0-20000-0-11519,RGLB_D,SUM,1995-03-23T00:00Z,6300.0,,0.0,
0-20000-0-11519,RGLB_D,SUM,1995-03-24T00:00Z,16247.0,,0.0,
0-20000-0-11519,RGLB_D,SUM,1995-03-25T00:00Z,8093.0,,0.0,
0-20000-0-11519,RGLB_D,SUM,1995-03-26T00:00Z,4475.0,,0.0,
0-20000-0-11519,RGLB_D,SUM,1995-03-27T00:00Z,6480.0,,0.0,
0-20000-0-11519,RGLB_D,SUM,1995-03-28T00:00Z,13223.0,,0.0,
0-20000-0-11519,RGLB_D,SUM,1995-03-29T00:00Z,3406.0,,0.0,
0-20000-0-11519,RGLB_D,SUM,1995-03-30T00:00Z,11534.0,,0.0,
0-20000-0-11519,RGLB_D,SUM,1995-03-31T00:00Z,12218.0,,0.0,
0-20000-0-11519,RGLB_D,SUM,1995-04-01T00:00Z,2189.0,,0.0,
0-20000-0-11519,RGLB_D,SUM,1995-04-02T00:00Z,10735.0,,0.0,
0-20000-0-11519,RGLB_D,SUM,1995-04-03T00:00Z,17917.0,,0.0,
0-20000-0-11519,RGLB_D,SUM,1995-04-04T00:00Z,8352.0,,0.0,
0-20000-0-11519,RGLB_D,SUM,1995-04-05T00:00Z,16603.0,,0.0,
0-20000-0-11519,RGLB_D,SUM,1995-04-06T00:00Z,6980.0,,0.0,
0-20000-0-11519,RGLB_D,SUM,1995-04-07T00:00Z,6991.0,,0.0,
0-20000-0-11519,RGLB_D,SUM,1995-04-08T00:00Z,13414.0,,0.0,
0-20000-0-11519,RGLB_D,SUM,1995-04-09T00:00Z,13370.0,,0.0,
0-20000-0-11519,RGLB_D,SUM,1995-04-10T00:00Z,2308.0,,0.0,
0-20000-0-11519,RGLB_D,SUM,1995-04-11T00:00Z,5774.0,,0.0,
0-20000-0-11519,RGLB_D,SUM,1995-04-12T00:00Z,5040.0,,0.0,
0-20000-0-11519,RGLB_D,SUM,1995-04-13T00:00Z,6030.0,,0.0,
0-20000-0-11519,RGLB_D,SUM,1995-04-14T00:00Z,3751.0,,0.0,
0-20000-0-11519,RGLB_D,SUM,1995-04-15T00:00Z,3586.0,,0.0,
0-20000-0-11519,RGLB_D,SUM,1995-04-16T00:00Z,6786.0,,0.0,
0-20000-0-11519,RGLB_D,SUM,1995-04-17T00:00Z,6991.0,,0.0,
0-20000-0-11519,RGLB_D,SUM,1995-04-18T00:00Z,10818.0,,0.0,
0-20000-0-11519,RGLB_D,SUM,1995-04-19T00:00Z,16880.0,,0.0,
0-20000-0-11519,RGLB_D,SUM,1995-04-20T00:00Z,9382.0,,0.0,
0-20000-0-11519,RGLB_D,SUM,1995-04-21T00:00Z,19415.0,,0.0,
0-20000-0-11519,RGLB_D,SUM,1995-04-22T00:00Z,22741.0,,0.0,
0-20000-0-11519,RGLB_D,SUM,1995-04-23T00:00Z,22255.0,,0.0,
0-20000-0-11519,RGLB_D,SUM,1995-04-24T00:00Z,18562.0,,0.0,
0-20000-0-11519,RGLB_D,SUM,1995-04-25T00:00Z,9709.0,,0.0,
0-20000-0-11519,RGLB_D,SUM,1995-04-26T00:00Z,15271.0,,0.0,
0-20000-0-11519,RGLB_D,SUM,1995-04-27T00:00Z,7099.0,,0.0,
0-20000-0-11519,RGLB_D,SUM,1995-04-28T00:00Z,5695.0,,0.0,
0-20000-0-11519,RGLB_D,SUM,1995-04-29T00:00Z,22288.0,,0.0,
0-20000-0-11519,RGLB_D,SUM,1995-04-30T00:00Z,15246.0,,0.0,
0-20000-0-11519,RGLB_D,SUM,1995-05-01T00:00Z,5440.0,,0.0,
0-20000-0-11519,RGLB_D,SUM,1995-05-02T00:00Z,25236.0,,0.0,
0-20000-0-11519,RGLB_D,SUM,1995-05-03T00:00Z,25229.0,,0.0,
0-20000-0-11519,RGLB_D,SUM,1995-05-04T00:00Z,23472.0,,0.0,
0-20000-0-11519,RGLB_D,SUM,1995-05-05T00:00Z,24314.0,,0.0,
0-20000-0-11519,RGLB_D,SUM,1995-05-06T00:00Z,22702.0,,0.0,
0-20000-0-11519,RGLB_D,SUM,1995-05-07T00:00Z,19253.0,,0.0,
0-20000-0-11519,RGLB_D,SUM,1995-05-08T00:00Z,12629.0,,0.0,
0-20000-0-11519,RGLB_D,SUM,1995-05-09T00:00Z,17773.0,,0.0,
0-20000-0-11519,RGLB_D,SUM,1995-05-10T00:00Z,7398.0,,0.0,
0-20000-0-11519,RGLB_D,SUM,1995-05-11T00:00Z,15368.0,,0.0,
0-20000-0-11519,RGLB_D,SUM,1995-05-12T00:00Z,5220.0,,0.0,
0-20000-0-11519,RGLB_D,SUM,1995-05-13T00:00Z,1444.0,,0.0,
0-20000-0-11519,RGLB_D,SUM,1995-05-14T00:00Z,12301.0,,0.0,
0-20000-0-11519,RGLB_D,SUM,1995-05-15T00:00Z,18421.0,,0.0,
0-20000-0-11519,RGLB_D,SUM,1995-05-16T00:00Z,19418.0,,0.0,
0-20000-0-11519,RGLB_D,SUM,1995-05-17T00:00Z,11657.0,,0.0,
0-20000-0-11519,RGLB_D,SUM,1995-05-18T00:00Z,12391.0,,0.0,
0-20000-0-11519,RGLB_D,SUM,1995-05-19T00:00Z,9151.0,,0.0,
0-20000-0-11519,RGLB_D,SUM,1995-05-20T00:00Z,14612.0,,0.0,
0-20000-0-11519,RGLB_D,SUM,1995-05-21T00:00Z,13964.0,,0.0,
0-20000-0-11519,RGLB_D,SUM,1995-05-22T00:00Z,23353.0,,0.0,
0-20000-0-11519,RGLB_D,SUM,1995-05-23T00:00Z,26532.0,,0.0,
0-20000-0-11519,RGLB_D,SUM,1995-05-24T00:00Z,26363.0,,0.0,
0-20000-0-11519,RGLB_D,SUM,1995-05-25T00:00Z,21157.0,,0.0,
0-20000-0-11519,RGLB_D,SUM,1995-05-26T00:00Z,24062.0,,0.0,
0-20000-0-11519,RGLB_D,SUM,1995-05-27T00:00Z,19019.0,,0.0,
0-20000-0-11519,RGLB_D,SUM,1995-05-28T00:00Z,27328.0,,0.0,
0-20000-0-11519,RGLB_D,SUM,1995-05-29T00:00Z,23040.0,,0.0,
0-20000-0-11519,RGLB_D,SUM,1995-05-30T00:00Z,13504.0,,0.0,
0-20000-0-11519,RGLB_D,SUM,1995-05-31T00:00Z,9202.0,,0.0,
0-20000-0-11519,RGLB_D,SUM,1995-06-01T00:00Z,15070.0,,0.0,
0-20000-0-11519,RGLB_D,SUM,1995-06-02T00:00Z,3895.0,,0.0,
0-20000-0-11519,RGLB_D,SUM,1995-06-03T00:00Z,21254.0,,0.0,
0-20000-0-11519,RGLB_D,SUM,1995-06-04T00:00Z,18983.0,,0.0,
0-20000-0-11519,RGLB_D,SUM,1995-06-05T00:00Z,14969.0,,0.0,
0-20000-0-11519,RGLB_D,SUM,1995-06-06T00:00Z,6527.0,,0.0,
0-20000-0-11519,RGLB_D,SUM,1995-06-07T00:00Z,11326.0,,0.0,
0-20000-0-11519,RGLB_D,SUM,1995-06-08T00:00Z,15293.0,,0.0,
0-20000-0-11519,RGLB_D,SUM,1995-06-09T00:00Z,3802.0,,0.0,
0-20000-0-11519,RGLB_D,SUM,1995-06-10T00:00Z,17647.0,,0.0,
0-20000-0-11519,RGLB_D,SUM,1995-06-11T00:00Z,3071.0,,0.0,
0-20000-0-11519,RGLB_D,SUM,1995-06-12T00:00Z,3755.0,,0.0,
0-20000-0-11519,RGLB_D,SUM,1995-06-13T00:00Z,9367.0,,0.0,
0-20000-0-11519,RGLB_D,SUM,1995-06-14T00:00Z,19548.0,,0.0,
0-20000-0-11519,RGLB_D,SUM,1995-06-15T00:00Z,14771.0,,0.0,
0-20000-0-11519,RGLB_D,SUM,1995-06-16T00:00Z,17104.0,,0.0,
0-20000-0-11519,RGLB_D,SUM,1995-06-17T00:00Z,16240.0,,0.0,
0-20000-0-11519,RGLB_D,SUM,1995-06-18T00:00Z,11293.0,,0.0,
0-20000-0-11519,RGLB_D,SUM,1995-06-19T00:00Z,17050.0,,0.0,
0-20000-0-11519,RGLB_D,SUM,1995-06-20T00:00Z,26014.0,,0.0,
0-20000-0-11519,RGLB_D,SUM,1995-06-21T00:00Z,17737.0,,0.0,
0-20000-0-11519,RGLB_D,SUM,1995-06-22T00:00Z,13561.0,,0.0,
0-20000-0-11519,RGLB_D,SUM,1995-06-23T00:00Z,16729.0,,0.0,
0-20000-0-11519,RGLB_D,SUM,1995-06-24T00:00Z,13255.0,,0.0,
0-20000-0-11519,RGLB_D,SUM,1995-06-25T00:00Z,4342.0,,0.0,
0-20000-0-11519,RGLB_D,SUM,1995-06-26T00:00Z,11549.0,,0.0,
0-20000-0-11519,RGLB_D,SUM,1995-06-27T00:00Z,25196.0,,0.0,
0-20000-0-11519,RGLB_D,SUM,1995-06-28T00:00Z,29826.0,,0.0,
0-20000-0-11519,RGLB_D,SUM,1995-06-29T00:00Z,28804.0,,0.0,
0-20000-0-11519,RGLB_D,SUM,1995-06-30T00:00Z,27461.0,,0.0,
0-20000-0-11519,RGLB_D,SUM,1995-07-01T00:00Z,28195.0,,0.0,
0-20000-0-11519,RGLB_D,SUM,1995-07-02T00:00Z,17161.0,,0.0,
0-20000-0-11519,RGLB_D,SUM,1995-07-03T00:00Z,17125.0,,0.0,
0-20000-0-11519,RGLB_D,SUM,1995-07-04T00:00Z,11315.0,,0.0,
0-20000-0-11519,RGLB_D,SUM,1995-07-05T00:00Z,13028.0,,0.0,
0-20000-0-11519,RGLB_D,SUM,1995-07-06T00:00Z,24512.0,,0.0,
0-20000-0-11519,RGLB_D,SUM,1995-07-07T00:00Z,27968.0,,0.0,
0-20000-0-11519,RGLB_D,SUM,1995-07-08T00:00Z,27911.0,,0.0,
0-20000-0-11519,RGLB_D,SUM,1995-07-09T00:00Z,27626.0,,0.0,
0-20000-0-11519,RGLB_D,SUM,1995-07-10T00:00Z,27724.0,,0.0,
0-20000-0-11519,RGLB_D,SUM,1995-07-11T00:00Z,25204.0,,0.0,
0-20000-0-11519,RGLB_D,SUM,1995-07-12T00:00Z,18529.0,,0.0,
0-20000-0-11519,RGLB_D,SUM,1995-07-13T00:00Z,16729.0,,0.0,
0-20000-0-11519,RGLB_D,SUM,1995-07-14T00:00Z,20149.0,,0.0,
0-20000-0-11519,RGLB_D,SUM,1995-07-15T00:00Z,12892.0,,0.0,
0-20000-0-11519,RGLB_D,SUM,1995-07-16T00:00Z,17503.0,,0.0,
0-20000-0-11519,RGLB_D,SUM,1995-07-17T00:00Z,19307.0,,0.0,
0-20000-0-11519,RGLB_D,SUM,1995-07-18T00:00Z,13712.0,,0.0,
0-20000-0-11519,RGLB_D,SUM,1995-07-19T00:00Z,18860.0,,0.0,
0-20000-0-11519,RGLB_D,SUM,1995-07-20T00:00Z,24437.0,,0.0,
0-20000-0-11519,RGLB_D,SUM,1995-07-21T00:00Z,25441.0,,0.0,
0-20000-0-11519,RGLB_D,SUM,1995-07-22T00:00Z,19274.0,,0.0,
0-20000-0-11519,RGLB_D,SUM,1995-07-23T00:00Z,9572.0,,0.0,
0-20000-0-11519,RGLB_D,SUM,1995-07-24T00:00Z,25614.0,,0.0,
0-20000-0-11519,RGLB_D,SUM,1995-07-25T00:00Z,26143.0,,0.0,
0-20000-0-11519,RGLB_D,SUM,1995-07-26T00:00Z,26064.0,,0.0,
0-20000-0-11519,RGLB_D,SUM,1995-07-27T00:00Z,25376.0,,0.0,
0-20000-0-11519,RGLB_D,SUM,1995-07-28T00:00Z,7420.0,,0.0,
0-20000-0-11519,RGLB_D,SUM,1995-07-29T00:00Z,23681.0,,0.0,
0-20000-0-11519,RGLB_D,SUM,1995-07-30T00:00Z,24944.0,,0.0,
0-20000-0-11519,RGLB_D,SUM,1995-07-31T00:00Z,25315.0,,0.0,
0-20000-0-11519,RGLB_D,SUM,1995-08-01T00:00Z,21258.0,,0.0,
0-20000-0-11519,RGLB_D,SUM,1995-08-02T00:00Z,20369.0,,0.0,
0-20000-0-11519,RGLB_D,SUM,1995-08-03T00:00Z,25106.0,,0.0,
0-20000-0-11519,RGLB_D,SUM,1995-08-04T00:00Z,20614.0,,0.0,
0-20000-0-11519,RGLB_D,SUM,1995-08-05T00:00Z,21082.0,,0.0,
0-20000-0-11519,RGLB_D,SUM,1995-08-06T00:00Z,23875.0,,0.0,
0-20000-0-11519,RGLB_D,SUM,1995-08-07T00:00Z,20768.0,,0.0,
0-20000-0-11519,RGLB_D,SUM,1995-08-08T00:00Z,7596.0,,0.0,
0-20000-0-11519,RGLB_D,SUM,1995-08-09T00:00Z,23915.0,,0.0,
0-20000-0-11519,RGLB_D,SUM,1995-08-10T00:00Z,23951.0,,0.0,
0-20000-0-11519,RGLB_D,SUM,1995-08-11T00:00Z,23324.0,,0.0,
0-20000-0-11519,RGLB_D,SUM,1995-08-12T00:00Z,24257.0,,0.0,
0-20000-0-11519,RGLB_D,SUM,1995-08-13T00:00Z,18432.0,,0.0,
0-20000-0-11519,RGLB_D,SUM,1995-08-14T00:00Z,6408.0,,0.0,
0-20000-0-11519,RGLB_D,SUM,1995-08-15T00:00Z,18371.0,,0.0,
0-20000-0-11519,RGLB_D,SUM,1995-08-16T00:00Z,9835.0,,0.0,
0-20000-0-11519,RGLB_D,SUM,1995-08-17T00:00Z,18493.0,,0.0,
0-20000-0-11519,RGLB_D,SUM,1995-08-18T00:00Z,19829.0,,0.0,
0-20000-0-11519,RGLB_D,SUM,1995-08-19T00:00Z,18914.0,,0.0,
0-20000-0-11519,RGLB_D,SUM,1995-08-20T00:00Z,15379.0,,0.0,
0-20000-0-11519,RGLB_D,SUM,1995-08-21T00:00Z,15563.0,,0.0,
0-20000-0-11519,RGLB_D,SUM,1995-08-22T00:00Z,18752.0,,0.0,
0-20000-0-11519,RGLB_D,SUM,1995-08-23T00:00Z,20516.0,,0.0,
0-20000-0-11519,RGLB_D,SUM,1995-08-24T00:00Z,11225.0,,0.0,
0-20000-0-11519,RGLB_D,SUM,1995-08-25T00:00Z,11005.0,,0.0,
0-20000-0-11519,RGLB_D,SUM,1995-08-26T00:00Z,9724.0,,0.0,
0-20000-0-11519,RGLB_D,SUM,1995-08-27T00:00Z,7506.0,,0.0,
0-20000-0-11519,RGLB_D,SUM,1995-08-28T00:00Z,8780.0,,0.0,
0-20000-0-11519,RGLB_D,SUM,1995-08-29T00:00Z,10537.0,,0.0,
0-20000-0-11519,RGLB_D,SUM,1995-08-30T00:00Z,10930.0,,0.0,
0-20000-0-11519,RGLB_D,SUM,1995-08-31T00:00Z,5717.0,,0.0,
0-20000-0-11519,RGLB_D,SUM,1995-09-01T00:00Z,3776.0,,0.0,
0-20000-0-11519,RGLB_D,SUM,1995-09-02T00:00Z,3881.0,,0.0,
0-20000-0-11519,RGLB_D,SUM,1995-09-03T00:00Z,9479.0,,0.0,
0-20000-0-11519,RGLB_D,SUM,1995-09-04T00:00Z,10724.0,,0.0,
0-20000-0-11519,RGLB_D,SUM,1995-09-05T00:00Z,14116.0,,0.0,
0-20000-0-11519,RGLB_D,SUM,1995-09-06T00:00Z,14076.0,,0.0,
0-20000-0-11519,RGLB_D,SUM,1995-09-07T00:00Z,18742.0,,0.0,
0-20000-0-11519,RGLB_D,SUM,1995-09-08T00:00Z,5857.0,,0.0,
0-20000-0-11519,RGLB_D,SUM,1995-09-09T00:00Z,14652.0,,0.0,
0-20000-0-11519,RGLB_D,SUM,1995-09-10T00:00Z,16704.0,,0.0,
0-20000-0-11519,RGLB_D,SUM,1995-09-11T00:00Z,10249.0,,0.0,
0-20000-0-11519,RGLB_D,SUM,1995-09-12T00:00Z,13450.0,,0.0,
0-20000-0-11519,RGLB_D,SUM,1995-09-13T00:00Z,9151.0,,0.0,
0-20000-0-11519,RGLB_D,SUM,1995-09-14T00:00Z,2736.0,,0.0,
0-20000-0-11519,RGLB_D,SUM,1995-09-15T00:00Z,2405.0,,0.0,
0-20000-0-11519,RGLB_D,SUM,1995-09-16T00:00Z,12830.0,,0.0,
0-20000-0-11519,RGLB_D,SUM,1995-09-17T00:00Z,12665.0,,0.0,
0-20000-0-11519,RGLB_D,SUM,1995-09-18T00:00Z,14360.0,,0.0,
0-20000-0-11519,RGLB_D,SUM,1995-09-19T00:00Z,4190.0,,0.0,
0-20000-0-11519,RGLB_D,SUM,1995-09-20T00:00Z,8136.0,,0.0,
0-20000-0-11519,RGLB_D,SUM,1995-09-21T00:00Z,3078.0,,0.0,
0-20000-0-11519,RGLB_D,SUM,1995-09-22T00:00Z,12485.0,,0.0,
0-20000-0-11519,RGLB_D,SUM,1995-09-23T00:00Z,6188.0,,0.0,
0-20000-0-11519,RGLB_D,SUM,1995-09-24T00:00Z,8741.0,,0.0,
0-20000-0-11519,RGLB_D,SUM,1995-09-25T00:00Z,11808.0,,0.0,
0-20000-0-11519,RGLB_D,SUM,1995-09-26T00:00Z,12575.0,,0.0,
0-20000-0-11519,RGLB_D,SUM,1995-09-27T00:00Z,3085.0,,0.0,
0-20000-0-11519,RGLB_D,SUM,1995-09-28T00:00Z,12679.0,,0.0,
0-20000-0-11519,RGLB_D,SUM,1995-09-29T00:00Z,12719.0,,0.0,
0-20000-0-11519,RGLB_D,SUM,1995-09-30T00:00Z,7132.0,,0.0,
0-20000-0-11519,RGLB_D,SUM,1995-10-01T00:00Z,12258.0,,0.0,
0-20000-0-11519,RGLB_D,SUM,1995-10-02T00:00Z,10627.0,,0.0,
0-20000-0-11519,RGLB_D,SUM,1995-10-03T00:00Z,11851.0,,0.0,
0-20000-0-11519,RGLB_D,SUM,1995-10-04T00:00Z,10973.0,,0.0,
0-20000-0-11519,RGLB_D,SUM,1995-10-05T00:00Z,5656.0,,0.0,
0-20000-0-11519,RGLB_D,SUM,1995-10-06T00:00Z,6469.0,,0.0,
0-20000-0-11519,RGLB_D,SUM,1995-10-07T00:00Z,6610.0,,0.0,
0-20000-0-11519,RGLB_D,SUM,1995-10-08T00:00Z,8622.0,,0.0,
0-20000-0-11519,RGLB_D,SUM,1995-10-09T00:00Z,9968.0,,0.0,
0-20000-0-11519,RGLB_D,SUM,1995-10-10T00:00Z,9835.0,,0.0,
0-20000-0-11519,RGLB_D,SUM,1995-10-11T00:00Z,9209.0,,0.0,
0-20000-0-11519,RGLB_D,SUM,1995-10-12T00:00Z,2185.0,,0.0,
0-20000-0-11519,RGLB_D,SUM,1995-10-13T00:00Z,1300.0,,0.0,
0-20000-0-11519,RGLB_D,SUM,1995-10-14T00:00Z,2797.0,,0.0,
0-20000-0-11519,RGLB_D,SUM,1995-10-15T00:00Z,2002.0,,0.0,
0-20000-0-11519,RGLB_D,SUM,1995-10-16T00:00Z,2812.0,,0.0,
0-20000-0-11519,RGLB_D,SUM,1995-10-17T00:00Z,2290.0,,0.0,
0-20000-0-11519,RGLB_D,SUM,1995-10-18T00:00Z,4129.0,,0.0,
0-20000-0-11519,RGLB_D,SUM,1995-10-19T00:00Z,7175.0,,0.0,
0-20000-0-11519,RGLB_D,SUM,1995-10-20T00:00Z,2815.0,,0.0,
0-20000-0-11519,RGLB_D,SUM,1995-10-21T00:00Z,5411.0,,0.0,
0-20000-0-11519,RGLB_D,SUM,1995-10-22T00:00Z,10012.0,,0.0,
0-20000-0-11519,RGLB_D,SUM,1995-10-23T00:00Z,9266.0,,0.0,
0-20000-0-11519,RGLB_D,SUM,1995-10-24T00:00Z,8888.0,,0.0,
0-20000-0-11519,RGLB_D,SUM,1995-10-25T00:00Z,9403.0,,0.0,
0-20000-0-11519,RGLB_D,SUM,1995-10-26T00:00Z,7038.0,,0.0,
0-20000-0-11519,RGLB_D,SUM,1995-10-27T00:00Z,7272.0,,0.0,
0-20000-0-11519,RGLB_D,SUM,1995-10-28T00:00Z,1692.0,,0.0,
0-20000-0-11519,RGLB_D,SUM,1995-10-29T00:00Z,1357.0,,0.0,
0-20000-0-11519,RGLB_D,SUM,1995-10-30T00:00Z,2963.0,,0.0,
0-20000-0-11519,RGLB_D,SUM,1995-10-31T00:00Z,6595.0,,0.0,
0-20000-0-11519,RGLB_D,SUM,1995-11-01T00:00Z,3254.0,,0.0,
0-20000-0-11519,RGLB_D,SUM,1995-11-02T00:00Z,2509.0,,0.0,
0-20000-0-11519,RGLB_D,SUM,1995-11-03T00:00Z,3186.0,,0.0,
0-20000-0-11519,RGLB_D,SUM,1995-11-04T00:00Z,3038.0,,0.0,
0-20000-0-11519,RGLB_D,SUM,1995-11-05T00:00Z,3870.0,,0.0,
0-20000-0-11519,RGLB_D,SUM,1995-11-06T00:00Z,1494.0,,0.0,
0-20000-0-11519,RGLB_D,SUM,1995-11-07T00:00Z,1220.0,,0.0,
0-20000-0-11519,RGLB_D,SUM,1995-11-08T00:00Z,4302.0,,0.0,
0-20000-0-11519,RGLB_D,SUM,1995-11-09T00:00Z,1058.0,,0.0,
0-20000-0-11519,RGLB_D,SUM,1995-11-10T00:00Z,1469.0,,0.0,
0-20000-0-11519,RGLB_D,SUM,1995-11-11T00:00Z,932.0,,0.0,
0-20000-0-11519,RGLB_D,SUM,1995-11-12T00:00Z,1462.0,,0.0,
0-20000-0-11519,RGLB_D,SUM,1995-11-13T00:00Z,1055.0,,0.0,
0-20000-0-11519,RGLB_D,SUM,1995-11-14T00:00Z,623.0,,0.0,
0-20000-0-11519,RGLB_D,SUM,1995-11-15T00:00Z,3928.0,,0.0,
0-20000-0-11519,RGLB_D,SUM,1995-11-16T00:00Z,965.0,,0.0,
0-20000-0-11519,RGLB_D,SUM,1995-11-17T00:00Z,1076.0,,0.0,
0-20000-0-11519,RGLB_D,SUM,1995-11-18T00:00Z,5072.0,,0.0,
0-20000-0-11519,RGLB_D,SUM,1995-11-19T00:00Z,1652.0,,0.0,
0-20000-0-11519,RGLB_D,SUM,1995-11-20T00:00Z,3193.0,,0.0,
0-20000-0-11519,RGLB_D,SUM,1995-11-21T00:00Z,6178.0,,0.0,
0-20000-0-11519,RGLB_D,SUM,1995-11-22T00:00Z,5627.0,,0.0,
0-20000-0-11519,RGLB_D,SUM,1995-11-23T00:00Z,803.0,,0.0,
0-20000-0-11519,RGLB_D,SUM,1995-11-24T00:00Z,2416.0,,0.0,
0-20000-0-11519,RGLB_D,SUM,1995-11-25T00:00Z,479.0,,0.0,
0-20000-0-11519,RGLB_D,SUM,1995-11-26T00:00Z,821.0,,0.0,
0-20000-0-11519,RGLB_D,SUM,1995-11-27T00:00Z,673.0,,0.0,
0-20000-0-11519,RGLB_D,SUM,1995-11-28T00:00Z,407.0,,0.0,
0-20000-0-11519,RGLB_D,SUM,1995-11-29T00:00Z,1408.0,,0.0,
0-20000-0-11519,RGLB_D,SUM,1995-11-30T00:00Z,709.0,,0.0,
0-20000-0-11519,RGLB_D,SUM,1995-12-01T00:00Z,871.0,,0.0,
0-20000-0-11519,RGLB_D,SUM,1995-12-02T00:00Z,288.0,,0.0,
0-20000-0-11519,RGLB_D,SUM,1995-12-03T00:00Z,720.0,,0.0,
0-20000-0-11519,RGLB_D,SUM,1995-12-04T00:00Z,1213.0,,0.0,
0-20000-0-11519,RGLB_D,SUM,1995-12-05T00:00Z,1195.0,,0.0,
0-20000-0-11519,RGLB_D,SUM,1995-12-06T00:00Z,630.0,,0.0,
0-20000-0-11519,RGLB_D,SUM,1995-12-07T00:00Z,529.0,,0.0,
0-20000-0-11519,RGLB_D,SUM,1995-12-08T00:00Z,526.0,,0.0,
0-20000-0-11519,RGLB_D,SUM,1995-12-09T00:00Z,367.0,,0.0,
0-20000-0-11519,RGLB_D,SUM,1995-12-10T00:00Z,562.0,,0.0,
0-20000-0-11519,RGLB_D,SUM,1995-12-11T00:00Z,702.0,,0.0,
0-20000-0-11519,RGLB_D,SUM,1995-12-12T00:00Z,626.0,,0.0,
0-20000-0-11519,RGLB_D,SUM,1995-12-13T00:00Z,436.0,,0.0,
0-20000-0-11519,RGLB_D,SUM,1995-12-14T00:00Z,950.0,,0.0,
0-20000-0-11519,RGLB_D,SUM,1995-12-15T00:00Z,695.0,,0.0,
0-20000-0-11519,RGLB_D,SUM,1995-12-16T00:00Z,670.0,,0.0,
0-20000-0-11519,RGLB_D,SUM,1995-12-17T00:00Z,328.0,,0.0,
0-20000-0-11519,RGLB_D,SUM,1995-12-18T00:00Z,907.0,,0.0,
0-20000-0-11519,RGLB_D,SUM,1995-12-19T00:00Z,835.0,,0.0,
0-20000-0-11519,RGLB_D,SUM,1995-12-20T00:00Z,648.0,,0.0,
0-20000-0-11519,RGLB_D,SUM,1995-12-21T00:00Z,4450.0,,0.0,
0-20000-0-11519,RGLB_D,SUM,1995-12-22T00:00Z,1055.0,,0.0,
0-20000-0-11519,RGLB_D,SUM,1995-12-23T00:00Z,2045.0,,0.0,
0-20000-0-11519,RGLB_D,SUM,1995-12-24T00:00Z,461.0,,0.0,
0-20000-0-11519,RGLB_D,SUM,1995-12-25T00:00Z,637.0,,0.0,
0-20000-0-11519,RGLB_D,SUM,1995-12-26T00:00Z,3031.0,,0.0,
0-20000-0-11519,RGLB_D,SUM,1995-12-27T00:00Z,3298.0,,0.0,
0-20000-0-11519,RGLB_D,SUM,1995-12-28T00:00Z,4464.0,,0.0,
0-20000-0-11519,RGLB_D,SUM,1995-12-29T00:00Z,3841.0,,0.0,
0-20000-0-11519,RGLB_D,SUM,1995-12-30T00:00Z,3942.0,,0.0,
0-20000-0-11519,RGLB_D,SUM,1995-12-31T00:00Z,1562.0,,0.0,
0-20000-0-11519,RGLB_D,SUM,1996-01-01T00:00Z,1717.0,,0.0,
0-20000-0-11519,RGLB_D,SUM,1996-01-02T00:00Z,806.0,,0.0,
0-20000-0-11519,RGLB_D,SUM,1996-01-03T00:00Z,590.0,,0.0,
0-20000-0-11519,RGLB_D,SUM,1996-01-04T00:00Z,2347.0,,0.0,
0-20000-0-11519,RGLB_D,SUM,1996-01-05T00:00Z,3740.0,,0.0,
0-20000-0-11519,RGLB_D,SUM,1996-01-06T00:00Z,864.0,,0.0,
0-20000-0-11519,RGLB_D,SUM,1996-01-07T00:00Z,1501.0,,0.0,
0-20000-0-11519,RGLB_D,SUM,1996-01-08T00:00Z,688.0,,0.0,
0-20000-0-11519,RGLB_D,SUM,1996-01-09T00:00Z,572.0,,0.0,
0-20000-0-11519,RGLB_D,SUM,1996-01-10T00:00Z,731.0,,0.0,
0-20000-0-11519,RGLB_D,SUM,1996-01-11T00:00Z,724.0,,0.0,
0-20000-0-11519,RGLB_D,SUM,1996-01-12T00:00Z,655.0,,0.0,
0-20000-0-11519,RGLB_D,SUM,1996-01-13T00:00Z,338.0,,0.0,
0-20000-0-11519,RGLB_D,SUM,1996-01-14T00:00Z,4352.0,,0.0,
0-20000-0-11519,RGLB_D,SUM,1996-01-15T00:00Z,2221.0,,0.0,
0-20000-0-11519,RGLB_D,SUM,1996-01-16T00:00Z,2401.0,,0.0,
0-20000-0-11519,RGLB_D,SUM,1996-01-17T00:00Z,1681.0,,0.0,
0-20000-0-11519,RGLB_D,SUM,1996-01-18T00:00Z,1980.0,,0.0,
0-20000-0-11519,RGLB_D,SUM,1996-01-19T00:00Z,1044.0,,0.0,
0-20000-0-11519,RGLB_D,SUM,1996-01-20T00:00Z,785.0,,0.0,
0-20000-0-11519,RGLB_D,SUM,1996-01-21T00:00Z,3146.0,,0.0,
0-20000-0-11519,RGLB_D,SUM,1996-01-22T00:00Z,5148.0,,0.0,
0-20000-0-11519,RGLB_D,SUM,1996-01-23T00:00Z,2048.0,,0.0,
0-20000-0-11519,RGLB_D,SUM,1996-01-24T00:00Z,2592.0,,0.0,
0-20000-0-11519,RGLB_D,SUM,1996-01-25T00:00Z,1663.0,,0.0,
0-20000-0-11519,RGLB_D,SUM,1996-01-26T00:00Z,2016.0,,0.0,
0-20000-0-11519,RGLB_D,SUM,1996-01-27T00:00Z,623.0,,0.0,
0-20000-0-11519,RGLB_D,SUM,1996-01-28T00:00Z,2102.0,,0.0,
0-20000-0-11519,RGLB_D,SUM,1996-01-29T00:00Z,1825.0,,0.0,
0-20000-0-11519,RGLB_D,SUM,1996-01-30T00:00Z,6808.0,,0.0,
0-20000-0-11519,RGLB_D,SUM,1996-01-31T00:00Z,5825.0,,0.0,
0-20000-0-11519,RGLB_D,SUM,1996-02-01T00:00Z,6217.0,,0.0,
0-20000-0-11519,RGLB_D,SUM,1996-02-02T00:00Z,2898.0,,0.0,
0-20000-0-11519,RGLB_D,SUM,1996-02-03T00:00Z,1285.0,,0.0,
0-20000-0-11519,RGLB_D,SUM,1996-02-04T00:00Z,2794.0,,0.0,
0-20000-0-11519,RGLB_D,SUM,1996-02-05T00:00Z,3139.0,,0.0,
0-20000-0-11519,RGLB_D,SUM,1996-02-06T00:00Z,7920.0,,0.0,
0-20000-0-11519,RGLB_D,SUM,1996-02-07T00:00Z,7344.0,,0.0,
0-20000-0-11519,RGLB_D,SUM,1996-02-08T00:00Z,5162.0,,0.0,
0-20000-0-11519,RGLB_D,SUM,1996-02-09T00:00Z,6566.0,,0.0,
0-20000-0-11519,RGLB_D,SUM,1996-02-10T00:00Z,5281.0,,0.0,
0-20000-0-11519,RGLB_D,SUM,1996-02-11T00:00Z,2254.0,,0.0,
0-20000-0-11519,RGLB_D,SUM,1996-02-12T00:00Z,5281.0,,0.0,
0-20000-0-11519,RGLB_D,SUM,1996-02-13T00:00Z,2750.0,,0.0,
0-20000-0-11519,RGLB_D,SUM,1996-02-14T00:00Z,918.0,,0.0,
0-20000-0-11519,RGLB_D,SUM,1996-02-15T00:00Z,2941.0,,0.0,
0-20000-0-11519,RGLB_D,SUM,1996-02-16T00:00Z,2369.0,,0.0,
0-20000-0-11519,RGLB_D,SUM,1996-02-17T00:00Z,5112.0,,0.0,
0-20000-0-11519,RGLB_D,SUM,1996-02-18T00:00Z,3463.0,,0.0,
0-20000-0-11519,RGLB_D,SUM,1996-02-19T00:00Z,4486.0,,0.0,
0-20000-0-11519,RGLB_D,SUM,1996-02-20T00:00Z,3762.0,,0.0,
0-20000-0-11519,RGLB_D,SUM,1996-02-21T00:00Z,4622.0,,0.0,
0-20000-0-11519,RGLB_D,SUM,1996-02-22T00:00Z,5746.0,,0.0,
0-20000-0-11519,RGLB_D,SUM,1996-02-23T00:00Z,5638.0,,0.0,
0-20000-0-11519,RGLB_D,SUM,1996-02-24T00:00Z,9742.0,,0.0,
0-20000-0-11519,RGLB_D,SUM,1996-02-25T00:00Z,8521.0,,0.0,
0-20000-0-11519,RGLB_D,SUM,1996-02-26T00:00Z,10472.0,,0.0,
0-20000-0-11519,RGLB_D,SUM,1996-02-27T00:00Z,9922.0,,0.0,
0-20000-0-11519,RGLB_D,SUM,1996-02-28T00:00Z,9605.0,,0.0,
0-20000-0-11519,RGLB_D,SUM,1996-02-29T00:00Z,7787.0,,0.0,
0-20000-0-11519,RGLB_D,SUM,1996-03-01T00:00Z,6268.0,,0.0,
0-20000-0-11519,RGLB_D,SUM,1996-03-02T00:00Z,5396.0,,0.0,
0-20000-0-11519,RGLB_D,SUM,1996-03-03T00:00Z,4676.0,,0.0,
0-20000-0-11519,RGLB_D,SUM,1996-03-04T00:00Z,8852.0,,0.0,
0-20000-0-11519,RGLB_D,SUM,1996-03-05T00:00Z,5332.0,,0.0,
0-20000-0-11519,RGLB_D,SUM,1996-03-06T00:00Z,2743.0,,0.0,
0-20000-0-11519,RGLB_D,SUM,1996-03-07T00:00Z,11045.0,,0.0,
0-20000-0-11519,RGLB_D,SUM,1996-03-08T00:00Z,11858.0,,0.0,
0-20000-0-11519,RGLB_D,SUM,1996-03-09T00:00Z,11628.0,,0.0,
0-20000-0-11519,RGLB_D,SUM,1996-03-10T00:00Z,13990.0,,0.0,
0-20000-0-11519,RGLB_D,SUM,1996-03-11T00:00Z,8870.0,,0.0,
0-20000-0-11519,RGLB_D,SUM,1996-03-12T00:00Z,5170.0,,0.0,
0-20000-0-11519,RGLB_D,SUM,1996-03-13T00:00Z,4684.0,,0.0,
0-20000-0-11519,RGLB_D,SUM,1996-03-14T00:00Z,5936.0,,0.0,
0-20000-0-11519,RGLB_D,SUM,1996-03-15T00:00Z,3874.0,,0.0,
0-20000-0-11519,RGLB_D,SUM,1996-03-16T00:00Z,6084.0,,0.0,
0-20000-0-11519,RGLB_D,SUM,1996-03-17T00:00Z,3953.0,,0.0,
0-20000-0-11519,RGLB_D,SUM,1996-03-18T00:00Z,9421.0,,0.0,
0-20000-0-11519,RGLB_D,SUM,1996-03-19T00:00Z,7585.0,,0.0,
0-20000-0-11519,RGLB_D,SUM,1996-03-20T00:00Z,14317.0,,0.0,
0-20000-0-11519,RGLB_D,SUM,1996-03-21T00:00Z,12766.0,,0.0,
0-20000-0-11519,RGLB_D,SUM,1996-03-22T00:00Z,6199.0,,0.0,
0-20000-0-11519,RGLB_D,SUM,1996-03-23T00:00Z,8237.0,,0.0,
0-20000-0-11519,RGLB_D,SUM,1996-03-24T00:00Z,3492.0,,0.0,
0-20000-0-11519,RGLB_D,SUM,1996-03-25T00:00Z,6354.0,,0.0,
0-20000-0-11519,RGLB_D,SUM,1996-03-26T00:00Z,11084.0,,0.0,
0-20000-0-11519,RGLB_D,SUM,1996-03-27T00:00Z,12996.0,,0.0,
0-20000-0-11519,RGLB_D,SUM,1996-03-28T00:00Z,18191.0,,0.0,
0-20000-0-11519,RGLB_D,SUM,1996-03-29T00:00Z,10112.0,,0.0,
0-20000-0-11519,RGLB_D,SUM,1996-03-30T00:00Z,7596.0,,0.0,
0-20000-0-11519,RGLB_D,SUM,1996-03-31T00:00Z,7499.0,,0.0,
0-20000-0-11519,RGLB_D,SUM,1996-04-01T00:00Z,13464.0,,0.0,
0-20000-0-11519,RGLB_D,SUM,1996-04-02T00:00Z,13954.0,,0.0,
0-20000-0-11519,RGLB_D,SUM,1996-04-03T00:00Z,3762.0,,0.0,
0-20000-0-11519,RGLB_D,SUM,1996-04-04T00:00Z,2891.0,,0.0,
0-20000-0-11519,RGLB_D,SUM,1996-04-05T00:00Z,4399.0,,0.0,
0-20000-0-11519,RGLB_D,SUM,1996-04-06T00:00Z,15390.0,,0.0,
0-20000-0-11519,RGLB_D,SUM,1996-04-07T00:00Z,18353.0,,0.0,
0-20000-0-11519,RGLB_D,SUM,1996-04-08T00:00Z,16225.0,,0.0,
0-20000-0-11519,RGLB_D,SUM,1996-04-09T00:00Z,15541.0,,0.0,
0-20000-0-11519,RGLB_D,SUM,1996-04-10T00:00Z,13360.0,,0.0,
0-20000-0-11519,RGLB_D,SUM,1996-04-11T00:00Z,9371.0,,0.0,
0-20000-0-11519,RGLB_D,SUM,1996-04-12T00:00Z,8953.0,,0.0,
0-20000-0-11519,RGLB_D,SUM,1996-04-13T00:00Z,9079.0,,0.0,
0-20000-0-11519,RGLB_D,SUM,1996-04-14T00:00Z,4403.0,,0.0,
0-20000-0-11519,RGLB_D,SUM,1996-04-15T00:00Z,22633.0,,0.0,
0-20000-0-11519,RGLB_D,SUM,1996-04-16T00:00Z,22763.0,,0.0,
0-20000-0-11519,RGLB_D,SUM,1996-04-17T00:00Z,21870.0,,0.0,
0-20000-0-11519,RGLB_D,SUM,1996-04-18T00:00Z,21319.0,,0.0,
0-20000-0-11519,RGLB_D,SUM,1996-04-19T00:00Z,20801.0,,0.0,
0-20000-0-11519,RGLB_D,SUM,1996-04-20T00:00Z,21222.0,,0.0,
0-20000-0-11519,RGLB_D,SUM,1996-04-21T00:00Z,21733.0,,0.0,
0-20000-0-11519,RGLB_D,SUM,1996-04-22T00:00Z,21568.0,,0.0,
0-20000-0-11519,RGLB_D,SUM,1996-04-23T00:00Z,21665.0,,0.0,
0-20000-0-11519,RGLB_D,SUM,1996-04-24T00:00Z,4392.0,,0.0,
0-20000-0-11519,RGLB_D,SUM,1996-04-25T00:00Z,13273.0,,0.0,
0-20000-0-11519,RGLB_D,SUM,1996-04-26T00:00Z,19159.0,,0.0,
0-20000-0-11519,RGLB_D,SUM,1996-04-27T00:00Z,20502.0,,0.0,
0-20000-0-11519,RGLB_D,SUM,1996-04-28T00:00Z,14526.0,,0.0,
0-20000-0-11519,RGLB_D,SUM,1996-04-29T00:00Z,5720.0,,0.0,
0-20000-0-11519,RGLB_D,SUM,1996-04-30T00:00Z,10361.0,,0.0,
0-20000-0-11519,RGLB_D,SUM,1996-05-01T00:00Z,11131.0,,0.0,
0-20000-0-11519,RGLB_D,SUM,1996-05-02T00:00Z,13050.0,,0.0,
0-20000-0-11519,RGLB_D,SUM,1996-05-03T00:00Z,11916.0,,0.0,
0-20000-0-11519,RGLB_D,SUM,1996-05-04T00:00Z,18108.0,,0.0,
0-20000-0-11519,RGLB_D,SUM,1996-05-05T00:00Z,16758.0,,0.0,
0-20000-0-11519,RGLB_D,SUM,1996-05-06T00:00Z,23191.0,,0.0,
0-20000-0-11519,RGLB_D,SUM,1996-05-07T00:00Z,15545.0,,0.0,
0-20000-0-11519,RGLB_D,SUM,1996-05-08T00:00Z,5616.0,,0.0,
0-20000-0-11519,RGLB_D,SUM,1996-05-09T00:00Z,2214.0,,0.0,
0-20000-0-11519,RGLB_D,SUM,1996-05-10T00:00Z,4932.0,,0.0,
0-20000-0-11519,RGLB_D,SUM,1996-05-11T00:00Z,9601.0,,0.0,
0-20000-0-11519,RGLB_D,SUM,1996-05-12T00:00Z,6084.0,,0.0,
0-20000-0-11519,RGLB_D,SUM,1996-05-13T00:00Z,11588.0,,0.0,
0-20000-0-11519,RGLB_D,SUM,1996-05-14T00:00Z,9378.0,,0.0,
0-20000-0-11519,RGLB_D,SUM,1996-05-15T00:00Z,10141.0,,0.0,
0-20000-0-11519,RGLB_D,SUM,1996-05-16T00:00Z,8035.0,,0.0,
0-20000-0-11519,RGLB_D,SUM,1996-05-17T00:00Z,12874.0,,0.0,
0-20000-0-11519,RGLB_D,SUM,1996-05-18T00:00Z,21038.0,,0.0,
0-20000-0-11519,RGLB_D,SUM,1996-05-19T00:00Z,18893.0,,0.0,
0-20000-0-11519,RGLB_D,SUM,1996-05-20T00:00Z,11290.0,,0.0,
0-20000-0-11519,RGLB_D,SUM,1996-05-21T00:00Z,21020.0,,0.0,
0-20000-0-11519,RGLB_D,SUM,1996-05-22T00:00Z,12442.0,,0.0,
0-20000-0-11519,RGLB_D,SUM,1996-05-23T00:00Z,9054.0,,0.0,
0-20000-0-11519,RGLB_D,SUM,1996-05-24T00:00Z,20916.0,,0.0,
0-20000-0-11519,RGLB_D,SUM,1996-05-25T00:00Z,9371.0,,0.0,
0-20000-0-11519,RGLB_D,SUM,1996-05-26T00:00Z,19505.0,,0.0,
0-20000-0-11519,RGLB_D,SUM,1996-05-27T00:00Z,11419.0,,0.0,
0-20000-0-11519,RGLB_D,SUM,1996-05-28T00:00Z,9932.0,,0.0,
0-20000-0-11519,RGLB_D,SUM,1996-05-29T00:00Z,26665.0,,0.0,
0-20000-0-11519,RGLB_D,SUM,1996-05-30T00:00Z,26759.0,,0.0,
0-20000-0-11519,RGLB_D,SUM,1996-05-31T00:00Z,28397.0,,0.0,
0-20000-0-11519,RGLB_D,SUM,1996-06-01T00:00Z,26870.0,,0.0,
0-20000-0-11519,RGLB_D,SUM,1996-06-02T00:00Z,15005.0,,0.0,
0-20000-0-11519,RGLB_D,SUM,1996-06-03T00:00Z,6059.0,,0.0,
0-20000-0-11519,RGLB_D,SUM,1996-06-04T00:00Z,12953.0,,0.0,
0-20000-0-11519,RGLB_D,SUM,1996-06-05T00:00Z,29239.0,,0.0,
0-20000-0-11519,RGLB_D,SUM,1996-06-06T00:00Z,29092.0,,0.0,
0-20000-0-11519,RGLB_D,SUM,1996-06-07T00:00Z,27547.0,,0.0,
0-20000-0-11519,RGLB_D,SUM,1996-06-08T00:00Z,27511.0,,0.0,
0-20000-0-11519,RGLB_D,SUM,1996-06-09T00:00Z,25258.0,,0.0,
0-20000-0-11519,RGLB_D,SUM,1996-06-10T00:00Z,25988.0,,0.0,
0-20000-0-11519,RGLB_D,SUM,1996-06-11T00:00Z,20131.0,,0.0,
0-20000-0-11519,RGLB_D,SUM,1996-06-12T00:00Z,22730.0,,0.0,
0-20000-0-11519,RGLB_D,SUM,1996-06-13T00:00Z,23098.0,,0.0,
0-20000-0-11519,RGLB_D,SUM,1996-06-14T00:00Z,21902.0,,0.0,
0-20000-0-11519,RGLB_D,SUM,1996-06-15T00:00Z,27194.0,,0.0,
0-20000-0-11519,RGLB_D,SUM,1996-06-16T00:00Z,19210.0,,0.0,
0-20000-0-11519,RGLB_D,SUM,1996-06-17T00:00Z,28271.0,,0.0,
0-20000-0-11519,RGLB_D,SUM,1996-06-18T00:00Z,23663.0,,0.0,
0-20000-0-11519,RGLB_D,SUM,1996-06-19T00:00Z,17636.0,,0.0,
0-20000-0-11519,RGLB_D,SUM,1996-06-20T00:00Z,11135.0,,0.0,
0-20000-0-11519,RGLB_D,SUM,1996-06-21T00:00Z,15757.0,,0.0,
0-20000-0-11519,RGLB_D,SUM,1996-06-22T00:00Z,2376.0,,0.0,
0-20000-0-11519,RGLB_D,SUM,1996-06-23T00:00Z,6152.0,,0.0,
0-20000-0-11519,RGLB_D,SUM,1996-06-24T00:00Z,8640.0,,0.0,
0-20000-0-11519,RGLB_D,SUM,1996-06-25T00:00Z,12712.0,,0.0,
0-20000-0-11519,RGLB_D,SUM,1996-06-26T00:00Z,17561.0,,0.0,
0-20000-0-11519,RGLB_D,SUM,1996-06-27T00:00Z,18947.0,,0.0,
0-20000-0-11519,RGLB_D,SUM,1996-06-28T00:00Z,17777.0,,0.0,
0-20000-0-11519,RGLB_D,SUM,1996-06-29T00:00Z,9749.0,,0.0,
0-20000-0-11519,RGLB_D,SUM,1996-06-30T00:00Z,8838.0,,0.0,
0-20000-0-11519,RGLB_D,SUM,1996-07-01T00:00Z,17320.0,,0.0,
0-20000-0-11519,RGLB_D,SUM,1996-07-02T00:00Z,15451.0,,0.0,
0-20000-0-11519,RGLB_D,SUM,1996-07-03T00:00Z,25409.0,,0.0,
0-20000-0-11519,RGLB_D,SUM,1996-07-04T00:00Z,17395.0,,0.0,
0-20000-0-11519,RGLB_D,SUM,1996-07-05T00:00Z,18403.0,,0.0,
0-20000-0-11519,RGLB_D,SUM,1996-07-06T00:00Z,14530.0,,0.0,
0-20000-0-11519,RGLB_D,SUM,1996-07-07T00:00Z,12614.0,,0.0,
0-20000-0-11519,RGLB_D,SUM,1996-07-08T00:00Z,2520.0,,0.0,
0-20000-0-11519,RGLB_D,SUM,1996-07-09T00:00Z,7160.0,,0.0,
0-20000-0-11519,RGLB_D,SUM,1996-07-10T00:00Z,14324.0,,0.0,
0-20000-0-11519,RGLB_D,SUM,1996-07-11T00:00Z,8366.0,,0.0,
0-20000-0-11519,RGLB_D,SUM,1996-07-12T00:00Z,13259.0,,0.0,
0-20000-0-11519,RGLB_D,SUM,1996-07-13T00:00Z,21726.0,,0.0,
0-20000-0-11519,RGLB_D,SUM,1996-07-14T00:00Z,25031.0,,0.0,
0-20000-0-11519,RGLB_D,SUM,1996-07-15T00:00Z,14965.0,,0.0,
0-20000-0-11519,RGLB_D,SUM,1996-07-16T00:00Z,18220.0,,0.0,
0-20000-0-11519,RGLB_D,SUM,1996-07-17T00:00Z,22799.0,,0.0,
0-20000-0-11519,RGLB_D,SUM,1996-07-18T00:00Z,11491.0,,0.0,
0-20000-0-11519,RGLB_D,SUM,1996-07-19T00:00Z,20970.0,,0.0,
0-20000-0-11519,RGLB_D,SUM,1996-07-20T00:00Z,25088.0,,0.0,
0-20000-0-11519,RGLB_D,SUM,1996-07-21T00:00Z,24656.0,,0.0,
0-20000-0-11519,RGLB_D,SUM,1996-07-22T00:00Z,24811.0,,0.0,
0-20000-0-11519,RGLB_D,SUM,1996-07-23T00:00Z,25549.0,,0.0,
0-20000-0-11519,RGLB_D,SUM,1996-07-24T00:00Z,20218.0,,0.0,
0-20000-0-11519,RGLB_D,SUM,1996-07-25T00:00Z,9792.0,,0.0,
0-20000-0-11519,RGLB_D,SUM,1996-07-26T00:00Z,10969.0,,0.0,
0-20000-0-11519,RGLB_D,SUM,1996-07-27T00:00Z,22705.0,,0.0,
0-20000-0-11519,RGLB_D,SUM,1996-07-28T00:00Z,17852.0,,0.0,
0-20000-0-11519,RGLB_D,SUM,1996-07-29T00:00Z,15307.0,,0.0,
0-20000-0-11519,RGLB_D,SUM,1996-07-30T00:00Z,17579.0,,0.0,
0-20000-0-11519,RGLB_D,SUM,1996-07-31T00:00Z,18475.0,,0.0,
0-20000-0-11519,RGLB_D,SUM,1996-08-01T00:00Z,20977.0,,0.0,
0-20000-0-11519,RGLB_D,SUM,1996-08-02T00:00Z,12542.0,,0.0,
0-20000-0-11519,RGLB_D,SUM,1996-08-03T00:00Z,6300.0,,0.0,
0-20000-0-11519,RGLB_D,SUM,1996-08-04T00:00Z,12812.0,,0.0,
0-20000-0-11519,RGLB_D,SUM,1996-08-05T00:00Z,17705.0,,0.0,
0-20000-0-11519,RGLB_D,SUM,1996-08-06T00:00Z,11196.0,,0.0,
0-20000-0-11519,RGLB_D,SUM,1996-08-07T00:00Z,14789.0,,0.0,
0-20000-0-11519,RGLB_D,SUM,1996-08-08T00:00Z,17244.0,,0.0,
0-20000-0-11519,RGLB_D,SUM,1996-08-09T00:00Z,19314.0,,0.0,
0-20000-0-11519,RGLB_D,SUM,1996-08-10T00:00Z,22190.0,,0.0,
0-20000-0-11519,RGLB_D,SUM,1996-08-11T00:00Z,9090.0,,0.0,
0-20000-0-11519,RGLB_D,SUM,1996-08-12T00:00Z,7438.0,,0.0,
0-20000-0-11519,RGLB_D,SUM,1996-08-13T00:00Z,15890.0,,0.0,
0-20000-0-11519,RGLB_D,SUM,1996-08-14T00:00Z,6552.0,,0.0,
0-20000-0-11519,RGLB_D,SUM,1996-08-15T00:00Z,10966.0,,0.0,
0-20000-0-11519,RGLB_D,SUM,1996-08-16T00:00Z,7556.0,,0.0,
0-20000-0-11519,RGLB_D,SUM,1996-08-17T00:00Z,12395.0,,0.0,
0-20000-0-11519,RGLB_D,SUM,1996-08-18T00:00Z,16801.0,,0.0,
0-20000-0-11519,RGLB_D,SUM,1996-08-19T00:00Z,21143.0,,0.0,
0-20000-0-11519,RGLB_D,SUM,1996-08-20T00:00Z,19303.0,,0.0,
0-20000-0-11519,RGLB_D,SUM,1996-08-21T00:00Z,17989.0,,0.0,
0-20000-0-11519,RGLB_D,SUM,1996-08-22T00:00Z,18396.0,,0.0,
0-20000-0-11519,RGLB_D,SUM,1996-08-23T00:00Z,19577.0,,0.0,
0-20000-0-11519,RGLB_D,SUM,1996-08-24T00:00Z,20120.0,,0.0,
0-20000-0-11519,RGLB_D,SUM,1996-08-25T00:00Z,13774.0,,0.0,
0-20000-0-11519,RGLB_D,SUM,1996-08-26T00:00Z,17881.0,,0.0,
0-20000-0-11519,RGLB_D,SUM,1996-08-27T00:00Z,5544.0,,0.0,
0-20000-0-11519,RGLB_D,SUM,1996-08-28T00:00Z,4860.0,,0.0,
0-20000-0-11519,RGLB_D,SUM,1996-08-29T00:00Z,16898.0,,0.0,
0-20000-0-11519,RGLB_D,SUM,1996-08-30T00:00Z,16373.0,,0.0,
0-20000-0-11519,RGLB_D,SUM,1996-08-31T00:00Z,8320.0,,0.0,
0-20000-0-11519,RGLB_D,SUM,1996-09-01T00:00Z,7762.0,,0.0,
0-20000-0-11519,RGLB_D,SUM,1996-09-02T00:00Z,4878.0,,0.0,
0-20000-0-11519,RGLB_D,SUM,1996-09-03T00:00Z,17914.0,,0.0,
0-20000-0-11519,RGLB_D,SUM,1996-09-04T00:00Z,16549.0,,0.0,
0-20000-0-11519,RGLB_D,SUM,1996-09-05T00:00Z,14717.0,,0.0,
0-20000-0-11519,RGLB_D,SUM,1996-09-06T00:00Z,9392.0,,0.0,
0-20000-0-11519,RGLB_D,SUM,1996-09-07T00:00Z,5800.0,,0.0,
0-20000-0-11519,RGLB_D,SUM,1996-09-08T00:00Z,9806.0,,0.0,
0-20000-0-11519,RGLB_D,SUM,1996-09-09T00:00Z,5224.0,,0.0,
0-20000-0-11519,RGLB_D,SUM,1996-09-10T00:00Z,5976.0,,0.0,
0-20000-0-11519,RGLB_D,SUM,1996-09-11T00:00Z,12967.0,,0.0,
0-20000-0-11519,RGLB_D,SUM,1996-09-12T00:00Z,6451.0,,0.0,
0-20000-0-11519,RGLB_D,SUM,1996-09-13T00:00Z,9266.0,,0.0,
0-20000-0-11519,RGLB_D,SUM,1996-09-14T00:00Z,5663.0,,0.0,
0-20000-0-11519,RGLB_D,SUM,1996-09-15T00:00Z,9184.0,,0.0,
0-20000-0-11519,RGLB_D,SUM,1996-09-16T00:00Z,8932.0,,0.0,
0-20000-0-11519,RGLB_D,SUM,1996-09-17T00:00Z,3182.0,,0.0,
0-20000-0-11519,RGLB_D,SUM,1996-09-18T00:00Z,8456.0,,0.0,
0-20000-0-11519,RGLB_D,SUM,1996-09-19T00:00Z,15739.0,,0.0,
0-20000-0-11519,RGLB_D,SUM,1996-09-20T00:00Z,7553.0,,0.0,
0-20000-0-11519,RGLB_D,SUM,1996-09-21T00:00Z,2081.0,,0.0,
0-20000-0-11519,RGLB_D,SUM,1996-09-22T00:00Z,3377.0,,0.0,
0-20000-0-11519,RGLB_D,SUM,1996-09-23T00:00Z,2257.0,,0.0,
0-20000-0-11519,RGLB_D,SUM,1996-09-24T00:00Z,1393.0,,0.0,
0-20000-0-11519,RGLB_D,SUM,1996-09-25T00:00Z,2599.0,,0.0,
0-20000-0-11519,RGLB_D,SUM,1996-09-26T00:00Z,3488.0,,0.0,
0-20000-0-11519,RGLB_D,SUM,1996-09-27T00:00Z,10742.0,,0.0,
0-20000-0-11519,RGLB_D,SUM,1996-09-28T00:00Z,9090.0,,0.0,
0-20000-0-11519,RGLB_D,SUM,1996-09-29T00:00Z,4586.0,,0.0,
0-20000-0-11519,RGLB_D,SUM,1996-09-30T00:00Z,12035.0,,0.0,
0-20000-0-11519,RGLB_D,SUM,1996-10-01T00:00Z,11772.0,,0.0,
0-20000-0-11519,RGLB_D,SUM,1996-10-02T00:00Z,2801.0,,0.0,
0-20000-0-11519,RGLB_D,SUM,1996-10-03T00:00Z,9198.0,,0.0,
0-20000-0-11519,RGLB_D,SUM,1996-10-04T00:00Z,10105.0,,0.0,
0-20000-0-11519,RGLB_D,SUM,1996-10-05T00:00Z,4838.0,,0.0,
0-20000-0-11519,RGLB_D,SUM,1996-10-06T00:00Z,2056.0,,0.0,
0-20000-0-11519,RGLB_D,SUM,1996-10-07T00:00Z,1969.0,,0.0,
0-20000-0-11519,RGLB_D,SUM,1996-10-08T00:00Z,4871.0,,0.0,
0-20000-0-11519,RGLB_D,SUM,1996-10-09T00:00Z,5908.0,,0.0,
0-20000-0-11519,RGLB_D,SUM,1996-10-10T00:00Z,4781.0,,0.0,
0-20000-0-11519,RGLB_D,SUM,1996-10-11T00:00Z,6314.0,,0.0,
0-20000-0-11519,RGLB_D,SUM,1996-10-12T00:00Z,4482.0,,0.0,
0-20000-0-11519,RGLB_D,SUM,1996-10-13T00:00Z,7452.0,,0.0,
0-20000-0-11519,RGLB_D,SUM,1996-10-14T00:00Z,9731.0,,0.0,
0-20000-0-11519,RGLB_D,SUM,1996-10-15T00:00Z,8809.0,,0.0,
0-20000-0-11519,RGLB_D,SUM,1996-10-16T00:00Z,6520.0,,0.0,
0-20000-0-11519,RGLB_D,SUM,1996-10-17T00:00Z,1415.0,,0.0,
0-20000-0-11519,RGLB_D,SUM,1996-10-18T00:00Z,760.0,,0.0,
0-20000-0-11519,RGLB_D,SUM,1996-10-19T00:00Z,5270.0,,0.0,
0-20000-0-11519,RGLB_D,SUM,1996-10-20T00:00Z,5936.0,,0.0,
0-20000-0-11519,RGLB_D,SUM,1996-10-21T00:00Z,1688.0,,0.0,
0-20000-0-11519,RGLB_D,SUM,1996-10-22T00:00Z,3024.0,,0.0,
0-20000-0-11519,RGLB_D,SUM,1996-10-23T00:00Z,5764.0,,0.0,
0-20000-0-11519,RGLB_D,SUM,1996-10-24T00:00Z,4327.0,,0.0,
0-20000-0-11519,RGLB_D,SUM,1996-10-25T00:00Z,8816.0,,0.0,
0-20000-0-11519,RGLB_D,SUM,1996-10-26T00:00Z,7643.0,,0.0,
0-20000-0-11519,RGLB_D,SUM,1996-10-27T00:00Z,4216.0,,0.0,
0-20000-0-11519,RGLB_D,SUM,1996-10-28T00:00Z,3524.0,,0.0,
0-20000-0-11519,RGLB_D,SUM,1996-10-29T00:00Z,5497.0,,0.0,
0-20000-0-11519,RGLB_D,SUM,1996-10-30T00:00Z,4997.0,,0.0,
0-20000-0-11519,RGLB_D,SUM,1996-10-31T00:00Z,6041.0,,0.0,
0-20000-0-11519,RGLB_D,SUM,1996-11-01T00:00Z,2369.0,,0.0,
0-20000-0-11519,RGLB_D,SUM,1996-11-02T00:00Z,5998.0,,0.0,
0-20000-0-11519,RGLB_D,SUM,1996-11-03T00:00Z,3074.0,,0.0,
0-20000-0-11519,RGLB_D,SUM,1996-11-04T00:00Z,6746.0,,0.0,
0-20000-0-11519,RGLB_D,SUM,1996-11-05T00:00Z,5645.0,,0.0,
0-20000-0-11519,RGLB_D,SUM,1996-11-06T00:00Z,5108.0,,0.0,
0-20000-0-11519,RGLB_D,SUM,1996-11-07T00:00Z,983.0,,0.0,
0-20000-0-11519,RGLB_D,SUM,1996-11-08T00:00Z,3593.0,,0.0,
0-20000-0-11519,RGLB_D,SUM,1996-11-09T00:00Z,4306.0,,0.0,
0-20000-0-11519,RGLB_D,SUM,1996-11-10T00:00Z,4896.0,,0.0,
0-20000-0-11519,RGLB_D,SUM,1996-11-11T00:00Z,4691.0,,0.0,
0-20000-0-11519,RGLB_D,SUM,1996-11-12T00:00Z,2326.0,,0.0,
0-20000-0-11519,RGLB_D,SUM,1996-11-13T00:00Z,3071.0,,0.0,
0-20000-0-11519,RGLB_D,SUM,1996-11-14T00:00Z,864.0,,0.0,
0-20000-0-11519,RGLB_D,SUM,1996-11-15T00:00Z,734.0,,0.0,
0-20000-0-11519,RGLB_D,SUM,1996-11-16T00:00Z,990.0,,0.0,
0-20000-0-11519,RGLB_D,SUM,1996-11-17T00:00Z,810.0,,0.0,
0-20000-0-11519,RGLB_D,SUM,1996-11-18T00:00Z,922.0,,0.0,
0-20000-0-11519,RGLB_D,SUM,1996-11-19T00:00Z,2574.0,,0.0,
0-20000-0-11519,RGLB_D,SUM,1996-11-20T00:00Z,803.0,,0.0,
0-20000-0-11519,RGLB_D,SUM,1996-11-21T00:00Z,3550.0,,0.0,
0-20000-0-11519,RGLB_D,SUM,1996-11-22T00:00Z,4093.0,,0.0,
0-20000-0-11519,RGLB_D,SUM,1996-11-23T00:00Z,3524.0,,0.0,
0-20000-0-11519,RGLB_D,SUM,1996-11-24T00:00Z,1364.0,,0.0,
0-20000-0-11519,RGLB_D,SUM,1996-11-25T00:00Z,4918.0,,0.0,
0-20000-0-11519,RGLB_D,SUM,1996-11-26T00:00Z,1163.0,,0.0,
0-20000-0-11519,RGLB_D,SUM,1996-11-27T00:00Z,936.0,,0.0,
0-20000-0-11519,RGLB_D,SUM,1996-11-28T00:00Z,1238.0,,0.0,
0-20000-0-11519,RGLB_D,SUM,1996-11-29T00:00Z,3643.0,,0.0,
0-20000-0-11519,RGLB_D,SUM,1996-11-30T00:00Z,2041.0,,0.0,
0-20000-0-11519,RGLB_D,SUM,1996-12-01T00:00Z,2113.0,,0.0,
0-20000-0-11519,RGLB_D,SUM,1996-12-02T00:00Z,1076.0,,0.0,
0-20000-0-11519,RGLB_D,SUM,1996-12-03T00:00Z,3319.0,,0.0,
0-20000-0-11519,RGLB_D,SUM,1996-12-04T00:00Z,4057.0,,0.0,
0-20000-0-11519,RGLB_D,SUM,1996-12-05T00:00Z,457.0,,0.0,
0-20000-0-11519,RGLB_D,SUM,1996-12-06T00:00Z,367.0,,0.0,
0-20000-0-11519,RGLB_D,SUM,1996-12-07T00:00Z,360.0,,0.0,
0-20000-0-11519,RGLB_D,SUM,1996-12-08T00:00Z,418.0,,0.0,
0-20000-0-11519,RGLB_D,SUM,1996-12-09T00:00Z,677.0,,0.0,
0-20000-0-11519,RGLB_D,SUM,1996-12-10T00:00Z,1508.0,,0.0,
0-20000-0-11519,RGLB_D,SUM,1996-12-11T00:00Z,612.0,,0.0,
0-20000-0-11519,RGLB_D,SUM,1996-12-12T00:00Z,360.0,,0.0,
0-20000-0-11519,RGLB_D,SUM,1996-12-13T00:00Z,853.0,,0.0,
0-20000-0-11519,RGLB_D,SUM,1996-12-14T00:00Z,702.0,,0.0,
0-20000-0-11519,RGLB_D,SUM,1996-12-15T00:00Z,1930.0,,0.0,
0-20000-0-11519,RGLB_D,SUM,1996-12-16T00:00Z,1685.0,,0.0,
0-20000-0-11519,RGLB_D,SUM,1996-12-17T00:00Z,1181.0,,0.0,
0-20000-0-11519,RGLB_D,SUM,1996-12-18T00:00Z,781.0,,0.0,
0-20000-0-11519,RGLB_D,SUM,1996-12-19T00:00Z,385.0,,0.0,
0-20000-0-11519,RGLB_D,SUM,1996-12-20T00:00Z,1012.0,,0.0,
0-20000-0-11519,RGLB_D,SUM,1996-12-21T00:00Z,3989.0,,0.0,
0-20000-0-11519,RGLB_D,SUM,1996-12-22T00:00Z,2686.0,,0.0,
0-20000-0-11519,RGLB_D,SUM,1996-12-23T00:00Z,994.0,,0.0,
0-20000-0-11519,RGLB_D,SUM,1996-12-24T00:00Z,3578.0,,0.0,
0-20000-0-11519,RGLB_D,SUM,1996-12-25T00:00Z,2671.0,,0.0,
0-20000-0-11519,RGLB_D,SUM,1996-12-26T00:00Z,4057.0,,0.0,
0-20000-0-11519,RGLB_D,SUM,1996-12-27T00:00Z,3859.0,,0.0,
0-20000-0-11519,RGLB_D,SUM,1996-12-28T00:00Z,4576.0,,0.0,
0-20000-0-11519,RGLB_D,SUM,1996-12-29T00:00Z,4453.0,,0.0,
0-20000-0-11519,RGLB_D,SUM,1996-12-30T00:00Z,3528.0,,0.0,
0-20000-0-11519,RGLB_D,SUM,1996-12-31T00:00Z,2790.0,,0.0,
0-20000-0-11519,RGLB_D,SUM,1997-01-01T00:00Z,1688.0,,0.0,
0-20000-0-11519,RGLB_D,SUM,1997-01-02T00:00Z,2275.0,,0.0,
0-20000-0-11519,RGLB_D,SUM,1997-01-03T00:00Z,724.0,,0.0,
0-20000-0-11519,RGLB_D,SUM,1997-01-04T00:00Z,410.0,,0.0,
0-20000-0-11519,RGLB_D,SUM,1997-01-05T00:00Z,1019.0,,0.0,
0-20000-0-11519,RGLB_D,SUM,1997-01-06T00:00Z,1573.0,,0.0,
0-20000-0-11519,RGLB_D,SUM,1997-01-07T00:00Z,616.0,,0.0,
0-20000-0-11519,RGLB_D,SUM,1997-01-08T00:00Z,547.0,,0.0,
0-20000-0-11519,RGLB_D,SUM,1997-01-09T00:00Z,695.0,,0.0,
0-20000-0-11519,RGLB_D,SUM,1997-01-10T00:00Z,896.0,,0.0,
0-20000-0-11519,RGLB_D,SUM,1997-01-11T00:00Z,1030.0,,0.0,
0-20000-0-11519,RGLB_D,SUM,1997-01-12T00:00Z,1408.0,,0.0,
0-20000-0-11519,RGLB_D,SUM,1997-01-13T00:00Z,2146.0,,0.0,
0-20000-0-11519,RGLB_D,SUM,1997-01-14T00:00Z,3870.0,,0.0,
0-20000-0-11519,RGLB_D,SUM,1997-01-15T00:00Z,2693.0,,0.0,
0-20000-0-11519,RGLB_D,SUM,1997-01-16T00:00Z,2448.0,,0.0,
0-20000-0-11519,RGLB_D,SUM,1997-01-17T00:00Z,2545.0,,0.0,
0-20000-0-11519,RGLB_D,SUM,1997-01-18T00:00Z,2074.0,,0.0,
0-20000-0-11519,RGLB_D,SUM,1997-01-19T00:00Z,1832.0,,0.0,
0-20000-0-11519,RGLB_D,SUM,1997-01-20T00:00Z,2095.0,,0.0,
0-20000-0-11519,RGLB_D,SUM,1997-01-21T00:00Z,1177.0,,0.0,
0-20000-0-11519,RGLB_D,SUM,1997-01-22T00:00Z,1674.0,,0.0,
0-20000-0-11519,RGLB_D,SUM,1997-01-23T00:00Z,1793.0,,0.0,
0-20000-0-11519,RGLB_D,SUM,1997-01-24T00:00Z,2268.0,,0.0,
0-20000-0-11519,RGLB_D,SUM,1997-01-25T00:00Z,1188.0,,0.0,
0-20000-0-11519,RGLB_D,SUM,1997-01-26T00:00Z,5119.0,,0.0,
0-20000-0-11519,RGLB_D,SUM,1997-01-27T00:00Z,4770.0,,0.0,
0-20000-0-11519,RGLB_D,SUM,1997-01-28T00:00Z,2624.0,,0.0,
0-20000-0-11519,RGLB_D,SUM,1997-01-29T00:00Z,2462.0,,0.0,
0-20000-0-11519,RGLB_D,SUM,1997-01-30T00:00Z,1156.0,,0.0,
0-20000-0-11519,RGLB_D,SUM,1997-01-31T00:00Z,1433.0,,0.0,
0-20000-0-11519,RGLB_D,SUM,1997-02-01T00:00Z,7114.0,,0.0,
0-20000-0-11519,RGLB_D,SUM,1997-02-02T00:00Z,7276.0,,0.0,
0-20000-0-11519,RGLB_D,SUM,1997-02-03T00:00Z,6383.0,,0.0,
0-20000-0-11519,RGLB_D,SUM,1997-02-04T00:00Z,3578.0,,0.0,
0-20000-0-11519,RGLB_D,SUM,1997-02-05T00:00Z,1652.0,,0.0,
0-20000-0-11519,RGLB_D,SUM,1997-02-06T00:00Z,6833.0,,0.0,
0-20000-0-11519,RGLB_D,SUM,1997-02-07T00:00Z,5360.0,,0.0,
0-20000-0-11519,RGLB_D,SUM,1997-02-08T00:00Z,2682.0,,0.0,
0-20000-0-11519,RGLB_D,SUM,1997-02-09T00:00Z,3820.0,,0.0,
0-20000-0-11519,RGLB_D,SUM,1997-02-10T00:00Z,6192.0,,0.0,
0-20000-0-11519,RGLB_D,SUM,1997-02-11T00:00Z,8658.0,,0.0,
0-20000-0-11519,RGLB_D,SUM,1997-02-12T00:00Z,2531.0,,0.0,
0-20000-0-11519,RGLB_D,SUM,1997-02-13T00:00Z,4291.0,,0.0,
0-20000-0-11519,RGLB_D,SUM,1997-02-14T00:00Z,7103.0,,0.0,
0-20000-0-11519,RGLB_D,SUM,1997-02-15T00:00Z,3820.0,,0.0,
0-20000-0-11519,RGLB_D,SUM,1997-02-16T00:00Z,5623.0,,0.0,
0-20000-0-11519,RGLB_D,SUM,1997-02-17T00:00Z,7016.0,,0.0,
0-20000-0-11519,RGLB_D,SUM,1997-02-18T00:00Z,1692.0,,0.0,
0-20000-0-11519,RGLB_D,SUM,1997-02-19T00:00Z,6066.0,,0.0,
0-20000-0-11519,RGLB_D,SUM,1997-02-20T00:00Z,7121.0,,0.0,
0-20000-0-11519,RGLB_D,SUM,1997-02-21T00:00Z,2891.0,,0.0,
0-20000-0-11519,RGLB_D,SUM,1997-02-22T00:00Z,6149.0,,0.0,
0-20000-0-11519,RGLB_D,SUM,1997-02-23T00:00Z,10296.0,,0.0,
0-20000-0-11519,RGLB_D,SUM,1997-02-24T00:00Z,7448.0,,0.0,
0-20000-0-11519,RGLB_D,SUM,1997-02-25T00:00Z,6599.0,,0.0,
0-20000-0-11519,RGLB_D,SUM,1997-02-26T00:00Z,6246.0,,0.0,
0-20000-0-11519,RGLB_D,SUM,1997-02-27T00:00Z,5645.0,,0.0,
0-20000-0-11519,RGLB_D,SUM,1997-02-28T00:00Z,10760.0,,0.0,
0-20000-0-11519,RGLB_D,SUM,1997-03-01T00:00Z,6800.0,,0.0,
0-20000-0-11519,RGLB_D,SUM,1997-03-02T00:00Z,11214.0,,0.0,
0-20000-0-11519,RGLB_D,SUM,1997-03-03T00:00Z,3820.0,,0.0,
0-20000-0-11519,RGLB_D,SUM,1997-03-04T00:00Z,10199.0,,0.0,
0-20000-0-11519,RGLB_D,SUM,1997-03-05T00:00Z,12204.0,,0.0,
0-20000-0-11519,RGLB_D,SUM,1997-03-06T00:00Z,1123.0,,0.0,
0-20000-0-11519,RGLB_D,SUM,1997-03-07T00:00Z,12838.0,,0.0,
0-20000-0-11519,RGLB_D,SUM,1997-03-08T00:00Z,13198.0,,0.0,
0-20000-0-11519,RGLB_D,SUM,1997-03-09T00:00Z,11660.0,,0.0,
0-20000-0-11519,RGLB_D,SUM,1997-03-10T00:00Z,12337.0,,0.0,
0-20000-0-11519,RGLB_D,SUM,1997-03-11T00:00Z,12542.0,,0.0,
0-20000-0-11519,RGLB_D,SUM,1997-03-12T00:00Z,12830.0,,0.0,
0-20000-0-11519,RGLB_D,SUM,1997-03-13T00:00Z,5558.0,,0.0,
0-20000-0-11519,RGLB_D,SUM,1997-03-14T00:00Z,10163.0,,0.0,
0-20000-0-11519,RGLB_D,SUM,1997-03-15T00:00Z,3794.0,,0.0,
0-20000-0-11519,RGLB_D,SUM,1997-03-16T00:00Z,3848.0,,0.0,
0-20000-0-11519,RGLB_D,SUM,1997-03-17T00:00Z,3254.0,,0.0,
0-20000-0-11519,RGLB_D,SUM,1997-03-18T00:00Z,12002.0,,0.0,
0-20000-0-11519,RGLB_D,SUM,1997-03-19T00:00Z,6959.0,,0.0,
0-20000-0-11519,RGLB_D,SUM,1997-03-20T00:00Z,4622.0,,0.0,
0-20000-0-11519,RGLB_D,SUM,1997-03-21T00:00Z,7002.0,,0.0,
0-20000-0-11519,RGLB_D,SUM,1997-03-22T00:00Z,11668.0,,0.0,
0-20000-0-11519,RGLB_D,SUM,1997-03-23T00:00Z,14285.0,,0.0,
0-20000-0-11519,RGLB_D,SUM,1997-03-24T00:00Z,2920.0,,0.0,
0-20000-0-11519,RGLB_D,SUM,1997-03-25T00:00Z,2387.0,,0.0,
0-20000-0-11519,RGLB_D,SUM,1997-03-26T00:00Z,11452.0,,0.0,
0-20000-0-11519,RGLB_D,SUM,1997-03-27T00:00Z,8428.0,,0.0,
0-20000-0-11519,RGLB_D,SUM,1997-03-28T00:00Z,9346.0,,0.0,
0-20000-0-11519,RGLB_D,SUM,1997-03-29T00:00Z,6822.0,,0.0,
0-20000-0-11519,RGLB_D,SUM,1997-03-30T00:00Z,10260.0,,0.0,
0-20000-0-11519,RGLB_D,SUM,1997-03-31T00:00Z,11563.0,,0.0,
0-20000-0-11519,RGLB_D,SUM,1997-04-01T00:00Z,17082.0,,0.0,
0-20000-0-11519,RGLB_D,SUM,1997-04-02T00:00Z,17312.0,,0.0,
0-20000-0-11519,RGLB_D,SUM,1997-04-03T00:00Z,16243.0,,0.0,
0-20000-0-11519,RGLB_D,SUM,1997-04-04T00:00Z,14800.0,,0.0,
0-20000-0-11519,RGLB_D,SUM,1997-04-05T00:00Z,5342.0,,0.0,
0-20000-0-11519,RGLB_D,SUM,1997-04-06T00:00Z,12359.0,,0.0,
0-20000-0-11519,RGLB_D,SUM,1997-04-07T00:00Z,17226.0,,0.0,
0-20000-0-11519,RGLB_D,SUM,1997-04-08T00:00Z,19696.0,,0.0,
0-20000-0-11519,RGLB_D,SUM,1997-04-09T00:00Z,14548.0,,0.0,
0-20000-0-11519,RGLB_D,SUM,1997-04-10T00:00Z,9472.0,,0.0,
0-20000-0-11519,RGLB_D,SUM,1997-04-11T00:00Z,7250.0,,0.0,
0-20000-0-11519,RGLB_D,SUM,1997-04-12T00:00Z,8903.0,,0.0,
0-20000-0-11519,RGLB_D,SUM,1997-04-13T00:00Z,21787.0,,0.0,
0-20000-0-11519,RGLB_D,SUM,1997-04-14T00:00Z,4118.0,,0.0,
0-20000-0-11519,RGLB_D,SUM,1997-04-15T00:00Z,12802.0,,0.0,
0-20000-0-11519,RGLB_D,SUM,1997-04-16T00:00Z,11869.0,,0.0,
0-20000-0-11519,RGLB_D,SUM,1997-04-17T00:00Z,3625.0,,0.0,
0-20000-0-11519,RGLB_D,SUM,1997-04-18T00:00Z,21305.0,,0.0,
0-20000-0-11519,RGLB_D,SUM,1997-04-19T00:00Z,10613.0,,0.0,
0-20000-0-11519,RGLB_D,SUM,1997-04-20T00:00Z,16056.0,,0.0,
0-20000-0-11519,RGLB_D,SUM,1997-04-21T00:00Z,16474.0,,0.0,
0-20000-0-11519,RGLB_D,SUM,1997-04-22T00:00Z,15577.0,,0.0,
0-20000-0-11519,RGLB_D,SUM,1997-04-23T00:00Z,19562.0,,0.0,
0-20000-0-11519,RGLB_D,SUM,1997-04-24T00:00Z,20837.0,,0.0,
0-20000-0-11519,RGLB_D,SUM,1997-04-25T00:00Z,18101.0,,0.0,
0-20000-0-11519,RGLB_D,SUM,1997-04-26T00:00Z,4478.0,,0.0,
0-20000-0-11519,RGLB_D,SUM,1997-04-27T00:00Z,6772.0,,0.0,
0-20000-0-11519,RGLB_D,SUM,1997-04-28T00:00Z,11304.0,,0.0,
0-20000-0-11519,RGLB_D,SUM,1997-04-29T00:00Z,12913.0,,0.0,
0-20000-0-11519,RGLB_D,SUM,1997-04-30T00:00Z,8896.0,,0.0,
0-20000-0-11519,RGLB_D,SUM,1997-05-01T00:00Z,5278.0,,0.0,
0-20000-0-11519,RGLB_D,SUM,1997-05-02T00:00Z,22939.0,,0.0,
0-20000-0-11519,RGLB_D,SUM,1997-05-03T00:00Z,19804.0,,0.0,
0-20000-0-11519,RGLB_D,SUM,1997-05-04T00:00Z,10973.0,,0.0,
0-20000-0-11519,RGLB_D,SUM,1997-05-05T00:00Z,19210.0,,0.0,
0-20000-0-11519,RGLB_D,SUM,1997-05-06T00:00Z,22514.0,,0.0,
0-20000-0-11519,RGLB_D,SUM,1997-05-07T00:00Z,6566.0,,0.0,
0-20000-0-11519,RGLB_D,SUM,1997-05-08T00:00Z,5234.0,,0.0,
0-20000-0-11519,RGLB_D,SUM,1997-05-09T00:00Z,22579.0,,0.0,
0-20000-0-11519,RGLB_D,SUM,1997-05-10T00:00Z,19494.0,,0.0,
0-20000-0-11519,RGLB_D,SUM,1997-05-11T00:00Z,22064.0,,0.0,
0-20000-0-11519,RGLB_D,SUM,1997-05-12T00:00Z,23036.0,,0.0,
0-20000-0-11519,RGLB_D,SUM,1997-05-13T00:00Z,17453.0,,0.0,
0-20000-0-11519,RGLB_D,SUM,1997-05-14T00:00Z,22216.0,,0.0,
0-20000-0-11519,RGLB_D,SUM,1997-05-15T00:00Z,23792.0,,0.0,
0-20000-0-11519,RGLB_D,SUM,1997-05-16T00:00Z,25200.0,,0.0,
0-20000-0-11519,RGLB_D,SUM,1997-05-17T00:00Z,25416.0,,0.0,
0-20000-0-11519,RGLB_D,SUM,1997-05-18T00:00Z,22853.0,,0.0,
0-20000-0-11519,RGLB_D,SUM,1997-05-19T00:00Z,15584.0,,0.0,
0-20000-0-11519,RGLB_D,SUM,1997-05-20T00:00Z,16484.0,,0.0,
0-20000-0-11519,RGLB_D,SUM,1997-05-21T00:00Z,14753.0,,0.0,
0-20000-0-11519,RGLB_D,SUM,1997-05-22T00:00Z,10051.0,,0.0,
0-20000-0-11519,RGLB_D,SUM,1997-05-23T00:00Z,15746.0,,0.0,
0-20000-0-11519,RGLB_D,SUM,1997-05-24T00:00Z,19073.0,,0.0,
0-20000-0-11519,RGLB_D,SUM,1997-05-25T00:00Z,28343.0,,0.0,
0-20000-0-11519,RGLB_D,SUM,1997-05-26T00:00Z,22165.0,,0.0,
0-20000-0-11519,RGLB_D,SUM,1997-05-27T00:00Z,13889.0,,0.0,
0-20000-0-11519,RGLB_D,SUM,1997-05-28T00:00Z,11920.0,,0.0,
0-20000-0-11519,RGLB_D,SUM,1997-05-29T00:00Z,23602.0,,0.0,
0-20000-0-11519,RGLB_D,SUM,1997-05-30T00:00Z,14105.0,,0.0,
0-20000-0-11519,RGLB_D,SUM,1997-05-31T00:00Z,16405.0,,0.0,
0-20000-0-11519,RGLB_D,SUM,1997-06-01T00:00Z,13867.0,,0.0,
0-20000-0-11519,RGLB_D,SUM,1997-06-02T00:00Z,20092.0,,0.0,
0-20000-0-11519,RGLB_D,SUM,1997-06-03T00:00Z,19231.0,,0.0,
0-20000-0-11519,RGLB_D,SUM,1997-06-04T00:00Z,20596.0,,0.0,
0-20000-0-11519,RGLB_D,SUM,1997-06-05T00:00Z,25502.0,,0.0,
0-20000-0-11519,RGLB_D,SUM,1997-06-06T00:00Z,9014.0,,0.0,
0-20000-0-11519,RGLB_D,SUM,1997-06-07T00:00Z,28044.0,,0.0,
0-20000-0-11519,RGLB_D,SUM,1997-06-08T00:00Z,21737.0,,0.0,
0-20000-0-11519,RGLB_D,SUM,1997-06-09T00:00Z,23965.0,,0.0,
0-20000-0-11519,RGLB_D,SUM,1997-06-10T00:00Z,26266.0,,0.0,
0-20000-0-11519,RGLB_D,SUM,1997-06-11T00:00Z,27454.0,,0.0,
0-20000-0-11519,RGLB_D,SUM,1997-06-12T00:00Z,16254.0,,0.0,
0-20000-0-11519,RGLB_D,SUM,1997-06-13T00:00Z,20596.0,,0.0,
0-20000-0-11519,RGLB_D,SUM,1997-06-14T00:00Z,16960.0,,0.0,
0-20000-0-11519,RGLB_D,SUM,1997-06-15T00:00Z,13410.0,,0.0,
0-20000-0-11519,RGLB_D,SUM,1997-06-16T00:00Z,21946.0,,0.0,
0-20000-0-11519,RGLB_D,SUM,1997-06-17T00:00Z,10609.0,,0.0,
0-20000-0-11519,RGLB_D,SUM,1997-06-18T00:00Z,7492.0,,0.0,
0-20000-0-11519,RGLB_D,SUM,1997-06-19T00:00Z,18641.0,,0.0,
0-20000-0-11519,RGLB_D,SUM,1997-06-20T00:00Z,9288.0,,0.0,
0-20000-0-11519,RGLB_D,SUM,1997-06-21T00:00Z,18515.0,,0.0,
0-20000-0-11519,RGLB_D,SUM,1997-06-22T00:00Z,3269.0,,0.0,
0-20000-0-11519,RGLB_D,SUM,1997-06-23T00:00Z,18864.0,,0.0,
0-20000-0-11519,RGLB_D,SUM,1997-06-24T00:00Z,18659.0,,0.0,
0-20000-0-11519,RGLB_D,SUM,1997-06-25T00:00Z,14702.0,,0.0,
0-20000-0-11519,RGLB_D,SUM,1997-06-26T00:00Z,14533.0,,0.0,
0-20000-0-11519,RGLB_D,SUM,1997-06-27T00:00Z,13662.0,,0.0,
0-20000-0-11519,RGLB_D,SUM,1997-06-28T00:00Z,25085.0,,0.0,
0-20000-0-11519,RGLB_D,SUM,1997-06-29T00:00Z,27108.0,,0.0,
0-20000-0-11519,RGLB_D,SUM,1997-06-30T00:00Z,20610.0,,0.0,
0-20000-0-11519,RGLB_D,SUM,1997-07-01T00:00Z,13320.0,,0.0,
0-20000-0-11519,RGLB_D,SUM,1997-07-02T00:00Z,27472.0,,0.0,
0-20000-0-11519,RGLB_D,SUM,1997-07-03T00:00Z,18886.0,,0.0,
0-20000-0-11519,RGLB_D,SUM,1997-07-04T00:00Z,16103.0,,0.0,
0-20000-0-11519,RGLB_D,SUM,1997-07-05T00:00Z,4608.0,,0.0,
0-20000-0-11519,RGLB_D,SUM,1997-07-06T00:00Z,13201.0,,0.0,
0-20000-0-11519,RGLB_D,SUM,1997-07-07T00:00Z,9612.0,,0.0,
0-20000-0-11519,RGLB_D,SUM,1997-07-08T00:00Z,18688.0,,0.0,
0-20000-0-11519,RGLB_D,SUM,1997-07-09T00:00Z,25344.0,,0.0,
0-20000-0-11519,RGLB_D,SUM,1997-07-10T00:00Z,24728.0,,0.0,
0-20000-0-11519,RGLB_D,SUM,1997-07-11T00:00Z,21553.0,,0.0,
0-20000-0-11519,RGLB_D,SUM,1997-07-12T00:00Z,20455.0,,0.0,
0-20000-0-11519,RGLB_D,SUM,1997-07-13T00:00Z,23742.0,,0.0,
0-20000-0-11519,RGLB_D,SUM,1997-07-14T00:00Z,23638.0,,0.0,
0-20000-0-11519,RGLB_D,SUM,1997-07-15T00:00Z,13180.0,,0.0,
0-20000-0-11519,RGLB_D,SUM,1997-07-16T00:00Z,16096.0,,0.0,
0-20000-0-11519,RGLB_D,SUM,1997-07-17T00:00Z,16546.0,,0.0,
0-20000-0-11519,RGLB_D,SUM,1997-07-18T00:00Z,4140.0,,0.0,
0-20000-0-11519,RGLB_D,SUM,1997-07-19T00:00Z,4201.0,,0.0,
0-20000-0-11519,RGLB_D,SUM,1997-07-20T00:00Z,2693.0,,0.0,
0-20000-0-11519,RGLB_D,SUM,1997-07-21T00:00Z,6998.0,,0.0,
0-20000-0-11519,RGLB_D,SUM,1997-07-22T00:00Z,19105.0,,0.0,
0-20000-0-11519,RGLB_D,SUM,1997-07-23T00:00Z,17384.0,,0.0,
0-20000-0-11519,RGLB_D,SUM,1997-07-24T00:00Z,20149.0,,0.0,
0-20000-0-11519,RGLB_D,SUM,1997-07-25T00:00Z,11869.0,,0.0,
0-20000-0-11519,RGLB_D,SUM,1997-07-26T00:00Z,7891.0,,0.0,
0-20000-0-11519,RGLB_D,SUM,1997-07-27T00:00Z,20542.0,,0.0,
0-20000-0-11519,RGLB_D,SUM,1997-07-28T00:00Z,24376.0,,0.0,
0-20000-0-11519,RGLB_D,SUM,1997-07-29T00:00Z,19235.0,,0.0,
0-20000-0-11519,RGLB_D,SUM,1997-07-30T00:00Z,23404.0,,0.0,
0-20000-0-11519,RGLB_D,SUM,1997-07-31T00:00Z,9097.0,,0.0,
0-20000-0-11519,RGLB_D,SUM,1997-08-01T00:00Z,12154.0,,0.0,
0-20000-0-11519,RGLB_D,SUM,1997-08-02T00:00Z,15300.0,,0.0,
0-20000-0-11519,RGLB_D,SUM,1997-08-03T00:00Z,22687.0,,0.0,
0-20000-0-11519,RGLB_D,SUM,1997-08-04T00:00Z,16067.0,,0.0,
0-20000-0-11519,RGLB_D,SUM,1997-08-05T00:00Z,21902.0,,0.0,
0-20000-0-11519,RGLB_D,SUM,1997-08-06T00:00Z,22784.0,,0.0,
0-20000-0-11519,RGLB_D,SUM,1997-08-07T00:00Z,20135.0,,0.0,
0-20000-0-11519,RGLB_D,SUM,1997-08-08T00:00Z,18166.0,,0.0,
0-20000-0-11519,RGLB_D,SUM,1997-08-09T00:00Z,18684.0,,0.0,
0-20000-0-11519,RGLB_D,SUM,1997-08-10T00:00Z,22532.0,,0.0,
0-20000-0-11519,RGLB_D,SUM,1997-08-11T00:00Z,23947.0,,0.0,
0-20000-0-11519,RGLB_D,SUM,1997-08-12T00:00Z,23522.0,,0.0,
0-20000-0-11519,RGLB_D,SUM,1997-08-13T00:00Z,22014.0,,0.0,
0-20000-0-11519,RGLB_D,SUM,1997-08-14T00:00Z,16830.0,,0.0,
0-20000-0-11519,RGLB_D,SUM,1997-08-15T00:00Z,16841.0,,0.0,
0-20000-0-11519,RGLB_D,SUM,1997-08-16T00:00Z,16880.0,,0.0,
0-20000-0-11519,RGLB_D,SUM,1997-08-17T00:00Z,19343.0,,0.0,
0-20000-0-11519,RGLB_D,SUM,1997-08-18T00:00Z,7877.0,,0.0,
0-20000-0-11519,RGLB_D,SUM,1997-08-19T00:00Z,6584.0,,0.0,
0-20000-0-11519,RGLB_D,SUM,1997-08-20T00:00Z,16880.0,,0.0,
0-20000-0-11519,RGLB_D,SUM,1997-08-21T00:00Z,18940.0,,0.0,
0-20000-0-11519,RGLB_D,SUM,1997-08-22T00:00Z,19339.0,,0.0,
0-20000-0-11519,RGLB_D,SUM,1997-08-23T00:00Z,13313.0,,0.0,
0-20000-0-11519,RGLB_D,SUM,1997-08-24T00:00Z,19321.0,,0.0,
0-20000-0-11519,RGLB_D,SUM,1997-08-25T00:00Z,18353.0,,0.0,
0-20000-0-11519,RGLB_D,SUM,1997-08-26T00:00Z,19357.0,,0.0,
0-20000-0-11519,RGLB_D,SUM,1997-08-27T00:00Z,18745.0,,0.0,
0-20000-0-11519,RGLB_D,SUM,1997-08-28T00:00Z,17712.0,,0.0,
0-20000-0-11519,RGLB_D,SUM,1997-08-29T00:00Z,3503.0,,0.0,
0-20000-0-11519,RGLB_D,SUM,1997-08-30T00:00Z,9281.0,,0.0,
0-20000-0-11519,RGLB_D,SUM,1997-08-31T00:00Z,10721.0,,0.0,
0-20000-0-11519,RGLB_D,SUM,1997-09-01T00:00Z,18583.0,,0.0,
0-20000-0-11519,RGLB_D,SUM,1997-09-02T00:00Z,18490.0,,0.0,
0-20000-0-11519,RGLB_D,SUM,1997-09-03T00:00Z,15703.0,,0.0,
0-20000-0-11519,RGLB_D,SUM,1997-09-04T00:00Z,11160.0,,0.0,
0-20000-0-11519,RGLB_D,SUM,1997-09-05T00:00Z,15217.0,,0.0,
0-20000-0-11519,RGLB_D,SUM,1997-09-06T00:00Z,8885.0,,0.0,
0-20000-0-11519,RGLB_D,SUM,1997-09-07T00:00Z,15390.0,,0.0,
0-20000-0-11519,RGLB_D,SUM,1997-09-08T00:00Z,15181.0,,0.0,
0-20000-0-11519,RGLB_D,SUM,1997-09-09T00:00Z,12316.0,,0.0,
0-20000-0-11519,RGLB_D,SUM,1997-09-10T00:00Z,7618.0,,0.0,
0-20000-0-11519,RGLB_D,SUM,1997-09-11T00:00Z,16693.0,,0.0,
0-20000-0-11519,RGLB_D,SUM,1997-09-12T00:00Z,16693.0,,0.0,
0-20000-0-11519,RGLB_D,SUM,1997-09-13T00:00Z,7967.0,,0.0,
0-20000-0-11519,RGLB_D,SUM,1997-09-14T00:00Z,16992.0,,0.0,
0-20000-0-11519,RGLB_D,SUM,1997-09-15T00:00Z,17050.0,,0.0,
0-20000-0-11519,RGLB_D,SUM,1997-09-16T00:00Z,15494.0,,0.0,
0-20000-0-11519,RGLB_D,SUM,1997-09-17T00:00Z,15908.0,,0.0,
0-20000-0-11519,RGLB_D,SUM,1997-09-18T00:00Z,13946.0,,0.0,
0-20000-0-11519,RGLB_D,SUM,1997-09-19T00:00Z,4273.0,,0.0,
0-20000-0-11519,RGLB_D,SUM,1997-09-20T00:00Z,16330.0,,0.0,
0-20000-0-11519,RGLB_D,SUM,1997-09-21T00:00Z,14054.0,,0.0,
0-20000-0-11519,RGLB_D,SUM,1997-09-22T00:00Z,15221.0,,0.0,
0-20000-0-11519,RGLB_D,SUM,1997-09-23T00:00Z,14706.0,,0.0,
0-20000-0-11519,RGLB_D,SUM,1997-09-24T00:00Z,8852.0,,0.0,
0-20000-0-11519,RGLB_D,SUM,1997-09-25T00:00Z,14724.0,,0.0,
0-20000-0-11519,RGLB_D,SUM,1997-09-26T00:00Z,14396.0,,0.0,
0-20000-0-11519,RGLB_D,SUM,1997-09-27T00:00Z,4226.0,,0.0,
0-20000-0-11519,RGLB_D,SUM,1997-09-28T00:00Z,12859.0,,0.0,
0-20000-0-11519,RGLB_D,SUM,1997-09-29T00:00Z,13356.0,,0.0,
0-20000-0-11519,RGLB_D,SUM,1997-09-30T00:00Z,2740.0,,0.0,
0-20000-0-11519,RGLB_D,SUM,1997-10-01T00:00Z,9500.0,,0.0,
0-20000-0-11519,RGLB_D,SUM,1997-10-02T00:00Z,5922.0,,0.0,
0-20000-0-11519,RGLB_D,SUM,1997-10-03T00:00Z,6232.0,,0.0,
0-20000-0-11519,RGLB_D,SUM,1997-10-04T00:00Z,5292.0,,0.0,
0-20000-0-11519,RGLB_D,SUM,1997-10-05T00:00Z,12463.0,,0.0,
0-20000-0-11519,RGLB_D,SUM,1997-10-06T00:00Z,12463.0,,0.0,
0-20000-0-11519,RGLB_D,SUM,1997-10-07T00:00Z,9274.0,,0.0,
0-20000-0-11519,RGLB_D,SUM,1997-10-08T00:00Z,7704.0,,0.0,
0-20000-0-11519,RGLB_D,SUM,1997-10-09T00:00Z,5162.0,,0.0,
0-20000-0-11519,RGLB_D,SUM,1997-10-10T00:00Z,1858.0,,0.0,
0-20000-0-11519,RGLB_D,SUM,1997-10-11T00:00Z,7654.0,,0.0,
0-20000-0-11519,RGLB_D,SUM,1997-10-12T00:00Z,3100.0,,0.0,
0-20000-0-11519,RGLB_D,SUM,1997-10-13T00:00Z,5393.0,,0.0,
0-20000-0-11519,RGLB_D,SUM,1997-10-14T00:00Z,2790.0,,0.0,
0-20000-0-11519,RGLB_D,SUM,1997-10-15T00:00Z,5634.0,,0.0,
0-20000-0-11519,RGLB_D,SUM,1997-10-16T00:00Z,4928.0,,0.0,
0-20000-0-11519,RGLB_D,SUM,1997-10-17T00:00Z,9104.0,,0.0,
0-20000-0-11519,RGLB_D,SUM,1997-10-18T00:00Z,9792.0,,0.0,
0-20000-0-11519,RGLB_D,SUM,1997-10-19T00:00Z,9400.0,,0.0,
0-20000-0-11519,RGLB_D,SUM,1997-10-20T00:00Z,5900.0,,0.0,
0-20000-0-11519,RGLB_D,SUM,1997-10-21T00:00Z,8528.0,,0.0,
0-20000-0-11519,RGLB_D,SUM,1997-10-22T00:00Z,9385.0,,0.0,
0-20000-0-11519,RGLB_D,SUM,1997-10-23T00:00Z,9281.0,,0.0,
0-20000-0-11519,RGLB_D,SUM,1997-10-24T00:00Z,5803.0,,0.0,
0-20000-0-11519,RGLB_D,SUM,1997-10-25T00:00Z,5544.0,,0.0,
0-20000-0-11519,RGLB_D,SUM,1997-10-26T00:00Z,4842.0,,0.0,
0-20000-0-11519,RGLB_D,SUM,1997-10-27T00:00Z,7567.0,,0.0,
0-20000-0-11519,RGLB_D,SUM,1997-10-28T00:00Z,8374.0,,0.0,
0-20000-0-11519,RGLB_D,SUM,1997-10-29T00:00Z,4586.0,,0.0,
0-20000-0-11519,RGLB_D,SUM,1997-10-30T00:00Z,6091.0,,0.0,
0-20000-0-11519,RGLB_D,SUM,1997-10-31T00:00Z,7142.0,,0.0,
0-20000-0-11519,RGLB_D,SUM,1997-11-01T00:00Z,7150.0,,0.0,
0-20000-0-11519,RGLB_D,SUM,1997-11-02T00:00Z,6728.0,,0.0,
0-20000-0-11519,RGLB_D,SUM,1997-11-03T00:00Z,1865.0,,0.0,
0-20000-0-11519,RGLB_D,SUM,1997-11-04T00:00Z,7765.0,,0.0,
0-20000-0-11519,RGLB_D,SUM,1997-11-05T00:00Z,4846.0,,0.0,
0-20000-0-11519,RGLB_D,SUM,1997-11-06T00:00Z,4432.0,,0.0,
0-20000-0-11519,RGLB_D,SUM,1997-11-07T00:00Z,3841.0,,0.0,
0-20000-0-11519,RGLB_D,SUM,1997-11-08T00:00Z,983.0,,0.0,
0-20000-0-11519,RGLB_D,SUM,1997-11-09T00:00Z,4230.0,,0.0,
0-20000-0-11519,RGLB_D,SUM,1997-11-10T00:00Z,5954.0,,0.0,
0-20000-0-11519,RGLB_D,SUM,1997-11-11T00:00Z,3179.0,,0.0,
0-20000-0-11519,RGLB_D,SUM,1997-11-12T00:00Z,4572.0,,0.0,
0-20000-0-11519,RGLB_D,SUM,1997-11-13T00:00Z,2812.0,,0.0,
0-20000-0-11519,RGLB_D,SUM,1997-11-14T00:00Z,2149.0,,0.0,
0-20000-0-11519,RGLB_D,SUM,1997-11-15T00:00Z,3931.0,,0.0,
0-20000-0-11519,RGLB_D,SUM,1997-11-16T00:00Z,1368.0,,0.0,
0-20000-0-11519,RGLB_D,SUM,1997-11-17T00:00Z,1310.0,,0.0,
0-20000-0-11519,RGLB_D,SUM,1997-11-18T00:00Z,1422.0,,0.0,
0-20000-0-11519,RGLB_D,SUM,1997-11-19T00:00Z,3038.0,,0.0,
0-20000-0-11519,RGLB_D,SUM,1997-11-20T00:00Z,5274.0,,0.0,
0-20000-0-11519,RGLB_D,SUM,1997-11-21T00:00Z,1260.0,,0.0,
0-20000-0-11519,RGLB_D,SUM,1997-11-22T00:00Z,691.0,,0.0,
0-20000-0-11519,RGLB_D,SUM,1997-11-23T00:00Z,1292.0,,0.0,
0-20000-0-11519,RGLB_D,SUM,1997-11-24T00:00Z,691.0,,0.0,
0-20000-0-11519,RGLB_D,SUM,1997-11-25T00:00Z,544.0,,0.0,
0-20000-0-11519,RGLB_D,SUM,1997-11-26T00:00Z,698.0,,0.0,
0-20000-0-11519,RGLB_D,SUM,1997-11-27T00:00Z,1188.0,,0.0,
0-20000-0-11519,RGLB_D,SUM,1997-11-28T00:00Z,450.0,,0.0,
0-20000-0-11519,RGLB_D,SUM,1997-11-29T00:00Z,1692.0,,0.0,
0-20000-0-11519,RGLB_D,SUM,1997-11-30T00:00Z,1098.0,,0.0,
0-20000-0-11519,RGLB_D,SUM,1997-12-01T00:00Z,1552.0,,0.0,
0-20000-0-11519,RGLB_D,SUM,1997-12-02T00:00Z,817.0,,0.0,
0-20000-0-11519,RGLB_D,SUM,1997-12-03T00:00Z,522.0,,0.0,
0-20000-0-11519,RGLB_D,SUM,1997-12-04T00:00Z,1076.0,,0.0,
0-20000-0-11519,RGLB_D,SUM,1997-12-05T00:00Z,1908.0,,0.0,
0-20000-0-11519,RGLB_D,SUM,1997-12-06T00:00Z,3348.0,,0.0,
0-20000-0-11519,RGLB_D,SUM,1997-12-07T00:00Z,828.0,,0.0,
0-20000-0-11519,RGLB_D,SUM,1997-12-08T00:00Z,1159.0,,0.0,
0-20000-0-11519,RGLB_D,SUM,1997-12-09T00:00Z,3402.0,,0.0,
0-20000-0-11519,RGLB_D,SUM,1997-12-10T00:00Z,1501.0,,0.0,
0-20000-0-11519,RGLB_D,SUM,1997-12-11T00:00Z,1066.0,,0.0,
0-20000-0-11519,RGLB_D,SUM,1997-12-12T00:00Z,2167.0,,0.0,
0-20000-0-11519,RGLB_D,SUM,1997-12-13T00:00Z,587.0,,0.0,
0-20000-0-11519,RGLB_D,SUM,1997-12-14T00:00Z,1688.0,,0.0,
0-20000-0-11519,RGLB_D,SUM,1997-12-15T00:00Z,1152.0,,0.0,
0-20000-0-11519,RGLB_D,SUM,1997-12-16T00:00Z,1742.0,,0.0,
0-20000-0-11519,RGLB_D,SUM,1997-12-17T00:00Z,2333.0,,0.0,
0-20000-0-11519,RGLB_D,SUM,1997-12-18T00:00Z,1022.0,,0.0,
0-20000-0-11519,RGLB_D,SUM,1997-12-19T00:00Z,1411.0,,0.0,
0-20000-0-11519,RGLB_D,SUM,1997-12-20T00:00Z,504.0,,0.0,
0-20000-0-11519,RGLB_D,SUM,1997-12-21T00:00Z,2682.0,,0.0,
0-20000-0-11519,RGLB_D,SUM,1997-12-22T00:00Z,533.0,,0.0,
0-20000-0-11519,RGLB_D,SUM,1997-12-23T00:00Z,1080.0,,0.0,
0-20000-0-11519,RGLB_D,SUM,1997-12-24T00:00Z,1033.0,,0.0,
0-20000-0-11519,RGLB_D,SUM,1997-12-25T00:00Z,2704.0,,0.0,
0-20000-0-11519,RGLB_D,SUM,1997-12-26T00:00Z,2390.0,,0.0,
0-20000-0-11519,RGLB_D,SUM,1997-12-27T00:00Z,1753.0,,0.0,
0-20000-0-11519,RGLB_D,SUM,1997-12-28T00:00Z,2153.0,,0.0,
0-20000-0-11519,RGLB_D,SUM,1997-12-29T00:00Z,1908.0,,0.0,
0-20000-0-11519,RGLB_D,SUM,1997-12-30T00:00Z,2704.0,,0.0,
0-20000-0-11519,RGLB_D,SUM,1997-12-31T00:00Z,3708.0,,0.0,
0-20000-0-11519,RGLB_D,SUM,1998-01-01T00:00Z,3625.0,,0.0,
0-20000-0-11519,RGLB_D,SUM,1998-01-02T00:00Z,2318.0,,0.0,
0-20000-0-11519,RGLB_D,SUM,1998-01-03T00:00Z,3838.0,,0.0,
0-20000-0-11519,RGLB_D,SUM,1998-01-04T00:00Z,3593.0,,0.0,
0-20000-0-11519,RGLB_D,SUM,1998-01-05T00:00Z,3485.0,,0.0,
0-20000-0-11519,RGLB_D,SUM,1998-01-06T00:00Z,1760.0,,0.0,
0-20000-0-11519,RGLB_D,SUM,1998-01-07T00:00Z,1076.0,,0.0,
0-20000-0-11519,RGLB_D,SUM,1998-01-08T00:00Z,3172.0,,0.0,
0-20000-0-11519,RGLB_D,SUM,1998-01-09T00:00Z,1303.0,,0.0,
0-20000-0-11519,RGLB_D,SUM,1998-01-10T00:00Z,2041.0,,0.0,
0-20000-0-11519,RGLB_D,SUM,1998-01-11T00:00Z,4169.0,,0.0,
0-20000-0-11519,RGLB_D,SUM,1998-01-12T00:00Z,994.0,,0.0,
0-20000-0-11519,RGLB_D,SUM,1998-01-13T00:00Z,634.0,,0.0,
0-20000-0-11519,RGLB_D,SUM,1998-01-14T00:00Z,2351.0,,0.0,
0-20000-0-11519,RGLB_D,SUM,1998-01-15T00:00Z,4694.0,,0.0,
0-20000-0-11519,RGLB_D,SUM,1998-01-16T00:00Z,1192.0,,0.0,
0-20000-0-11519,RGLB_D,SUM,1998-01-17T00:00Z,2462.0,,0.0,
0-20000-0-11519,RGLB_D,SUM,1998-01-18T00:00Z,4662.0,,0.0,
0-20000-0-11519,RGLB_D,SUM,1998-01-19T00:00Z,1652.0,,0.0,
0-20000-0-11519,RGLB_D,SUM,1998-01-20T00:00Z,4486.0,,0.0,
0-20000-0-11519,RGLB_D,SUM,1998-01-21T00:00Z,1361.0,,0.0,
0-20000-0-11519,RGLB_D,SUM,1998-01-22T00:00Z,468.0,,0.0,
0-20000-0-11519,RGLB_D,SUM,1998-01-23T00:00Z,515.0,,0.0,
0-20000-0-11519,RGLB_D,SUM,1998-01-24T00:00Z,1570.0,,0.0,
0-20000-0-11519,RGLB_D,SUM,1998-01-25T00:00Z,4565.0,,0.0,
0-20000-0-11519,RGLB_D,SUM,1998-01-26T00:00Z,5659.0,,0.0,
0-20000-0-11519,RGLB_D,SUM,1998-01-27T00:00Z,4021.0,,0.0,
0-20000-0-11519,RGLB_D,SUM,1998-01-28T00:00Z,2891.0,,0.0,
0-20000-0-11519,RGLB_D,SUM,1998-01-29T00:00Z,4903.0,,0.0,
0-20000-0-11519,RGLB_D,SUM,1998-01-30T00:00Z,3884.0,,0.0,
0-20000-0-11519,RGLB_D,SUM,1998-01-31T00:00Z,4882.0,,0.0,
0-20000-0-11519,RGLB_D,SUM,1998-02-01T00:00Z,7294.0,,0.0,
0-20000-0-11519,RGLB_D,SUM,1998-02-02T00:00Z,6523.0,,0.0,
0-20000-0-11519,RGLB_D,SUM,1998-02-03T00:00Z,6448.0,,0.0,
0-20000-0-11519,RGLB_D,SUM,1998-02-04T00:00Z,7812.0,,0.0,
0-20000-0-11519,RGLB_D,SUM,1998-02-05T00:00Z,7225.0,,0.0,
0-20000-0-11519,RGLB_D,SUM,1998-02-06T00:00Z,3298.0,,0.0,
0-20000-0-11519,RGLB_D,SUM,1998-02-07T00:00Z,7495.0,,0.0,
0-20000-0-11519,RGLB_D,SUM,1998-02-08T00:00Z,4039.0,,0.0,
0-20000-0-11519,RGLB_D,SUM,1998-02-09T00:00Z,3161.0,,0.0,
0-20000-0-11519,RGLB_D,SUM,1998-02-10T00:00Z,8089.0,,0.0,
0-20000-0-11519,RGLB_D,SUM,1998-02-11T00:00Z,7423.0,,0.0,
0-20000-0-11519,RGLB_D,SUM,1998-02-12T00:00Z,4723.0,,0.0,
0-20000-0-11519,RGLB_D,SUM,1998-02-13T00:00Z,1328.0,,0.0,
0-20000-0-11519,RGLB_D,SUM,1998-02-14T00:00Z,2606.0,,0.0,
0-20000-0-11519,RGLB_D,SUM,1998-02-15T00:00Z,3179.0,,0.0,
0-20000-0-11519,RGLB_D,SUM,1998-02-16T00:00Z,3949.0,,0.0,
0-20000-0-11519,RGLB_D,SUM,1998-02-17T00:00Z,6354.0,,0.0,
0-20000-0-11519,RGLB_D,SUM,1998-02-18T00:00Z,4907.0,,0.0,
0-20000-0-11519,RGLB_D,SUM,1998-02-19T00:00Z,9241.0,,0.0,
0-20000-0-11519,RGLB_D,SUM,1998-02-20T00:00Z,9144.0,,0.0,
0-20000-0-11519,RGLB_D,SUM,1998-02-21T00:00Z,8618.0,,0.0,
0-20000-0-11519,RGLB_D,SUM,1998-02-22T00:00Z,5422.0,,0.0,
0-20000-0-11519,RGLB_D,SUM,1998-02-23T00:00Z,4482.0,,0.0,
0-20000-0-11519,RGLB_D,SUM,1998-02-24T00:00Z,2002.0,,0.0,
0-20000-0-11519,RGLB_D,SUM,1998-02-25T00:00Z,1832.0,,0.0,
0-20000-0-11519,RGLB_D,SUM,1998-02-26T00:00Z,2858.0,,0.0,
0-20000-0-11519,RGLB_D,SUM,1998-02-27T00:00Z,9774.0,,0.0,
0-20000-0-11519,RGLB_D,SUM,1998-02-28T00:00Z,3571.0,,0.0,
0-20000-0-11519,RGLB_D,SUM,1998-03-01T00:00Z,6185.0,,0.0,
0-20000-0-11519,RGLB_D,SUM,1998-03-02T00:00Z,5508.0,,0.0,
0-20000-0-11519,RGLB_D,SUM,1998-03-03T00:00Z,2804.0,,0.0,
0-20000-0-11519,RGLB_D,SUM,1998-03-04T00:00Z,4878.0,,0.0,
0-20000-0-11519,RGLB_D,SUM,1998-03-05T00:00Z,10832.0,,0.0,
0-20000-0-11519,RGLB_D,SUM,1998-03-06T00:00Z,5443.0,,0.0,
0-20000-0-11519,RGLB_D,SUM,1998-03-07T00:00Z,4399.0,,0.0,
0-20000-0-11519,RGLB_D,SUM,1998-03-08T00:00Z,9893.0,,0.0,
0-20000-0-11519,RGLB_D,SUM,1998-03-09T00:00Z,9234.0,,0.0,
0-20000-0-11519,RGLB_D,SUM,1998-03-10T00:00Z,10206.0,,0.0,
0-20000-0-11519,RGLB_D,SUM,1998-03-11T00:00Z,14875.0,,0.0,
0-20000-0-11519,RGLB_D,SUM,1998-03-12T00:00Z,11455.0,,0.0,
0-20000-0-11519,RGLB_D,SUM,1998-03-13T00:00Z,12712.0,,0.0,
0-20000-0-11519,RGLB_D,SUM,1998-03-14T00:00Z,2729.0,,0.0,
0-20000-0-11519,RGLB_D,SUM,1998-03-15T00:00Z,3805.0,,0.0,
0-20000-0-11519,RGLB_D,SUM,1998-03-16T00:00Z,6689.0,,0.0,
0-20000-0-11519,RGLB_D,SUM,1998-03-17T00:00Z,2840.0,,0.0,
0-20000-0-11519,RGLB_D,SUM,1998-03-18T00:00Z,2682.0,,0.0,
0-20000-0-11519,RGLB_D,SUM,1998-03-19T00:00Z,9518.0,,0.0,
0-20000-0-11519,RGLB_D,SUM,1998-03-20T00:00Z,10181.0,,0.0,
0-20000-0-11519,RGLB_D,SUM,1998-03-21T00:00Z,10958.0,,0.0,
0-20000-0-11519,RGLB_D,SUM,1998-03-22T00:00Z,8964.0,,0.0,
0-20000-0-11519,RGLB_D,SUM,1998-03-23T00:00Z,11426.0,,0.0,
0-20000-0-11519,RGLB_D,SUM,1998-03-24T00:00Z,15624.0,,0.0,
0-20000-0-11519,RGLB_D,SUM,1998-03-25T00:00Z,15926.0,,0.0,
0-20000-0-11519,RGLB_D,SUM,1998-03-26T00:00Z,16596.0,,0.0,
0-20000-0-11519,RGLB_D,SUM,1998-03-27T00:00Z,8687.0,,0.0,
0-20000-0-11519,RGLB_D,SUM,1998-03-28T00:00Z,7744.0,,0.0,
0-20000-0-11519,RGLB_D,SUM,1998-03-29T00:00Z,14404.0,,0.0,
0-20000-0-11519,RGLB_D,SUM,1998-03-30T00:00Z,15908.0,,0.0,
0-20000-0-11519,RGLB_D,SUM,1998-03-31T00:00Z,17316.0,,0.0,
0-20000-0-11519,RGLB_D,SUM,1998-04-01T00:00Z,8068.0,,0.0,
0-20000-0-11519,RGLB_D,SUM,1998-04-02T00:00Z,8716.0,,0.0,
0-20000-0-11519,RGLB_D,SUM,1998-04-03T00:00Z,8248.0,,0.0,
0-20000-0-11519,RGLB_D,SUM,1998-04-04T00:00Z,5918.0,,0.0,
0-20000-0-11519,RGLB_D,SUM,1998-04-05T00:00Z,8960.0,,0.0,
0-20000-0-11519,RGLB_D,SUM,1998-04-06T00:00Z,11675.0,,0.0,
0-20000-0-11519,RGLB_D,SUM,1998-04-07T00:00Z,11329.0,,0.0,
0-20000-0-11519,RGLB_D,SUM,1998-04-08T00:00Z,7474.0,,0.0,
0-20000-0-11519,RGLB_D,SUM,1998-04-09T00:00Z,17766.0,,0.0,
0-20000-0-11519,RGLB_D,SUM,1998-04-10T00:00Z,13921.0,,0.0,
0-20000-0-11519,RGLB_D,SUM,1998-04-11T00:00Z,12769.0,,0.0,
0-20000-0-11519,RGLB_D,SUM,1998-04-12T00:00Z,11610.0,,0.0,
0-20000-0-11519,RGLB_D,SUM,1998-04-13T00:00Z,17780.0,,0.0,
0-20000-0-11519,RGLB_D,SUM,1998-04-14T00:00Z,13327.0,,0.0,
0-20000-0-11519,RGLB_D,SUM,1998-04-15T00:00Z,14944.0,,0.0,
0-20000-0-11519,RGLB_D,SUM,1998-04-16T00:00Z,11300.0,,0.0,
0-20000-0-11519,RGLB_D,SUM,1998-04-17T00:00Z,14720.0,,0.0,
0-20000-0-11519,RGLB_D,SUM,1998-04-18T00:00Z,9785.0,,0.0,
0-20000-0-11519,RGLB_D,SUM,1998-04-19T00:00Z,9230.0,,0.0,
0-20000-0-11519,RGLB_D,SUM,1998-04-20T00:00Z,18864.0,,0.0,
0-20000-0-11519,RGLB_D,SUM,1998-04-21T00:00Z,11380.0,,0.0,
0-20000-0-11519,RGLB_D,SUM,1998-04-22T00:00Z,17122.0,,0.0,
0-20000-0-11519,RGLB_D,SUM,1998-04-23T00:00Z,22594.0,,0.0,
0-20000-0-11519,RGLB_D,SUM,1998-04-24T00:00Z,12388.0,,0.0,
0-20000-0-11519,RGLB_D,SUM,1998-04-25T00:00Z,18680.0,,0.0,
0-20000-0-11519,RGLB_D,SUM,1998-04-26T00:00Z,18691.0,,0.0,
0-20000-0-11519,RGLB_D,SUM,1998-04-27T00:00Z,16103.0,,0.0,
0-20000-0-11519,RGLB_D,SUM,1998-04-28T00:00Z,11653.0,,0.0,
0-20000-0-11519,RGLB_D,SUM,1998-04-29T00:00Z,14576.0,,0.0,
0-20000-0-11519,RGLB_D,SUM,1998-04-30T00:00Z,21100.0,,0.0,
0-20000-0-11519,RGLB_D,SUM,1998-05-01T00:00Z,20164.0,,0.0,
0-20000-0-11519,RGLB_D,SUM,1998-05-02T00:00Z,17752.0,,0.0,
0-20000-0-11519,RGLB_D,SUM,1998-05-03T00:00Z,9018.0,,0.0,
0-20000-0-11519,RGLB_D,SUM,1998-05-04T00:00Z,12661.0,,0.0,
0-20000-0-11519,RGLB_D,SUM,1998-05-05T00:00Z,14731.0,,0.0,
0-20000-0-11519,RGLB_D,SUM,1998-05-06T00:00Z,9241.0,,0.0,
0-20000-0-11519,RGLB_D,SUM,1998-05-07T00:00Z,17561.0,,0.0,
0-20000-0-11519,RGLB_D,SUM,1998-05-08T00:00Z,25135.0,,0.0,
0-20000-0-11519,RGLB_D,SUM,1998-05-09T00:00Z,24473.0,,0.0,
0-20000-0-11519,RGLB_D,SUM,1998-05-10T00:00Z,23663.0,,0.0,
0-20000-0-11519,RGLB_D,SUM,1998-05-11T00:00Z,24120.0,,0.0,
0-20000-0-11519,RGLB_D,SUM,1998-05-12T00:00Z,24350.0,,0.0,
0-20000-0-11519,RGLB_D,SUM,1998-05-13T00:00Z,20329.0,,0.0,
0-20000-0-11519,RGLB_D,SUM,1998-05-14T00:00Z,26932.0,,0.0,
0-20000-0-11519,RGLB_D,SUM,1998-05-15T00:00Z,16794.0,,0.0,
0-20000-0-11519,RGLB_D,SUM,1998-05-16T00:00Z,19876.0,,0.0,
0-20000-0-11519,RGLB_D,SUM,1998-05-17T00:00Z,15502.0,,0.0,
0-20000-0-11519,RGLB_D,SUM,1998-05-18T00:00Z,13986.0,,0.0,
0-20000-0-11519,RGLB_D,SUM,1998-05-19T00:00Z,17078.0,,0.0,
0-20000-0-11519,RGLB_D,SUM,1998-05-20T00:00Z,23069.0,,0.0,
0-20000-0-11519,RGLB_D,SUM,1998-05-21T00:00Z,9140.0,,0.0,
0-20000-0-11519,RGLB_D,SUM,1998-05-22T00:00Z,15516.0,,0.0,
0-20000-0-11519,RGLB_D,SUM,1998-05-23T00:00Z,9328.0,,0.0,
0-20000-0-11519,RGLB_D,SUM,1998-05-24T00:00Z,11444.0,,0.0,
0-20000-0-11519,RGLB_D,SUM,1998-05-25T00:00Z,17010.0,,0.0,
0-20000-0-11519,RGLB_D,SUM,1998-05-26T00:00Z,20452.0,,0.0,
0-20000-0-11519,RGLB_D,SUM,1998-05-27T00:00Z,24952.0,,0.0,
0-20000-0-11519,RGLB_D,SUM,1998-05-28T00:00Z,24847.0,,0.0,
0-20000-0-11519,RGLB_D,SUM,1998-05-29T00:00Z,24761.0,,0.0,
0-20000-0-11519,RGLB_D,SUM,1998-05-30T00:00Z,17932.0,,0.0,
0-20000-0-11519,RGLB_D,SUM,1998-05-31T00:00Z,11848.0,,0.0,
0-20000-0-11519,RGLB_D,SUM,1998-06-01T00:00Z,10418.0,,0.0,
0-20000-0-11519,RGLB_D,SUM,1998-06-02T00:00Z,29675.0,,0.0,
0-20000-0-11519,RGLB_D,SUM,1998-06-03T00:00Z,15552.0,,0.0,
0-20000-0-11519,RGLB_D,SUM,1998-06-04T00:00Z,23897.0,,0.0,
0-20000-0-11519,RGLB_D,SUM,1998-06-05T00:00Z,26186.0,,0.0,
0-20000-0-11519,RGLB_D,SUM,1998-06-06T00:00Z,26366.0,,0.0,
0-20000-0-11519,RGLB_D,SUM,1998-06-07T00:00Z,20390.0,,0.0,
0-20000-0-11519,RGLB_D,SUM,1998-06-08T00:00Z,7060.0,,0.0,
0-20000-0-11519,RGLB_D,SUM,1998-06-09T00:00Z,25891.0,,0.0,
0-20000-0-11519,RGLB_D,SUM,1998-06-10T00:00Z,19724.0,,0.0,
0-20000-0-11519,RGLB_D,SUM,1998-06-11T00:00Z,7132.0,,0.0,
0-20000-0-11519,RGLB_D,SUM,1998-06-12T00:00Z,10498.0,,0.0,
0-20000-0-11519,RGLB_D,SUM,1998-06-13T00:00Z,6368.0,,0.0,
0-20000-0-11519,RGLB_D,SUM,1998-06-14T00:00Z,15239.0,,0.0,
0-20000-0-11519,RGLB_D,SUM,1998-06-15T00:00Z,17539.0,,0.0,
0-20000-0-11519,RGLB_D,SUM,1998-06-16T00:00Z,19728.0,,0.0,
0-20000-0-11519,RGLB_D,SUM,1998-06-17T00:00Z,12575.0,,0.0,
0-20000-0-11519,RGLB_D,SUM,1998-06-18T00:00Z,16610.0,,0.0,
0-20000-0-11519,RGLB_D,SUM,1998-06-19T00:00Z,12420.0,,0.0,
0-20000-0-11519,RGLB_D,SUM,1998-06-20T00:00Z,20786.0,,0.0,
0-20000-0-11519,RGLB_D,SUM,1998-06-21T00:00Z,25528.0,,0.0,
0-20000-0-11519,RGLB_D,SUM,1998-06-22T00:00Z,16096.0,,0.0,
0-20000-0-11519,RGLB_D,SUM,1998-06-23T00:00Z,13500.0,,0.0,
0-20000-0-11519,RGLB_D,SUM,1998-06-24T00:00Z,6455.0,,0.0,
0-20000-0-11519,RGLB_D,SUM,1998-06-25T00:00Z,17845.0,,0.0,
0-20000-0-11519,RGLB_D,SUM,1998-06-26T00:00Z,18770.0,,0.0,
0-20000-0-11519,RGLB_D,SUM,1998-06-27T00:00Z,17860.0,,0.0,
0-20000-0-11519,RGLB_D,SUM,1998-06-28T00:00Z,20747.0,,0.0,
0-20000-0-11519,RGLB_D,SUM,1998-06-29T00:00Z,21697.0,,0.0,
0-20000-0-11519,RGLB_D,SUM,1998-06-30T00:00Z,23738.0,,0.0,
0-20000-0-11519,RGLB_D,SUM,1998-07-01T00:00Z,17338.0,,0.0,
0-20000-0-11519,RGLB_D,SUM,1998-07-02T00:00Z,18148.0,,0.0,
0-20000-0-11519,RGLB_D,SUM,1998-07-03T00:00Z,20596.0,,0.0,
0-20000-0-11519,RGLB_D,SUM,1998-07-04T00:00Z,7553.0,,0.0,
0-20000-0-11519,RGLB_D,SUM,1998-07-05T00:00Z,6620.0,,0.0,
0-20000-0-11519,RGLB_D,SUM,1998-07-06T00:00Z,11686.0,,0.0,
0-20000-0-11519,RGLB_D,SUM,1998-07-07T00:00Z,4230.0,,0.0,
0-20000-0-11519,RGLB_D,SUM,1998-07-08T00:00Z,16276.0,,0.0,
0-20000-0-11519,RGLB_D,SUM,1998-07-09T00:00Z,14170.0,,0.0,
0-20000-0-11519,RGLB_D,SUM,1998-07-10T00:00Z,15383.0,,0.0,
0-20000-0-11519,RGLB_D,SUM,1998-07-11T00:00Z,15991.0,,0.0,
0-20000-0-11519,RGLB_D,SUM,1998-07-12T00:00Z,6797.0,,0.0,
0-20000-0-11519,RGLB_D,SUM,1998-07-13T00:00Z,23573.0,,0.0,
0-20000-0-11519,RGLB_D,SUM,1998-07-14T00:00Z,20772.0,,0.0,
0-20000-0-11519,RGLB_D,SUM,1998-07-15T00:00Z,16254.0,,0.0,
0-20000-0-11519,RGLB_D,SUM,1998-07-16T00:00Z,13835.0,,0.0,
0-20000-0-11519,RGLB_D,SUM,1998-07-17T00:00Z,20729.0,,0.0,
0-20000-0-11519,RGLB_D,SUM,1998-07-18T00:00Z,19627.0,,0.0,
0-20000-0-11519,RGLB_D,SUM,1998-07-19T00:00Z,23141.0,,0.0,
0-20000-0-11519,RGLB_D,SUM,1998-07-20T00:00Z,25974.0,,0.0,
0-20000-0-11519,RGLB_D,SUM,1998-07-21T00:00Z,24044.0,,0.0,
0-20000-0-11519,RGLB_D,SUM,1998-07-22T00:00Z,11005.0,,0.0,
0-20000-0-11519,RGLB_D,SUM,1998-07-23T00:00Z,21362.0,,0.0,
0-20000-0-11519,RGLB_D,SUM,1998-07-24T00:00Z,16322.0,,0.0,
0-20000-0-11519,RGLB_D,SUM,1998-07-25T00:00Z,15322.0,,0.0,
0-20000-0-11519,RGLB_D,SUM,1998-07-26T00:00Z,16981.0,,0.0,
0-20000-0-11519,RGLB_D,SUM,1998-07-27T00:00Z,12442.0,,0.0,
0-20000-0-11519,RGLB_D,SUM,1998-07-28T00:00Z,13259.0,,0.0,
0-20000-0-11519,RGLB_D,SUM,1998-07-29T00:00Z,16927.0,,0.0,
0-20000-0-11519,RGLB_D,SUM,1998-07-30T00:00Z,18529.0,,0.0,
0-20000-0-11519,RGLB_D,SUM,1998-07-31T00:00Z,21974.0,,0.0,
0-20000-0-11519,RGLB_D,SUM,1998-08-01T00:00Z,24541.0,,0.0,
0-20000-0-11519,RGLB_D,SUM,1998-08-02T00:00Z,22799.0,,0.0,
0-20000-0-11519,RGLB_D,SUM,1998-08-03T00:00Z,6808.0,,0.0,
0-20000-0-11519,RGLB_D,SUM,1998-08-04T00:00Z,20282.0,,0.0,
0-20000-0-11519,RGLB_D,SUM,1998-08-05T00:00Z,18500.0,,0.0,
0-20000-0-11519,RGLB_D,SUM,1998-08-06T00:00Z,21236.0,,0.0,
0-20000-0-11519,RGLB_D,SUM,1998-08-07T00:00Z,23648.0,,0.0,
0-20000-0-11519,RGLB_D,SUM,1998-08-08T00:00Z,23720.0,,0.0,
0-20000-0-11519,RGLB_D,SUM,1998-08-09T00:00Z,23911.0,,0.0,
0-20000-0-11519,RGLB_D,SUM,1998-08-10T00:00Z,25189.0,,0.0,
0-20000-0-11519,RGLB_D,SUM,1998-08-11T00:00Z,22550.0,,0.0,
0-20000-0-11519,RGLB_D,SUM,1998-08-12T00:00Z,20894.0,,0.0,
0-20000-0-11519,RGLB_D,SUM,1998-08-13T00:00Z,8237.0,,0.0,
0-20000-0-11519,RGLB_D,SUM,1998-08-14T00:00Z,18511.0,,0.0,
0-20000-0-11519,RGLB_D,SUM,1998-08-15T00:00Z,22856.0,,0.0,
0-20000-0-11519,RGLB_D,SUM,1998-08-16T00:00Z,20750.0,,0.0,
0-20000-0-11519,RGLB_D,SUM,1998-08-17T00:00Z,19764.0,,0.0,
0-20000-0-11519,RGLB_D,SUM,1998-08-18T00:00Z,19350.0,,0.0,
0-20000-0-11519,RGLB_D,SUM,1998-08-19T00:00Z,17420.0,,0.0,
0-20000-0-11519,RGLB_D,SUM,1998-08-20T00:00Z,19163.0,,0.0,
0-20000-0-11519,RGLB_D,SUM,1998-08-21T00:00Z,8680.0,,0.0,
0-20000-0-11519,RGLB_D,SUM,1998-08-22T00:00Z,13986.0,,0.0,
0-20000-0-11519,RGLB_D,SUM,1998-08-23T00:00Z,11498.0,,0.0,
0-20000-0-11519,RGLB_D,SUM,1998-08-24T00:00Z,7679.0,,0.0,
0-20000-0-11519,RGLB_D,SUM,1998-08-25T00:00Z,11822.0,,0.0,
0-20000-0-11519,RGLB_D,SUM,1998-08-26T00:00Z,11578.0,,0.0,
0-20000-0-11519,RGLB_D,SUM,1998-08-27T00:00Z,15559.0,,0.0,
0-20000-0-11519,RGLB_D,SUM,1998-08-28T00:00Z,8086.0,,0.0,
0-20000-0-11519,RGLB_D,SUM,1998-08-29T00:00Z,9468.0,,0.0,
0-20000-0-11519,RGLB_D,SUM,1998-08-30T00:00Z,12301.0,,0.0,
0-20000-0-11519,RGLB_D,SUM,1998-08-31T00:00Z,9050.0,,0.0,
0-20000-0-11519,RGLB_D,SUM,1998-09-01T00:00Z,16949.0,,0.0,
0-20000-0-11519,RGLB_D,SUM,1998-09-02T00:00Z,11549.0,,0.0,
0-20000-0-11519,RGLB_D,SUM,1998-09-03T00:00Z,6023.0,,0.0,
0-20000-0-11519,RGLB_D,SUM,1998-09-04T00:00Z,10991.0,,0.0,
0-20000-0-11519,RGLB_D,SUM,1998-09-05T00:00Z,2304.0,,0.0,
0-20000-0-11519,RGLB_D,SUM,1998-09-06T00:00Z,6178.0,,0.0,
0-20000-0-11519,RGLB_D,SUM,1998-09-07T00:00Z,12132.0,,0.0,
0-20000-0-11519,RGLB_D,SUM,1998-09-08T00:00Z,5825.0,,0.0,
0-20000-0-11519,RGLB_D,SUM,1998-09-09T00:00Z,17730.0,,0.0,
0-20000-0-11519,RGLB_D,SUM,1998-09-10T00:00Z,15170.0,,0.0,
0-20000-0-11519,RGLB_D,SUM,1998-09-11T00:00Z,1973.0,,0.0,
0-20000-0-11519,RGLB_D,SUM,1998-09-12T00:00Z,2023.0,,0.0,
0-20000-0-11519,RGLB_D,SUM,1998-09-13T00:00Z,5213.0,,0.0,
0-20000-0-11519,RGLB_D,SUM,1998-09-14T00:00Z,10415.0,,0.0,
0-20000-0-11519,RGLB_D,SUM,1998-09-15T00:00Z,3773.0,,0.0,
0-20000-0-11519,RGLB_D,SUM,1998-09-16T00:00Z,7009.0,,0.0,
0-20000-0-11519,RGLB_D,SUM,1998-09-17T00:00Z,8449.0,,0.0,
0-20000-0-11519,RGLB_D,SUM,1998-09-18T00:00Z,10800.0,,0.0,
0-20000-0-11519,RGLB_D,SUM,1998-09-19T00:00Z,8536.0,,0.0,
0-20000-0-11519,RGLB_D,SUM,1998-09-20T00:00Z,13907.0,,0.0,
0-20000-0-11519,RGLB_D,SUM,1998-09-21T00:00Z,10055.0,,0.0,
0-20000-0-11519,RGLB_D,SUM,1998-09-22T00:00Z,13741.0,,0.0,
0-20000-0-11519,RGLB_D,SUM,1998-09-23T00:00Z,13964.0,,0.0,
0-20000-0-11519,RGLB_D,SUM,1998-09-24T00:00Z,13680.0,,0.0,
0-20000-0-11519,RGLB_D,SUM,1998-09-25T00:00Z,4576.0,,0.0,
0-20000-0-11519,RGLB_D,SUM,1998-09-26T00:00Z,7848.0,,0.0,
0-20000-0-11519,RGLB_D,SUM,1998-09-27T00:00Z,3092.0,,0.0,
0-20000-0-11519,RGLB_D,SUM,1998-09-28T00:00Z,11729.0,,0.0,
0-20000-0-11519,RGLB_D,SUM,1998-09-29T00:00Z,6833.0,,0.0,
0-20000-0-11519,RGLB_D,SUM,1998-09-30T00:00Z,8294.0,,0.0,
0-20000-0-11519,RGLB_D,SUM,1998-10-01T00:00Z,1660.0,,0.0,
0-20000-0-11519,RGLB_D,SUM,1998-10-02T00:00Z,1433.0,,0.0,
0-20000-0-11519,RGLB_D,SUM,1998-10-03T00:00Z,3830.0,,0.0,
0-20000-0-11519,RGLB_D,SUM,1998-10-04T00:00Z,4234.0,,0.0,
0-20000-0-11519,RGLB_D,SUM,1998-10-05T00:00Z,2898.0,,0.0,
0-20000-0-11519,RGLB_D,SUM,1998-10-06T00:00Z,1901.0,,0.0,
0-20000-0-11519,RGLB_D,SUM,1998-10-07T00:00Z,3794.0,,0.0,
0-20000-0-11519,RGLB_D,SUM,1998-10-08T00:00Z,5422.0,,0.0,
0-20000-0-11519,RGLB_D,SUM,1998-10-09T00:00Z,1840.0,,0.0,
0-20000-0-11519,RGLB_D,SUM,1998-10-10T00:00Z,4712.0,,0.0,
0-20000-0-11519,RGLB_D,SUM,1998-10-11T00:00Z,4054.0,,0.0,
0-20000-0-11519,RGLB_D,SUM,1998-10-12T00:00Z,2891.0,,0.0,
0-20000-0-11519,RGLB_D,SUM,1998-10-13T00:00Z,6174.0,,0.0,
0-20000-0-11519,RGLB_D,SUM,1998-10-14T00:00Z,2783.0,,0.0,
0-20000-0-11519,RGLB_D,SUM,1998-10-15T00:00Z,3827.0,,0.0,
0-20000-0-11519,RGLB_D,SUM,1998-10-16T00:00Z,8381.0,,0.0,
0-20000-0-11519,RGLB_D,SUM,1998-10-17T00:00Z,9299.0,,0.0,
0-20000-0-11519,RGLB_D,SUM,1998-10-18T00:00Z,6516.0,,0.0,
0-20000-0-11519,RGLB_D,SUM,1998-10-19T00:00Z,7124.0,,0.0,
0-20000-0-11519,RGLB_D,SUM,1998-10-20T00:00Z,7841.0,,0.0,
0-20000-0-11519,RGLB_D,SUM,1998-10-21T00:00Z,9626.0,,0.0,
0-20000-0-11519,RGLB_D,SUM,1998-10-22T00:00Z,4392.0,,0.0,
0-20000-0-11519,RGLB_D,SUM,1998-10-23T00:00Z,8539.0,,0.0,
0-20000-0-11519,RGLB_D,SUM,1998-10-24T00:00Z,4255.0,,0.0,
0-20000-0-11519,RGLB_D,SUM,1998-10-25T00:00Z,5519.0,,0.0,
0-20000-0-11519,RGLB_D,SUM,1998-10-26T00:00Z,5756.0,,0.0,
0-20000-0-11519,RGLB_D,SUM,1998-10-27T00:00Z,5317.0,,0.0,
0-20000-0-11519,RGLB_D,SUM,1998-10-28T00:00Z,3773.0,,0.0,
0-20000-0-11519,RGLB_D,SUM,1998-10-29T00:00Z,1372.0,,0.0,
0-20000-0-11519,RGLB_D,SUM,1998-10-30T00:00Z,3884.0,,0.0,
0-20000-0-11519,RGLB_D,SUM,1998-10-31T00:00Z,6286.0,,0.0,
0-20000-0-11519,RGLB_D,SUM,1998-11-01T00:00Z,1235.0,,0.0,
0-20000-0-11519,RGLB_D,SUM,1998-11-02T00:00Z,5551.0,,0.0,
0-20000-0-11519,RGLB_D,SUM,1998-11-03T00:00Z,1534.0,,0.0,
0-20000-0-11519,RGLB_D,SUM,1998-11-04T00:00Z,1346.0,,0.0,
0-20000-0-11519,RGLB_D,SUM,1998-11-05T00:00Z,5357.0,,0.0,
0-20000-0-11519,RGLB_D,SUM,1998-11-06T00:00Z,4918.0,,0.0,
0-20000-0-11519,RGLB_D,SUM,1998-11-07T00:00Z,5177.0,,0.0,
0-20000-0-11519,RGLB_D,SUM,1998-11-08T00:00Z,6012.0,,0.0,
0-20000-0-11519,RGLB_D,SUM,1998-11-09T00:00Z,1249.0,,0.0,
0-20000-0-11519,RGLB_D,SUM,1998-11-10T00:00Z,1508.0,,0.0,
0-20000-0-11519,RGLB_D,SUM,1998-11-11T00:00Z,4658.0,,0.0,
0-20000-0-11519,RGLB_D,SUM,1998-11-12T00:00Z,6682.0,,0.0,
0-20000-0-11519,RGLB_D,SUM,1998-11-13T00:00Z,1998.0,,0.0,
0-20000-0-11519,RGLB_D,SUM,1998-11-14T00:00Z,1955.0,,0.0,
0-20000-0-11519,RGLB_D,SUM,1998-11-15T00:00Z,706.0,,0.0,
0-20000-0-11519,RGLB_D,SUM,1998-11-16T00:00Z,2653.0,,0.0,
0-20000-0-11519,RGLB_D,SUM,1998-11-17T00:00Z,3402.0,,0.0,
0-20000-0-11519,RGLB_D,SUM,1998-11-18T00:00Z,3863.0,,0.0,
0-20000-0-11519,RGLB_D,SUM,1998-11-19T00:00Z,1602.0,,0.0,
0-20000-0-11519,RGLB_D,SUM,1998-11-20T00:00Z,3060.0,,0.0,
0-20000-0-11519,RGLB_D,SUM,1998-11-21T00:00Z,4532.0,,0.0,
0-20000-0-11519,RGLB_D,SUM,1998-11-22T00:00Z,4392.0,,0.0,
0-20000-0-11519,RGLB_D,SUM,1998-11-23T00:00Z,2174.0,,0.0,
0-20000-0-11519,RGLB_D,SUM,1998-11-24T00:00Z,3708.0,,0.0,
0-20000-0-11519,RGLB_D,SUM,1998-11-25T00:00Z,562.0,,0.0,
0-20000-0-11519,RGLB_D,SUM,1998-11-26T00:00Z,454.0,,0.0,
0-20000-0-11519,RGLB_D,SUM,1998-11-27T00:00Z,1480.0,,0.0,
0-20000-0-11519,RGLB_D,SUM,1998-11-28T00:00Z,886.0,,0.0,
0-20000-0-11519,RGLB_D,SUM,1998-11-29T00:00Z,997.0,,0.0,
0-20000-0-11519,RGLB_D,SUM,1998-11-30T00:00Z,1087.0,,0.0,
0-20000-0-11519,RGLB_D,SUM,1998-12-01T00:00Z,745.0,,0.0,
0-20000-0-11519,RGLB_D,SUM,1998-12-02T00:00Z,2639.0,,0.0,
0-20000-0-11519,RGLB_D,SUM,1998-12-03T00:00Z,738.0,,0.0,
0-20000-0-11519,RGLB_D,SUM,1998-12-04T00:00Z,310.0,,0.0,
0-20000-0-11519,RGLB_D,SUM,1998-12-05T00:00Z,3809.0,,0.0,
0-20000-0-11519,RGLB_D,SUM,1998-12-06T00:00Z,1919.0,,0.0,
0-20000-0-11519,RGLB_D,SUM,1998-12-07T00:00Z,2480.0,,0.0,
0-20000-0-11519,RGLB_D,SUM,1998-12-08T00:00Z,1793.0,,0.0,
0-20000-0-11519,RGLB_D,SUM,1998-12-09T00:00Z,4288.0,,0.0,
0-20000-0-11519,RGLB_D,SUM,1998-12-10T00:00Z,4003.0,,0.0,
0-20000-0-11519,RGLB_D,SUM,1998-12-11T00:00Z,3726.0,,0.0,
0-20000-0-11519,RGLB_D,SUM,1998-12-12T00:00Z,1156.0,,0.0,
0-20000-0-11519,RGLB_D,SUM,1998-12-13T00:00Z,2538.0,,0.0,
0-20000-0-11519,RGLB_D,SUM,1998-12-14T00:00Z,842.0,,0.0,
0-20000-0-11519,RGLB_D,SUM,1998-12-15T00:00Z,1606.0,,0.0,
0-20000-0-11519,RGLB_D,SUM,1998-12-16T00:00Z,2459.0,,0.0,
0-20000-0-11519,RGLB_D,SUM,1998-12-17T00:00Z,3697.0,,0.0,
0-20000-0-11519,RGLB_D,SUM,1998-12-18T00:00Z,3787.0,,0.0,
0-20000-0-11519,RGLB_D,SUM,1998-12-19T00:00Z,2192.0,,0.0,
0-20000-0-11519,RGLB_D,SUM,1998-12-20T00:00Z,1937.0,,0.0,
0-20000-0-11519,RGLB_D,SUM,1998-12-21T00:00Z,3168.0,,0.0,
0-20000-0-11519,RGLB_D,SUM,1998-12-22T00:00Z,2401.0,,0.0,
0-20000-0-11519,RGLB_D,SUM,1998-12-23T00:00Z,2858.0,,0.0,
0-20000-0-11519,RGLB_D,SUM,1998-12-24T00:00Z,2318.0,,0.0,
0-20000-0-11519,RGLB_D,SUM,1998-12-25T00:00Z,3823.0,,0.0,
0-20000-0-11519,RGLB_D,SUM,1998-12-26T00:00Z,3373.0,,0.0,
0-20000-0-11519,RGLB_D,SUM,1998-12-27T00:00Z,749.0,,0.0,
0-20000-0-11519,RGLB_D,SUM,1998-12-28T00:00Z,3298.0,,0.0,
0-20000-0-11519,RGLB_D,SUM,1998-12-29T00:00Z,2491.0,,0.0,
0-20000-0-11519,RGLB_D,SUM,1998-12-30T00:00Z,1166.0,,0.0,
0-20000-0-11519,RGLB_D,SUM,1998-12-31T00:00Z,1778.0,,0.0,
0-20000-0-11519,RGLB_D,SUM,1999-01-01T00:00Z,1030.0,,0.0,
0-20000-0-11519,RGLB_D,SUM,1999-01-02T00:00Z,979.0,,0.0,
0-20000-0-11519,RGLB_D,SUM,1999-01-03T00:00Z,2239.0,,0.0,
0-20000-0-11519,RGLB_D,SUM,1999-01-04T00:00Z,2434.0,,0.0,
0-20000-0-11519,RGLB_D,SUM,1999-01-05T00:00Z,2646.0,,0.0,
0-20000-0-11519,RGLB_D,SUM,1999-01-06T00:00Z,4414.0,,0.0,
0-20000-0-11519,RGLB_D,SUM,1999-01-07T00:00Z,2704.0,,0.0,
0-20000-0-11519,RGLB_D,SUM,1999-01-08T00:00Z,1530.0,,0.0,
0-20000-0-11519,RGLB_D,SUM,1999-01-09T00:00Z,2664.0,,0.0,
0-20000-0-11519,RGLB_D,SUM,1999-01-10T00:00Z,1973.0,,0.0,
0-20000-0-11519,RGLB_D,SUM,1999-01-11T00:00Z,853.0,,0.0,
0-20000-0-11519,RGLB_D,SUM,1999-01-12T00:00Z,2808.0,,0.0,
0-20000-0-11519,RGLB_D,SUM,1999-01-13T00:00Z,1631.0,,0.0,
0-20000-0-11519,RGLB_D,SUM,1999-01-14T00:00Z,1663.0,,0.0,
0-20000-0-11519,RGLB_D,SUM,1999-01-15T00:00Z,1350.0,,0.0,
0-20000-0-11519,RGLB_D,SUM,1999-01-16T00:00Z,1080.0,,0.0,
0-20000-0-11519,RGLB_D,SUM,1999-01-17T00:00Z,5141.0,,0.0,
0-20000-0-11519,RGLB_D,SUM,1999-01-18T00:00Z,1652.0,,0.0,
0-20000-0-11519,RGLB_D,SUM,1999-01-19T00:00Z,1170.0,,0.0,
0-20000-0-11519,RGLB_D,SUM,1999-01-20T00:00Z,832.0,,0.0,
0-20000-0-11519,RGLB_D,SUM,1999-01-21T00:00Z,803.0,,0.0,
0-20000-0-11519,RGLB_D,SUM,1999-01-22T00:00Z,1732.0,,0.0,
0-20000-0-11519,RGLB_D,SUM,1999-01-23T00:00Z,1397.0,,0.0,
0-20000-0-11519,RGLB_D,SUM,1999-01-24T00:00Z,4824.0,,0.0,
0-20000-0-11519,RGLB_D,SUM,1999-01-25T00:00Z,1796.0,,0.0,
0-20000-0-11519,RGLB_D,SUM,1999-01-26T00:00Z,1037.0,,0.0,
0-20000-0-11519,RGLB_D,SUM,1999-01-27T00:00Z,2059.0,,0.0,
0-20000-0-11519,RGLB_D,SUM,1999-01-28T00:00Z,3636.0,,0.0,
0-20000-0-11519,RGLB_D,SUM,1999-01-29T00:00Z,3769.0,,0.0,
0-20000-0-11519,RGLB_D,SUM,1999-01-30T00:00Z,5159.0,,0.0,
0-20000-0-11519,RGLB_D,SUM,1999-01-31T00:00Z,6152.0,,0.0,
0-20000-0-11519,RGLB_D,SUM,1999-02-01T00:00Z,2383.0,,0.0,
0-20000-0-11519,RGLB_D,SUM,1999-02-02T00:00Z,2236.0,,0.0,
0-20000-0-11519,RGLB_D,SUM,1999-02-03T00:00Z,1256.0,,0.0,
0-20000-0-11519,RGLB_D,SUM,1999-02-04T00:00Z,2527.0,,0.0,
0-20000-0-11519,RGLB_D,SUM,1999-02-05T00:00Z,3755.0,,0.0,
0-20000-0-11519,RGLB_D,SUM,1999-02-06T00:00Z,4399.0,,0.0,
0-20000-0-11519,RGLB_D,SUM,1999-02-07T00:00Z,1660.0,,0.0,
0-20000-0-11519,RGLB_D,SUM,1999-02-08T00:00Z,3874.0,,0.0,
0-20000-0-11519,RGLB_D,SUM,1999-02-09T00:00Z,6484.0,,0.0,
0-20000-0-11519,RGLB_D,SUM,1999-02-10T00:00Z,7027.0,,0.0,
0-20000-0-11519,RGLB_D,SUM,1999-02-11T00:00Z,5040.0,,0.0,
0-20000-0-11519,RGLB_D,SUM,1999-02-12T00:00Z,7704.0,,0.0,
0-20000-0-11519,RGLB_D,SUM,1999-02-13T00:00Z,1606.0,,0.0,
0-20000-0-11519,RGLB_D,SUM,1999-02-14T00:00Z,2401.0,,0.0,
0-20000-0-11519,RGLB_D,SUM,1999-02-15T00:00Z,8701.0,,0.0,
0-20000-0-11519,RGLB_D,SUM,1999-02-16T00:00Z,1670.0,,0.0,
0-20000-0-11519,RGLB_D,SUM,1999-02-17T00:00Z,5054.0,,0.0,
0-20000-0-11519,RGLB_D,SUM,1999-02-18T00:00Z,6462.0,,0.0,
0-20000-0-11519,RGLB_D,SUM,1999-02-19T00:00Z,3362.0,,0.0,
0-20000-0-11519,RGLB_D,SUM,1999-02-20T00:00Z,2210.0,,0.0,
0-20000-0-11519,RGLB_D,SUM,1999-02-21T00:00Z,4493.0,,0.0,
0-20000-0-11519,RGLB_D,SUM,1999-02-22T00:00Z,5490.0,,0.0,
0-20000-0-11519,RGLB_D,SUM,1999-02-23T00:00Z,4385.0,,0.0,
0-20000-0-11519,RGLB_D,SUM,1999-02-24T00:00Z,3344.0,,0.0,
0-20000-0-11519,RGLB_D,SUM,1999-02-25T00:00Z,9749.0,,0.0,
0-20000-0-11519,RGLB_D,SUM,1999-02-26T00:00Z,1904.0,,0.0,
0-20000-0-11519,RGLB_D,SUM,1999-02-27T00:00Z,11531.0,,0.0,
0-20000-0-11519,RGLB_D,SUM,1999-02-28T00:00Z,5926.0,,0.0,
0-20000-0-11519,RGLB_D,SUM,1999-03-01T00:00Z,6232.0,,0.0,
0-20000-0-11519,RGLB_D,SUM,1999-03-02T00:00Z,2516.0,,0.0,
0-20000-0-11519,RGLB_D,SUM,1999-03-03T00:00Z,6142.0,,0.0,
0-20000-0-11519,RGLB_D,SUM,1999-03-04T00:00Z,6167.0,,0.0,
0-20000-0-11519,RGLB_D,SUM,1999-03-05T00:00Z,1584.0,,0.0,
0-20000-0-11519,RGLB_D,SUM,1999-03-06T00:00Z,9666.0,,0.0,
0-20000-0-11519,RGLB_D,SUM,1999-03-07T00:00Z,4428.0,,0.0,
0-20000-0-11519,RGLB_D,SUM,1999-03-08T00:00Z,11923.0,,0.0,
0-20000-0-11519,RGLB_D,SUM,1999-03-09T00:00Z,2081.0,,0.0,
0-20000-0-11519,RGLB_D,SUM,1999-03-10T00:00Z,2372.0,,0.0,
0-20000-0-11519,RGLB_D,SUM,1999-03-11T00:00Z,2394.0,,0.0,
0-20000-0-11519,RGLB_D,SUM,1999-03-12T00:00Z,12740.0,,0.0,
0-20000-0-11519,RGLB_D,SUM,1999-03-13T00:00Z,12200.0,,0.0,
0-20000-0-11519,RGLB_D,SUM,1999-03-14T00:00Z,10217.0,,0.0,
0-20000-0-11519,RGLB_D,SUM,1999-03-15T00:00Z,7960.0,,0.0,
0-20000-0-11519,RGLB_D,SUM,1999-03-16T00:00Z,3139.0,,0.0,
0-20000-0-11519,RGLB_D,SUM,1999-03-17T00:00Z,3755.0,,0.0,
0-20000-0-11519,RGLB_D,SUM,1999-03-18T00:00Z,14465.0,,0.0,
0-20000-0-11519,RGLB_D,SUM,1999-03-19T00:00Z,13010.0,,0.0,
0-20000-0-11519,RGLB_D,SUM,1999-03-20T00:00Z,6678.0,,0.0,
0-20000-0-11519,RGLB_D,SUM,1999-03-21T00:00Z,9112.0,,0.0,
0-20000-0-11519,RGLB_D,SUM,1999-03-22T00:00Z,7074.0,,0.0,
0-20000-0-11519,RGLB_D,SUM,1999-03-23T00:00Z,4993.0,,0.0,
0-20000-0-11519,RGLB_D,SUM,1999-03-24T00:00Z,7916.0,,0.0,
0-20000-0-11519,RGLB_D,SUM,1999-03-25T00:00Z,16495.0,,0.0,
0-20000-0-11519,RGLB_D,SUM,1999-03-26T00:00Z,15217.0,,0.0,
0-20000-0-11519,RGLB_D,SUM,1999-03-27T00:00Z,14224.0,,0.0,
0-20000-0-11519,RGLB_D,SUM,1999-03-28T00:00Z,10732.0,,0.0,
0-20000-0-11519,RGLB_D,SUM,1999-03-29T00:00Z,5846.0,,0.0,
0-20000-0-11519,RGLB_D,SUM,1999-03-30T00:00Z,13082.0,,0.0,
0-20000-0-11519,RGLB_D,SUM,1999-03-31T00:00Z,14965.0,,0.0,
0-20000-0-11519,RGLB_D,SUM,1999-04-01T00:00Z,16913.0,,0.0,
0-20000-0-11519,RGLB_D,SUM,1999-04-02T00:00Z,12931.0,,0.0,
0-20000-0-11519,RGLB_D,SUM,1999-04-03T00:00Z,15534.0,,0.0,
0-20000-0-11519,RGLB_D,SUM,1999-04-04T00:00Z,11668.0,,0.0,
0-20000-0-11519,RGLB_D,SUM,1999-04-05T00:00Z,10040.0,,0.0,
0-20000-0-11519,RGLB_D,SUM,1999-04-06T00:00Z,10408.0,,0.0,
0-20000-0-11519,RGLB_D,SUM,1999-04-07T00:00Z,8345.0,,0.0,
0-20000-0-11519,RGLB_D,SUM,1999-04-08T00:00Z,8269.0,,0.0,
0-20000-0-11519,RGLB_D,SUM,1999-04-09T00:00Z,12859.0,,0.0,
0-20000-0-11519,RGLB_D,SUM,1999-04-10T00:00Z,19300.0,,0.0,
0-20000-0-11519,RGLB_D,SUM,1999-04-11T00:00Z,5134.0,,0.0,
0-20000-0-11519,RGLB_D,SUM,1999-04-12T00:00Z,12582.0,,0.0,
0-20000-0-11519,RGLB_D,SUM,1999-04-13T00:00Z,10580.0,,0.0,
0-20000-0-11519,RGLB_D,SUM,1999-04-14T00:00Z,20196.0,,0.0,
0-20000-0-11519,RGLB_D,SUM,1999-04-15T00:00Z,14339.0,,0.0,
0-20000-0-11519,RGLB_D,SUM,1999-04-16T00:00Z,1832.0,,0.0,
0-20000-0-11519,RGLB_D,SUM,1999-04-17T00:00Z,3888.0,,0.0,
0-20000-0-11519,RGLB_D,SUM,1999-04-18T00:00Z,11945.0,,0.0,
0-20000-0-11519,RGLB_D,SUM,1999-04-19T00:00Z,17129.0,,0.0,
0-20000-0-11519,RGLB_D,SUM,1999-04-20T00:00Z,17201.0,,0.0,
0-20000-0-11519,RGLB_D,SUM,1999-04-21T00:00Z,10393.0,,0.0,
0-20000-0-11519,RGLB_D,SUM,1999-04-22T00:00Z,18011.0,,0.0,
0-20000-0-11519,RGLB_D,SUM,1999-04-23T00:00Z,19253.0,,0.0,
0-20000-0-11519,RGLB_D,SUM,1999-04-24T00:00Z,22522.0,,0.0,
0-20000-0-11519,RGLB_D,SUM,1999-04-25T00:00Z,15653.0,,0.0,
0-20000-0-11519,RGLB_D,SUM,1999-04-26T00:00Z,10951.0,,0.0,
0-20000-0-11519,RGLB_D,SUM,1999-04-27T00:00Z,9439.0,,0.0,
0-20000-0-11519,RGLB_D,SUM,1999-04-28T00:00Z,10487.0,,0.0,
0-20000-0-11519,RGLB_D,SUM,1999-04-29T00:00Z,18695.0,,0.0,
0-20000-0-11519,RGLB_D,SUM,1999-04-30T00:00Z,22968.0,,0.0,
0-20000-0-11519,RGLB_D,SUM,1999-05-01T00:00Z,19134.0,,0.0,
0-20000-0-11519,RGLB_D,SUM,1999-05-02T00:00Z,14022.0,,0.0,
0-20000-0-11519,RGLB_D,SUM,1999-05-03T00:00Z,20268.0,,0.0,
0-20000-0-11519,RGLB_D,SUM,1999-05-04T00:00Z,18184.0,,0.0,
0-20000-0-11519,RGLB_D,SUM,1999-05-05T00:00Z,20988.0,,0.0,
0-20000-0-11519,RGLB_D,SUM,1999-05-06T00:00Z,14738.0,,0.0,
0-20000-0-11519,RGLB_D,SUM,1999-05-07T00:00Z,12884.0,,0.0,
0-20000-0-11519,RGLB_D,SUM,1999-05-08T00:00Z,6563.0,,0.0,
0-20000-0-11519,RGLB_D,SUM,1999-05-09T00:00Z,17233.0,,0.0,
0-20000-0-11519,RGLB_D,SUM,1999-05-10T00:00Z,22194.0,,0.0,
0-20000-0-11519,RGLB_D,SUM,1999-05-11T00:00Z,12323.0,,0.0,
0-20000-0-11519,RGLB_D,SUM,1999-05-12T00:00Z,14893.0,,0.0,
0-20000-0-11519,RGLB_D,SUM,1999-05-13T00:00Z,12470.0,,0.0,
0-20000-0-11519,RGLB_D,SUM,1999-05-14T00:00Z,12139.0,,0.0,
0-20000-0-11519,RGLB_D,SUM,1999-05-15T00:00Z,17057.0,,0.0,
0-20000-0-11519,RGLB_D,SUM,1999-05-16T00:00Z,12395.0,,0.0,
0-20000-0-11519,RGLB_D,SUM,1999-05-17T00:00Z,24059.0,,0.0,
0-20000-0-11519,RGLB_D,SUM,1999-05-18T00:00Z,24134.0,,0.0,
0-20000-0-11519,RGLB_D,SUM,1999-05-19T00:00Z,26222.0,,0.0,
0-20000-0-11519,RGLB_D,SUM,1999-05-20T00:00Z,22705.0,,0.0,
0-20000-0-11519,RGLB_D,SUM,1999-05-21T00:00Z,10685.0,,0.0,
0-20000-0-11519,RGLB_D,SUM,1999-05-22T00:00Z,13439.0,,0.0,
0-20000-0-11519,RGLB_D,SUM,1999-05-23T00:00Z,20884.0,,0.0,
0-20000-0-11519,RGLB_D,SUM,1999-05-24T00:00Z,24851.0,,0.0,
0-20000-0-11519,RGLB_D,SUM,1999-05-25T00:00Z,19026.0,,0.0,
0-20000-0-11519,RGLB_D,SUM,1999-05-26T00:00Z,23922.0,,0.0,
0-20000-0-11519,RGLB_D,SUM,1999-05-27T00:00Z,26381.0,,0.0,
0-20000-0-11519,RGLB_D,SUM,1999-05-28T00:00Z,26852.0,,0.0,
0-20000-0-11519,RGLB_D,SUM,1999-05-29T00:00Z,24786.0,,0.0,
0-20000-0-11519,RGLB_D,SUM,1999-05-30T00:00Z,25546.0,,0.0,
0-20000-0-11519,RGLB_D,SUM,1999-05-31T00:00Z,25567.0,,0.0,
0-20000-0-11519,RGLB_D,SUM,1999-06-01T00:00Z,26766.0,,0.0,
0-20000-0-11519,RGLB_D,SUM,1999-06-02T00:00Z,19498.0,,0.0,
0-20000-0-11519,RGLB_D,SUM,1999-06-03T00:00Z,22176.0,,0.0,
0-20000-0-11519,RGLB_D,SUM,1999-06-04T00:00Z,9929.0,,0.0,
0-20000-0-11519,RGLB_D,SUM,1999-06-05T00:00Z,25866.0,,0.0,
0-20000-0-11519,RGLB_D,SUM,1999-06-06T00:00Z,20506.0,,0.0,
0-20000-0-11519,RGLB_D,SUM,1999-06-07T00:00Z,19246.0,,0.0,
0-20000-0-11519,RGLB_D,SUM,1999-06-08T00:00Z,4939.0,,0.0,
0-20000-0-11519,RGLB_D,SUM,1999-06-09T00:00Z,19307.0,,0.0,
0-20000-0-11519,RGLB_D,SUM,1999-06-10T00:00Z,26129.0,,0.0,
0-20000-0-11519,RGLB_D,SUM,1999-06-11T00:00Z,5116.0,,0.0,
0-20000-0-11519,RGLB_D,SUM,1999-06-12T00:00Z,5702.0,,0.0,
0-20000-0-11519,RGLB_D,SUM,1999-06-13T00:00Z,20624.0,,0.0,
0-20000-0-11519,RGLB_D,SUM,1999-06-14T00:00Z,5213.0,,0.0,
0-20000-0-11519,RGLB_D,SUM,1999-06-15T00:00Z,12632.0,,0.0,
0-20000-0-11519,RGLB_D,SUM,1999-06-16T00:00Z,10084.0,,0.0,
0-20000-0-11519,RGLB_D,SUM,1999-06-17T00:00Z,14393.0,,0.0,
0-20000-0-11519,RGLB_D,SUM,1999-06-18T00:00Z,7092.0,,0.0,
0-20000-0-11519,RGLB_D,SUM,1999-06-19T00:00Z,6476.0,,0.0,
0-20000-0-11519,RGLB_D,SUM,1999-06-20T00:00Z,22788.0,,0.0,
0-20000-0-11519,RGLB_D,SUM,1999-06-21T00:00Z,7070.0,,0.0,
0-20000-0-11519,RGLB_D,SUM,1999-06-22T00:00Z,14900.0,,0.0,
0-20000-0-11519,RGLB_D,SUM,1999-06-23T00:00Z,22334.0,,0.0,
0-20000-0-11519,RGLB_D,SUM,1999-06-24T00:00Z,13338.0,,0.0,
0-20000-0-11519,RGLB_D,SUM,1999-06-25T00:00Z,18464.0,,0.0,
0-20000-0-11519,RGLB_D,SUM,1999-06-26T00:00Z,24746.0,,0.0,
0-20000-0-11519,RGLB_D,SUM,1999-06-27T00:00Z,17935.0,,0.0,
0-20000-0-11519,RGLB_D,SUM,1999-06-28T00:00Z,15818.0,,0.0,
0-20000-0-11519,RGLB_D,SUM,1999-06-29T00:00Z,24574.0,,0.0,
0-20000-0-11519,RGLB_D,SUM,1999-06-30T00:00Z,23112.0,,0.0,
0-20000-0-11519,RGLB_D,SUM,1999-07-01T00:00Z,16448.0,,0.0,
0-20000-0-11519,RGLB_D,SUM,1999-07-02T00:00Z,18896.0,,0.0,
0-20000-0-11519,RGLB_D,SUM,1999-07-03T00:00Z,28973.0,,0.0,
0-20000-0-11519,RGLB_D,SUM,1999-07-04T00:00Z,26539.0,,0.0,
0-20000-0-11519,RGLB_D,SUM,1999-07-05T00:00Z,25819.0,,0.0,
0-20000-0-11519,RGLB_D,SUM,1999-07-06T00:00Z,18148.0,,0.0,
0-20000-0-11519,RGLB_D,SUM,1999-07-07T00:00Z,16139.0,,0.0,
0-20000-0-11519,RGLB_D,SUM,1999-07-08T00:00Z,5504.0,,0.0,
0-20000-0-11519,RGLB_D,SUM,1999-07-09T00:00Z,7909.0,,0.0,
0-20000-0-11519,RGLB_D,SUM,1999-07-10T00:00Z,18522.0,,0.0,
0-20000-0-11519,RGLB_D,SUM,1999-07-11T00:00Z,16607.0,,0.0,
0-20000-0-11519,RGLB_D,SUM,1999-07-12T00:00Z,15239.0,,0.0,
0-20000-0-11519,RGLB_D,SUM,1999-07-13T00:00Z,21164.0,,0.0,
0-20000-0-11519,RGLB_D,SUM,1999-07-14T00:00Z,13277.0,,0.0,
0-20000-0-11519,RGLB_D,SUM,1999-07-15T00:00Z,15163.0,,0.0,
0-20000-0-11519,RGLB_D,SUM,1999-07-16T00:00Z,19127.0,,0.0,
0-20000-0-11519,RGLB_D,SUM,1999-07-17T00:00Z,26712.0,,0.0,
0-20000-0-11519,RGLB_D,SUM,1999-07-18T00:00Z,24851.0,,0.0,
0-20000-0-11519,RGLB_D,SUM,1999-07-19T00:00Z,27806.0,,0.0,
0-20000-0-11519,RGLB_D,SUM,1999-07-20T00:00Z,19962.0,,0.0,
0-20000-0-11519,RGLB_D,SUM,1999-07-21T00:00Z,23206.0,,0.0,
0-20000-0-11519,RGLB_D,SUM,1999-07-22T00:00Z,18749.0,,0.0,
0-20000-0-11519,RGLB_D,SUM,1999-07-23T00:00Z,7049.0,,0.0,
0-20000-0-11519,RGLB_D,SUM,1999-07-24T00:00Z,12982.0,,0.0,
0-20000-0-11519,RGLB_D,SUM,1999-07-25T00:00Z,24883.0,,0.0,
0-20000-0-11519,RGLB_D,SUM,1999-07-26T00:00Z,25157.0,,0.0,
0-20000-0-11519,RGLB_D,SUM,1999-07-27T00:00Z,12089.0,,0.0,
0-20000-0-11519,RGLB_D,SUM,1999-07-28T00:00Z,24894.0,,0.0,
0-20000-0-11519,RGLB_D,SUM,1999-07-29T00:00Z,25427.0,,0.0,
0-20000-0-11519,RGLB_D,SUM,1999-07-30T00:00Z,22468.0,,0.0,
0-20000-0-11519,RGLB_D,SUM,1999-07-31T00:00Z,24397.0,,0.0,
0-20000-0-11519,RGLB_D,SUM,1999-08-01T00:00Z,22648.0,,0.0,
0-20000-0-11519,RGLB_D,SUM,1999-08-02T00:00Z,22853.0,,0.0,
0-20000-0-11519,RGLB_D,SUM,1999-08-03T00:00Z,24246.0,,0.0,
0-20000-0-11519,RGLB_D,SUM,1999-08-04T00:00Z,23846.0,,0.0,
0-20000-0-11519,RGLB_D,SUM,1999-08-05T00:00Z,10174.0,,0.0,
0-20000-0-11519,RGLB_D,SUM,1999-08-06T00:00Z,21182.0,,0.0,
0-20000-0-11519,RGLB_D,SUM,1999-08-07T00:00Z,10638.0,,0.0,
0-20000-0-11519,RGLB_D,SUM,1999-08-08T00:00Z,23591.0,,0.0,
0-20000-0-11519,RGLB_D,SUM,1999-08-09T00:00Z,13172.0,,0.0,
0-20000-0-11519,RGLB_D,SUM,1999-08-10T00:00Z,8230.0,,0.0,
0-20000-0-11519,RGLB_D,SUM,1999-08-11T00:00Z,10519.0,,0.0,
0-20000-0-11519,RGLB_D,SUM,1999-08-12T00:00Z,12870.0,,0.0,
0-20000-0-11519,RGLB_D,SUM,1999-08-13T00:00Z,13687.0,,0.0,
0-20000-0-11519,RGLB_D,SUM,1999-08-14T00:00Z,17590.0,,0.0,
0-20000-0-11519,RGLB_D,SUM,1999-08-15T00:00Z,14818.0,,0.0,
0-20000-0-11519,RGLB_D,SUM,1999-08-16T00:00Z,16466.0,,0.0,
0-20000-0-11519,RGLB_D,SUM,1999-08-17T00:00Z,14612.0,,0.0,
0-20000-0-11519,RGLB_D,SUM,1999-08-18T00:00Z,15055.0,,0.0,
0-20000-0-11519,RGLB_D,SUM,1999-08-19T00:00Z,22820.0,,0.0,
0-20000-0-11519,RGLB_D,SUM,1999-08-20T00:00Z,19523.0,,0.0,
0-20000-0-11519,RGLB_D,SUM,1999-08-21T00:00Z,13129.0,,0.0,
0-20000-0-11519,RGLB_D,SUM,1999-08-22T00:00Z,13673.0,,0.0,
0-20000-0-11519,RGLB_D,SUM,1999-08-23T00:00Z,20063.0,,0.0,
0-20000-0-11519,RGLB_D,SUM,1999-08-24T00:00Z,21748.0,,0.0,
0-20000-0-11519,RGLB_D,SUM,1999-08-25T00:00Z,21643.0,,0.0,
0-20000-0-11519,RGLB_D,SUM,1999-08-26T00:00Z,17237.0,,0.0,
0-20000-0-11519,RGLB_D,SUM,1999-08-27T00:00Z,15484.0,,0.0,
0-20000-0-11519,RGLB_D,SUM,1999-08-28T00:00Z,8420.0,,0.0,
0-20000-0-11519,RGLB_D,SUM,1999-08-29T00:00Z,2696.0,,0.0,
0-20000-0-11519,RGLB_D,SUM,1999-08-30T00:00Z,17870.0,,0.0,
0-20000-0-11519,RGLB_D,SUM,1999-08-31T00:00Z,9900.0,,0.0,
0-20000-0-11519,RGLB_D,SUM,1999-09-01T00:00Z,13212.0,,0.0,
0-20000-0-11519,RGLB_D,SUM,1999-09-02T00:00Z,2768.0,,0.0,
0-20000-0-11519,RGLB_D,SUM,1999-09-03T00:00Z,14522.0,,0.0,
0-20000-0-11519,RGLB_D,SUM,1999-09-04T00:00Z,16265.0,,0.0,
0-20000-0-11519,RGLB_D,SUM,1999-09-05T00:00Z,17417.0,,0.0,
0-20000-0-11519,RGLB_D,SUM,1999-09-06T00:00Z,14670.0,,0.0,
0-20000-0-11519,RGLB_D,SUM,1999-09-07T00:00Z,12643.0,,0.0,
0-20000-0-11519,RGLB_D,SUM,1999-09-08T00:00Z,16200.0,,0.0,
0-20000-0-11519,RGLB_D,SUM,1999-09-09T00:00Z,16560.0,,0.0,
0-20000-0-11519,RGLB_D,SUM,1999-09-10T00:00Z,16891.0,,0.0,
0-20000-0-11519,RGLB_D,SUM,1999-09-11T00:00Z,17903.0,,0.0,
0-20000-0-11519,RGLB_D,SUM,1999-09-12T00:00Z,17618.0,,0.0,
0-20000-0-11519,RGLB_D,SUM,1999-09-13T00:00Z,17118.0,,0.0,
0-20000-0-11519,RGLB_D,SUM,1999-09-14T00:00Z,16744.0,,0.0,
0-20000-0-11519,RGLB_D,SUM,1999-09-15T00:00Z,16348.0,,0.0,
0-20000-0-11519,RGLB_D,SUM,1999-09-16T00:00Z,11776.0,,0.0,
0-20000-0-11519,RGLB_D,SUM,1999-09-17T00:00Z,11455.0,,0.0,
0-20000-0-11519,RGLB_D,SUM,1999-09-18T00:00Z,12575.0,,0.0,
0-20000-0-11519,RGLB_D,SUM,1999-09-19T00:00Z,9576.0,,0.0,
0-20000-0-11519,RGLB_D,SUM,1999-09-20T00:00Z,12326.0,,0.0,
0-20000-0-11519,RGLB_D,SUM,1999-09-21T00:00Z,2426.0,,0.0,
0-20000-0-11519,RGLB_D,SUM,1999-09-22T00:00Z,13169.0,,0.0,
0-20000-0-11519,RGLB_D,SUM,1999-09-23T00:00Z,8258.0,,0.0,
0-20000-0-11519,RGLB_D,SUM,1999-09-24T00:00Z,11959.0,,0.0,
0-20000-0-11519,RGLB_D,SUM,1999-09-25T00:00Z,4694.0,,0.0,
0-20000-0-11519,RGLB_D,SUM,1999-09-26T00:00Z,3330.0,,0.0,
0-20000-0-11519,RGLB_D,SUM,1999-09-27T00:00Z,13950.0,,0.0,
0-20000-0-11519,RGLB_D,SUM,1999-09-28T00:00Z,3928.0,,0.0,
0-20000-0-11519,RGLB_D,SUM,1999-09-29T00:00Z,7632.0,,0.0,
0-20000-0-11519,RGLB_D,SUM,1999-09-30T00:00Z,2855.0,,0.0,
0-20000-0-11519,RGLB_D,SUM,1999-10-01T00:00Z,8431.0,,0.0,
0-20000-0-11519,RGLB_D,SUM,1999-10-02T00:00Z,10249.0,,0.0,
0-20000-0-11519,RGLB_D,SUM,1999-10-03T00:00Z,3452.0,,0.0,
0-20000-0-11519,RGLB_D,SUM,1999-10-04T00:00Z,8874.0,,0.0,
0-20000-0-11519,RGLB_D,SUM,1999-10-05T00:00Z,5249.0,,0.0,
0-20000-0-11519,RGLB_D,SUM,1999-10-06T00:00Z,6750.0,,0.0,
0-20000-0-11519,RGLB_D,SUM,1999-10-07T00:00Z,6055.0,,0.0,
0-20000-0-11519,RGLB_D,SUM,1999-10-08T00:00Z,5933.0,,0.0,
0-20000-0-11519,RGLB_D,SUM,1999-10-09T00:00Z,3978.0,,0.0,
0-20000-0-11519,RGLB_D,SUM,1999-10-10T00:00Z,1476.0,,0.0,
0-20000-0-11519,RGLB_D,SUM,1999-10-11T00:00Z,4828.0,,0.0,
0-20000-0-11519,RGLB_D,SUM,1999-10-12T00:00Z,9698.0,,0.0,
0-20000-0-11519,RGLB_D,SUM,1999-10-13T00:00Z,8885.0,,0.0,
0-20000-0-11519,RGLB_D,SUM,1999-10-14T00:00Z,5692.0,,0.0,
0-20000-0-11519,RGLB_D,SUM,1999-10-15T00:00Z,9220.0,,0.0,
0-20000-0-11519,RGLB_D,SUM,1999-10-16T00:00Z,7042.0,,0.0,
0-20000-0-11519,RGLB_D,SUM,1999-10-17T00:00Z,3049.0,,0.0,
0-20000-0-11519,RGLB_D,SUM,1999-10-18T00:00Z,10051.0,,0.0,
0-20000-0-11519,RGLB_D,SUM,1999-10-19T00:00Z,9511.0,,0.0,
0-20000-0-11519,RGLB_D,SUM,1999-10-20T00:00Z,10004.0,,0.0,
0-20000-0-11519,RGLB_D,SUM,1999-10-21T00:00Z,968.0,,0.0,
0-20000-0-11519,RGLB_D,SUM,1999-10-22T00:00Z,1692.0,,0.0,
0-20000-0-11519,RGLB_D,SUM,1999-10-23T00:00Z,2084.0,,0.0,
0-20000-0-11519,RGLB_D,SUM,1999-10-24T00:00Z,3632.0,,0.0,
0-20000-0-11519,RGLB_D,SUM,1999-10-25T00:00Z,2250.0,,0.0,
0-20000-0-11519,RGLB_D,SUM,1999-10-26T00:00Z,9029.0,,0.0,
0-20000-0-11519,RGLB_D,SUM,1999-10-27T00:00Z,5958.0,,0.0,
0-20000-0-11519,RGLB_D,SUM,1999-10-28T00:00Z,8766.0,,0.0,
0-20000-0-11519,RGLB_D,SUM,1999-10-29T00:00Z,6062.0,,0.0,
0-20000-0-11519,RGLB_D,SUM,1999-10-30T00:00Z,6325.0,,0.0,
0-20000-0-11519,RGLB_D,SUM,1999-10-31T00:00Z,4738.0,,0.0,
0-20000-0-11519,RGLB_D,SUM,1999-11-01T00:00Z,7801.0,,0.0,
0-20000-0-11519,RGLB_D,SUM,1999-11-02T00:00Z,4550.0,,0.0,
0-20000-0-11519,RGLB_D,SUM,1999-11-03T00:00Z,1627.0,,0.0,
0-20000-0-11519,RGLB_D,SUM,1999-11-04T00:00Z,3848.0,,0.0,
0-20000-0-11519,RGLB_D,SUM,1999-11-05T00:00Z,1598.0,,0.0,
0-20000-0-11519,RGLB_D,SUM,1999-11-06T00:00Z,2657.0,,0.0,
0-20000-0-11519,RGLB_D,SUM,1999-11-07T00:00Z,2491.0,,0.0,
0-20000-0-11519,RGLB_D,SUM,1999-11-08T00:00Z,2401.0,,0.0,
0-20000-0-11519,RGLB_D,SUM,1999-11-09T00:00Z,918.0,,0.0,
0-20000-0-11519,RGLB_D,SUM,1999-11-10T00:00Z,734.0,,0.0,
0-20000-0-11519,RGLB_D,SUM,1999-11-11T00:00Z,1210.0,,0.0,
0-20000-0-11519,RGLB_D,SUM,1999-11-12T00:00Z,2801.0,,0.0,
0-20000-0-11519,RGLB_D,SUM,1999-11-13T00:00Z,306.0,,0.0,
0-20000-0-11519,RGLB_D,SUM,1999-11-14T00:00Z,1091.0,,0.0,
0-20000-0-11519,RGLB_D,SUM,1999-11-15T00:00Z,4792.0,,0.0,
0-20000-0-11519,RGLB_D,SUM,1999-11-16T00:00Z,5940.0,,0.0,
0-20000-0-11519,RGLB_D,SUM,1999-11-17T00:00Z,3924.0,,0.0,
0-20000-0-11519,RGLB_D,SUM,1999-11-18T00:00Z,3575.0,,0.0,
0-20000-0-11519,RGLB_D,SUM,1999-11-19T00:00Z,3283.0,,0.0,
0-20000-0-11519,RGLB_D,SUM,1999-11-20T00:00Z,1699.0,,0.0,
0-20000-0-11519,RGLB_D,SUM,1999-11-21T00:00Z,3434.0,,0.0,
0-20000-0-11519,RGLB_D,SUM,1999-11-22T00:00Z,4039.0,,0.0,
0-20000-0-11519,RGLB_D,SUM,1999-11-23T00:00Z,2437.0,,0.0,
0-20000-0-11519,RGLB_D,SUM,1999-11-24T00:00Z,2981.0,,0.0,
0-20000-0-11519,RGLB_D,SUM,1999-11-25T00:00Z,1559.0,,0.0,
0-20000-0-11519,RGLB_D,SUM,1999-11-26T00:00Z,2826.0,,0.0,
0-20000-0-11519,RGLB_D,SUM,1999-11-27T00:00Z,4061.0,,0.0,
0-20000-0-11519,RGLB_D,SUM,1999-11-28T00:00Z,2855.0,,0.0,
0-20000-0-11519,RGLB_D,SUM,1999-11-29T00:00Z,3078.0,,0.0,
0-20000-0-11519,RGLB_D,SUM,1999-11-30T00:00Z,3762.0,,0.0,
0-20000-0-11519,RGLB_D,SUM,1999-12-01T00:00Z,1274.0,,0.0,
0-20000-0-11519,RGLB_D,SUM,1999-12-02T00:00Z,1523.0,,0.0,
0-20000-0-11519,RGLB_D,SUM,1999-12-03T00:00Z,1170.0,,0.0,
0-20000-0-11519,RGLB_D,SUM,1999-12-04T00:00Z,1681.0,,0.0,
0-20000-0-11519,RGLB_D,SUM,1999-12-05T00:00Z,3082.0,,0.0,
0-20000-0-11519,RGLB_D,SUM,1999-12-06T00:00Z,3186.0,,0.0,
0-20000-0-11519,RGLB_D,SUM,1999-12-07T00:00Z,1634.0,,0.0,
0-20000-0-11519,RGLB_D,SUM,1999-12-08T00:00Z,3863.0,,0.0,
0-20000-0-11519,RGLB_D,SUM,1999-12-09T00:00Z,3049.0,,0.0,
0-20000-0-11519,RGLB_D,SUM,1999-12-10T00:00Z,2423.0,,0.0,
0-20000-0-11519,RGLB_D,SUM,1999-12-11T00:00Z,3942.0,,0.0,
0-20000-0-11519,RGLB_D,SUM,1999-12-12T00:00Z,1210.0,,0.0,
0-20000-0-11519,RGLB_D,SUM,1999-12-13T00:00Z,2984.0,,0.0,
0-20000-0-11519,RGLB_D,SUM,1999-12-14T00:00Z,1206.0,,0.0,
0-20000-0-11519,RGLB_D,SUM,1999-12-15T00:00Z,1422.0,,0.0,
0-20000-0-11519,RGLB_D,SUM,1999-12-16T00:00Z,1991.0,,0.0,
0-20000-0-11519,RGLB_D,SUM,1999-12-17T00:00Z,4000.0,,0.0,
0-20000-0-11519,RGLB_D,SUM,1999-12-18T00:00Z,691.0,,0.0,
0-20000-0-11519,RGLB_D,SUM,1999-12-19T00:00Z,2624.0,,0.0,
0-20000-0-11519,RGLB_D,SUM,1999-12-20T00:00Z,2203.0,,0.0,
0-20000-0-11519,RGLB_D,SUM,1999-12-21T00:00Z,2113.0,,0.0,
0-20000-0-11519,RGLB_D,SUM,1999-12-22T00:00Z,2545.0,,0.0,
0-20000-0-11519,RGLB_D,SUM,1999-12-23T00:00Z,3751.0,,0.0,
0-20000-0-11519,RGLB_D,SUM,1999-12-24T00:00Z,1321.0,,0.0,
0-20000-0-11519,RGLB_D,SUM,1999-12-25T00:00Z,1224.0,,0.0,
0-20000-0-11519,RGLB_D,SUM,1999-12-26T00:00Z,943.0,,0.0,
0-20000-0-11519,RGLB_D,SUM,1999-12-27T00:00Z,1019.0,,0.0,
0-20000-0-11519,RGLB_D,SUM,1999-12-28T00:00Z,580.0,,0.0,
0-20000-0-11519,RGLB_D,SUM,1999-12-29T00:00Z,1732.0,,0.0,
0-20000-0-11519,RGLB_D,SUM,1999-12-30T00:00Z,3211.0,,0.0,
0-20000-0-11519,RGLB_D,SUM,1999-12-31T00:00Z,1307.0,,0.0,
0-20000-0-11519,RGLB_D,SUM,2000-01-01T00:00Z,1177.0,,0.0,
0-20000-0-11519,RGLB_D,SUM,2000-01-02T00:00Z,1901.0,,0.0,
0-20000-0-11519,RGLB_D,SUM,2000-01-03T00:00Z,2347.0,,0.0,
0-20000-0-11519,RGLB_D,SUM,2000-01-04T00:00Z,2005.0,,0.0,
0-20000-0-11519,RGLB_D,SUM,2000-01-05T00:00Z,4277.0,,0.0,
0-20000-0-11519,RGLB_D,SUM,2000-01-06T00:00Z,4352.0,,0.0,
0-20000-0-11519,RGLB_D,SUM,2000-01-07T00:00Z,1202.0,,0.0,
0-20000-0-11519,RGLB_D,SUM,2000-01-08T00:00Z,1829.0,,0.0,
0-20000-0-11519,RGLB_D,SUM,2000-01-09T00:00Z,1627.0,,0.0,
0-20000-0-11519,RGLB_D,SUM,2000-01-10T00:00Z,1156.0,,0.0,
0-20000-0-11519,RGLB_D,SUM,2000-01-11T00:00Z,2480.0,,0.0,
0-20000-0-11519,RGLB_D,SUM,2000-01-12T00:00Z,5170.0,,0.0,
0-20000-0-11519,RGLB_D,SUM,2000-01-13T00:00Z,1256.0,,0.0,
0-20000-0-11519,RGLB_D,SUM,2000-01-14T00:00Z,1249.0,,0.0,
0-20000-0-11519,RGLB_D,SUM,2000-01-15T00:00Z,1566.0,,0.0,
0-20000-0-11519,RGLB_D,SUM,2000-01-16T00:00Z,4208.0,,0.0,
0-20000-0-11519,RGLB_D,SUM,2000-01-17T00:00Z,529.0,,0.0,
0-20000-0-11519,RGLB_D,SUM,2000-01-18T00:00Z,1562.0,,0.0,
0-20000-0-11519,RGLB_D,SUM,2000-01-19T00:00Z,2441.0,,0.0,
0-20000-0-11519,RGLB_D,SUM,2000-01-20T00:00Z,1516.0,,0.0,
0-20000-0-11519,RGLB_D,SUM,2000-01-21T00:00Z,2974.0,,0.0,
0-20000-0-11519,RGLB_D,SUM,2000-01-22T00:00Z,1807.0,,0.0,
0-20000-0-11519,RGLB_D,SUM,2000-01-23T00:00Z,1598.0,,0.0,
0-20000-0-11519,RGLB_D,SUM,2000-01-24T00:00Z,5605.0,,0.0,
0-20000-0-11519,RGLB_D,SUM,2000-01-25T00:00Z,6268.0,,0.0,
0-20000-0-11519,RGLB_D,SUM,2000-01-26T00:00Z,1811.0,,0.0,
0-20000-0-11519,RGLB_D,SUM,2000-01-27T00:00Z,2887.0,,0.0,
0-20000-0-11519,RGLB_D,SUM,2000-01-28T00:00Z,6250.0,,0.0,
0-20000-0-11519,RGLB_D,SUM,2000-01-29T00:00Z,1422.0,,0.0,
0-20000-0-11519,RGLB_D,SUM,2000-01-30T00:00Z,5936.0,,0.0,
0-20000-0-11519,RGLB_D,SUM,2000-01-31T00:00Z,1523.0,,0.0,
0-20000-0-11519,RGLB_D,SUM,2000-02-01T00:00Z,3956.0,,0.0,
0-20000-0-11519,RGLB_D,SUM,2000-02-02T00:00Z,4370.0,,0.0,
0-20000-0-11519,RGLB_D,SUM,2000-02-03T00:00Z,4169.0,,0.0,
0-20000-0-11519,RGLB_D,SUM,2000-02-04T00:00Z,4532.0,,0.0,
0-20000-0-11519,RGLB_D,SUM,2000-02-05T00:00Z,3575.0,,0.0,
0-20000-0-11519,RGLB_D,SUM,2000-02-06T00:00Z,5839.0,,0.0,
0-20000-0-11519,RGLB_D,SUM,2000-02-07T00:00Z,2743.0,,0.0,
0-20000-0-11519,RGLB_D,SUM,2000-02-08T00:00Z,3913.0,,0.0,
0-20000-0-11519,RGLB_D,SUM,2000-02-09T00:00Z,6880.0,,0.0,
0-20000-0-11519,RGLB_D,SUM,2000-02-10T00:00Z,4450.0,,0.0,
0-20000-0-11519,RGLB_D,SUM,2000-02-11T00:00Z,3071.0,,0.0,
0-20000-0-11519,RGLB_D,SUM,2000-02-12T00:00Z,4176.0,,0.0,
0-20000-0-11519,RGLB_D,SUM,2000-02-13T00:00Z,5591.0,,0.0,
0-20000-0-11519,RGLB_D,SUM,2000-02-14T00:00Z,6271.0,,0.0,
0-20000-0-11519,RGLB_D,SUM,2000-02-15T00:00Z,2981.0,,0.0,
0-20000-0-11519,RGLB_D,SUM,2000-02-16T00:00Z,4734.0,,0.0,
0-20000-0-11519,RGLB_D,SUM,2000-02-17T00:00Z,5238.0,,0.0,
0-20000-0-11519,RGLB_D,SUM,2000-02-18T00:00Z,6318.0,,0.0,
0-20000-0-11519,RGLB_D,SUM,2000-02-19T00:00Z,2664.0,,0.0,
0-20000-0-11519,RGLB_D,SUM,2000-02-20T00:00Z,2246.0,,0.0,
0-20000-0-11519,RGLB_D,SUM,2000-02-21T00:00Z,7981.0,,0.0,
0-20000-0-11519,RGLB_D,SUM,2000-02-22T00:00Z,4986.0,,0.0,
0-20000-0-11519,RGLB_D,SUM,2000-02-23T00:00Z,3298.0,,0.0,
0-20000-0-11519,RGLB_D,SUM,2000-02-24T00:00Z,4255.0,,0.0,
0-20000-0-11519,RGLB_D,SUM,2000-02-25T00:00Z,3658.0,,0.0,
0-20000-0-11519,RGLB_D,SUM,2000-02-26T00:00Z,4925.0,,0.0,
0-20000-0-11519,RGLB_D,SUM,2000-02-27T00:00Z,11578.0,,0.0,
0-20000-0-11519,RGLB_D,SUM,2000-02-28T00:00Z,11387.0,,0.0,
0-20000-0-11519,RGLB_D,SUM,2000-02-29T00:00Z,3200.0,,0.0,
0-20000-0-11519,RGLB_D,SUM,2000-03-01T00:00Z,7373.0,,0.0,
0-20000-0-11519,RGLB_D,SUM,2000-03-02T00:00Z,7790.0,,0.0,
0-20000-0-11519,RGLB_D,SUM,2000-03-03T00:00Z,2066.0,,0.0,
0-20000-0-11519,RGLB_D,SUM,2000-03-04T00:00Z,7402.0,,0.0,
0-20000-0-11519,RGLB_D,SUM,2000-03-05T00:00Z,8251.0,,0.0,
0-20000-0-11519,RGLB_D,SUM,2000-03-06T00:00Z,10757.0,,0.0,
0-20000-0-11519,RGLB_D,SUM,2000-03-07T00:00Z,7952.0,,0.0,
0-20000-0-11519,RGLB_D,SUM,2000-03-08T00:00Z,3200.0,,0.0,
0-20000-0-11519,RGLB_D,SUM,2000-03-09T00:00Z,4367.0,,0.0,
0-20000-0-11519,RGLB_D,SUM,2000-03-10T00:00Z,6059.0,,0.0,
0-20000-0-11519,RGLB_D,SUM,2000-03-11T00:00Z,6062.0,,0.0,
0-20000-0-11519,RGLB_D,SUM,2000-03-12T00:00Z,2599.0,,0.0,
0-20000-0-11519,RGLB_D,SUM,2000-03-13T00:00Z,5072.0,,0.0,
0-20000-0-11519,RGLB_D,SUM,2000-03-14T00:00Z,4111.0,,0.0,
0-20000-0-11519,RGLB_D,SUM,2000-03-15T00:00Z,8741.0,,0.0,
0-20000-0-11519,RGLB_D,SUM,2000-03-16T00:00Z,5796.0,,0.0,
0-20000-0-11519,RGLB_D,SUM,2000-03-17T00:00Z,5263.0,,0.0,
0-20000-0-11519,RGLB_D,SUM,2000-03-18T00:00Z,12197.0,,0.0,
0-20000-0-11519,RGLB_D,SUM,2000-03-19T00:00Z,6822.0,,0.0,
0-20000-0-11519,RGLB_D,SUM,2000-03-20T00:00Z,10940.0,,0.0,
0-20000-0-11519,RGLB_D,SUM,2000-03-21T00:00Z,11581.0,,0.0,
0-20000-0-11519,RGLB_D,SUM,2000-03-22T00:00Z,11653.0,,0.0,
0-20000-0-11519,RGLB_D,SUM,2000-03-23T00:00Z,14058.0,,0.0,
0-20000-0-11519,RGLB_D,SUM,2000-03-24T00:00Z,5980.0,,0.0,
0-20000-0-11519,RGLB_D,SUM,2000-03-25T00:00Z,5789.0,,0.0,
0-20000-0-11519,RGLB_D,SUM,2000-03-26T00:00Z,13651.0,,0.0,
0-20000-0-11519,RGLB_D,SUM,2000-03-27T00:00Z,2002.0,,0.0,
0-20000-0-11519,RGLB_D,SUM,2000-03-28T00:00Z,2282.0,,0.0,
0-20000-0-11519,RGLB_D,SUM,2000-03-29T00:00Z,6264.0,,0.0,
0-20000-0-11519,RGLB_D,SUM,2000-03-30T00:00Z,2664.0,,0.0,
0-20000-0-11519,RGLB_D,SUM,2000-03-31T00:00Z,5904.0,,0.0,
0-20000-0-11519,RGLB_D,SUM,2000-04-01T00:00Z,10681.0,,0.0,
0-20000-0-11519,RGLB_D,SUM,2000-04-02T00:00Z,17377.0,,0.0,
0-20000-0-11519,RGLB_D,SUM,2000-04-03T00:00Z,16607.0,,0.0,
0-20000-0-11519,RGLB_D,SUM,2000-04-04T00:00Z,12546.0,,0.0,
0-20000-0-11519,RGLB_D,SUM,2000-04-05T00:00Z,14458.0,,0.0,
0-20000-0-11519,RGLB_D,SUM,2000-04-06T00:00Z,18342.0,,0.0,
0-20000-0-11519,RGLB_D,SUM,2000-04-07T00:00Z,13068.0,,0.0,
0-20000-0-11519,RGLB_D,SUM,2000-04-08T00:00Z,14789.0,,0.0,
0-20000-0-11519,RGLB_D,SUM,2000-04-09T00:00Z,17338.0,,0.0,
0-20000-0-11519,RGLB_D,SUM,2000-04-10T00:00Z,11437.0,,0.0,
0-20000-0-11519,RGLB_D,SUM,2000-04-11T00:00Z,12895.0,,0.0,
0-20000-0-11519,RGLB_D,SUM,2000-04-12T00:00Z,5458.0,,0.0,
0-20000-0-11519,RGLB_D,SUM,2000-04-13T00:00Z,13356.0,,0.0,
0-20000-0-11519,RGLB_D,SUM,2000-04-14T00:00Z,10645.0,,0.0,
0-20000-0-11519,RGLB_D,SUM,2000-04-15T00:00Z,15019.0,,0.0,
0-20000-0-11519,RGLB_D,SUM,2000-04-16T00:00Z,22388.0,,0.0,
0-20000-0-11519,RGLB_D,SUM,2000-04-17T00:00Z,18018.0,,0.0,
0-20000-0-11519,RGLB_D,SUM,2000-04-18T00:00Z,10573.0,,0.0,
0-20000-0-11519,RGLB_D,SUM,2000-04-19T00:00Z,19246.0,,0.0,
0-20000-0-11519,RGLB_D,SUM,2000-04-20T00:00Z,19753.0,,0.0,
0-20000-0-11519,RGLB_D,SUM,2000-04-21T00:00Z,19296.0,,0.0,
0-20000-0-11519,RGLB_D,SUM,2000-04-22T00:00Z,20322.0,,0.0,
0-20000-0-11519,RGLB_D,SUM,2000-04-23T00:00Z,22342.0,,0.0,
0-20000-0-11519,RGLB_D,SUM,2000-04-24T00:00Z,17266.0,,0.0,
0-20000-0-11519,RGLB_D,SUM,2000-04-25T00:00Z,9558.0,,0.0,
0-20000-0-11519,RGLB_D,SUM,2000-04-26T00:00Z,20250.0,,0.0,
0-20000-0-11519,RGLB_D,SUM,2000-04-27T00:00Z,19429.0,,0.0,
0-20000-0-11519,RGLB_D,SUM,2000-04-28T00:00Z,17384.0,,0.0,
0-20000-0-11519,RGLB_D,SUM,2000-04-29T00:00Z,14249.0,,0.0,
0-20000-0-11519,RGLB_D,SUM,2000-04-30T00:00Z,16600.0,,0.0,
0-20000-0-11519,RGLB_D,SUM,2000-05-01T00:00Z,18947.0,,0.0,
0-20000-0-11519,RGLB_D,SUM,2000-05-02T00:00Z,22770.0,,0.0,
0-20000-0-11519,RGLB_D,SUM,2000-05-03T00:00Z,24876.0,,0.0,
0-20000-0-11519,RGLB_D,SUM,2000-05-04T00:00Z,22979.0,,0.0,
0-20000-0-11519,RGLB_D,SUM,2000-05-05T00:00Z,22270.0,,0.0,
0-20000-0-11519,RGLB_D,SUM,2000-05-06T00:00Z,25686.0,,0.0,
0-20000-0-11519,RGLB_D,SUM,2000-05-07T00:00Z,23504.0,,0.0,
0-20000-0-11519,RGLB_D,SUM,2000-05-08T00:00Z,15822.0,,0.0,
0-20000-0-11519,RGLB_D,SUM,2000-05-09T00:00Z,20837.0,,0.0,
0-20000-0-11519,RGLB_D,SUM,2000-05-10T00:00Z,22597.0,,0.0,
0-20000-0-11519,RGLB_D,SUM,2000-05-11T00:00Z,23371.0,,0.0,
0-20000-0-11519,RGLB_D,SUM,2000-05-12T00:00Z,24566.0,,0.0,
0-20000-0-11519,RGLB_D,SUM,2000-05-13T00:00Z,27551.0,,0.0,
0-20000-0-11519,RGLB_D,SUM,2000-05-14T00:00Z,27032.0,,0.0,
0-20000-0-11519,RGLB_D,SUM,2000-05-15T00:00Z,26672.0,,0.0,
0-20000-0-11519,RGLB_D,SUM,2000-05-16T00:00Z,26330.0,,0.0,
0-20000-0-11519,RGLB_D,SUM,2000-05-17T00:00Z,17791.0,,0.0,
0-20000-0-11519,RGLB_D,SUM,2000-05-18T00:00Z,8093.0,,0.0,
0-20000-0-11519,RGLB_D,SUM,2000-05-19T00:00Z,12755.0,,0.0,
0-20000-0-11519,RGLB_D,SUM,2000-05-20T00:00Z,16204.0,,0.0,
0-20000-0-11519,RGLB_D,SUM,2000-05-21T00:00Z,21197.0,,0.0,
0-20000-0-11519,RGLB_D,SUM,2000-05-22T00:00Z,8150.0,,0.0,
0-20000-0-11519,RGLB_D,SUM,2000-05-23T00:00Z,18230.0,,0.0,
0-20000-0-11519,RGLB_D,SUM,2000-05-24T00:00Z,23065.0,,0.0,
0-20000-0-11519,RGLB_D,SUM,2000-05-25T00:00Z,21877.0,,0.0,
0-20000-0-11519,RGLB_D,SUM,2000-05-26T00:00Z,24433.0,,0.0,
0-20000-0-11519,RGLB_D,SUM,2000-05-27T00:00Z,17849.0,,0.0,
0-20000-0-11519,RGLB_D,SUM,2000-05-28T00:00Z,16502.0,,0.0,
0-20000-0-11519,RGLB_D,SUM,2000-05-29T00:00Z,17600.0,,0.0,
0-20000-0-11519,RGLB_D,SUM,2000-05-30T00:00Z,23033.0,,0.0,
0-20000-0-11519,RGLB_D,SUM,2000-05-31T00:00Z,11812.0,,0.0,
0-20000-0-11519,RGLB_D,SUM,2000-06-01T00:00Z,25560.0,,0.0,
0-20000-0-11519,RGLB_D,SUM,2000-06-02T00:00Z,27706.0,,0.0,
0-20000-0-11519,RGLB_D,SUM,2000-06-03T00:00Z,26503.0,,0.0,
0-20000-0-11519,RGLB_D,SUM,2000-06-04T00:00Z,22097.0,,0.0,
0-20000-0-11519,RGLB_D,SUM,2000-06-05T00:00Z,24937.0,,0.0,
0-20000-0-11519,RGLB_D,SUM,2000-06-06T00:00Z,10667.0,,0.0,
0-20000-0-11519,RGLB_D,SUM,2000-06-07T00:00Z,14594.0,,0.0,
0-20000-0-11519,RGLB_D,SUM,2000-06-08T00:00Z,24109.0,,0.0,
0-20000-0-11519,RGLB_D,SUM,2000-06-09T00:00Z,28555.0,,0.0,
0-20000-0-11519,RGLB_D,SUM,2000-06-10T00:00Z,25931.0,,0.0,
0-20000-0-11519,RGLB_D,SUM,2000-06-11T00:00Z,24822.0,,0.0,
0-20000-0-11519,RGLB_D,SUM,2000-06-12T00:00Z,18598.0,,0.0,
0-20000-0-11519,RGLB_D,SUM,2000-06-13T00:00Z,26906.0,,0.0,
0-20000-0-11519,RGLB_D,SUM,2000-06-14T00:00Z,22356.0,,0.0,
0-20000-0-11519,RGLB_D,SUM,2000-06-15T00:00Z,14468.0,,0.0,
0-20000-0-11519,RGLB_D,SUM,2000-06-16T00:00Z,20412.0,,0.0,
0-20000-0-11519,RGLB_D,SUM,2000-06-17T00:00Z,27533.0,,0.0,
0-20000-0-11519,RGLB_D,SUM,2000-06-18T00:00Z,27180.0,,0.0,
0-20000-0-11519,RGLB_D,SUM,2000-06-19T00:00Z,28138.0,,0.0,
0-20000-0-11519,RGLB_D,SUM,2000-06-20T00:00Z,28278.0,,0.0,
0-20000-0-11519,RGLB_D,SUM,2000-06-21T00:00Z,25898.0,,0.0,
0-20000-0-11519,RGLB_D,SUM,2000-06-22T00:00Z,23479.0,,0.0,
0-20000-0-11519,RGLB_D,SUM,2000-06-23T00:00Z,5810.0,,0.0,
0-20000-0-11519,RGLB_D,SUM,2000-06-24T00:00Z,17708.0,,0.0,
0-20000-0-11519,RGLB_D,SUM,2000-06-25T00:00Z,13457.0,,0.0,
0-20000-0-11519,RGLB_D,SUM,2000-06-26T00:00Z,14674.0,,0.0,
0-20000-0-11519,RGLB_D,SUM,2000-06-27T00:00Z,18493.0,,0.0,
0-20000-0-11519,RGLB_D,SUM,2000-06-28T00:00Z,23994.0,,0.0,
0-20000-0-11519,RGLB_D,SUM,2000-06-29T00:00Z,12996.0,,0.0,
0-20000-0-11519,RGLB_D,SUM,2000-06-30T00:00Z,22475.0,,0.0,
0-20000-0-11519,RGLB_D,SUM,2000-07-01T00:00Z,18310.0,,0.0,
0-20000-0-11519,RGLB_D,SUM,2000-07-02T00:00Z,12427.0,,0.0,
0-20000-0-11519,RGLB_D,SUM,2000-07-03T00:00Z,18320.0,,0.0,
0-20000-0-11519,RGLB_D,SUM,2000-07-04T00:00Z,15624.0,,0.0,
0-20000-0-11519,RGLB_D,SUM,2000-07-05T00:00Z,21769.0,,0.0,
0-20000-0-11519,RGLB_D,SUM,2000-07-06T00:00Z,13914.0,,0.0,
0-20000-0-11519,RGLB_D,SUM,2000-07-07T00:00Z,9306.0,,0.0,
0-20000-0-11519,RGLB_D,SUM,2000-07-08T00:00Z,3535.0,,0.0,
0-20000-0-11519,RGLB_D,SUM,2000-07-09T00:00Z,16160.0,,0.0,
0-20000-0-11519,RGLB_D,SUM,2000-07-10T00:00Z,12614.0,,0.0,
0-20000-0-11519,RGLB_D,SUM,2000-07-11T00:00Z,7470.0,,0.0,
0-20000-0-11519,RGLB_D,SUM,2000-07-12T00:00Z,7960.0,,0.0,
0-20000-0-11519,RGLB_D,SUM,2000-07-13T00:00Z,20484.0,,0.0,
0-20000-0-11519,RGLB_D,SUM,2000-07-14T00:00Z,7603.0,,0.0,
0-20000-0-11519,RGLB_D,SUM,2000-07-15T00:00Z,11912.0,,0.0,
0-20000-0-11519,RGLB_D,SUM,2000-07-16T00:00Z,12629.0,,0.0,
0-20000-0-11519,RGLB_D,SUM,2000-07-17T00:00Z,9569.0,,0.0,
0-20000-0-11519,RGLB_D,SUM,2000-07-18T00:00Z,10098.0,,0.0,
0-20000-0-11519,RGLB_D,SUM,2000-07-19T00:00Z,16290.0,,0.0,
0-20000-0-11519,RGLB_D,SUM,2000-07-20T00:00Z,11084.0,,0.0,
0-20000-0-11519,RGLB_D,SUM,2000-07-21T00:00Z,5717.0,,0.0,
0-20000-0-11519,RGLB_D,SUM,2000-07-22T00:00Z,14094.0,,0.0,
0-20000-0-11519,RGLB_D,SUM,2000-07-23T00:00Z,23040.0,,0.0,
0-20000-0-11519,RGLB_D,SUM,2000-07-24T00:00Z,12053.0,,0.0,
0-20000-0-11519,RGLB_D,SUM,2000-07-25T00:00Z,17413.0,,0.0,
0-20000-0-11519,RGLB_D,SUM,2000-07-26T00:00Z,9785.0,,0.0,
0-20000-0-11519,RGLB_D,SUM,2000-07-27T00:00Z,13165.0,,0.0,
0-20000-0-11519,RGLB_D,SUM,2000-07-28T00:00Z,9378.0,,0.0,
0-20000-0-11519,RGLB_D,SUM,2000-07-29T00:00Z,10854.0,,0.0,
0-20000-0-11519,RGLB_D,SUM,2000-07-30T00:00Z,11002.0,,0.0,
0-20000-0-11519,RGLB_D,SUM,2000-07-31T00:00Z,15232.0,,0.0,
0-20000-0-11519,RGLB_D,SUM,2000-08-01T00:00Z,22874.0,,0.0,
0-20000-0-11519,RGLB_D,SUM,2000-08-02T00:00Z,20664.0,,0.0,
0-20000-0-11519,RGLB_D,SUM,2000-08-03T00:00Z,18256.0,,0.0,
0-20000-0-11519,RGLB_D,SUM,2000-08-04T00:00Z,16081.0,,0.0,
0-20000-0-11519,RGLB_D,SUM,2000-08-05T00:00Z,11682.0,,0.0,
0-20000-0-11519,RGLB_D,SUM,2000-08-06T00:00Z,6509.0,,0.0,
0-20000-0-11519,RGLB_D,SUM,2000-08-07T00:00Z,11498.0,,0.0,
0-20000-0-11519,RGLB_D,SUM,2000-08-08T00:00Z,9770.0,,0.0,
0-20000-0-11519,RGLB_D,SUM,2000-08-09T00:00Z,13784.0,,0.0,
0-20000-0-11519,RGLB_D,SUM,2000-08-10T00:00Z,17683.0,,0.0,
0-20000-0-11519,RGLB_D,SUM,2000-08-11T00:00Z,18356.0,,0.0,
0-20000-0-11519,RGLB_D,SUM,2000-08-12T00:00Z,22525.0,,0.0,
0-20000-0-11519,RGLB_D,SUM,2000-08-13T00:00Z,22896.0,,0.0,
0-20000-0-11519,RGLB_D,SUM,2000-08-14T00:00Z,21884.0,,0.0,
0-20000-0-11519,RGLB_D,SUM,2000-08-15T00:00Z,18497.0,,0.0,
0-20000-0-11519,RGLB_D,SUM,2000-08-16T00:00Z,18425.0,,0.0,
0-20000-0-11519,RGLB_D,SUM,2000-08-17T00:00Z,21125.0,,0.0,
0-20000-0-11519,RGLB_D,SUM,2000-08-18T00:00Z,14836.0,,0.0,
0-20000-0-11519,RGLB_D,SUM,2000-08-19T00:00Z,20668.0,,0.0,
0-20000-0-11519,RGLB_D,SUM,2000-08-20T00:00Z,20758.0,,0.0,
0-20000-0-11519,RGLB_D,SUM,2000-08-21T00:00Z,18648.0,,0.0,
0-20000-0-11519,RGLB_D,SUM,2000-08-22T00:00Z,15826.0,,0.0,
0-20000-0-11519,RGLB_D,SUM,2000-08-23T00:00Z,21179.0,,0.0,
0-20000-0-11519,RGLB_D,SUM,2000-08-24T00:00Z,18090.0,,0.0,
0-20000-0-11519,RGLB_D,SUM,2000-08-25T00:00Z,14422.0,,0.0,
0-20000-0-11519,RGLB_D,SUM,2000-08-26T00:00Z,22352.0,,0.0,
0-20000-0-11519,RGLB_D,SUM,2000-08-27T00:00Z,21766.0,,0.0,
0-20000-0-11519,RGLB_D,SUM,2000-08-28T00:00Z,11081.0,,0.0,
0-20000-0-11519,RGLB_D,SUM,2000-08-29T00:00Z,18104.0,,0.0,
0-20000-0-11519,RGLB_D,SUM,2000-08-30T00:00Z,18209.0,,0.0,
0-20000-0-11519,RGLB_D,SUM,2000-08-31T00:00Z,16312.0,,0.0,
0-20000-0-11519,RGLB_D,SUM,2000-09-01T00:00Z,14274.0,,0.0,
0-20000-0-11519,RGLB_D,SUM,2000-09-02T00:00Z,16178.0,,0.0,
0-20000-0-11519,RGLB_D,SUM,2000-09-03T00:00Z,7650.0,,0.0,
0-20000-0-11519,RGLB_D,SUM,2000-09-04T00:00Z,11959.0,,0.0,
0-20000-0-11519,RGLB_D,SUM,2000-09-05T00:00Z,7070.0,,0.0,
0-20000-0-11519,RGLB_D,SUM,2000-09-06T00:00Z,11790.0,,0.0,
0-20000-0-11519,RGLB_D,SUM,2000-09-07T00:00Z,8694.0,,0.0,
0-20000-0-11519,RGLB_D,SUM,2000-09-08T00:00Z,13896.0,,0.0,
0-20000-0-11519,RGLB_D,SUM,2000-09-09T00:00Z,18310.0,,0.0,
0-20000-0-11519,RGLB_D,SUM,2000-09-10T00:00Z,17831.0,,0.0,
0-20000-0-11519,RGLB_D,SUM,2000-09-11T00:00Z,9148.0,,0.0,
0-20000-0-11519,RGLB_D,SUM,2000-09-12T00:00Z,16063.0,,0.0,
0-20000-0-11519,RGLB_D,SUM,2000-09-13T00:00Z,11909.0,,0.0,
0-20000-0-11519,RGLB_D,SUM,2000-09-14T00:00Z,11016.0,,0.0,
0-20000-0-11519,RGLB_D,SUM,2000-09-15T00:00Z,10134.0,,0.0,
0-20000-0-11519,RGLB_D,SUM,2000-09-16T00:00Z,6512.0,,0.0,
0-20000-0-11519,RGLB_D,SUM,2000-09-17T00:00Z,6383.0,,0.0,
0-20000-0-11519,RGLB_D,SUM,2000-09-18T00:00Z,7686.0,,0.0,
0-20000-0-11519,RGLB_D,SUM,2000-09-19T00:00Z,6937.0,,0.0,
0-20000-0-11519,RGLB_D,SUM,2000-09-20T00:00Z,10850.0,,0.0,
0-20000-0-11519,RGLB_D,SUM,2000-09-21T00:00Z,1112.0,,0.0,
0-20000-0-11519,RGLB_D,SUM,2000-09-22T00:00Z,3917.0,,0.0,
0-20000-0-11519,RGLB_D,SUM,2000-09-23T00:00Z,15062.0,,0.0,
0-20000-0-11519,RGLB_D,SUM,2000-09-24T00:00Z,12640.0,,0.0,
0-20000-0-11519,RGLB_D,SUM,2000-09-25T00:00Z,8622.0,,0.0,
0-20000-0-11519,RGLB_D,SUM,2000-09-26T00:00Z,9781.0,,0.0,
0-20000-0-11519,RGLB_D,SUM,2000-09-27T00:00Z,8726.0,,0.0,
0-20000-0-11519,RGLB_D,SUM,2000-09-28T00:00Z,10210.0,,0.0,
0-20000-0-11519,RGLB_D,SUM,2000-09-29T00:00Z,12409.0,,0.0,
0-20000-0-11519,RGLB_D,SUM,2000-09-30T00:00Z,12881.0,,0.0,
0-20000-0-11519,RGLB_D,SUM,2000-10-01T00:00Z,9508.0,,0.0,
0-20000-0-11519,RGLB_D,SUM,2000-10-02T00:00Z,5569.0,,0.0,
0-20000-0-11519,RGLB_D,SUM,2000-10-03T00:00Z,3366.0,,0.0,
0-20000-0-11519,RGLB_D,SUM,2000-10-04T00:00Z,2660.0,,0.0,
0-20000-0-11519,RGLB_D,SUM,2000-10-05T00:00Z,5828.0,,0.0,
0-20000-0-11519,RGLB_D,SUM,2000-10-06T00:00Z,1282.0,,0.0,
0-20000-0-11519,RGLB_D,SUM,2000-10-07T00:00Z,522.0,,0.0,
0-20000-0-11519,RGLB_D,SUM,2000-10-08T00:00Z,1940.0,,0.0,
0-20000-0-11519,RGLB_D,SUM,2000-10-09T00:00Z,3096.0,,0.0,
0-20000-0-11519,RGLB_D,SUM,2000-10-10T00:00Z,4349.0,,0.0,
0-20000-0-11519,RGLB_D,SUM,2000-10-11T00:00Z,7088.0,,0.0,
0-20000-0-11519,RGLB_D,SUM,2000-10-12T00:00Z,7733.0,,0.0,
0-20000-0-11519,RGLB_D,SUM,2000-10-13T00:00Z,5209.0,,0.0,
0-20000-0-11519,RGLB_D,SUM,2000-10-14T00:00Z,9151.0,,0.0,
0-20000-0-11519,RGLB_D,SUM,2000-10-15T00:00Z,11102.0,,0.0,
0-20000-0-11519,RGLB_D,SUM,2000-10-16T00:00Z,6412.0,,0.0,
0-20000-0-11519,RGLB_D,SUM,2000-10-17T00:00Z,7013.0,,0.0,
0-20000-0-11519,RGLB_D,SUM,2000-10-18T00:00Z,1847.0,,0.0,
0-20000-0-11519,RGLB_D,SUM,2000-10-19T00:00Z,2081.0,,0.0,
0-20000-0-11519,RGLB_D,SUM,2000-10-20T00:00Z,3445.0,,0.0,
0-20000-0-11519,RGLB_D,SUM,2000-10-21T00:00Z,9439.0,,0.0,
0-20000-0-11519,RGLB_D,SUM,2000-10-22T00:00Z,9288.0,,0.0,
0-20000-0-11519,RGLB_D,SUM,2000-10-23T00:00Z,7060.0,,0.0,
0-20000-0-11519,RGLB_D,SUM,2000-10-24T00:00Z,5630.0,,0.0,
0-20000-0-11519,RGLB_D,SUM,2000-10-25T00:00Z,5144.0,,0.0,
0-20000-0-11519,RGLB_D,SUM,2000-10-26T00:00Z,2495.0,,0.0,
0-20000-0-11519,RGLB_D,SUM,2000-10-27T00:00Z,6084.0,,0.0,
0-20000-0-11519,RGLB_D,SUM,2000-10-28T00:00Z,3798.0,,0.0,
0-20000-0-11519,RGLB_D,SUM,2000-10-29T00:00Z,5404.0,,0.0,
0-20000-0-11519,RGLB_D,SUM,2000-10-30T00:00Z,4450.0,,0.0,
0-20000-0-11519,RGLB_D,SUM,2000-10-31T00:00Z,2653.0,,0.0,
0-20000-0-11519,RGLB_D,SUM,2000-11-01T00:00Z,5512.0,,0.0,
0-20000-0-11519,RGLB_D,SUM,2000-11-02T00:00Z,6224.0,,0.0,
0-20000-0-11519,RGLB_D,SUM,2000-11-03T00:00Z,5587.0,,0.0,
0-20000-0-11519,RGLB_D,SUM,2000-11-04T00:00Z,2405.0,,0.0,
0-20000-0-11519,RGLB_D,SUM,2000-11-05T00:00Z,3265.0,,0.0,
0-20000-0-11519,RGLB_D,SUM,2000-11-06T00:00Z,4248.0,,0.0,
0-20000-0-11519,RGLB_D,SUM,2000-11-07T00:00Z,3899.0,,0.0,
0-20000-0-11519,RGLB_D,SUM,2000-11-08T00:00Z,4939.0,,0.0,
0-20000-0-11519,RGLB_D,SUM,2000-11-09T00:00Z,4817.0,,0.0,
0-20000-0-11519,RGLB_D,SUM,2000-11-10T00:00Z,5594.0,,0.0,
0-20000-0-11519,RGLB_D,SUM,2000-11-11T00:00Z,6268.0,,0.0,
0-20000-0-11519,RGLB_D,SUM,2000-11-12T00:00Z,4126.0,,0.0,
0-20000-0-11519,RGLB_D,SUM,2000-11-13T00:00Z,4360.0,,0.0,
0-20000-0-11519,RGLB_D,SUM,2000-11-14T00:00Z,1188.0,,0.0,
0-20000-0-11519,RGLB_D,SUM,2000-11-15T00:00Z,3812.0,,0.0,
0-20000-0-11519,RGLB_D,SUM,2000-11-16T00:00Z,4486.0,,0.0,
0-20000-0-11519,RGLB_D,SUM,2000-11-17T00:00Z,716.0,,0.0,
0-20000-0-11519,RGLB_D,SUM,2000-11-18T00:00Z,2599.0,,0.0,
0-20000-0-11519,RGLB_D,SUM,2000-11-19T00:00Z,5720.0,,0.0,
0-20000-0-11519,RGLB_D,SUM,2000-11-20T00:00Z,2228.0,,0.0,
0-20000-0-11519,RGLB_D,SUM,2000-11-21T00:00Z,1220.0,,0.0,
0-20000-0-11519,RGLB_D,SUM,2000-11-22T00:00Z,3280.0,,0.0,
0-20000-0-11519,RGLB_D,SUM,2000-11-23T00:00Z,1303.0,,0.0,
0-20000-0-11519,RGLB_D,SUM,2000-11-24T00:00Z,1602.0,,0.0,
0-20000-0-11519,RGLB_D,SUM,2000-11-25T00:00Z,382.0,,0.0,
0-20000-0-11519,RGLB_D,SUM,2000-11-26T00:00Z,1152.0,,0.0,
0-20000-0-11519,RGLB_D,SUM,2000-11-27T00:00Z,3276.0,,0.0,
0-20000-0-11519,RGLB_D,SUM,2000-11-28T00:00Z,1703.0,,0.0,
0-20000-0-11519,RGLB_D,SUM,2000-11-29T00:00Z,1246.0,,0.0,
0-20000-0-11519,RGLB_D,SUM,2000-11-30T00:00Z,979.0,,0.0,
0-20000-0-11519,RGLB_D,SUM,2000-12-01T00:00Z,511.0,,0.0,
0-20000-0-11519,RGLB_D,SUM,2000-12-02T00:00Z,1156.0,,0.0,
0-20000-0-11519,RGLB_D,SUM,2000-12-03T00:00Z,544.0,,0.0,
0-20000-0-11519,RGLB_D,SUM,2000-12-04T00:00Z,1141.0,,0.0,
0-20000-0-11519,RGLB_D,SUM,2000-12-05T00:00Z,972.0,,0.0,
0-20000-0-11519,RGLB_D,SUM,2000-12-06T00:00Z,324.0,,0.0,
0-20000-0-11519,RGLB_D,SUM,2000-12-07T00:00Z,727.0,,0.0,
0-20000-0-11519,RGLB_D,SUM,2000-12-08T00:00Z,1195.0,,0.0,
0-20000-0-11519,RGLB_D,SUM,2000-12-09T00:00Z,1501.0,,0.0,
0-20000-0-11519,RGLB_D,SUM,2000-12-10T00:00Z,1886.0,,0.0,
0-20000-0-11519,RGLB_D,SUM,2000-12-11T00:00Z,1372.0,,0.0,
0-20000-0-11519,RGLB_D,SUM,2000-12-12T00:00Z,1840.0,,0.0,
0-20000-0-11519,RGLB_D,SUM,2000-12-13T00:00Z,2315.0,,0.0,
0-20000-0-11519,RGLB_D,SUM,2000-12-14T00:00Z,1159.0,,0.0,
0-20000-0-11519,RGLB_D,SUM,2000-12-15T00:00Z,2009.0,,0.0,
0-20000-0-11519,RGLB_D,SUM,2000-12-16T00:00Z,1652.0,,0.0,
0-20000-0-11519,RGLB_D,SUM,2000-12-17T00:00Z,2833.0,,0.0,
0-20000-0-11519,RGLB_D,SUM,2000-12-18T00:00Z,3488.0,,0.0,
0-20000-0-11519,RGLB_D,SUM,2000-12-19T00:00Z,1472.0,,0.0,
0-20000-0-11519,RGLB_D,SUM,2000-12-20T00:00Z,3136.0,,0.0,
0-20000-0-11519,RGLB_D,SUM,2000-12-21T00:00Z,752.0,,0.0,
0-20000-0-11519,RGLB_D,SUM,2000-12-22T00:00Z,2056.0,,0.0,
0-20000-0-11519,RGLB_D,SUM,2000-12-23T00:00Z,4176.0,,0.0,
0-20000-0-11519,RGLB_D,SUM,2000-12-24T00:00Z,4313.0,,0.0,
0-20000-0-11519,RGLB_D,SUM,2000-12-25T00:00Z,1494.0,,0.0,
0-20000-0-11519,RGLB_D,SUM,2000-12-26T00:00Z,1426.0,,0.0,
0-20000-0-11519,RGLB_D,SUM,2000-12-27T00:00Z,533.0,,0.0,
0-20000-0-11519,RGLB_D,SUM,2000-12-28T00:00Z,1318.0,,0.0,
0-20000-0-11519,RGLB_D,SUM,2000-12-29T00:00Z,3319.0,,0.0,
0-20000-0-11519,RGLB_D,SUM,2000-12-30T00:00Z,1451.0,,0.0,
0-20000-0-11519,RGLB_D,SUM,2000-12-31T00:00Z,2966.0,,0.0,
0-20000-0-11519,RGLB_D,SUM,2001-01-01T00:00Z,3953.0,,0.0,
0-20000-0-11519,RGLB_D,SUM,2001-01-02T00:00Z,893.0,,0.0,
0-20000-0-11519,RGLB_D,SUM,2001-01-03T00:00Z,2164.0,,0.0,
0-20000-0-11519,RGLB_D,SUM,2001-01-04T00:00Z,3154.0,,0.0,
0-20000-0-11519,RGLB_D,SUM,2001-01-05T00:00Z,2120.0,,0.0,
0-20000-0-11519,RGLB_D,SUM,2001-01-06T00:00Z,1570.0,,0.0,
0-20000-0-11519,RGLB_D,SUM,2001-01-07T00:00Z,2196.0,,0.0,
0-20000-0-11519,RGLB_D,SUM,2001-01-08T00:00Z,1224.0,,0.0,
0-20000-0-11519,RGLB_D,SUM,2001-01-09T00:00Z,2948.0,,0.0,
0-20000-0-11519,RGLB_D,SUM,2001-01-10T00:00Z,2815.0,,0.0,
0-20000-0-11519,RGLB_D,SUM,2001-01-11T00:00Z,1238.0,,0.0,
0-20000-0-11519,RGLB_D,SUM,2001-01-12T00:00Z,1930.0,,0.0,
0-20000-0-11519,RGLB_D,SUM,2001-01-13T00:00Z,4090.0,,0.0,
0-20000-0-11519,RGLB_D,SUM,2001-01-14T00:00Z,3654.0,,0.0,
0-20000-0-11519,RGLB_D,SUM,2001-01-15T00:00Z,4777.0,,0.0,
0-20000-0-11519,RGLB_D,SUM,2001-01-16T00:00Z,4831.0,,0.0,
0-20000-0-11519,RGLB_D,SUM,2001-01-17T00:00Z,1321.0,,0.0,
0-20000-0-11519,RGLB_D,SUM,2001-01-18T00:00Z,457.0,,0.0,
0-20000-0-11519,RGLB_D,SUM,2001-01-19T00:00Z,1094.0,,0.0,
0-20000-0-11519,RGLB_D,SUM,2001-01-20T00:00Z,691.0,,0.0,
0-20000-0-11519,RGLB_D,SUM,2001-01-21T00:00Z,994.0,,0.0,
0-20000-0-11519,RGLB_D,SUM,2001-01-22T00:00Z,1314.0,,0.0,
0-20000-0-11519,RGLB_D,SUM,2001-01-23T00:00Z,1386.0,,0.0,
0-20000-0-11519,RGLB_D,SUM,2001-01-24T00:00Z,2916.0,,0.0,
0-20000-0-11519,RGLB_D,SUM,2001-01-25T00:00Z,5490.0,,0.0,
0-20000-0-11519,RGLB_D,SUM,2001-01-26T00:00Z,4086.0,,0.0,
0-20000-0-11519,RGLB_D,SUM,2001-01-27T00:00Z,1552.0,,0.0,
0-20000-0-11519,RGLB_D,SUM,2001-01-28T00:00Z,6541.0,,0.0,
0-20000-0-11519,RGLB_D,SUM,2001-01-29T00:00Z,3701.0,,0.0,
0-20000-0-11519,RGLB_D,SUM,2001-01-30T00:00Z,2941.0,,0.0,
0-20000-0-11519,RGLB_D,SUM,2001-01-31T00:00Z,2063.0,,0.0,
0-20000-0-11519,RGLB_D,SUM,2001-02-01T00:00Z,3233.0,,0.0,
0-20000-0-11519,RGLB_D,SUM,2001-02-02T00:00Z,5537.0,,0.0,
0-20000-0-11519,RGLB_D,SUM,2001-02-03T00:00Z,2308.0,,0.0,
0-20000-0-11519,RGLB_D,SUM,2001-02-04T00:00Z,3524.0,,0.0,
0-20000-0-11519,RGLB_D,SUM,2001-02-05T00:00Z,4115.0,,0.0,
0-20000-0-11519,RGLB_D,SUM,2001-02-06T00:00Z,2988.0,,0.0,
0-20000-0-11519,RGLB_D,SUM,2001-02-07T00:00Z,4511.0,,0.0,
0-20000-0-11519,RGLB_D,SUM,2001-02-08T00:00Z,2862.0,,0.0,
0-20000-0-11519,RGLB_D,SUM,2001-02-09T00:00Z,3143.0,,0.0,
0-20000-0-11519,RGLB_D,SUM,2001-02-10T00:00Z,2416.0,,0.0,
0-20000-0-11519,RGLB_D,SUM,2001-02-11T00:00Z,8147.0,,0.0,
0-20000-0-11519,RGLB_D,SUM,2001-02-12T00:00Z,4914.0,,0.0,
0-20000-0-11519,RGLB_D,SUM,2001-02-13T00:00Z,2308.0,,0.0,
0-20000-0-11519,RGLB_D,SUM,2001-02-14T00:00Z,7837.0,,0.0,
0-20000-0-11519,RGLB_D,SUM,2001-02-15T00:00Z,8899.0,,0.0,
0-20000-0-11519,RGLB_D,SUM,2001-02-16T00:00Z,9133.0,,0.0,
0-20000-0-11519,RGLB_D,SUM,2001-02-17T00:00Z,4396.0,,0.0,
0-20000-0-11519,RGLB_D,SUM,2001-02-18T00:00Z,2959.0,,0.0,
0-20000-0-11519,RGLB_D,SUM,2001-02-19T00:00Z,2527.0,,0.0,
0-20000-0-11519,RGLB_D,SUM,2001-02-20T00:00Z,7499.0,,0.0,
0-20000-0-11519,RGLB_D,SUM,2001-02-21T00:00Z,1264.0,,0.0,
0-20000-0-11519,RGLB_D,SUM,2001-02-22T00:00Z,3838.0,,0.0,
0-20000-0-11519,RGLB_D,SUM,2001-02-23T00:00Z,4903.0,,0.0,
0-20000-0-11519,RGLB_D,SUM,2001-02-24T00:00Z,11390.0,,0.0,
0-20000-0-11519,RGLB_D,SUM,2001-02-25T00:00Z,10829.0,,0.0,
0-20000-0-11519,RGLB_D,SUM,2001-02-26T00:00Z,8795.0,,0.0,
0-20000-0-11519,RGLB_D,SUM,2001-02-27T00:00Z,11293.0,,0.0,
0-20000-0-11519,RGLB_D,SUM,2001-02-28T00:00Z,9994.0,,0.0,
0-20000-0-11519,RGLB_D,SUM,2001-03-01T00:00Z,10512.0,,0.0,
0-20000-0-11519,RGLB_D,SUM,2001-03-02T00:00Z,8399.0,,0.0,
0-20000-0-11519,RGLB_D,SUM,2001-03-03T00:00Z,1562.0,,0.0,
0-20000-0-11519,RGLB_D,SUM,2001-03-04T00:00Z,2336.0,,0.0,
0-20000-0-11519,RGLB_D,SUM,2001-03-05T00:00Z,3179.0,,0.0,
0-20000-0-11519,RGLB_D,SUM,2001-03-06T00:00Z,12632.0,,0.0,
0-20000-0-11519,RGLB_D,SUM,2001-03-07T00:00Z,11056.0,,0.0,
0-20000-0-11519,RGLB_D,SUM,2001-03-08T00:00Z,8683.0,,0.0,
0-20000-0-11519,RGLB_D,SUM,2001-03-09T00:00Z,2646.0,,0.0,
0-20000-0-11519,RGLB_D,SUM,2001-03-10T00:00Z,9871.0,,0.0,
0-20000-0-11519,RGLB_D,SUM,2001-03-11T00:00Z,5821.0,,0.0,
0-20000-0-11519,RGLB_D,SUM,2001-03-12T00:00Z,6790.0,,0.0,
0-20000-0-11519,RGLB_D,SUM,2001-03-13T00:00Z,5314.0,,0.0,
0-20000-0-11519,RGLB_D,SUM,2001-03-14T00:00Z,9090.0,,0.0,
0-20000-0-11519,RGLB_D,SUM,2001-03-15T00:00Z,2855.0,,0.0,
0-20000-0-11519,RGLB_D,SUM,2001-03-16T00:00Z,4792.0,,0.0,
0-20000-0-11519,RGLB_D,SUM,2001-03-17T00:00Z,2106.0,,0.0,
0-20000-0-11519,RGLB_D,SUM,2001-03-18T00:00Z,6426.0,,0.0,
0-20000-0-11519,RGLB_D,SUM,2001-03-19T00:00Z,8287.0,,0.0,
0-20000-0-11519,RGLB_D,SUM,2001-03-20T00:00Z,11426.0,,0.0,
0-20000-0-11519,RGLB_D,SUM,2001-03-21T00:00Z,2243.0,,0.0,
0-20000-0-11519,RGLB_D,SUM,2001-03-22T00:00Z,2632.0,,0.0,
0-20000-0-11519,RGLB_D,SUM,2001-03-23T00:00Z,3629.0,,0.0,
0-20000-0-11519,RGLB_D,SUM,2001-03-24T00:00Z,8561.0,,0.0,
0-20000-0-11519,RGLB_D,SUM,2001-03-25T00:00Z,3215.0,,0.0,
0-20000-0-11519,RGLB_D,SUM,2001-03-26T00:00Z,1886.0,,0.0,
0-20000-0-11519,RGLB_D,SUM,2001-03-27T00:00Z,3240.0,,0.0,
0-20000-0-11519,RGLB_D,SUM,2001-03-28T00:00Z,9220.0,,0.0,
0-20000-0-11519,RGLB_D,SUM,2001-03-29T00:00Z,5450.0,,0.0,
0-20000-0-11519,RGLB_D,SUM,2001-03-30T00:00Z,2552.0,,0.0,
0-20000-0-11519,RGLB_D,SUM,2001-03-31T00:00Z,12632.0,,0.0,
0-20000-0-11519,RGLB_D,SUM,2001-04-01T00:00Z,17244.0,,0.0,
0-20000-0-11519,RGLB_D,SUM,2001-04-02T00:00Z,16492.0,,0.0,
0-20000-0-11519,RGLB_D,SUM,2001-04-03T00:00Z,15613.0,,0.0,
0-20000-0-11519,RGLB_D,SUM,2001-04-04T00:00Z,13648.0,,0.0,
0-20000-0-11519,RGLB_D,SUM,2001-04-05T00:00Z,10912.0,,0.0,
0-20000-0-11519,RGLB_D,SUM,2001-04-06T00:00Z,5126.0,,0.0,
0-20000-0-11519,RGLB_D,SUM,2001-04-07T00:00Z,4558.0,,0.0,
0-20000-0-11519,RGLB_D,SUM,2001-04-08T00:00Z,2437.0,,0.0,
0-20000-0-11519,RGLB_D,SUM,2001-04-09T00:00Z,10793.0,,0.0,
0-20000-0-11519,RGLB_D,SUM,2001-04-10T00:00Z,10901.0,,0.0,
0-20000-0-11519,RGLB_D,SUM,2001-04-11T00:00Z,8370.0,,0.0,
0-20000-0-11519,RGLB_D,SUM,2001-04-12T00:00Z,16585.0,,0.0,
0-20000-0-11519,RGLB_D,SUM,2001-04-13T00:00Z,10685.0,,0.0,
0-20000-0-11519,RGLB_D,SUM,2001-04-14T00:00Z,13108.0,,0.0,
0-20000-0-11519,RGLB_D,SUM,2001-04-15T00:00Z,6372.0,,0.0,
0-20000-0-11519,RGLB_D,SUM,2001-04-16T00:00Z,9058.0,,0.0,
0-20000-0-11519,RGLB_D,SUM,2001-04-17T00:00Z,5695.0,,0.0,
0-20000-0-11519,RGLB_D,SUM,2001-04-18T00:00Z,11531.0,,0.0,
0-20000-0-11519,RGLB_D,SUM,2001-04-19T00:00Z,13338.0,,0.0,
0-20000-0-11519,RGLB_D,SUM,2001-04-20T00:00Z,9155.0,,0.0,
0-20000-0-11519,RGLB_D,SUM,2001-04-21T00:00Z,5947.0,,0.0,
0-20000-0-11519,RGLB_D,SUM,2001-04-22T00:00Z,2844.0,,0.0,
0-20000-0-11519,RGLB_D,SUM,2001-04-23T00:00Z,15505.0,,0.0,
0-20000-0-11519,RGLB_D,SUM,2001-04-24T00:00Z,17561.0,,0.0,
0-20000-0-11519,RGLB_D,SUM,2001-04-25T00:00Z,20261.0,,0.0,
0-20000-0-11519,RGLB_D,SUM,2001-04-26T00:00Z,12485.0,,0.0,
0-20000-0-11519,RGLB_D,SUM,2001-04-27T00:00Z,16297.0,,0.0,
0-20000-0-11519,RGLB_D,SUM,2001-04-28T00:00Z,11347.0,,0.0,
0-20000-0-11519,RGLB_D,SUM,2001-04-29T00:00Z,15703.0,,0.0,
0-20000-0-11519,RGLB_D,SUM,2001-04-30T00:00Z,22619.0,,0.0,
0-20000-0-11519,RGLB_D,SUM,2001-05-01T00:00Z,22579.0,,0.0,
0-20000-0-11519,RGLB_D,SUM,2001-05-02T00:00Z,22896.0,,0.0,
0-20000-0-11519,RGLB_D,SUM,2001-05-03T00:00Z,24214.0,,0.0,
0-20000-0-11519,RGLB_D,SUM,2001-05-04T00:00Z,10238.0,,0.0,
0-20000-0-11519,RGLB_D,SUM,2001-05-05T00:00Z,9846.0,,0.0,
0-20000-0-11519,RGLB_D,SUM,2001-05-06T00:00Z,6354.0,,0.0,
0-20000-0-11519,RGLB_D,SUM,2001-05-07T00:00Z,4903.0,,0.0,
0-20000-0-11519,RGLB_D,SUM,2001-05-08T00:00Z,14537.0,,0.0,
0-20000-0-11519,RGLB_D,SUM,2001-05-09T00:00Z,24563.0,,0.0,
0-20000-0-11519,RGLB_D,SUM,2001-05-10T00:00Z,22176.0,,0.0,
0-20000-0-11519,RGLB_D,SUM,2001-05-11T00:00Z,23382.0,,0.0,
0-20000-0-11519,RGLB_D,SUM,2001-05-12T00:00Z,26525.0,,0.0,
0-20000-0-11519,RGLB_D,SUM,2001-05-13T00:00Z,26392.0,,0.0,
0-20000-0-11519,RGLB_D,SUM,2001-05-14T00:00Z,25970.0,,0.0,
0-20000-0-11519,RGLB_D,SUM,2001-05-15T00:00Z,10415.0,,0.0,
0-20000-0-11519,RGLB_D,SUM,2001-05-16T00:00Z,26654.0,,0.0,
0-20000-0-11519,RGLB_D,SUM,2001-05-17T00:00Z,18770.0,,0.0,
0-20000-0-11519,RGLB_D,SUM,2001-05-18T00:00Z,4817.0,,0.0,
0-20000-0-11519,RGLB_D,SUM,2001-05-19T00:00Z,9673.0,,0.0,
0-20000-0-11519,RGLB_D,SUM,2001-05-20T00:00Z,25078.0,,0.0,
0-20000-0-11519,RGLB_D,SUM,2001-05-21T00:00Z,27306.0,,0.0,
0-20000-0-11519,RGLB_D,SUM,2001-05-22T00:00Z,19076.0,,0.0,
0-20000-0-11519,RGLB_D,SUM,2001-05-23T00:00Z,28534.0,,0.0,
0-20000-0-11519,RGLB_D,SUM,2001-05-24T00:00Z,27263.0,,0.0,
0-20000-0-11519,RGLB_D,SUM,2001-05-25T00:00Z,27050.0,,0.0,
0-20000-0-11519,RGLB_D,SUM,2001-05-26T00:00Z,25639.0,,0.0,
0-20000-0-11519,RGLB_D,SUM,2001-05-27T00:00Z,17852.0,,0.0,
0-20000-0-11519,RGLB_D,SUM,2001-05-28T00:00Z,6754.0,,0.0,
0-20000-0-11519,RGLB_D,SUM,2001-05-29T00:00Z,18371.0,,0.0,
0-20000-0-11519,RGLB_D,SUM,2001-05-30T00:00Z,26201.0,,0.0,
0-20000-0-11519,RGLB_D,SUM,2001-05-31T00:00Z,14350.0,,0.0,
0-20000-0-11519,RGLB_D,SUM,2001-06-01T00:00Z,16477.0,,0.0,
0-20000-0-11519,RGLB_D,SUM,2001-06-02T00:00Z,11977.0,,0.0,
0-20000-0-11519,RGLB_D,SUM,2001-06-03T00:00Z,21301.0,,0.0,
0-20000-0-11519,RGLB_D,SUM,2001-06-04T00:00Z,8690.0,,0.0,
0-20000-0-11519,RGLB_D,SUM,2001-06-05T00:00Z,12143.0,,0.0,
0-20000-0-11519,RGLB_D,SUM,2001-06-06T00:00Z,13946.0,,0.0,
0-20000-0-11519,RGLB_D,SUM,2001-06-07T00:00Z,20012.0,,0.0,
0-20000-0-11519,RGLB_D,SUM,2001-06-08T00:00Z,11200.0,,0.0,
0-20000-0-11519,RGLB_D,SUM,2001-06-09T00:00Z,11574.0,,0.0,
0-20000-0-11519,RGLB_D,SUM,2001-06-10T00:00Z,5814.0,,0.0,
0-20000-0-11519,RGLB_D,SUM,2001-06-11T00:00Z,7733.0,,0.0,
0-20000-0-11519,RGLB_D,SUM,2001-06-12T00:00Z,19472.0,,0.0,
0-20000-0-11519,RGLB_D,SUM,2001-06-13T00:00Z,21899.0,,0.0,
0-20000-0-11519,RGLB_D,SUM,2001-06-14T00:00Z,19372.0,,0.0,
0-20000-0-11519,RGLB_D,SUM,2001-06-15T00:00Z,25117.0,,0.0,
0-20000-0-11519,RGLB_D,SUM,2001-06-16T00:00Z,15095.0,,0.0,
0-20000-0-11519,RGLB_D,SUM,2001-06-17T00:00Z,15692.0,,0.0,
0-20000-0-11519,RGLB_D,SUM,2001-06-18T00:00Z,13133.0,,0.0,
0-20000-0-11519,RGLB_D,SUM,2001-06-19T00:00Z,8672.0,,0.0,
0-20000-0-11519,RGLB_D,SUM,2001-06-20T00:00Z,27230.0,,0.0,
0-20000-0-11519,RGLB_D,SUM,2001-06-21T00:00Z,19451.0,,0.0,
0-20000-0-11519,RGLB_D,SUM,2001-06-22T00:00Z,10094.0,,0.0,
0-20000-0-11519,RGLB_D,SUM,2001-06-23T00:00Z,13064.0,,0.0,
0-20000-0-11519,RGLB_D,SUM,2001-06-24T00:00Z,25754.0,,0.0,
0-20000-0-11519,RGLB_D,SUM,2001-06-25T00:00Z,27094.0,,0.0,
0-20000-0-11519,RGLB_D,SUM,2001-06-26T00:00Z,27403.0,,0.0,
0-20000-0-11519,RGLB_D,SUM,2001-06-27T00:00Z,29225.0,,0.0,
0-20000-0-11519,RGLB_D,SUM,2001-06-28T00:00Z,9252.0,,0.0,
0-20000-0-11519,RGLB_D,SUM,2001-06-29T00:00Z,22079.0,,0.0,
0-20000-0-11519,RGLB_D,SUM,2001-06-30T00:00Z,19206.0,,0.0,
0-20000-0-11519,RGLB_D,SUM,2001-07-01T00:00Z,15466.0,,0.0,
0-20000-0-11519,RGLB_D,SUM,2001-07-02T00:00Z,21845.0,,0.0,
0-20000-0-11519,RGLB_D,SUM,2001-07-03T00:00Z,21870.0,,0.0,
0-20000-0-11519,RGLB_D,SUM,2001-07-04T00:00Z,20340.0,,0.0,
0-20000-0-11519,RGLB_D,SUM,2001-07-05T00:00Z,26388.0,,0.0,
0-20000-0-11519,RGLB_D,SUM,2001-07-06T00:00Z,23641.0,,0.0,
0-20000-0-11519,RGLB_D,SUM,2001-07-07T00:00Z,27817.0,,0.0,
0-20000-0-11519,RGLB_D,SUM,2001-07-08T00:00Z,13385.0,,0.0,
0-20000-0-11519,RGLB_D,SUM,2001-07-09T00:00Z,11232.0,,0.0,
0-20000-0-11519,RGLB_D,SUM,2001-07-10T00:00Z,25297.0,,0.0,
0-20000-0-11519,RGLB_D,SUM,2001-07-11T00:00Z,9011.0,,0.0,
0-20000-0-11519,RGLB_D,SUM,2001-07-12T00:00Z,26568.0,,0.0,
0-20000-0-11519,RGLB_D,SUM,2001-07-13T00:00Z,14278.0,,0.0,
0-20000-0-11519,RGLB_D,SUM,2001-07-14T00:00Z,21827.0,,0.0,
0-20000-0-11519,RGLB_D,SUM,2001-07-15T00:00Z,22028.0,,0.0,
0-20000-0-11519,RGLB_D,SUM,2001-07-16T00:00Z,5094.0,,0.0,
0-20000-0-11519,RGLB_D,SUM,2001-07-17T00:00Z,6170.0,,0.0,
0-20000-0-11519,RGLB_D,SUM,2001-07-18T00:00Z,16546.0,,0.0,
0-20000-0-11519,RGLB_D,SUM,2001-07-19T00:00Z,15408.0,,0.0,
0-20000-0-11519,RGLB_D,SUM,2001-07-20T00:00Z,3247.0,,0.0,
0-20000-0-11519,RGLB_D,SUM,2001-07-21T00:00Z,18047.0,,0.0,
0-20000-0-11519,RGLB_D,SUM,2001-07-22T00:00Z,26201.0,,0.0,
0-20000-0-11519,RGLB_D,SUM,2001-07-23T00:00Z,23908.0,,0.0,
0-20000-0-11519,RGLB_D,SUM,2001-07-24T00:00Z,7949.0,,0.0,
0-20000-0-11519,RGLB_D,SUM,2001-07-25T00:00Z,15876.0,,0.0,
0-20000-0-11519,RGLB_D,SUM,2001-07-26T00:00Z,25009.0,,0.0,
0-20000-0-11519,RGLB_D,SUM,2001-07-27T00:00Z,24343.0,,0.0,
0-20000-0-11519,RGLB_D,SUM,2001-07-28T00:00Z,26111.0,,0.0,
0-20000-0-11519,RGLB_D,SUM,2001-07-29T00:00Z,18947.0,,0.0,
0-20000-0-11519,RGLB_D,SUM,2001-07-30T00:00Z,25114.0,,0.0,
0-20000-0-11519,RGLB_D,SUM,2001-07-31T00:00Z,21852.0,,0.0,
0-20000-0-11519,RGLB_D,SUM,2001-08-01T00:00Z,19141.0,,0.0,
0-20000-0-11519,RGLB_D,SUM,2001-08-02T00:00Z,22579.0,,0.0,
0-20000-0-11519,RGLB_D,SUM,2001-08-03T00:00Z,14454.0,,0.0,
0-20000-0-11519,RGLB_D,SUM,2001-08-04T00:00Z,7682.0,,0.0,
0-20000-0-11519,RGLB_D,SUM,2001-08-05T00:00Z,18713.0,,0.0,
0-20000-0-11519,RGLB_D,SUM,2001-08-06T00:00Z,21568.0,,0.0,
0-20000-0-11519,RGLB_D,SUM,2001-08-07T00:00Z,13806.0,,0.0,
0-20000-0-11519,RGLB_D,SUM,2001-08-08T00:00Z,11437.0,,0.0,
0-20000-0-11519,RGLB_D,SUM,2001-08-09T00:00Z,18256.0,,0.0,
0-20000-0-11519,RGLB_D,SUM,2001-08-10T00:00Z,9302.0,,0.0,
0-20000-0-11519,RGLB_D,SUM,2001-08-11T00:00Z,16585.0,,0.0,
0-20000-0-11519,RGLB_D,SUM,2001-08-12T00:00Z,23983.0,,0.0,
0-20000-0-11519,RGLB_D,SUM,2001-08-13T00:00Z,10667.0,,0.0,
0-20000-0-11519,RGLB_D,SUM,2001-08-14T00:00Z,21967.0,,0.0,
0-20000-0-11519,RGLB_D,SUM,2001-08-15T00:00Z,23173.0,,0.0,
0-20000-0-11519,RGLB_D,SUM,2001-08-16T00:00Z,21820.0,,0.0,
0-20000-0-11519,RGLB_D,SUM,2001-08-17T00:00Z,13216.0,,0.0,
0-20000-0-11519,RGLB_D,SUM,2001-08-18T00:00Z,15523.0,,0.0,
0-20000-0-11519,RGLB_D,SUM,2001-08-19T00:00Z,19739.0,,0.0,
0-20000-0-11519,RGLB_D,SUM,2001-08-20T00:00Z,13648.0,,0.0,
0-20000-0-11519,RGLB_D,SUM,2001-08-21T00:00Z,6138.0,,0.0,
0-20000-0-11519,RGLB_D,SUM,2001-08-22T00:00Z,8143.0,,0.0,
0-20000-0-11519,RGLB_D,SUM,2001-08-23T00:00Z,16484.0,,0.0,
0-20000-0-11519,RGLB_D,SUM,2001-08-24T00:00Z,18446.0,,0.0,
0-20000-0-11519,RGLB_D,SUM,2001-08-25T00:00Z,19742.0,,0.0,
0-20000-0-11519,RGLB_D,SUM,2001-08-26T00:00Z,18900.0,,0.0,
0-20000-0-11519,RGLB_D,SUM,2001-08-27T00:00Z,17532.0,,0.0,
0-20000-0-11519,RGLB_D,SUM,2001-08-28T00:00Z,17269.0,,0.0,
0-20000-0-11519,RGLB_D,SUM,2001-08-29T00:00Z,16254.0,,0.0,
0-20000-0-11519,RGLB_D,SUM,2001-08-30T00:00Z,21341.0,,0.0,
0-20000-0-11519,RGLB_D,SUM,2001-08-31T00:00Z,4248.0,,0.0,
0-20000-0-11519,RGLB_D,SUM,2001-09-01T00:00Z,2603.0,,0.0,
0-20000-0-11519,RGLB_D,SUM,2001-09-02T00:00Z,13410.0,,0.0,
0-20000-0-11519,RGLB_D,SUM,2001-09-03T00:00Z,18025.0,,0.0,
0-20000-0-11519,RGLB_D,SUM,2001-09-04T00:00Z,8554.0,,0.0,
0-20000-0-11519,RGLB_D,SUM,2001-09-05T00:00Z,7196.0,,0.0,
0-20000-0-11519,RGLB_D,SUM,2001-09-06T00:00Z,7873.0,,0.0,
0-20000-0-11519,RGLB_D,SUM,2001-09-07T00:00Z,6242.0,,0.0,
0-20000-0-11519,RGLB_D,SUM,2001-09-08T00:00Z,11182.0,,0.0,
0-20000-0-11519,RGLB_D,SUM,2001-09-09T00:00Z,9025.0,,0.0,
0-20000-0-11519,RGLB_D,SUM,2001-09-10T00:00Z,4252.0,,0.0,
0-20000-0-11519,RGLB_D,SUM,2001-09-11T00:00Z,11390.0,,0.0,
0-20000-0-11519,RGLB_D,SUM,2001-09-12T00:00Z,9040.0,,0.0,
0-20000-0-11519,RGLB_D,SUM,2001-09-13T00:00Z,4399.0,,0.0,
0-20000-0-11519,RGLB_D,SUM,2001-09-14T00:00Z,4716.0,,0.0,
0-20000-0-11519,RGLB_D,SUM,2001-09-15T00:00Z,12377.0,,0.0,
0-20000-0-11519,RGLB_D,SUM,2001-09-16T00:00Z,5072.0,,0.0,
0-20000-0-11519,RGLB_D,SUM,2001-09-17T00:00Z,7693.0,,0.0,
0-20000-0-11519,RGLB_D,SUM,2001-09-18T00:00Z,6653.0,,0.0,
0-20000-0-11519,RGLB_D,SUM,2001-09-19T00:00Z,14886.0,,0.0,
0-20000-0-11519,RGLB_D,SUM,2001-09-20T00:00Z,8878.0,,0.0,
0-20000-0-11519,RGLB_D,SUM,2001-09-21T00:00Z,7826.0,,0.0,
0-20000-0-11519,RGLB_D,SUM,2001-09-22T00:00Z,11095.0,,0.0,
0-20000-0-11519,RGLB_D,SUM,2001-09-23T00:00Z,10660.0,,0.0,
0-20000-0-11519,RGLB_D,SUM,2001-09-24T00:00Z,2131.0,,0.0,
0-20000-0-11519,RGLB_D,SUM,2001-09-25T00:00Z,3190.0,,0.0,
0-20000-0-11519,RGLB_D,SUM,2001-09-26T00:00Z,2686.0,,0.0,
0-20000-0-11519,RGLB_D,SUM,2001-09-27T00:00Z,6268.0,,0.0,
0-20000-0-11519,RGLB_D,SUM,2001-09-28T00:00Z,6620.0,,0.0,
0-20000-0-11519,RGLB_D,SUM,2001-09-29T00:00Z,10984.0,,0.0,
0-20000-0-11519,RGLB_D,SUM,2001-09-30T00:00Z,4025.0,,0.0,
0-20000-0-11519,RGLB_D,SUM,2001-10-01T00:00Z,6754.0,,0.0,
0-20000-0-11519,RGLB_D,SUM,2001-10-02T00:00Z,12841.0,,0.0,
0-20000-0-11519,RGLB_D,SUM,2001-10-03T00:00Z,13324.0,,0.0,
0-20000-0-11519,RGLB_D,SUM,2001-10-04T00:00Z,2912.0,,0.0,
0-20000-0-11519,RGLB_D,SUM,2001-10-05T00:00Z,9022.0,,0.0,
0-20000-0-11519,RGLB_D,SUM,2001-10-06T00:00Z,7081.0,,0.0,
0-20000-0-11519,RGLB_D,SUM,2001-10-07T00:00Z,4997.0,,0.0,
0-20000-0-11519,RGLB_D,SUM,2001-10-08T00:00Z,7834.0,,0.0,
0-20000-0-11519,RGLB_D,SUM,2001-10-09T00:00Z,10346.0,,0.0,
0-20000-0-11519,RGLB_D,SUM,2001-10-10T00:00Z,7736.0,,0.0,
0-20000-0-11519,RGLB_D,SUM,2001-10-11T00:00Z,9842.0,,0.0,
0-20000-0-11519,RGLB_D,SUM,2001-10-12T00:00Z,11405.0,,0.0,
0-20000-0-11519,RGLB_D,SUM,2001-10-13T00:00Z,10264.0,,0.0,
0-20000-0-11519,RGLB_D,SUM,2001-10-14T00:00Z,9425.0,,0.0,
0-20000-0-11519,RGLB_D,SUM,2001-10-15T00:00Z,6170.0,,0.0,
0-20000-0-11519,RGLB_D,SUM,2001-10-16T00:00Z,5072.0,,0.0,
0-20000-0-11519,RGLB_D,SUM,2001-10-17T00:00Z,2167.0,,0.0,
0-20000-0-11519,RGLB_D,SUM,2001-10-18T00:00Z,1861.0,,0.0,
0-20000-0-11519,RGLB_D,SUM,2001-10-19T00:00Z,4705.0,,0.0,
0-20000-0-11519,RGLB_D,SUM,2001-10-20T00:00Z,2261.0,,0.0,
0-20000-0-11519,RGLB_D,SUM,2001-10-21T00:00Z,1037.0,,0.0,
0-20000-0-11519,RGLB_D,SUM,2001-10-22T00:00Z,6235.0,,0.0,
0-20000-0-11519,RGLB_D,SUM,2001-10-23T00:00Z,3694.0,,0.0,
0-20000-0-11519,RGLB_D,SUM,2001-10-24T00:00Z,2383.0,,0.0,
0-20000-0-11519,RGLB_D,SUM,2001-10-25T00:00Z,4802.0,,0.0,
0-20000-0-11519,RGLB_D,SUM,2001-10-26T00:00Z,4892.0,,0.0,
0-20000-0-11519,RGLB_D,SUM,2001-10-27T00:00Z,3931.0,,0.0,
0-20000-0-11519,RGLB_D,SUM,2001-10-28T00:00Z,3380.0,,0.0,
0-20000-0-11519,RGLB_D,SUM,2001-10-29T00:00Z,2916.0,,0.0,
0-20000-0-11519,RGLB_D,SUM,2001-10-30T00:00Z,6084.0,,0.0,
0-20000-0-11519,RGLB_D,SUM,2001-10-31T00:00Z,7960.0,,0.0,
0-20000-0-11519,RGLB_D,SUM,2001-11-01T00:00Z,6052.0,,0.0,
0-20000-0-11519,RGLB_D,SUM,2001-11-02T00:00Z,6210.0,,0.0,
0-20000-0-11519,RGLB_D,SUM,2001-11-03T00:00Z,5796.0,,0.0,
0-20000-0-11519,RGLB_D,SUM,2001-11-04T00:00Z,5526.0,,0.0,
0-20000-0-11519,RGLB_D,SUM,2001-11-05T00:00Z,2729.0,,0.0,
0-20000-0-11519,RGLB_D,SUM,2001-11-06T00:00Z,2898.0,,0.0,
0-20000-0-11519,RGLB_D,SUM,2001-11-07T00:00Z,3208.0,,0.0,
0-20000-0-11519,RGLB_D,SUM,2001-11-08T00:00Z,2387.0,,0.0,
0-20000-0-11519,RGLB_D,SUM,2001-11-09T00:00Z,3186.0,,0.0,
0-20000-0-11519,RGLB_D,SUM,2001-11-10T00:00Z,5339.0,,0.0,
0-20000-0-11519,RGLB_D,SUM,2001-11-11T00:00Z,6235.0,,0.0,
0-20000-0-11519,RGLB_D,SUM,2001-11-12T00:00Z,2725.0,,0.0,
0-20000-0-11519,RGLB_D,SUM,2001-11-13T00:00Z,3096.0,,0.0,
0-20000-0-11519,RGLB_D,SUM,2001-11-14T00:00Z,5422.0,,0.0,
0-20000-0-11519,RGLB_D,SUM,2001-11-15T00:00Z,4316.0,,0.0,
0-20000-0-11519,RGLB_D,SUM,2001-11-16T00:00Z,1271.0,,0.0,
0-20000-0-11519,RGLB_D,SUM,2001-11-17T00:00Z,5224.0,,0.0,
0-20000-0-11519,RGLB_D,SUM,2001-11-18T00:00Z,1969.0,,0.0,
0-20000-0-11519,RGLB_D,SUM,2001-11-19T00:00Z,1685.0,,0.0,
0-20000-0-11519,RGLB_D,SUM,2001-11-20T00:00Z,5040.0,,0.0,
0-20000-0-11519,RGLB_D,SUM,2001-11-21T00:00Z,1706.0,,0.0,
0-20000-0-11519,RGLB_D,SUM,2001-11-22T00:00Z,461.0,,0.0,
0-20000-0-11519,RGLB_D,SUM,2001-11-23T00:00Z,3877.0,,0.0,
0-20000-0-11519,RGLB_D,SUM,2001-11-24T00:00Z,4122.0,,0.0,
0-20000-0-11519,RGLB_D,SUM,2001-11-25T00:00Z,3812.0,,0.0,
0-20000-0-11519,RGLB_D,SUM,2001-11-26T00:00Z,842.0,,0.0,
0-20000-0-11519,RGLB_D,SUM,2001-11-27T00:00Z,1501.0,,0.0,
0-20000-0-11519,RGLB_D,SUM,2001-11-28T00:00Z,1674.0,,0.0,
0-20000-0-11519,RGLB_D,SUM,2001-11-29T00:00Z,2149.0,,0.0,
0-20000-0-11519,RGLB_D,SUM,2001-11-30T00:00Z,1001.0,,0.0,
0-20000-0-11519,RGLB_D,SUM,2001-12-01T00:00Z,1220.0,,0.0,
0-20000-0-11519,RGLB_D,SUM,2001-12-02T00:00Z,742.0,,0.0,
0-20000-0-11519,RGLB_D,SUM,2001-12-03T00:00Z,691.0,,0.0,
0-20000-0-11519,RGLB_D,SUM,2001-12-04T00:00Z,864.0,,0.0,
0-20000-0-11519,RGLB_D,SUM,2001-12-05T00:00Z,1631.0,,0.0,
0-20000-0-11519,RGLB_D,SUM,2001-12-06T00:00Z,716.0,,0.0,
0-20000-0-11519,RGLB_D,SUM,2001-12-07T00:00Z,2182.0,,0.0,
0-20000-0-11519,RGLB_D,SUM,2001-12-08T00:00Z,2484.0,,0.0,
0-20000-0-11519,RGLB_D,SUM,2001-12-09T00:00Z,4104.0,,0.0,
0-20000-0-11519,RGLB_D,SUM,2001-12-10T00:00Z,2434.0,,0.0,
0-20000-0-11519,RGLB_D,SUM,2001-12-11T00:00Z,713.0,,0.0,
0-20000-0-11519,RGLB_D,SUM,2001-12-12T00:00Z,1145.0,,0.0,
0-20000-0-11519,RGLB_D,SUM,2001-12-13T00:00Z,3182.0,,0.0,
0-20000-0-11519,RGLB_D,SUM,2001-12-14T00:00Z,1584.0,,0.0,
0-20000-0-11519,RGLB_D,SUM,2001-12-15T00:00Z,1555.0,,0.0,
0-20000-0-11519,RGLB_D,SUM,2001-12-16T00:00Z,2336.0,,0.0,
0-20000-0-11519,RGLB_D,SUM,2001-12-17T00:00Z,1022.0,,0.0,
0-20000-0-11519,RGLB_D,SUM,2001-12-18T00:00Z,1202.0,,0.0,
0-20000-0-11519,RGLB_D,SUM,2001-12-19T00:00Z,1105.0,,0.0,
0-20000-0-11519,RGLB_D,SUM,2001-12-20T00:00Z,2207.0,,0.0,
0-20000-0-11519,RGLB_D,SUM,2001-12-21T00:00Z,2074.0,,0.0,
0-20000-0-11519,RGLB_D,SUM,2001-12-22T00:00Z,2657.0,,0.0,
0-20000-0-11519,RGLB_D,SUM,2001-12-23T00:00Z,3920.0,,0.0,
0-20000-0-11519,RGLB_D,SUM,2001-12-24T00:00Z,3510.0,,0.0,
0-20000-0-11519,RGLB_D,SUM,2001-12-25T00:00Z,1465.0,,0.0,
0-20000-0-11519,RGLB_D,SUM,2001-12-26T00:00Z,2480.0,,0.0,
0-20000-0-11519,RGLB_D,SUM,2001-12-27T00:00Z,3089.0,,0.0,
0-20000-0-11519,RGLB_D,SUM,2001-12-28T00:00Z,1602.0,,0.0,
0-20000-0-11519,RGLB_D,SUM,2001-12-29T00:00Z,1210.0,,0.0,
0-20000-0-11519,RGLB_D,SUM,2001-12-30T00:00Z,2405.0,,0.0,
0-20000-0-11519,RGLB_D,SUM,2001-12-31T00:00Z,3560.0,,0.0,
0-20000-0-11519,RGLB_D,SUM,2002-01-01T00:00Z,1879.0,,0.0,
0-20000-0-11519,RGLB_D,SUM,2002-01-02T00:00Z,1422.0,,0.0,
0-20000-0-11519,RGLB_D,SUM,2002-01-03T00:00Z,4424.0,,0.0,
0-20000-0-11519,RGLB_D,SUM,2002-01-04T00:00Z,4608.0,,0.0,
0-20000-0-11519,RGLB_D,SUM,2002-01-05T00:00Z,4345.0,,0.0,
0-20000-0-11519,RGLB_D,SUM,2002-01-06T00:00Z,4216.0,,0.0,
0-20000-0-11519,RGLB_D,SUM,2002-01-07T00:00Z,911.0,,0.0,
0-20000-0-11519,RGLB_D,SUM,2002-01-08T00:00Z,1274.0,,0.0,
0-20000-0-11519,RGLB_D,SUM,2002-01-09T00:00Z,1422.0,,0.0,
0-20000-0-11519,RGLB_D,SUM,2002-01-10T00:00Z,1408.0,,0.0,
0-20000-0-11519,RGLB_D,SUM,2002-01-11T00:00Z,1051.0,,0.0,
0-20000-0-11519,RGLB_D,SUM,2002-01-12T00:00Z,2614.0,,0.0,
0-20000-0-11519,RGLB_D,SUM,2002-01-13T00:00Z,1069.0,,0.0,
0-20000-0-11519,RGLB_D,SUM,2002-01-14T00:00Z,1678.0,,0.0,
0-20000-0-11519,RGLB_D,SUM,2002-01-15T00:00Z,860.0,,0.0,
0-20000-0-11519,RGLB_D,SUM,2002-01-16T00:00Z,1004.0,,0.0,
0-20000-0-11519,RGLB_D,SUM,2002-01-17T00:00Z,1998.0,,0.0,
0-20000-0-11519,RGLB_D,SUM,2002-01-18T00:00Z,2830.0,,0.0,
0-20000-0-11519,RGLB_D,SUM,2002-01-19T00:00Z,2516.0,,0.0,
0-20000-0-11519,RGLB_D,SUM,2002-01-20T00:00Z,3726.0,,0.0,
0-20000-0-11519,RGLB_D,SUM,2002-01-21T00:00Z,1091.0,,0.0,
0-20000-0-11519,RGLB_D,SUM,2002-01-22T00:00Z,5778.0,,0.0,
0-20000-0-11519,RGLB_D,SUM,2002-01-23T00:00Z,3982.0,,0.0,
0-20000-0-11519,RGLB_D,SUM,2002-01-24T00:00Z,2261.0,,0.0,
0-20000-0-11519,RGLB_D,SUM,2002-01-25T00:00Z,5126.0,,0.0,
0-20000-0-11519,RGLB_D,SUM,2002-01-26T00:00Z,3982.0,,0.0,
0-20000-0-11519,RGLB_D,SUM,2002-01-27T00:00Z,2351.0,,0.0,
0-20000-0-11519,RGLB_D,SUM,2002-01-28T00:00Z,2347.0,,0.0,
0-20000-0-11519,RGLB_D,SUM,2002-01-29T00:00Z,6649.0,,0.0,
0-20000-0-11519,RGLB_D,SUM,2002-01-30T00:00Z,6116.0,,0.0,
0-20000-0-11519,RGLB_D,SUM,2002-01-31T00:00Z,3560.0,,0.0,
0-20000-0-11519,RGLB_D,SUM,2002-02-01T00:00Z,6005.0,,0.0,
0-20000-0-11519,RGLB_D,SUM,2002-02-02T00:00Z,6808.0,,0.0,
0-20000-0-11519,RGLB_D,SUM,2002-02-03T00:00Z,6574.0,,0.0,
0-20000-0-11519,RGLB_D,SUM,2002-02-04T00:00Z,6142.0,,0.0,
0-20000-0-11519,RGLB_D,SUM,2002-02-05T00:00Z,5188.0,,0.0,
0-20000-0-11519,RGLB_D,SUM,2002-02-06T00:00Z,1908.0,,0.0,
0-20000-0-11519,RGLB_D,SUM,2002-02-07T00:00Z,3514.0,,0.0,
0-20000-0-11519,RGLB_D,SUM,2002-02-08T00:00Z,3809.0,,0.0,
0-20000-0-11519,RGLB_D,SUM,2002-02-09T00:00Z,6250.0,,0.0,
0-20000-0-11519,RGLB_D,SUM,2002-02-10T00:00Z,5051.0,,0.0,
0-20000-0-11519,RGLB_D,SUM,2002-02-11T00:00Z,1901.0,,0.0,
0-20000-0-11519,RGLB_D,SUM,2002-02-12T00:00Z,2408.0,,0.0,
0-20000-0-11519,RGLB_D,SUM,2002-02-13T00:00Z,1775.0,,0.0,
0-20000-0-11519,RGLB_D,SUM,2002-02-14T00:00Z,5695.0,,0.0,
0-20000-0-11519,RGLB_D,SUM,2002-02-15T00:00Z,9454.0,,0.0,
0-20000-0-11519,RGLB_D,SUM,2002-02-16T00:00Z,9594.0,,0.0,
0-20000-0-11519,RGLB_D,SUM,2002-02-17T00:00Z,8500.0,,0.0,
0-20000-0-11519,RGLB_D,SUM,2002-02-18T00:00Z,7258.0,,0.0,
0-20000-0-11519,RGLB_D,SUM,2002-02-19T00:00Z,5746.0,,0.0,
0-20000-0-11519,RGLB_D,SUM,2002-02-20T00:00Z,3222.0,,0.0,
0-20000-0-11519,RGLB_D,SUM,2002-02-21T00:00Z,4331.0,,0.0,
0-20000-0-11519,RGLB_D,SUM,2002-02-22T00:00Z,2585.0,,0.0,
0-20000-0-11519,RGLB_D,SUM,2002-02-23T00:00Z,4342.0,,0.0,
0-20000-0-11519,RGLB_D,SUM,2002-02-24T00:00Z,7164.0,,0.0,
0-20000-0-11519,RGLB_D,SUM,2002-02-25T00:00Z,3582.0,,0.0,
0-20000-0-11519,RGLB_D,SUM,2002-02-26T00:00Z,1937.0,,0.0,
0-20000-0-11519,RGLB_D,SUM,2002-02-27T00:00Z,6937.0,,0.0,
0-20000-0-11519,RGLB_D,SUM,2002-02-28T00:00Z,11354.0,,0.0,
0-20000-0-11519,RGLB_D,SUM,2002-03-01T00:00Z,9140.0,,0.0,
0-20000-0-11519,RGLB_D,SUM,2002-03-02T00:00Z,4219.0,,0.0,
0-20000-0-11519,RGLB_D,SUM,2002-03-03T00:00Z,8086.0,,0.0,
0-20000-0-11519,RGLB_D,SUM,2002-03-04T00:00Z,10094.0,,0.0,
0-20000-0-11519,RGLB_D,SUM,2002-03-05T00:00Z,10487.0,,0.0,
0-20000-0-11519,RGLB_D,SUM,2002-03-06T00:00Z,11560.0,,0.0,
0-20000-0-11519,RGLB_D,SUM,2002-03-07T00:00Z,4846.0,,0.0,
0-20000-0-11519,RGLB_D,SUM,2002-03-08T00:00Z,11300.0,,0.0,
0-20000-0-11519,RGLB_D,SUM,2002-03-09T00:00Z,11221.0,,0.0,
0-20000-0-11519,RGLB_D,SUM,2002-03-10T00:00Z,11995.0,,0.0,
0-20000-0-11519,RGLB_D,SUM,2002-03-11T00:00Z,14609.0,,0.0,
0-20000-0-11519,RGLB_D,SUM,2002-03-12T00:00Z,10292.0,,0.0,
0-20000-0-11519,RGLB_D,SUM,2002-03-13T00:00Z,12769.0,,0.0,
0-20000-0-11519,RGLB_D,SUM,2002-03-14T00:00Z,10094.0,,0.0,
0-20000-0-11519,RGLB_D,SUM,2002-03-15T00:00Z,2776.0,,0.0,
0-20000-0-11519,RGLB_D,SUM,2002-03-16T00:00Z,2657.0,,0.0,
0-20000-0-11519,RGLB_D,SUM,2002-03-17T00:00Z,2837.0,,0.0,
0-20000-0-11519,RGLB_D,SUM,2002-03-18T00:00Z,11153.0,,0.0,
0-20000-0-11519,RGLB_D,SUM,2002-03-19T00:00Z,2822.0,,0.0,
0-20000-0-11519,RGLB_D,SUM,2002-03-20T00:00Z,4316.0,,0.0,
0-20000-0-11519,RGLB_D,SUM,2002-03-21T00:00Z,6566.0,,0.0,
0-20000-0-11519,RGLB_D,SUM,2002-03-22T00:00Z,5861.0,,0.0,
0-20000-0-11519,RGLB_D,SUM,2002-03-23T00:00Z,8014.0,,0.0,
0-20000-0-11519,RGLB_D,SUM,2002-03-24T00:00Z,6070.0,,0.0,
0-20000-0-11519,RGLB_D,SUM,2002-03-25T00:00Z,6084.0,,0.0,
0-20000-0-11519,RGLB_D,SUM,2002-03-26T00:00Z,3539.0,,0.0,
0-20000-0-11519,RGLB_D,SUM,2002-03-27T00:00Z,10282.0,,0.0,
0-20000-0-11519,RGLB_D,SUM,2002-03-28T00:00Z,16596.0,,0.0,
0-20000-0-11519,RGLB_D,SUM,2002-03-29T00:00Z,16610.0,,0.0,
0-20000-0-11519,RGLB_D,SUM,2002-03-30T00:00Z,18108.0,,0.0,
0-20000-0-11519,RGLB_D,SUM,2002-03-31T00:00Z,12625.0,,0.0,
0-20000-0-11519,RGLB_D,SUM,2002-04-01T00:00Z,15156.0,,0.0,
0-20000-0-11519,RGLB_D,SUM,2002-04-02T00:00Z,17348.0,,0.0,
0-20000-0-11519,RGLB_D,SUM,2002-04-03T00:00Z,18770.0,,0.0,
0-20000-0-11519,RGLB_D,SUM,2002-04-04T00:00Z,20077.0,,0.0,
0-20000-0-11519,RGLB_D,SUM,2002-04-05T00:00Z,13932.0,,0.0,
0-20000-0-11519,RGLB_D,SUM,2002-04-06T00:00Z,10206.0,,0.0,
0-20000-0-11519,RGLB_D,SUM,2002-04-07T00:00Z,20322.0,,0.0,
0-20000-0-11519,RGLB_D,SUM,2002-04-08T00:00Z,18932.0,,0.0,
0-20000-0-11519,RGLB_D,SUM,2002-04-09T00:00Z,14501.0,,0.0,
0-20000-0-11519,RGLB_D,SUM,2002-04-10T00:00Z,9799.0,,0.0,
0-20000-0-11519,RGLB_D,SUM,2002-04-11T00:00Z,4054.0,,0.0,
0-20000-0-11519,RGLB_D,SUM,2002-04-12T00:00Z,4914.0,,0.0,
0-20000-0-11519,RGLB_D,SUM,2002-04-13T00:00Z,4550.0,,0.0,
0-20000-0-11519,RGLB_D,SUM,2002-04-14T00:00Z,2142.0,,0.0,
0-20000-0-11519,RGLB_D,SUM,2002-04-15T00:00Z,3827.0,,0.0,
0-20000-0-11519,RGLB_D,SUM,2002-04-16T00:00Z,18148.0,,0.0,
0-20000-0-11519,RGLB_D,SUM,2002-04-17T00:00Z,12686.0,,0.0,
0-20000-0-11519,RGLB_D,SUM,2002-04-18T00:00Z,18673.0,,0.0,
0-20000-0-11519,RGLB_D,SUM,2002-04-19T00:00Z,11567.0,,0.0,
0-20000-0-11519,RGLB_D,SUM,2002-04-20T00:00Z,7358.0,,0.0,
0-20000-0-11519,RGLB_D,SUM,2002-04-21T00:00Z,17492.0,,0.0,
0-20000-0-11519,RGLB_D,SUM,2002-04-22T00:00Z,8132.0,,0.0,
0-20000-0-11519,RGLB_D,SUM,2002-04-23T00:00Z,15714.0,,0.0,
0-20000-0-11519,RGLB_D,SUM,2002-04-24T00:00Z,15026.0,,0.0,
0-20000-0-11519,RGLB_D,SUM,2002-04-25T00:00Z,14029.0,,0.0,
0-20000-0-11519,RGLB_D,SUM,2002-04-26T00:00Z,17100.0,,0.0,
0-20000-0-11519,RGLB_D,SUM,2002-04-27T00:00Z,18227.0,,0.0,
0-20000-0-11519,RGLB_D,SUM,2002-04-28T00:00Z,14735.0,,0.0,
0-20000-0-11519,RGLB_D,SUM,2002-04-29T00:00Z,12784.0,,0.0,
0-20000-0-11519,RGLB_D,SUM,2002-04-30T00:00Z,19746.0,,0.0,
0-20000-0-11519,RGLB_D,SUM,2002-05-01T00:00Z,22694.0,,0.0,
0-20000-0-11519,RGLB_D,SUM,2002-05-02T00:00Z,20506.0,,0.0,
0-20000-0-11519,RGLB_D,SUM,2002-05-03T00:00Z,17845.0,,0.0,
0-20000-0-11519,RGLB_D,SUM,2002-05-04T00:00Z,18590.0,,0.0,
0-20000-0-11519,RGLB_D,SUM,2002-05-05T00:00Z,6538.0,,0.0,
0-20000-0-11519,RGLB_D,SUM,2002-05-06T00:00Z,14220.0,,0.0,
0-20000-0-11519,RGLB_D,SUM,2002-05-07T00:00Z,20344.0,,0.0,
0-20000-0-11519,RGLB_D,SUM,2002-05-08T00:00Z,22324.0,,0.0,
0-20000-0-11519,RGLB_D,SUM,2002-05-09T00:00Z,24289.0,,0.0,
0-20000-0-11519,RGLB_D,SUM,2002-05-10T00:00Z,18299.0,,0.0,
0-20000-0-11519,RGLB_D,SUM,2002-05-11T00:00Z,10314.0,,0.0,
0-20000-0-11519,RGLB_D,SUM,2002-05-12T00:00Z,16042.0,,0.0,
0-20000-0-11519,RGLB_D,SUM,2002-05-13T00:00Z,19732.0,,0.0,
0-20000-0-11519,RGLB_D,SUM,2002-05-14T00:00Z,19588.0,,0.0,
0-20000-0-11519,RGLB_D,SUM,2002-05-15T00:00Z,16960.0,,0.0,
0-20000-0-11519,RGLB_D,SUM,2002-05-16T00:00Z,26982.0,,0.0,
0-20000-0-11519,RGLB_D,SUM,2002-05-17T00:00Z,24070.0,,0.0,
0-20000-0-11519,RGLB_D,SUM,2002-05-18T00:00Z,24718.0,,0.0,
0-20000-0-11519,RGLB_D,SUM,2002-05-19T00:00Z,9803.0,,0.0,
0-20000-0-11519,RGLB_D,SUM,2002-05-20T00:00Z,11794.0,,0.0,
0-20000-0-11519,RGLB_D,SUM,2002-05-21T00:00Z,19534.0,,0.0,
0-20000-0-11519,RGLB_D,SUM,2002-05-22T00:00Z,24109.0,,0.0,
0-20000-0-11519,RGLB_D,SUM,2002-05-23T00:00Z,20776.0,,0.0,
0-20000-0-11519,RGLB_D,SUM,2002-05-24T00:00Z,5263.0,,0.0,
0-20000-0-11519,RGLB_D,SUM,2002-05-25T00:00Z,15890.0,,0.0,
0-20000-0-11519,RGLB_D,SUM,2002-05-26T00:00Z,3528.0,,0.0,
0-20000-0-11519,RGLB_D,SUM,2002-05-27T00:00Z,15869.0,,0.0,
0-20000-0-11519,RGLB_D,SUM,2002-05-28T00:00Z,4255.0,,0.0,
0-20000-0-11519,RGLB_D,SUM,2002-05-29T00:00Z,22558.0,,0.0,
0-20000-0-11519,RGLB_D,SUM,2002-05-30T00:00Z,24080.0,,0.0,
0-20000-0-11519,RGLB_D,SUM,2002-05-31T00:00Z,24649.0,,0.0,
0-20000-0-11519,RGLB_D,SUM,2002-06-01T00:00Z,25247.0,,0.0,
0-20000-0-11519,RGLB_D,SUM,2002-06-02T00:00Z,24433.0,,0.0,
0-20000-0-11519,RGLB_D,SUM,2002-06-03T00:00Z,25376.0,,0.0,
0-20000-0-11519,RGLB_D,SUM,2002-06-04T00:00Z,23281.0,,0.0,
0-20000-0-11519,RGLB_D,SUM,2002-06-05T00:00Z,17741.0,,0.0,
0-20000-0-11519,RGLB_D,SUM,2002-06-06T00:00Z,6332.0,,0.0,
0-20000-0-11519,RGLB_D,SUM,2002-06-07T00:00Z,6469.0,,0.0,
0-20000-0-11519,RGLB_D,SUM,2002-06-08T00:00Z,3820.0,,0.0,
0-20000-0-11519,RGLB_D,SUM,2002-06-09T00:00Z,7513.0,,0.0,
0-20000-0-11519,RGLB_D,SUM,2002-06-10T00:00Z,12528.0,,0.0,
0-20000-0-11519,RGLB_D,SUM,2002-06-11T00:00Z,20772.0,,0.0,
0-20000-0-11519,RGLB_D,SUM,2002-06-12T00:00Z,26849.0,,0.0,
0-20000-0-11519,RGLB_D,SUM,2002-06-13T00:00Z,17723.0,,0.0,
0-20000-0-11519,RGLB_D,SUM,2002-06-14T00:00Z,17338.0,,0.0,
0-20000-0-11519,RGLB_D,SUM,2002-06-15T00:00Z,15376.0,,0.0,
0-20000-0-11519,RGLB_D,SUM,2002-06-16T00:00Z,16916.0,,0.0,
0-20000-0-11519,RGLB_D,SUM,2002-06-17T00:00Z,27410.0,,0.0,
0-20000-0-11519,RGLB_D,SUM,2002-06-18T00:00Z,27421.0,,0.0,
0-20000-0-11519,RGLB_D,SUM,2002-06-19T00:00Z,27432.0,,0.0,
0-20000-0-11519,RGLB_D,SUM,2002-06-20T00:00Z,27353.0,,0.0,
0-20000-0-11519,RGLB_D,SUM,2002-06-21T00:00Z,21233.0,,0.0,
0-20000-0-11519,RGLB_D,SUM,2002-06-22T00:00Z,26075.0,,0.0,
0-20000-0-11519,RGLB_D,SUM,2002-06-23T00:00Z,25117.0,,0.0,
0-20000-0-11519,RGLB_D,SUM,2002-06-24T00:00Z,8788.0,,0.0,
0-20000-0-11519,RGLB_D,SUM,2002-06-25T00:00Z,21337.0,,0.0,
0-20000-0-11519,RGLB_D,SUM,2002-06-26T00:00Z,28094.0,,0.0,
0-20000-0-11519,RGLB_D,SUM,2002-06-27T00:00Z,27212.0,,0.0,
0-20000-0-11519,RGLB_D,SUM,2002-06-28T00:00Z,19796.0,,0.0,
0-20000-0-11519,RGLB_D,SUM,2002-06-29T00:00Z,16096.0,,0.0,
0-20000-0-11519,RGLB_D,SUM,2002-06-30T00:00Z,27176.0,,0.0,
0-20000-0-11519,RGLB_D,SUM,2002-07-01T00:00Z,20732.0,,0.0,
0-20000-0-11519,RGLB_D,SUM,2002-07-02T00:00Z,3222.0,,0.0,
0-20000-0-11519,RGLB_D,SUM,2002-07-03T00:00Z,23227.0,,0.0,
0-20000-0-11519,RGLB_D,SUM,2002-07-04T00:00Z,14022.0,,0.0,
0-20000-0-11519,RGLB_D,SUM,2002-07-05T00:00Z,27036.0,,0.0,
0-20000-0-11519,RGLB_D,SUM,2002-07-06T00:00Z,25870.0,,0.0,
0-20000-0-11519,RGLB_D,SUM,2002-07-07T00:00Z,20340.0,,0.0,
0-20000-0-11519,RGLB_D,SUM,2002-07-08T00:00Z,26536.0,,0.0,
0-20000-0-11519,RGLB_D,SUM,2002-07-09T00:00Z,28350.0,,0.0,
0-20000-0-11519,RGLB_D,SUM,2002-07-10T00:00Z,23512.0,,0.0,
0-20000-0-11519,RGLB_D,SUM,2002-07-11T00:00Z,10778.0,,0.0,
0-20000-0-11519,RGLB_D,SUM,2002-07-12T00:00Z,24509.0,,0.0,
0-20000-0-11519,RGLB_D,SUM,2002-07-13T00:00Z,20862.0,,0.0,
0-20000-0-11519,RGLB_D,SUM,2002-07-14T00:00Z,21823.0,,0.0,
0-20000-0-11519,RGLB_D,SUM,2002-07-15T00:00Z,14890.0,,0.0,
0-20000-0-11519,RGLB_D,SUM,2002-07-16T00:00Z,7517.0,,0.0,
0-20000-0-11519,RGLB_D,SUM,2002-07-17T00:00Z,16171.0,,0.0,
0-20000-0-11519,RGLB_D,SUM,2002-07-18T00:00Z,5368.0,,0.0,
0-20000-0-11519,RGLB_D,SUM,2002-07-19T00:00Z,11966.0,,0.0,
0-20000-0-11519,RGLB_D,SUM,2002-07-20T00:00Z,22806.0,,0.0,
0-20000-0-11519,RGLB_D,SUM,2002-07-21T00:00Z,21323.0,,0.0,
0-20000-0-11519,RGLB_D,SUM,2002-07-22T00:00Z,16812.0,,0.0,
0-20000-0-11519,RGLB_D,SUM,2002-07-23T00:00Z,16898.0,,0.0,
0-20000-0-11519,RGLB_D,SUM,2002-07-24T00:00Z,9706.0,,0.0,
0-20000-0-11519,RGLB_D,SUM,2002-07-25T00:00Z,12812.0,,0.0,
0-20000-0-11519,RGLB_D,SUM,2002-07-26T00:00Z,11729.0,,0.0,
0-20000-0-11519,RGLB_D,SUM,2002-07-27T00:00Z,13309.0,,0.0,
0-20000-0-11519,RGLB_D,SUM,2002-07-28T00:00Z,25639.0,,0.0,
0-20000-0-11519,RGLB_D,SUM,2002-07-29T00:00Z,24628.0,,0.0,
0-20000-0-11519,RGLB_D,SUM,2002-07-30T00:00Z,23843.0,,0.0,
0-20000-0-11519,RGLB_D,SUM,2002-07-31T00:00Z,20009.0,,0.0,
0-20000-0-11519,RGLB_D,SUM,2002-08-01T00:00Z,7258.0,,0.0,
0-20000-0-11519,RGLB_D,SUM,2002-08-02T00:00Z,8860.0,,0.0,
0-20000-0-11519,RGLB_D,SUM,2002-08-03T00:00Z,22432.0,,0.0,
0-20000-0-11519,RGLB_D,SUM,2002-08-04T00:00Z,14018.0,,0.0,
0-20000-0-11519,RGLB_D,SUM,2002-08-05T00:00Z,18162.0,,0.0,
0-20000-0-11519,RGLB_D,SUM,2002-08-06T00:00Z,14990.0,,0.0,
0-20000-0-11519,RGLB_D,SUM,2002-08-07T00:00Z,8140.0,,0.0,
0-20000-0-11519,RGLB_D,SUM,2002-08-08T00:00Z,14386.0,,0.0,
0-20000-0-11519,RGLB_D,SUM,2002-08-09T00:00Z,19750.0,,0.0,
0-20000-0-11519,RGLB_D,SUM,2002-08-10T00:00Z,18302.0,,0.0,
0-20000-0-11519,RGLB_D,SUM,2002-08-11T00:00Z,9932.0,,0.0,
0-20000-0-11519,RGLB_D,SUM,2002-08-12T00:00Z,2563.0,,0.0,
0-20000-0-11519,RGLB_D,SUM,2002-08-13T00:00Z,2808.0,,0.0,
0-20000-0-11519,RGLB_D,SUM,2002-08-14T00:00Z,12920.0,,0.0,
0-20000-0-11519,RGLB_D,SUM,2002-08-15T00:00Z,18601.0,,0.0,
0-20000-0-11519,RGLB_D,SUM,2002-08-16T00:00Z,13936.0,,0.0,
0-20000-0-11519,RGLB_D,SUM,2002-08-17T00:00Z,20988.0,,0.0,
0-20000-0-11519,RGLB_D,SUM,2002-08-18T00:00Z,19901.0,,0.0,
0-20000-0-11519,RGLB_D,SUM,2002-08-19T00:00Z,19886.0,,0.0,
0-20000-0-11519,RGLB_D,SUM,2002-08-20T00:00Z,20858.0,,0.0,
0-20000-0-11519,RGLB_D,SUM,2002-08-21T00:00Z,17525.0,,0.0,
0-20000-0-11519,RGLB_D,SUM,2002-08-22T00:00Z,15642.0,,0.0,
0-20000-0-11519,RGLB_D,SUM,2002-08-23T00:00Z,17608.0,,0.0,
0-20000-0-11519,RGLB_D,SUM,2002-08-24T00:00Z,18832.0,,0.0,
0-20000-0-11519,RGLB_D,SUM,2002-08-25T00:00Z,17654.0,,0.0,
0-20000-0-11519,RGLB_D,SUM,2002-08-26T00:00Z,19314.0,,0.0,
0-20000-0-11519,RGLB_D,SUM,2002-08-27T00:00Z,16970.0,,0.0,
0-20000-0-11519,RGLB_D,SUM,2002-08-28T00:00Z,11552.0,,0.0,
0-20000-0-11519,RGLB_D,SUM,2002-08-29T00:00Z,16492.0,,0.0,
0-20000-0-11519,RGLB_D,SUM,2002-08-30T00:00Z,16186.0,,0.0,
0-20000-0-11519,RGLB_D,SUM,2002-08-31T00:00Z,16603.0,,0.0,
0-20000-0-11519,RGLB_D,SUM,2002-09-01T00:00Z,3161.0,,0.0,
0-20000-0-11519,RGLB_D,SUM,2002-09-02T00:00Z,15469.0,,0.0,
0-20000-0-11519,RGLB_D,SUM,2002-09-03T00:00Z,17111.0,,0.0,
0-20000-0-11519,RGLB_D,SUM,2002-09-04T00:00Z,17863.0,,0.0,
0-20000-0-11519,RGLB_D,SUM,2002-09-05T00:00Z,9968.0,,0.0,
0-20000-0-11519,RGLB_D,SUM,2002-09-06T00:00Z,15710.0,,0.0,
0-20000-0-11519,RGLB_D,SUM,2002-09-07T00:00Z,14566.0,,0.0,
0-20000-0-11519,RGLB_D,SUM,2002-09-08T00:00Z,16942.0,,0.0,
0-20000-0-11519,RGLB_D,SUM,2002-09-09T00:00Z,15358.0,,0.0,
0-20000-0-11519,RGLB_D,SUM,2002-09-10T00:00Z,10138.0,,0.0,
0-20000-0-11519,RGLB_D,SUM,2002-09-11T00:00Z,8258.0,,0.0,
0-20000-0-11519,RGLB_D,SUM,2002-09-12T00:00Z,17316.0,,0.0,
0-20000-0-11519,RGLB_D,SUM,2002-09-13T00:00Z,16528.0,,0.0,
0-20000-0-11519,RGLB_D,SUM,2002-09-14T00:00Z,14566.0,,0.0,
0-20000-0-11519,RGLB_D,SUM,2002-09-15T00:00Z,9130.0,,0.0,
0-20000-0-11519,RGLB_D,SUM,2002-09-16T00:00Z,10181.0,,0.0,
0-20000-0-11519,RGLB_D,SUM,2002-09-17T00:00Z,6707.0,,0.0,
0-20000-0-11519,RGLB_D,SUM,2002-09-18T00:00Z,9180.0,,0.0,
0-20000-0-11519,RGLB_D,SUM,2002-09-19T00:00Z,11358.0,,0.0,
0-20000-0-11519,RGLB_D,SUM,2002-09-20T00:00Z,2635.0,,0.0,
0-20000-0-11519,RGLB_D,SUM,2002-09-21T00:00Z,7906.0,,0.0,
0-20000-0-11519,RGLB_D,SUM,2002-09-22T00:00Z,9212.0,,0.0,
0-20000-0-11519,RGLB_D,SUM,2002-09-23T00:00Z,4748.0,,0.0,
0-20000-0-11519,RGLB_D,SUM,2002-09-24T00:00Z,5306.0,,0.0,
0-20000-0-11519,RGLB_D,SUM,2002-09-25T00:00Z,2552.0,,0.0,
0-20000-0-11519,RGLB_D,SUM,2002-09-26T00:00Z,3578.0,,0.0,
0-20000-0-11519,RGLB_D,SUM,2002-09-27T00:00Z,9018.0,,0.0,
0-20000-0-11519,RGLB_D,SUM,2002-09-28T00:00Z,12492.0,,0.0,
0-20000-0-11519,RGLB_D,SUM,2002-09-29T00:00Z,12913.0,,0.0,
0-20000-0-11519,RGLB_D,SUM,2002-09-30T00:00Z,11221.0,,0.0,
0-20000-0-11519,RGLB_D,SUM,2002-10-01T00:00Z,12334.0,,0.0,
0-20000-0-11519,RGLB_D,SUM,2002-10-02T00:00Z,11268.0,,0.0,
0-20000-0-11519,RGLB_D,SUM,2002-10-03T00:00Z,8608.0,,0.0,
0-20000-0-11519,RGLB_D,SUM,2002-10-04T00:00Z,3298.0,,0.0,
0-20000-0-11519,RGLB_D,SUM,2002-10-05T00:00Z,7819.0,,0.0,
0-20000-0-11519,RGLB_D,SUM,2002-10-06T00:00Z,5987.0,,0.0,
0-20000-0-11519,RGLB_D,SUM,2002-10-07T00:00Z,7549.0,,0.0,
0-20000-0-11519,RGLB_D,SUM,2002-10-08T00:00Z,7016.0,,0.0,
0-20000-0-11519,RGLB_D,SUM,2002-10-09T00:00Z,6584.0,,0.0,
0-20000-0-11519,RGLB_D,SUM,2002-10-10T00:00Z,2416.0,,0.0,
0-20000-0-11519,RGLB_D,SUM,2002-10-11T00:00Z,1228.0,,0.0,
0-20000-0-11519,RGLB_D,SUM,2002-10-12T00:00Z,2495.0,,0.0,
0-20000-0-11519,RGLB_D,SUM,2002-10-13T00:00Z,1559.0,,0.0,
0-20000-0-11519,RGLB_D,SUM,2002-10-14T00:00Z,3298.0,,0.0,
0-20000-0-11519,RGLB_D,SUM,2002-10-15T00:00Z,8334.0,,0.0,
0-20000-0-11519,RGLB_D,SUM,2002-10-16T00:00Z,2160.0,,0.0,
0-20000-0-11519,RGLB_D,SUM,2002-10-17T00:00Z,1476.0,,0.0,
0-20000-0-11519,RGLB_D,SUM,2002-10-18T00:00Z,4115.0,,0.0,
0-20000-0-11519,RGLB_D,SUM,2002-10-19T00:00Z,4828.0,,0.0,
0-20000-0-11519,RGLB_D,SUM,2002-10-20T00:00Z,8273.0,,0.0,
0-20000-0-11519,RGLB_D,SUM,2002-10-21T00:00Z,2452.0,,0.0,
0-20000-0-11519,RGLB_D,SUM,2002-10-22T00:00Z,3092.0,,0.0,
0-20000-0-11519,RGLB_D,SUM,2002-10-23T00:00Z,6566.0,,0.0,
0-20000-0-11519,RGLB_D,SUM,2002-10-24T00:00Z,7110.0,,0.0,
0-20000-0-11519,RGLB_D,SUM,2002-10-25T00:00Z,5483.0,,0.0,
0-20000-0-11519,RGLB_D,SUM,2002-10-26T00:00Z,5558.0,,0.0,
0-20000-0-11519,RGLB_D,SUM,2002-10-27T00:00Z,1426.0,,0.0,
0-20000-0-11519,RGLB_D,SUM,2002-10-28T00:00Z,4961.0,,0.0,
0-20000-0-11519,RGLB_D,SUM,2002-10-29T00:00Z,6962.0,,0.0,
0-20000-0-11519,RGLB_D,SUM,2002-10-30T00:00Z,1382.0,,0.0,
0-20000-0-11519,RGLB_D,SUM,2002-10-31T00:00Z,4842.0,,0.0,
0-20000-0-11519,RGLB_D,SUM,2002-11-01T00:00Z,6505.0,,0.0,
0-20000-0-11519,RGLB_D,SUM,2002-11-02T00:00Z,1368.0,,0.0,
0-20000-0-11519,RGLB_D,SUM,2002-11-03T00:00Z,2304.0,,0.0,
0-20000-0-11519,RGLB_D,SUM,2002-11-04T00:00Z,1490.0,,0.0,
0-20000-0-11519,RGLB_D,SUM,2002-11-05T00:00Z,3370.0,,0.0,
0-20000-0-11519,RGLB_D,SUM,2002-11-06T00:00Z,3704.0,,0.0,
0-20000-0-11519,RGLB_D,SUM,2002-11-07T00:00Z,2286.0,,0.0,
0-20000-0-11519,RGLB_D,SUM,2002-11-08T00:00Z,2812.0,,0.0,
0-20000-0-11519,RGLB_D,SUM,2002-11-09T00:00Z,4219.0,,0.0,
0-20000-0-11519,RGLB_D,SUM,2002-11-10T00:00Z,4500.0,,0.0,
0-20000-0-11519,RGLB_D,SUM,2002-11-11T00:00Z,1634.0,,0.0,
0-20000-0-11519,RGLB_D,SUM,2002-11-12T00:00Z,4716.0,,0.0,
0-20000-0-11519,RGLB_D,SUM,2002-11-13T00:00Z,4532.0,,0.0,
0-20000-0-11519,RGLB_D,SUM,2002-11-14T00:00Z,2156.0,,0.0,
0-20000-0-11519,RGLB_D,SUM,2002-11-15T00:00Z,2149.0,,0.0,
0-20000-0-11519,RGLB_D,SUM,2002-11-16T00:00Z,2128.0,,0.0,
0-20000-0-11519,RGLB_D,SUM,2002-11-17T00:00Z,5504.0,,0.0,
0-20000-0-11519,RGLB_D,SUM,2002-11-18T00:00Z,1775.0,,0.0,
0-20000-0-11519,RGLB_D,SUM,2002-11-19T00:00Z,266.0,,0.0,
0-20000-0-11519,RGLB_D,SUM,2002-11-20T00:00Z,1516.0,,0.0,
0-20000-0-11519,RGLB_D,SUM,2002-11-21T00:00Z,1325.0,,0.0,
0-20000-0-11519,RGLB_D,SUM,2002-11-22T00:00Z,1123.0,,0.0,
0-20000-0-11519,RGLB_D,SUM,2002-11-23T00:00Z,871.0,,0.0,
0-20000-0-11519,RGLB_D,SUM,2002-11-24T00:00Z,2005.0,,0.0,
0-20000-0-11519,RGLB_D,SUM,2002-11-25T00:00Z,1901.0,,0.0,
0-20000-0-11519,RGLB_D,SUM,2002-11-26T00:00Z,680.0,,0.0,
0-20000-0-11519,RGLB_D,SUM,2002-11-27T00:00Z,299.0,,0.0,
0-20000-0-11519,RGLB_D,SUM,2002-11-28T00:00Z,634.0,,0.0,
0-20000-0-11519,RGLB_D,SUM,2002-11-29T00:00Z,864.0,,0.0,
0-20000-0-11519,RGLB_D,SUM,2002-11-30T00:00Z,504.0,,0.0,
0-20000-0-11519,RGLB_D,SUM,2002-12-01T00:00Z,2480.0,,0.0,
0-20000-0-11519,RGLB_D,SUM,2002-12-02T00:00Z,2599.0,,0.0,
0-20000-0-11519,RGLB_D,SUM,2002-12-03T00:00Z,637.0,,0.0,
0-20000-0-11519,RGLB_D,SUM,2002-12-04T00:00Z,511.0,,0.0,
0-20000-0-11519,RGLB_D,SUM,2002-12-05T00:00Z,1030.0,,0.0,
0-20000-0-11519,RGLB_D,SUM,2002-12-06T00:00Z,468.0,,0.0,
0-20000-0-11519,RGLB_D,SUM,2002-12-07T00:00Z,2203.0,,0.0,
0-20000-0-11519,RGLB_D,SUM,2002-12-08T00:00Z,4302.0,,0.0,
0-20000-0-11519,RGLB_D,SUM,2002-12-09T00:00Z,3982.0,,0.0,
0-20000-0-11519,RGLB_D,SUM,2002-12-10T00:00Z,3935.0,,0.0,
0-20000-0-11519,RGLB_D,SUM,2002-12-11T00:00Z,4482.0,,0.0,
0-20000-0-11519,RGLB_D,SUM,2002-12-12T00:00Z,821.0,,0.0,
0-20000-0-11519,RGLB_D,SUM,2002-12-13T00:00Z,601.0,,0.0,
0-20000-0-11519,RGLB_D,SUM,2002-12-14T00:00Z,961.0,,0.0,
0-20000-0-11519,RGLB_D,SUM,2002-12-15T00:00Z,274.0,,0.0,
0-20000-0-11519,RGLB_D,SUM,2002-12-16T00:00Z,673.0,,0.0,
0-20000-0-11519,RGLB_D,SUM,2002-12-17T00:00Z,360.0,,0.0,
0-20000-0-11519,RGLB_D,SUM,2002-12-18T00:00Z,2239.0,,0.0,
0-20000-0-11519,RGLB_D,SUM,2002-12-19T00:00Z,2185.0,,0.0,
0-20000-0-11519,RGLB_D,SUM,2002-12-20T00:00Z,2894.0,,0.0,
0-20000-0-11519,RGLB_D,SUM,2002-12-21T00:00Z,1127.0,,0.0,
0-20000-0-11519,RGLB_D,SUM,2002-12-22T00:00Z,1073.0,,0.0,
0-20000-0-11519,RGLB_D,SUM,2002-12-23T00:00Z,1066.0,,0.0,
0-20000-0-11519,RGLB_D,SUM,2002-12-24T00:00Z,1026.0,,0.0,
0-20000-0-11519,RGLB_D,SUM,2002-12-25T00:00Z,1001.0,,0.0,
0-20000-0-11519,RGLB_D,SUM,2002-12-26T00:00Z,875.0,,0.0,
0-20000-0-11519,RGLB_D,SUM,2002-12-27T00:00Z,1328.0,,0.0,
0-20000-0-11519,RGLB_D,SUM,2002-12-28T00:00Z,1087.0,,0.0,
0-20000-0-11519,RGLB_D,SUM,2002-12-29T00:00Z,1940.0,,0.0,
0-20000-0-11519,RGLB_D,SUM,2002-12-30T00:00Z,3164.0,,0.0,
0-20000-0-11519,RGLB_D,SUM,2002-12-31T00:00Z,1220.0,,0.0,
0-20000-0-11519,RGLB_D,SUM,2003-01-01T00:00Z,1966.0,,0.0,
0-20000-0-11519,RGLB_D,SUM,2003-01-02T00:00Z,1148.0,,0.0,
0-20000-0-11519,RGLB_D,SUM,2003-01-03T00:00Z,2315.0,,0.0,
0-20000-0-11519,RGLB_D,SUM,2003-01-04T00:00Z,994.0,,0.0,
0-20000-0-11519,RGLB_D,SUM,2003-01-05T00:00Z,1832.0,,0.0,
0-20000-0-11519,RGLB_D,SUM,2003-01-06T00:00Z,4054.0,,0.0,
0-20000-0-11519,RGLB_D,SUM,2003-01-07T00:00Z,1814.0,,0.0,
0-20000-0-11519,RGLB_D,SUM,2003-01-08T00:00Z,4489.0,,0.0,
0-20000-0-11519,RGLB_D,SUM,2003-01-09T00:00Z,3424.0,,0.0,
0-20000-0-11519,RGLB_D,SUM,2003-01-10T00:00Z,1271.0,,0.0,
0-20000-0-11519,RGLB_D,SUM,2003-01-11T00:00Z,4043.0,,0.0,
0-20000-0-11519,RGLB_D,SUM,2003-01-12T00:00Z,947.0,,0.0,
0-20000-0-11519,RGLB_D,SUM,2003-01-13T00:00Z,637.0,,0.0,
0-20000-0-11519,RGLB_D,SUM,2003-01-14T00:00Z,1735.0,,0.0,
0-20000-0-11519,RGLB_D,SUM,2003-01-15T00:00Z,1098.0,,0.0,
0-20000-0-11519,RGLB_D,SUM,2003-01-16T00:00Z,2470.0,,0.0,
0-20000-0-11519,RGLB_D,SUM,2003-01-17T00:00Z,5090.0,,0.0,
0-20000-0-11519,RGLB_D,SUM,2003-01-18T00:00Z,3726.0,,0.0,
0-20000-0-11519,RGLB_D,SUM,2003-01-19T00:00Z,4788.0,,0.0,
0-20000-0-11519,RGLB_D,SUM,2003-01-20T00:00Z,4104.0,,0.0,
0-20000-0-11519,RGLB_D,SUM,2003-01-21T00:00Z,778.0,,0.0,
0-20000-0-11519,RGLB_D,SUM,2003-01-22T00:00Z,1685.0,,0.0,
0-20000-0-11519,RGLB_D,SUM,2003-01-23T00:00Z,1037.0,,0.0,
0-20000-0-11519,RGLB_D,SUM,2003-01-24T00:00Z,281.0,,0.0,
0-20000-0-11519,RGLB_D,SUM,2003-01-25T00:00Z,562.0,,0.0,
0-20000-0-11519,RGLB_D,SUM,2003-01-26T00:00Z,1411.0,,0.0,
0-20000-0-11519,RGLB_D,SUM,2003-01-27T00:00Z,731.0,,0.0,
0-20000-0-11519,RGLB_D,SUM,2003-01-28T00:00Z,3006.0,,0.0,
0-20000-0-11519,RGLB_D,SUM,2003-01-29T00:00Z,2452.0,,0.0,
0-20000-0-11519,RGLB_D,SUM,2003-01-30T00:00Z,3852.0,,0.0,
0-20000-0-11519,RGLB_D,SUM,2003-01-31T00:00Z,3071.0,,0.0,
0-20000-0-11519,RGLB_D,SUM,2003-02-01T00:00Z,4975.0,,0.0,
0-20000-0-11519,RGLB_D,SUM,2003-02-02T00:00Z,3697.0,,0.0,
0-20000-0-11519,RGLB_D,SUM,2003-02-03T00:00Z,4507.0,,0.0,
0-20000-0-11519,RGLB_D,SUM,2003-02-04T00:00Z,4032.0,,0.0,
0-20000-0-11519,RGLB_D,SUM,2003-02-05T00:00Z,4982.0,,0.0,
0-20000-0-11519,RGLB_D,SUM,2003-02-06T00:00Z,3208.0,,0.0,
0-20000-0-11519,RGLB_D,SUM,2003-02-07T00:00Z,5483.0,,0.0,
0-20000-0-11519,RGLB_D,SUM,2003-02-08T00:00Z,3524.0,,0.0,
0-20000-0-11519,RGLB_D,SUM,2003-02-09T00:00Z,5396.0,,0.0,
0-20000-0-11519,RGLB_D,SUM,2003-02-10T00:00Z,1260.0,,0.0,
0-20000-0-11519,RGLB_D,SUM,2003-02-11T00:00Z,1073.0,,0.0,
0-20000-0-11519,RGLB_D,SUM,2003-02-12T00:00Z,8284.0,,0.0,
0-20000-0-11519,RGLB_D,SUM,2003-02-13T00:00Z,8575.0,,0.0,
0-20000-0-11519,RGLB_D,SUM,2003-02-14T00:00Z,8230.0,,0.0,
0-20000-0-11519,RGLB_D,SUM,2003-02-15T00:00Z,1397.0,,0.0,
0-20000-0-11519,RGLB_D,SUM,2003-02-16T00:00Z,3938.0,,0.0,
0-20000-0-11519,RGLB_D,SUM,2003-02-17T00:00Z,9421.0,,0.0,
0-20000-0-11519,RGLB_D,SUM,2003-02-18T00:00Z,7996.0,,0.0,
0-20000-0-11519,RGLB_D,SUM,2003-02-19T00:00Z,2657.0,,0.0,
0-20000-0-11519,RGLB_D,SUM,2003-02-20T00:00Z,1627.0,,0.0,
0-20000-0-11519,RGLB_D,SUM,2003-02-21T00:00Z,2560.0,,0.0,
0-20000-0-11519,RGLB_D,SUM,2003-02-22T00:00Z,9803.0,,0.0,
0-20000-0-11519,RGLB_D,SUM,2003-02-23T00:00Z,10994.0,,0.0,
0-20000-0-11519,RGLB_D,SUM,2003-02-24T00:00Z,10613.0,,0.0,
0-20000-0-11519,RGLB_D,SUM,2003-02-25T00:00Z,10462.0,,0.0,
0-20000-0-11519,RGLB_D,SUM,2003-02-26T00:00Z,10944.0,,0.0,
0-20000-0-11519,RGLB_D,SUM,2003-02-27T00:00Z,10170.0,,0.0,
0-20000-0-11519,RGLB_D,SUM,2003-02-28T00:00Z,8089.0,,0.0,
0-20000-0-11519,RGLB_D,SUM,2003-03-01T00:00Z,5760.0,,0.0,
0-20000-0-11519,RGLB_D,SUM,2003-03-02T00:00Z,4777.0,,0.0,
0-20000-0-11519,RGLB_D,SUM,2003-03-03T00:00Z,2351.0,,0.0,
0-20000-0-11519,RGLB_D,SUM,2003-03-04T00:00Z,4219.0,,0.0,
0-20000-0-11519,RGLB_D,SUM,2003-03-05T00:00Z,6430.0,,0.0,
0-20000-0-11519,RGLB_D,SUM,2003-03-06T00:00Z,10627.0,,0.0,
0-20000-0-11519,RGLB_D,SUM,2003-03-07T00:00Z,2761.0,,0.0,
0-20000-0-11519,RGLB_D,SUM,2003-03-08T00:00Z,7744.0,,0.0,
0-20000-0-11519,RGLB_D,SUM,2003-03-09T00:00Z,5468.0,,0.0,
0-20000-0-11519,RGLB_D,SUM,2003-03-10T00:00Z,13781.0,,0.0,
0-20000-0-11519,RGLB_D,SUM,2003-03-11T00:00Z,6772.0,,0.0,
0-20000-0-11519,RGLB_D,SUM,2003-03-12T00:00Z,7243.0,,0.0,
0-20000-0-11519,RGLB_D,SUM,2003-03-13T00:00Z,7841.0,,0.0,
0-20000-0-11519,RGLB_D,SUM,2003-03-14T00:00Z,4579.0,,0.0,
0-20000-0-11519,RGLB_D,SUM,2003-03-15T00:00Z,7146.0,,0.0,
0-20000-0-11519,RGLB_D,SUM,2003-03-16T00:00Z,14832.0,,0.0,
0-20000-0-11519,RGLB_D,SUM,2003-03-17T00:00Z,12946.0,,0.0,
0-20000-0-11519,RGLB_D,SUM,2003-03-18T00:00Z,11873.0,,0.0,
0-20000-0-11519,RGLB_D,SUM,2003-03-19T00:00Z,14983.0,,0.0,
0-20000-0-11519,RGLB_D,SUM,2003-03-20T00:00Z,3006.0,,0.0,
0-20000-0-11519,RGLB_D,SUM,2003-03-21T00:00Z,16052.0,,0.0,
0-20000-0-11519,RGLB_D,SUM,2003-03-22T00:00Z,17312.0,,0.0,
0-20000-0-11519,RGLB_D,SUM,2003-03-23T00:00Z,16913.0,,0.0,
0-20000-0-11519,RGLB_D,SUM,2003-03-24T00:00Z,17410.0,,0.0,
0-20000-0-11519,RGLB_D,SUM,2003-03-25T00:00Z,9065.0,,0.0,
0-20000-0-11519,RGLB_D,SUM,2003-03-26T00:00Z,11830.0,,0.0,
0-20000-0-11519,RGLB_D,SUM,2003-03-27T00:00Z,14252.0,,0.0,
0-20000-0-11519,RGLB_D,SUM,2003-03-28T00:00Z,15779.0,,0.0,
0-20000-0-11519,RGLB_D,SUM,2003-03-29T00:00Z,15156.0,,0.0,
0-20000-0-11519,RGLB_D,SUM,2003-03-30T00:00Z,9245.0,,0.0,
0-20000-0-11519,RGLB_D,SUM,2003-03-31T00:00Z,18554.0,,0.0,
0-20000-0-11519,RGLB_D,SUM,2003-04-01T00:00Z,18205.0,,0.0,
0-20000-0-11519,RGLB_D,SUM,2003-04-02T00:00Z,5400.0,,0.0,
0-20000-0-11519,RGLB_D,SUM,2003-04-03T00:00Z,10141.0,,0.0,
0-20000-0-11519,RGLB_D,SUM,2003-04-04T00:00Z,17442.0,,0.0,
0-20000-0-11519,RGLB_D,SUM,2003-04-05T00:00Z,6995.0,,0.0,
0-20000-0-11519,RGLB_D,SUM,2003-04-06T00:00Z,14087.0,,0.0,
0-20000-0-11519,RGLB_D,SUM,2003-04-07T00:00Z,7312.0,,0.0,
0-20000-0-11519,RGLB_D,SUM,2003-04-08T00:00Z,10991.0,,0.0,
0-20000-0-11519,RGLB_D,SUM,2003-04-09T00:00Z,13417.0,,0.0,
0-20000-0-11519,RGLB_D,SUM,2003-04-10T00:00Z,13702.0,,0.0,
0-20000-0-11519,RGLB_D,SUM,2003-04-11T00:00Z,8528.0,,0.0,
0-20000-0-11519,RGLB_D,SUM,2003-04-12T00:00Z,18148.0,,0.0,
0-20000-0-11519,RGLB_D,SUM,2003-04-13T00:00Z,19742.0,,0.0,
0-20000-0-11519,RGLB_D,SUM,2003-04-14T00:00Z,20642.0,,0.0,
0-20000-0-11519,RGLB_D,SUM,2003-04-15T00:00Z,20833.0,,0.0,
0-20000-0-11519,RGLB_D,SUM,2003-04-16T00:00Z,21704.0,,0.0,
0-20000-0-11519,RGLB_D,SUM,2003-04-17T00:00Z,21593.0,,0.0,
0-20000-0-11519,RGLB_D,SUM,2003-04-18T00:00Z,16600.0,,0.0,
0-20000-0-11519,RGLB_D,SUM,2003-04-19T00:00Z,6901.0,,0.0,
0-20000-0-11519,RGLB_D,SUM,2003-04-20T00:00Z,21550.0,,0.0,
0-20000-0-11519,RGLB_D,SUM,2003-04-21T00:00Z,21470.0,,0.0,
0-20000-0-11519,RGLB_D,SUM,2003-04-22T00:00Z,21949.0,,0.0,
0-20000-0-11519,RGLB_D,SUM,2003-04-23T00:00Z,18727.0,,0.0,
0-20000-0-11519,RGLB_D,SUM,2003-04-24T00:00Z,19721.0,,0.0,
0-20000-0-11519,RGLB_D,SUM,2003-04-25T00:00Z,19048.0,,0.0,
0-20000-0-11519,RGLB_D,SUM,2003-04-26T00:00Z,20758.0,,0.0,
0-20000-0-11519,RGLB_D,SUM,2003-04-27T00:00Z,12874.0,,0.0,
0-20000-0-11519,RGLB_D,SUM,2003-04-28T00:00Z,16182.0,,0.0,
0-20000-0-11519,RGLB_D,SUM,2003-04-29T00:00Z,9641.0,,0.0,
0-20000-0-11519,RGLB_D,SUM,2003-04-30T00:00Z,14825.0,,0.0,
0-20000-0-11519,RGLB_D,SUM,2003-05-01T00:00Z,19660.0,,0.0,
0-20000-0-11519,RGLB_D,SUM,2003-05-02T00:00Z,21298.0,,0.0,
0-20000-0-11519,RGLB_D,SUM,2003-05-03T00:00Z,10325.0,,0.0,
0-20000-0-11519,RGLB_D,SUM,2003-05-04T00:00Z,25992.0,,0.0,
0-20000-0-11519,RGLB_D,SUM,2003-05-05T00:00Z,25243.0,,0.0,
0-20000-0-11519,RGLB_D,SUM,2003-05-06T00:00Z,22925.0,,0.0,
0-20000-0-11519,RGLB_D,SUM,2003-05-07T00:00Z,23166.0,,0.0,
0-20000-0-11519,RGLB_D,SUM,2003-05-08T00:00Z,21784.0,,0.0,
0-20000-0-11519,RGLB_D,SUM,2003-05-09T00:00Z,19793.0,,0.0,
0-20000-0-11519,RGLB_D,SUM,2003-05-10T00:00Z,15631.0,,0.0,
0-20000-0-11519,RGLB_D,SUM,2003-05-11T00:00Z,15530.0,,0.0,
0-20000-0-11519,RGLB_D,SUM,2003-05-12T00:00Z,16682.0,,0.0,
0-20000-0-11519,RGLB_D,SUM,2003-05-13T00:00Z,16409.0,,0.0,
0-20000-0-11519,RGLB_D,SUM,2003-05-14T00:00Z,20851.0,,0.0,
0-20000-0-11519,RGLB_D,SUM,2003-05-15T00:00Z,14771.0,,0.0,
0-20000-0-11519,RGLB_D,SUM,2003-05-16T00:00Z,24800.0,,0.0,
0-20000-0-11519,RGLB_D,SUM,2003-05-17T00:00Z,22774.0,,0.0,
0-20000-0-11519,RGLB_D,SUM,2003-05-18T00:00Z,20606.0,,0.0,
0-20000-0-11519,RGLB_D,SUM,2003-05-19T00:00Z,16657.0,,0.0,
0-20000-0-11519,RGLB_D,SUM,2003-05-20T00:00Z,12179.0,,0.0,
0-20000-0-11519,RGLB_D,SUM,2003-05-21T00:00Z,16297.0,,0.0,
0-20000-0-11519,RGLB_D,SUM,2003-05-22T00:00Z,18763.0,,0.0,
0-20000-0-11519,RGLB_D,SUM,2003-05-23T00:00Z,18317.0,,0.0,
0-20000-0-11519,RGLB_D,SUM,2003-05-24T00:00Z,26435.0,,0.0,
0-20000-0-11519,RGLB_D,SUM,2003-05-25T00:00Z,26528.0,,0.0,
0-20000-0-11519,RGLB_D,SUM,2003-05-26T00:00Z,20182.0,,0.0,
0-20000-0-11519,RGLB_D,SUM,2003-05-27T00:00Z,14537.0,,0.0,
0-20000-0-11519,RGLB_D,SUM,2003-05-28T00:00Z,11722.0,,0.0,
0-20000-0-11519,RGLB_D,SUM,2003-05-29T00:00Z,23990.0,,0.0,
0-20000-0-11519,RGLB_D,SUM,2003-05-30T00:00Z,28372.0,,0.0,
0-20000-0-11519,RGLB_D,SUM,2003-05-31T00:00Z,19418.0,,0.0,
0-20000-0-11519,RGLB_D,SUM,2003-06-01T00:00Z,20858.0,,0.0,
0-20000-0-11519,RGLB_D,SUM,2003-06-02T00:00Z,27778.0,,0.0,
0-20000-0-11519,RGLB_D,SUM,2003-06-03T00:00Z,25283.0,,0.0,
0-20000-0-11519,RGLB_D,SUM,2003-06-04T00:00Z,26579.0,,0.0,
0-20000-0-11519,RGLB_D,SUM,2003-06-05T00:00Z,20207.0,,0.0,
0-20000-0-11519,RGLB_D,SUM,2003-06-06T00:00Z,22036.0,,0.0,
0-20000-0-11519,RGLB_D,SUM,2003-06-07T00:00Z,28105.0,,0.0,
0-20000-0-11519,RGLB_D,SUM,2003-06-08T00:00Z,25376.0,,0.0,
0-20000-0-11519,RGLB_D,SUM,2003-06-09T00:00Z,22759.0,,0.0,
0-20000-0-11519,RGLB_D,SUM,2003-06-10T00:00Z,27263.0,,0.0,
0-20000-0-11519,RGLB_D,SUM,2003-06-11T00:00Z,19256.0,,0.0,
0-20000-0-11519,RGLB_D,SUM,2003-06-12T00:00Z,26485.0,,0.0,
0-20000-0-11519,RGLB_D,SUM,2003-06-13T00:00Z,15505.0,,0.0,
0-20000-0-11519,RGLB_D,SUM,2003-06-14T00:00Z,25848.0,,0.0,
0-20000-0-11519,RGLB_D,SUM,2003-06-15T00:00Z,23897.0,,0.0,
0-20000-0-11519,RGLB_D,SUM,2003-06-16T00:00Z,25434.0,,0.0,
0-20000-0-11519,RGLB_D,SUM,2003-06-17T00:00Z,27997.0,,0.0,
0-20000-0-11519,RGLB_D,SUM,2003-06-18T00:00Z,7214.0,,0.0,
0-20000-0-11519,RGLB_D,SUM,2003-06-19T00:00Z,12362.0,,0.0,
0-20000-0-11519,RGLB_D,SUM,2003-06-20T00:00Z,19339.0,,0.0,
0-20000-0-11519,RGLB_D,SUM,2003-06-21T00:00Z,23864.0,,0.0,
0-20000-0-11519,RGLB_D,SUM,2003-06-22T00:00Z,25679.0,,0.0,
0-20000-0-11519,RGLB_D,SUM,2003-06-23T00:00Z,25171.0,,0.0,
0-20000-0-11519,RGLB_D,SUM,2003-06-24T00:00Z,26827.0,,0.0,
0-20000-0-11519,RGLB_D,SUM,2003-06-25T00:00Z,26611.0,,0.0,
0-20000-0-11519,RGLB_D,SUM,2003-06-26T00:00Z,21553.0,,0.0,
0-20000-0-11519,RGLB_D,SUM,2003-06-27T00:00Z,27230.0,,0.0,
0-20000-0-11519,RGLB_D,SUM,2003-06-28T00:00Z,26590.0,,0.0,
0-20000-0-11519,RGLB_D,SUM,2003-06-29T00:00Z,23627.0,,0.0,
0-20000-0-11519,RGLB_D,SUM,2003-06-30T00:00Z,24530.0,,0.0,
0-20000-0-11519,RGLB_D,SUM,2003-07-01T00:00Z,2261.0,,0.0,
0-20000-0-11519,RGLB_D,SUM,2003-07-02T00:00Z,25564.0,,0.0,
0-20000-0-11519,RGLB_D,SUM,2003-07-03T00:00Z,16996.0,,0.0,
0-20000-0-11519,RGLB_D,SUM,2003-07-04T00:00Z,18461.0,,0.0,
0-20000-0-11519,RGLB_D,SUM,2003-07-05T00:00Z,6498.0,,0.0,
0-20000-0-11519,RGLB_D,SUM,2003-07-06T00:00Z,7812.0,,0.0,
0-20000-0-11519,RGLB_D,SUM,2003-07-07T00:00Z,16312.0,,0.0,
0-20000-0-11519,RGLB_D,SUM,2003-07-08T00:00Z,17824.0,,0.0,
0-20000-0-11519,RGLB_D,SUM,2003-07-09T00:00Z,11822.0,,0.0,
0-20000-0-11519,RGLB_D,SUM,2003-07-10T00:00Z,25096.0,,0.0,
0-20000-0-11519,RGLB_D,SUM,2003-07-11T00:00Z,26161.0,,0.0,
0-20000-0-11519,RGLB_D,SUM,2003-07-12T00:00Z,17651.0,,0.0,
0-20000-0-11519,RGLB_D,SUM,2003-07-13T00:00Z,23742.0,,0.0,
0-20000-0-11519,RGLB_D,SUM,2003-07-14T00:00Z,25834.0,,0.0,
0-20000-0-11519,RGLB_D,SUM,2003-07-15T00:00Z,27482.0,,0.0,
0-20000-0-11519,RGLB_D,SUM,2003-07-16T00:00Z,26582.0,,0.0,
0-20000-0-11519,RGLB_D,SUM,2003-07-17T00:00Z,15462.0,,0.0,
0-20000-0-11519,RGLB_D,SUM,2003-07-18T00:00Z,16981.0,,0.0,
0-20000-0-11519,RGLB_D,SUM,2003-07-19T00:00Z,24808.0,,0.0,
0-20000-0-11519,RGLB_D,SUM,2003-07-20T00:00Z,25380.0,,0.0,
0-20000-0-11519,RGLB_D,SUM,2003-07-21T00:00Z,25016.0,,0.0,
0-20000-0-11519,RGLB_D,SUM,2003-07-22T00:00Z,17978.0,,0.0,
0-20000-0-11519,RGLB_D,SUM,2003-07-23T00:00Z,15970.0,,0.0,
0-20000-0-11519,RGLB_D,SUM,2003-07-24T00:00Z,21542.0,,0.0,
0-20000-0-11519,RGLB_D,SUM,2003-07-25T00:00Z,13792.0,,0.0,
0-20000-0-11519,RGLB_D,SUM,2003-07-26T00:00Z,16340.0,,0.0,
0-20000-0-11519,RGLB_D,SUM,2003-07-27T00:00Z,20945.0,,0.0,
0-20000-0-11519,RGLB_D,SUM,2003-07-28T00:00Z,11336.0,,0.0,
0-20000-0-11519,RGLB_D,SUM,2003-07-29T00:00Z,12139.0,,0.0,
0-20000-0-11519,RGLB_D,SUM,2003-07-30T00:00Z,25362.0,,0.0,
0-20000-0-11519,RGLB_D,SUM,2003-07-31T00:00Z,12056.0,,0.0,
0-20000-0-11519,RGLB_D,SUM,2003-08-01T00:00Z,19699.0,,0.0,
0-20000-0-11519,RGLB_D,SUM,2003-08-02T00:00Z,23267.0,,0.0,
0-20000-0-11519,RGLB_D,SUM,2003-08-03T00:00Z,22468.0,,0.0,
0-20000-0-11519,RGLB_D,SUM,2003-08-04T00:00Z,23458.0,,0.0,
0-20000-0-11519,RGLB_D,SUM,2003-08-05T00:00Z,22579.0,,0.0,
0-20000-0-11519,RGLB_D,SUM,2003-08-06T00:00Z,22374.0,,0.0,
0-20000-0-11519,RGLB_D,SUM,2003-08-07T00:00Z,23728.0,,0.0,
0-20000-0-11519,RGLB_D,SUM,2003-08-08T00:00Z,22104.0,,0.0,
0-20000-0-11519,RGLB_D,SUM,2003-08-09T00:00Z,23270.0,,0.0,
0-20000-0-11519,RGLB_D,SUM,2003-08-10T00:00Z,23810.0,,0.0,
0-20000-0-11519,RGLB_D,SUM,2003-08-11T00:00Z,24703.0,,0.0,
0-20000-0-11519,RGLB_D,SUM,2003-08-12T00:00Z,22702.0,,0.0,
0-20000-0-11519,RGLB_D,SUM,2003-08-13T00:00Z,19638.0,,0.0,
0-20000-0-11519,RGLB_D,SUM,2003-08-14T00:00Z,13280.0,,0.0,
0-20000-0-11519,RGLB_D,SUM,2003-08-15T00:00Z,22626.0,,0.0,
0-20000-0-11519,RGLB_D,SUM,2003-08-16T00:00Z,22961.0,,0.0,
0-20000-0-11519,RGLB_D,SUM,2003-08-17T00:00Z,21150.0,,0.0,
0-20000-0-11519,RGLB_D,SUM,2003-08-18T00:00Z,13064.0,,0.0,
0-20000-0-11519,RGLB_D,SUM,2003-08-19T00:00Z,7448.0,,0.0,
0-20000-0-11519,RGLB_D,SUM,2003-08-20T00:00Z,20365.0,,0.0,
0-20000-0-11519,RGLB_D,SUM,2003-08-21T00:00Z,20344.0,,0.0,
0-20000-0-11519,RGLB_D,SUM,2003-08-22T00:00Z,20920.0,,0.0,
0-20000-0-11519,RGLB_D,SUM,2003-08-23T00:00Z,18454.0,,0.0,
0-20000-0-11519,RGLB_D,SUM,2003-08-24T00:00Z,20902.0,,0.0,
0-20000-0-11519,RGLB_D,SUM,2003-08-25T00:00Z,20383.0,,0.0,
0-20000-0-11519,RGLB_D,SUM,2003-08-26T00:00Z,17118.0,,0.0,
0-20000-0-11519,RGLB_D,SUM,2003-08-27T00:00Z,19451.0,,0.0,
0-20000-0-11519,RGLB_D,SUM,2003-08-28T00:00Z,18662.0,,0.0,
0-20000-0-11519,RGLB_D,SUM,2003-08-29T00:00Z,13241.0,,0.0,
0-20000-0-11519,RGLB_D,SUM,2003-08-30T00:00Z,11520.0,,0.0,
0-20000-0-11519,RGLB_D,SUM,2003-08-31T00:00Z,10033.0,,0.0,
0-20000-0-11519,RGLB_D,SUM,2003-09-01T00:00Z,12143.0,,0.0,
0-20000-0-11519,RGLB_D,SUM,2003-09-02T00:00Z,10188.0,,0.0,
0-20000-0-11519,RGLB_D,SUM,2003-09-03T00:00Z,18324.0,,0.0,
0-20000-0-11519,RGLB_D,SUM,2003-09-04T00:00Z,7438.0,,0.0,
0-20000-0-11519,RGLB_D,SUM,2003-09-05T00:00Z,16049.0,,0.0,
0-20000-0-11519,RGLB_D,SUM,2003-09-06T00:00Z,18644.0,,0.0,
0-20000-0-11519,RGLB_D,SUM,2003-09-07T00:00Z,16157.0,,0.0,
0-20000-0-11519,RGLB_D,SUM,2003-09-08T00:00Z,13957.0,,0.0,
0-20000-0-11519,RGLB_D,SUM,2003-09-09T00:00Z,2790.0,,0.0,
0-20000-0-11519,RGLB_D,SUM,2003-09-10T00:00Z,6887.0,,0.0,
0-20000-0-11519,RGLB_D,SUM,2003-09-11T00:00Z,9706.0,,0.0,
0-20000-0-11519,RGLB_D,SUM,2003-09-12T00:00Z,8327.0,,0.0,
0-20000-0-11519,RGLB_D,SUM,2003-09-13T00:00Z,3888.0,,0.0,
0-20000-0-11519,RGLB_D,SUM,2003-09-14T00:00Z,6098.0,,0.0,
0-20000-0-11519,RGLB_D,SUM,2003-09-15T00:00Z,16384.0,,0.0,
0-20000-0-11519,RGLB_D,SUM,2003-09-16T00:00Z,13316.0,,0.0,
0-20000-0-11519,RGLB_D,SUM,2003-09-17T00:00Z,15257.0,,0.0,
0-20000-0-11519,RGLB_D,SUM,2003-09-18T00:00Z,15570.0,,0.0,
0-20000-0-11519,RGLB_D,SUM,2003-09-19T00:00Z,16110.0,,0.0,
0-20000-0-11519,RGLB_D,SUM,2003-09-20T00:00Z,15358.0,,0.0,
0-20000-0-11519,RGLB_D,SUM,2003-09-21T00:00Z,15476.0,,0.0,
0-20000-0-11519,RGLB_D,SUM,2003-09-22T00:00Z,14904.0,,0.0,
0-20000-0-11519,RGLB_D,SUM,2003-09-23T00:00Z,4730.0,,0.0,
0-20000-0-11519,RGLB_D,SUM,2003-09-24T00:00Z,13842.0,,0.0,
0-20000-0-11519,RGLB_D,SUM,2003-09-25T00:00Z,15397.0,,0.0,
0-20000-0-11519,RGLB_D,SUM,2003-09-26T00:00Z,14782.0,,0.0,
0-20000-0-11519,RGLB_D,SUM,2003-09-27T00:00Z,11196.0,,0.0,
0-20000-0-11519,RGLB_D,SUM,2003-09-28T00:00Z,9371.0,,0.0,
0-20000-0-11519,RGLB_D,SUM,2003-09-29T00:00Z,8752.0,,0.0,
0-20000-0-11519,RGLB_D,SUM,2003-09-30T00:00Z,8730.0,,0.0,
0-20000-0-11519,RGLB_D,SUM,2003-10-01T00:00Z,11171.0,,0.0,
0-20000-0-11519,RGLB_D,SUM,2003-10-02T00:00Z,10469.0,,0.0,
0-20000-0-11519,RGLB_D,SUM,2003-10-03T00:00Z,5947.0,,0.0,
0-20000-0-11519,RGLB_D,SUM,2003-10-04T00:00Z,4367.0,,0.0,
0-20000-0-11519,RGLB_D,SUM,2003-10-05T00:00Z,1800.0,,0.0,
0-20000-0-11519,RGLB_D,SUM,2003-10-06T00:00Z,8917.0,,0.0,
0-20000-0-11519,RGLB_D,SUM,2003-10-07T00:00Z,5166.0,,0.0,
0-20000-0-11519,RGLB_D,SUM,2003-10-08T00:00Z,4734.0,,0.0,
0-20000-0-11519,RGLB_D,SUM,2003-10-09T00:00Z,9475.0,,0.0,
0-20000-0-11519,RGLB_D,SUM,2003-10-10T00:00Z,4180.0,,0.0,
0-20000-0-11519,RGLB_D,SUM,2003-10-11T00:00Z,6160.0,,0.0,
0-20000-0-11519,RGLB_D,SUM,2003-10-12T00:00Z,10379.0,,0.0,
0-20000-0-11519,RGLB_D,SUM,2003-10-13T00:00Z,11030.0,,0.0,
0-20000-0-11519,RGLB_D,SUM,2003-10-14T00:00Z,10721.0,,0.0,
0-20000-0-11519,RGLB_D,SUM,2003-10-15T00:00Z,4925.0,,0.0,
0-20000-0-11519,RGLB_D,SUM,2003-10-16T00:00Z,7016.0,,0.0,
0-20000-0-11519,RGLB_D,SUM,2003-10-17T00:00Z,10840.0,,0.0,
0-20000-0-11519,RGLB_D,SUM,2003-10-18T00:00Z,10606.0,,0.0,
0-20000-0-11519,RGLB_D,SUM,2003-10-19T00:00Z,3586.0,,0.0,
0-20000-0-11519,RGLB_D,SUM,2003-10-20T00:00Z,1138.0,,0.0,
0-20000-0-11519,RGLB_D,SUM,2003-10-21T00:00Z,1152.0,,0.0,
0-20000-0-11519,RGLB_D,SUM,2003-10-22T00:00Z,3251.0,,0.0,
0-20000-0-11519,RGLB_D,SUM,2003-10-23T00:00Z,8251.0,,0.0,
0-20000-0-11519,RGLB_D,SUM,2003-10-24T00:00Z,4604.0,,0.0,
0-20000-0-11519,RGLB_D,SUM,2003-10-25T00:00Z,5040.0,,0.0,
0-20000-0-11519,RGLB_D,SUM,2003-10-26T00:00Z,3902.0,,0.0,
0-20000-0-11519,RGLB_D,SUM,2003-10-27T00:00Z,4414.0,,0.0,
0-20000-0-11519,RGLB_D,SUM,2003-10-28T00:00Z,8543.0,,0.0,
0-20000-0-11519,RGLB_D,SUM,2003-10-29T00:00Z,5612.0,,0.0,
0-20000-0-11519,RGLB_D,SUM,2003-10-30T00:00Z,4208.0,,0.0,
0-20000-0-11519,RGLB_D,SUM,2003-10-31T00:00Z,6750.0,,0.0,
0-20000-0-11519,RGLB_D,SUM,2003-11-01T00:00Z,2498.0,,0.0,
0-20000-0-11519,RGLB_D,SUM,2003-11-02T00:00Z,6372.0,,0.0,
0-20000-0-11519,RGLB_D,SUM,2003-11-03T00:00Z,2732.0,,0.0,
0-20000-0-11519,RGLB_D,SUM,2003-11-04T00:00Z,7600.0,,0.0,
0-20000-0-11519,RGLB_D,SUM,2003-11-05T00:00Z,7002.0,,0.0,
0-20000-0-11519,RGLB_D,SUM,2003-11-06T00:00Z,3931.0,,0.0,
0-20000-0-11519,RGLB_D,SUM,2003-11-07T00:00Z,882.0,,0.0,
0-20000-0-11519,RGLB_D,SUM,2003-11-08T00:00Z,4957.0,,0.0,
0-20000-0-11519,RGLB_D,SUM,2003-11-09T00:00Z,6602.0,,0.0,
0-20000-0-11519,RGLB_D,SUM,2003-11-10T00:00Z,1037.0,,0.0,
0-20000-0-11519,RGLB_D,SUM,2003-11-11T00:00Z,6440.0,,0.0,
0-20000-0-11519,RGLB_D,SUM,2003-11-12T00:00Z,6473.0,,0.0,
0-20000-0-11519,RGLB_D,SUM,2003-11-13T00:00Z,4806.0,,0.0,
0-20000-0-11519,RGLB_D,SUM,2003-11-14T00:00Z,5522.0,,0.0,
0-20000-0-11519,RGLB_D,SUM,2003-11-15T00:00Z,3280.0,,0.0,
0-20000-0-11519,RGLB_D,SUM,2003-11-16T00:00Z,958.0,,0.0,
0-20000-0-11519,RGLB_D,SUM,2003-11-17T00:00Z,4036.0,,0.0,
0-20000-0-11519,RGLB_D,SUM,2003-11-18T00:00Z,2333.0,,0.0,
0-20000-0-11519,RGLB_D,SUM,2003-11-19T00:00Z,3942.0,,0.0,
0-20000-0-11519,RGLB_D,SUM,2003-11-20T00:00Z,4363.0,,0.0,
0-20000-0-11519,RGLB_D,SUM,2003-11-21T00:00Z,4302.0,,0.0,
0-20000-0-11519,RGLB_D,SUM,2003-11-22T00:00Z,893.0,,0.0,
0-20000-0-11519,RGLB_D,SUM,2003-11-23T00:00Z,691.0,,0.0,
0-20000-0-11519,RGLB_D,SUM,2003-11-24T00:00Z,972.0,,0.0,
0-20000-0-11519,RGLB_D,SUM,2003-11-25T00:00Z,3006.0,,0.0,
0-20000-0-11519,RGLB_D,SUM,2003-11-26T00:00Z,742.0,,0.0,
0-20000-0-11519,RGLB_D,SUM,2003-11-27T00:00Z,2246.0,,0.0,
0-20000-0-11519,RGLB_D,SUM,2003-11-28T00:00Z,1933.0,,0.0,
0-20000-0-11519,RGLB_D,SUM,2003-11-29T00:00Z,796.0,,0.0,
0-20000-0-11519,RGLB_D,SUM,2003-11-30T00:00Z,1375.0,,0.0,
0-20000-0-11519,RGLB_D,SUM,2003-12-01T00:00Z,745.0,,0.0,
0-20000-0-11519,RGLB_D,SUM,2003-12-02T00:00Z,716.0,,0.0,
0-20000-0-11519,RGLB_D,SUM,2003-12-03T00:00Z,511.0,,0.0,
0-20000-0-11519,RGLB_D,SUM,2003-12-04T00:00Z,616.0,,0.0,
0-20000-0-11519,RGLB_D,SUM,2003-12-05T00:00Z,990.0,,0.0,
0-20000-0-11519,RGLB_D,SUM,2003-12-06T00:00Z,2192.0,,0.0,
0-20000-0-11519,RGLB_D,SUM,2003-12-07T00:00Z,4021.0,,0.0,
0-20000-0-11519,RGLB_D,SUM,2003-12-08T00:00Z,4334.0,,0.0,
0-20000-0-11519,RGLB_D,SUM,2003-12-09T00:00Z,4230.0,,0.0,
0-20000-0-11519,RGLB_D,SUM,2003-12-10T00:00Z,3596.0,,0.0,
0-20000-0-11519,RGLB_D,SUM,2003-12-11T00:00Z,3456.0,,0.0,
0-20000-0-11519,RGLB_D,SUM,2003-12-12T00:00Z,637.0,,0.0,
0-20000-0-11519,RGLB_D,SUM,2003-12-13T00:00Z,673.0,,0.0,
0-20000-0-11519,RGLB_D,SUM,2003-12-14T00:00Z,2380.0,,0.0,
0-20000-0-11519,RGLB_D,SUM,2003-12-15T00:00Z,1840.0,,0.0,
0-20000-0-11519,RGLB_D,SUM,2003-12-16T00:00Z,2783.0,,0.0,
0-20000-0-11519,RGLB_D,SUM,2003-12-17T00:00Z,2120.0,,0.0,
0-20000-0-11519,RGLB_D,SUM,2003-12-18T00:00Z,2290.0,,0.0,
0-20000-0-11519,RGLB_D,SUM,2003-12-19T00:00Z,540.0,,0.0,
0-20000-0-11519,RGLB_D,SUM,2003-12-20T00:00Z,839.0,,0.0,
0-20000-0-11519,RGLB_D,SUM,2003-12-21T00:00Z,767.0,,0.0,
0-20000-0-11519,RGLB_D,SUM,2003-12-22T00:00Z,2804.0,,0.0,
0-20000-0-11519,RGLB_D,SUM,2003-12-23T00:00Z,3845.0,,0.0,
0-20000-0-11519,RGLB_D,SUM,2003-12-24T00:00Z,4158.0,,0.0,
0-20000-0-11519,RGLB_D,SUM,2003-12-25T00:00Z,1832.0,,0.0,
0-20000-0-11519,RGLB_D,SUM,2003-12-26T00:00Z,1847.0,,0.0,
0-20000-0-11519,RGLB_D,SUM,2003-12-27T00:00Z,2794.0,,0.0,
0-20000-0-11519,RGLB_D,SUM,2003-12-28T00:00Z,3420.0,,0.0,
0-20000-0-11519,RGLB_D,SUM,2003-12-29T00:00Z,1422.0,,0.0,
0-20000-0-11519,RGLB_D,SUM,2003-12-30T00:00Z,540.0,,0.0,
0-20000-0-11519,RGLB_D,SUM,2003-12-31T00:00Z,558.0,,0.0,
0-20000-0-11519,RGLB_D,SUM,2004-01-01T00:00Z,2056.0,,0.0,
0-20000-0-11519,RGLB_D,SUM,2004-01-02T00:00Z,2833.0,,0.0,
0-20000-0-11519,RGLB_D,SUM,2004-01-03T00:00Z,2344.0,,0.0,
0-20000-0-11519,RGLB_D,SUM,2004-01-04T00:00Z,2203.0,,0.0,
0-20000-0-11519,RGLB_D,SUM,2004-01-05T00:00Z,2279.0,,0.0,
0-20000-0-11519,RGLB_D,SUM,2004-01-06T00:00Z,3672.0,,0.0,
0-20000-0-11519,RGLB_D,SUM,2004-01-07T00:00Z,1580.0,,0.0,
0-20000-0-11519,RGLB_D,SUM,2004-01-08T00:00Z,3398.0,,0.0,
0-20000-0-11519,RGLB_D,SUM,2004-01-09T00:00Z,688.0,,0.0,
0-20000-0-11519,RGLB_D,SUM,2004-01-10T00:00Z,1469.0,,0.0,
0-20000-0-11519,RGLB_D,SUM,2004-01-11T00:00Z,2876.0,,0.0,
0-20000-0-11519,RGLB_D,SUM,2004-01-12T00:00Z,3942.0,,0.0,
0-20000-0-11519,RGLB_D,SUM,2004-01-13T00:00Z,907.0,,0.0,
0-20000-0-11519,RGLB_D,SUM,2004-01-14T00:00Z,4108.0,,0.0,
0-20000-0-11519,RGLB_D,SUM,2004-01-15T00:00Z,1919.0,,0.0,
0-20000-0-11519,RGLB_D,SUM,2004-01-16T00:00Z,1112.0,,0.0,
0-20000-0-11519,RGLB_D,SUM,2004-01-17T00:00Z,2999.0,,0.0,
0-20000-0-11519,RGLB_D,SUM,2004-01-18T00:00Z,1336.0,,0.0,
0-20000-0-11519,RGLB_D,SUM,2004-01-19T00:00Z,2196.0,,0.0,
0-20000-0-11519,RGLB_D,SUM,2004-01-20T00:00Z,3233.0,,0.0,
0-20000-0-11519,RGLB_D,SUM,2004-01-21T00:00Z,3337.0,,0.0,
0-20000-0-11519,RGLB_D,SUM,2004-01-22T00:00Z,4957.0,,0.0,
0-20000-0-11519,RGLB_D,SUM,2004-01-23T00:00Z,5904.0,,0.0,
0-20000-0-11519,RGLB_D,SUM,2004-01-24T00:00Z,6340.0,,0.0,
0-20000-0-11519,RGLB_D,SUM,2004-01-25T00:00Z,806.0,,0.0,
0-20000-0-11519,RGLB_D,SUM,2004-01-26T00:00Z,2326.0,,0.0,
0-20000-0-11519,RGLB_D,SUM,2004-01-27T00:00Z,2628.0,,0.0,
0-20000-0-11519,RGLB_D,SUM,2004-01-28T00:00Z,3337.0,,0.0,
0-20000-0-11519,RGLB_D,SUM,2004-01-29T00:00Z,4021.0,,0.0,
0-20000-0-11519,RGLB_D,SUM,2004-01-30T00:00Z,3884.0,,0.0,
0-20000-0-11519,RGLB_D,SUM,2004-01-31T00:00Z,4381.0,,0.0,
0-20000-0-11519,RGLB_D,SUM,2004-02-01T00:00Z,4928.0,,0.0,
0-20000-0-11519,RGLB_D,SUM,2004-02-02T00:00Z,1192.0,,0.0,
0-20000-0-11519,RGLB_D,SUM,2004-02-03T00:00Z,2855.0,,0.0,
0-20000-0-11519,RGLB_D,SUM,2004-02-04T00:00Z,3488.0,,0.0,
0-20000-0-11519,RGLB_D,SUM,2004-02-05T00:00Z,3463.0,,0.0,
0-20000-0-11519,RGLB_D,SUM,2004-02-06T00:00Z,3877.0,,0.0,
0-20000-0-11519,RGLB_D,SUM,2004-02-07T00:00Z,4136.0,,0.0,
0-20000-0-11519,RGLB_D,SUM,2004-02-08T00:00Z,5058.0,,0.0,
0-20000-0-11519,RGLB_D,SUM,2004-02-09T00:00Z,4518.0,,0.0,
0-20000-0-11519,RGLB_D,SUM,2004-02-10T00:00Z,2819.0,,0.0,
0-20000-0-11519,RGLB_D,SUM,2004-02-11T00:00Z,1584.0,,0.0,
0-20000-0-11519,RGLB_D,SUM,2004-02-12T00:00Z,5188.0,,0.0,
0-20000-0-11519,RGLB_D,SUM,2004-02-13T00:00Z,1660.0,,0.0,
0-20000-0-11519,RGLB_D,SUM,2004-02-14T00:00Z,2509.0,,0.0,
0-20000-0-11519,RGLB_D,SUM,2004-02-15T00:00Z,4522.0,,0.0,
0-20000-0-11519,RGLB_D,SUM,2004-02-16T00:00Z,3074.0,,0.0,
0-20000-0-11519,RGLB_D,SUM,2004-02-17T00:00Z,8431.0,,0.0,
0-20000-0-11519,RGLB_D,SUM,2004-02-18T00:00Z,3517.0,,0.0,
0-20000-0-11519,RGLB_D,SUM,2004-02-19T00:00Z,4522.0,,0.0,
0-20000-0-11519,RGLB_D,SUM,2004-02-20T00:00Z,9994.0,,0.0,
0-20000-0-11519,RGLB_D,SUM,2004-02-21T00:00Z,9558.0,,0.0,
0-20000-0-11519,RGLB_D,SUM,2004-02-22T00:00Z,4648.0,,0.0,
0-20000-0-11519,RGLB_D,SUM,2004-02-23T00:00Z,1616.0,,0.0,
0-20000-0-11519,RGLB_D,SUM,2004-02-24T00:00Z,8068.0,,0.0,
0-20000-0-11519,RGLB_D,SUM,2004-02-25T00:00Z,4597.0,,0.0,
0-20000-0-11519,RGLB_D,SUM,2004-02-26T00:00Z,7351.0,,0.0,
0-20000-0-11519,RGLB_D,SUM,2004-02-27T00:00Z,8381.0,,0.0,
0-20000-0-11519,RGLB_D,SUM,2004-02-28T00:00Z,6134.0,,0.0,
0-20000-0-11519,RGLB_D,SUM,2004-02-29T00:00Z,4496.0,,0.0,
0-20000-0-11519,RGLB_D,SUM,2004-03-01T00:00Z,3737.0,,0.0,
0-20000-0-11519,RGLB_D,SUM,2004-03-02T00:00Z,3114.0,,0.0,
0-20000-0-11519,RGLB_D,SUM,2004-03-03T00:00Z,2858.0,,0.0,
0-20000-0-11519,RGLB_D,SUM,2004-03-04T00:00Z,6912.0,,0.0,
0-20000-0-11519,RGLB_D,SUM,2004-03-05T00:00Z,12636.0,,0.0,
0-20000-0-11519,RGLB_D,SUM,2004-03-06T00:00Z,10372.0,,0.0,
0-20000-0-11519,RGLB_D,SUM,2004-03-07T00:00Z,7715.0,,0.0,
0-20000-0-11519,RGLB_D,SUM,2004-03-08T00:00Z,4518.0,,0.0,
0-20000-0-11519,RGLB_D,SUM,2004-03-09T00:00Z,4504.0,,0.0,
0-20000-0-11519,RGLB_D,SUM,2004-03-10T00:00Z,8078.0,,0.0,
0-20000-0-11519,RGLB_D,SUM,2004-03-11T00:00Z,12978.0,,0.0,
0-20000-0-11519,RGLB_D,SUM,2004-03-12T00:00Z,13216.0,,0.0,
0-20000-0-11519,RGLB_D,SUM,2004-03-13T00:00Z,10188.0,,0.0,
0-20000-0-11519,RGLB_D,SUM,2004-03-14T00:00Z,8546.0,,0.0,
0-20000-0-11519,RGLB_D,SUM,2004-03-15T00:00Z,9439.0,,0.0,
0-20000-0-11519,RGLB_D,SUM,2004-03-16T00:00Z,11704.0,,0.0,
0-20000-0-11519,RGLB_D,SUM,2004-03-17T00:00Z,14674.0,,0.0,
0-20000-0-11519,RGLB_D,SUM,2004-03-18T00:00Z,13514.0,,0.0,
0-20000-0-11519,RGLB_D,SUM,2004-03-19T00:00Z,11941.0,,0.0,
0-20000-0-11519,RGLB_D,SUM,2004-03-20T00:00Z,4961.0,,0.0,
0-20000-0-11519,RGLB_D,SUM,2004-03-21T00:00Z,8503.0,,0.0,
0-20000-0-11519,RGLB_D,SUM,2004-03-22T00:00Z,10346.0,,0.0,
0-20000-0-11519,RGLB_D,SUM,2004-03-23T00:00Z,6318.0,,0.0,
0-20000-0-11519,RGLB_D,SUM,2004-03-24T00:00Z,1386.0,,0.0,
0-20000-0-11519,RGLB_D,SUM,2004-03-25T00:00Z,1710.0,,0.0,
0-20000-0-11519,RGLB_D,SUM,2004-03-26T00:00Z,6430.0,,0.0,
0-20000-0-11519,RGLB_D,SUM,2004-03-27T00:00Z,7366.0,,0.0,
0-20000-0-11519,RGLB_D,SUM,2004-03-28T00:00Z,13165.0,,0.0,
0-20000-0-11519,RGLB_D,SUM,2004-03-29T00:00Z,17053.0,,0.0,
0-20000-0-11519,RGLB_D,SUM,2004-03-30T00:00Z,17885.0,,0.0,
0-20000-0-11519,RGLB_D,SUM,2004-03-31T00:00Z,18770.0,,0.0,
0-20000-0-11519,RGLB_D,SUM,2004-04-01T00:00Z,11448.0,,0.0,
0-20000-0-11519,RGLB_D,SUM,2004-04-02T00:00Z,17518.0,,0.0,
0-20000-0-11519,RGLB_D,SUM,2004-04-03T00:00Z,15898.0,,0.0,
0-20000-0-11519,RGLB_D,SUM,2004-04-04T00:00Z,11963.0,,0.0,
0-20000-0-11519,RGLB_D,SUM,2004-04-05T00:00Z,11106.0,,0.0,
0-20000-0-11519,RGLB_D,SUM,2004-04-06T00:00Z,7866.0,,0.0,
0-20000-0-11519,RGLB_D,SUM,2004-04-07T00:00Z,11855.0,,0.0,
0-20000-0-11519,RGLB_D,SUM,2004-04-08T00:00Z,13417.0,,0.0,
0-20000-0-11519,RGLB_D,SUM,2004-04-09T00:00Z,15538.0,,0.0,
0-20000-0-11519,RGLB_D,SUM,2004-04-10T00:00Z,15480.0,,0.0,
0-20000-0-11519,RGLB_D,SUM,2004-04-11T00:00Z,11743.0,,0.0,
0-20000-0-11519,RGLB_D,SUM,2004-04-12T00:00Z,21809.0,,0.0,
0-20000-0-11519,RGLB_D,SUM,2004-04-13T00:00Z,7304.0,,0.0,
0-20000-0-11519,RGLB_D,SUM,2004-04-14T00:00Z,21593.0,,0.0,
0-20000-0-11519,RGLB_D,SUM,2004-04-15T00:00Z,21186.0,,0.0,
0-20000-0-11519,RGLB_D,SUM,2004-04-16T00:00Z,14785.0,,0.0,
0-20000-0-11519,RGLB_D,SUM,2004-04-17T00:00Z,14980.0,,0.0,
0-20000-0-11519,RGLB_D,SUM,2004-04-18T00:00Z,11729.0,,0.0,
0-20000-0-11519,RGLB_D,SUM,2004-04-19T00:00Z,5044.0,,0.0,
0-20000-0-11519,RGLB_D,SUM,2004-04-20T00:00Z,10724.0,,0.0,
0-20000-0-11519,RGLB_D,SUM,2004-04-21T00:00Z,21834.0,,0.0,
0-20000-0-11519,RGLB_D,SUM,2004-04-22T00:00Z,21139.0,,0.0,
0-20000-0-11519,RGLB_D,SUM,2004-04-23T00:00Z,19483.0,,0.0,
0-20000-0-11519,RGLB_D,SUM,2004-04-24T00:00Z,11617.0,,0.0,
0-20000-0-11519,RGLB_D,SUM,2004-04-25T00:00Z,6210.0,,0.0,
0-20000-0-11519,RGLB_D,SUM,2004-04-26T00:00Z,14832.0,,0.0,
0-20000-0-11519,RGLB_D,SUM,2004-04-27T00:00Z,21776.0,,0.0,
0-20000-0-11519,RGLB_D,SUM,2004-04-28T00:00Z,23238.0,,0.0,
0-20000-0-11519,RGLB_D,SUM,2004-04-29T00:00Z,18209.0,,0.0,
0-20000-0-11519,RGLB_D,SUM,2004-04-30T00:00Z,22136.0,,0.0,
0-20000-0-11519,RGLB_D,SUM,2004-05-01T00:00Z,18274.0,,0.0,
0-20000-0-11519,RGLB_D,SUM,2004-05-02T00:00Z,5933.0,,0.0,
0-20000-0-11519,RGLB_D,SUM,2004-05-03T00:00Z,21949.0,,0.0,
0-20000-0-11519,RGLB_D,SUM,2004-05-04T00:00Z,14206.0,,0.0,
0-20000-0-11519,RGLB_D,SUM,2004-05-05T00:00Z,21492.0,,0.0,
0-20000-0-11519,RGLB_D,SUM,2004-05-06T00:00Z,8755.0,,0.0,
0-20000-0-11519,RGLB_D,SUM,2004-05-07T00:00Z,10850.0,,0.0,
0-20000-0-11519,RGLB_D,SUM,2004-05-08T00:00Z,18137.0,,0.0,
0-20000-0-11519,RGLB_D,SUM,2004-05-09T00:00Z,10778.0,,0.0,
0-20000-0-11519,RGLB_D,SUM,2004-05-10T00:00Z,7020.0,,0.0,
0-20000-0-11519,RGLB_D,SUM,2004-05-11T00:00Z,21172.0,,0.0,
0-20000-0-11519,RGLB_D,SUM,2004-05-12T00:00Z,18234.0,,0.0,
0-20000-0-11519,RGLB_D,SUM,2004-05-13T00:00Z,10220.0,,0.0,
0-20000-0-11519,RGLB_D,SUM,2004-05-14T00:00Z,26741.0,,0.0,
0-20000-0-11519,RGLB_D,SUM,2004-05-15T00:00Z,12100.0,,0.0,
0-20000-0-11519,RGLB_D,SUM,2004-05-16T00:00Z,14670.0,,0.0,
0-20000-0-11519,RGLB_D,SUM,2004-05-17T00:00Z,8741.0,,0.0,
0-20000-0-11519,RGLB_D,SUM,2004-05-18T00:00Z,13363.0,,0.0,
0-20000-0-11519,RGLB_D,SUM,2004-05-19T00:00Z,25931.0,,0.0,
0-20000-0-11519,RGLB_D,SUM,2004-05-20T00:00Z,25625.0,,0.0,
0-20000-0-11519,RGLB_D,SUM,2004-05-21T00:00Z,16358.0,,0.0,
0-20000-0-11519,RGLB_D,SUM,2004-05-22T00:00Z,17870.0,,0.0,
0-20000-0-11519,RGLB_D,SUM,2004-05-23T00:00Z,13601.0,,0.0,
0-20000-0-11519,RGLB_D,SUM,2004-05-24T00:00Z,20290.0,,0.0,
0-20000-0-11519,RGLB_D,SUM,2004-05-25T00:00Z,11833.0,,0.0,
0-20000-0-11519,RGLB_D,SUM,2004-05-26T00:00Z,16992.0,,0.0,
0-20000-0-11519,RGLB_D,SUM,2004-05-27T00:00Z,22842.0,,0.0,
0-20000-0-11519,RGLB_D,SUM,2004-05-28T00:00Z,20840.0,,0.0,
0-20000-0-11519,RGLB_D,SUM,2004-05-29T00:00Z,25308.0,,0.0,
0-20000-0-11519,RGLB_D,SUM,2004-05-30T00:00Z,28382.0,,0.0,
0-20000-0-11519,RGLB_D,SUM,2004-05-31T00:00Z,25574.0,,0.0,
0-20000-0-11519,RGLB_D,SUM,2004-06-01T00:00Z,12287.0,,0.0,
0-20000-0-11519,RGLB_D,SUM,2004-06-02T00:00Z,6361.0,,0.0,
0-20000-0-11519,RGLB_D,SUM,2004-06-03T00:00Z,6941.0,,0.0,
0-20000-0-11519,RGLB_D,SUM,2004-06-04T00:00Z,22752.0,,0.0,
0-20000-0-11519,RGLB_D,SUM,2004-06-05T00:00Z,11347.0,,0.0,
0-20000-0-11519,RGLB_D,SUM,2004-06-06T00:00Z,21254.0,,0.0,
0-20000-0-11519,RGLB_D,SUM,2004-06-07T00:00Z,23296.0,,0.0,
0-20000-0-11519,RGLB_D,SUM,2004-06-08T00:00Z,24991.0,,0.0,
0-20000-0-11519,RGLB_D,SUM,2004-06-09T00:00Z,21247.0,,0.0,
0-20000-0-11519,RGLB_D,SUM,2004-06-10T00:00Z,17536.0,,0.0,
0-20000-0-11519,RGLB_D,SUM,2004-06-11T00:00Z,12982.0,,0.0,
0-20000-0-11519,RGLB_D,SUM,2004-06-12T00:00Z,18198.0,,0.0,
0-20000-0-11519,RGLB_D,SUM,2004-06-13T00:00Z,14216.0,,0.0,
0-20000-0-11519,RGLB_D,SUM,2004-06-14T00:00Z,24242.0,,0.0,
0-20000-0-11519,RGLB_D,SUM,2004-06-15T00:00Z,22306.0,,0.0,
0-20000-0-11519,RGLB_D,SUM,2004-06-16T00:00Z,14760.0,,0.0,
0-20000-0-11519,RGLB_D,SUM,2004-06-17T00:00Z,26546.0,,0.0,
0-20000-0-11519,RGLB_D,SUM,2004-06-18T00:00Z,19138.0,,0.0,
0-20000-0-11519,RGLB_D,SUM,2004-06-19T00:00Z,16855.0,,0.0,
0-20000-0-11519,RGLB_D,SUM,2004-06-20T00:00Z,11934.0,,0.0,
0-20000-0-11519,RGLB_D,SUM,2004-06-21T00:00Z,23933.0,,0.0,
0-20000-0-11519,RGLB_D,SUM,2004-06-22T00:00Z,14634.0,,0.0,
0-20000-0-11519,RGLB_D,SUM,2004-06-23T00:00Z,17701.0,,0.0,
0-20000-0-11519,RGLB_D,SUM,2004-06-24T00:00Z,27583.0,,0.0,
0-20000-0-11519,RGLB_D,SUM,2004-06-25T00:00Z,21182.0,,0.0,
0-20000-0-11519,RGLB_D,SUM,2004-06-26T00:00Z,22997.0,,0.0,
0-20000-0-11519,RGLB_D,SUM,2004-06-27T00:00Z,11567.0,,0.0,
0-20000-0-11519,RGLB_D,SUM,2004-06-28T00:00Z,22712.0,,0.0,
0-20000-0-11519,RGLB_D,SUM,2004-06-29T00:00Z,20419.0,,0.0,
0-20000-0-11519,RGLB_D,SUM,2004-06-30T00:00Z,21359.0,,0.0,
0-20000-0-11519,RGLB_D,SUM,2004-07-01T00:00Z,15610.0,,0.0,
0-20000-0-11519,RGLB_D,SUM,2004-07-02T00:00Z,15977.0,,0.0,
0-20000-0-11519,RGLB_D,SUM,2004-07-03T00:00Z,20128.0,,0.0,
0-20000-0-11519,RGLB_D,SUM,2004-07-04T00:00Z,18547.0,,0.0,
0-20000-0-11519,RGLB_D,SUM,2004-07-05T00:00Z,22010.0,,0.0,
0-20000-0-11519,RGLB_D,SUM,2004-07-06T00:00Z,16247.0,,0.0,
0-20000-0-11519,RGLB_D,SUM,2004-07-07T00:00Z,25200.0,,0.0,
0-20000-0-11519,RGLB_D,SUM,2004-07-08T00:00Z,24721.0,,0.0,
0-20000-0-11519,RGLB_D,SUM,2004-07-09T00:00Z,17597.0,,0.0,
0-20000-0-11519,RGLB_D,SUM,2004-07-10T00:00Z,15696.0,,0.0,
0-20000-0-11519,RGLB_D,SUM,2004-07-11T00:00Z,19681.0,,0.0,
0-20000-0-11519,RGLB_D,SUM,2004-07-12T00:00Z,15876.0,,0.0,
0-20000-0-11519,RGLB_D,SUM,2004-07-13T00:00Z,8179.0,,0.0,
0-20000-0-11519,RGLB_D,SUM,2004-07-14T00:00Z,15386.0,,0.0,
0-20000-0-11519,RGLB_D,SUM,2004-07-15T00:00Z,13313.0,,0.0,
0-20000-0-11519,RGLB_D,SUM,2004-07-16T00:00Z,15725.0,,0.0,
0-20000-0-11519,RGLB_D,SUM,2004-07-17T00:00Z,26777.0,,0.0,
0-20000-0-11519,RGLB_D,SUM,2004-07-18T00:00Z,24325.0,,0.0,
0-20000-0-11519,RGLB_D,SUM,2004-07-19T00:00Z,19627.0,,0.0,
0-20000-0-11519,RGLB_D,SUM,2004-07-20T00:00Z,23882.0,,0.0,
0-20000-0-11519,RGLB_D,SUM,2004-07-21T00:00Z,22756.0,,0.0,
0-20000-0-11519,RGLB_D,SUM,2004-07-22T00:00Z,17006.0,,0.0,
0-20000-0-11519,RGLB_D,SUM,2004-07-23T00:00Z,24664.0,,0.0,
0-20000-0-11519,RGLB_D,SUM,2004-07-24T00:00Z,12118.0,,0.0,
0-20000-0-11519,RGLB_D,SUM,2004-07-25T00:00Z,23756.0,,0.0,
0-20000-0-11519,RGLB_D,SUM,2004-07-26T00:00Z,10026.0,,0.0,
0-20000-0-11519,RGLB_D,SUM,2004-07-27T00:00Z,11444.0,,0.0,
0-20000-0-11519,RGLB_D,SUM,2004-07-28T00:00Z,19134.0,,0.0,
0-20000-0-11519,RGLB_D,SUM,2004-07-29T00:00Z,25679.0,,0.0,
0-20000-0-11519,RGLB_D,SUM,2004-07-30T00:00Z,24869.0,,0.0,
0-20000-0-11519,RGLB_D,SUM,2004-07-31T00:00Z,21971.0,,0.0,
0-20000-0-11519,RGLB_D,SUM,2004-08-01T00:00Z,19246.0,,0.0,
0-20000-0-11519,RGLB_D,SUM,2004-08-02T00:00Z,19937.0,,0.0,
0-20000-0-11519,RGLB_D,SUM,2004-08-03T00:00Z,15610.0,,0.0,
0-20000-0-11519,RGLB_D,SUM,2004-08-04T00:00Z,24307.0,,0.0,
0-20000-0-11519,RGLB_D,SUM,2004-08-05T00:00Z,22828.0,,0.0,
0-20000-0-11519,RGLB_D,SUM,2004-08-06T00:00Z,24606.0,,0.0,
0-20000-0-11519,RGLB_D,SUM,2004-08-07T00:00Z,22612.0,,0.0,
0-20000-0-11519,RGLB_D,SUM,2004-08-08T00:00Z,22820.0,,0.0,
0-20000-0-11519,RGLB_D,SUM,2004-08-09T00:00Z,22475.0,,0.0,
0-20000-0-11519,RGLB_D,SUM,2004-08-10T00:00Z,23940.0,,0.0,
0-20000-0-11519,RGLB_D,SUM,2004-08-11T00:00Z,17755.0,,0.0,
0-20000-0-11519,RGLB_D,SUM,2004-08-12T00:00Z,20891.0,,0.0,
0-20000-0-11519,RGLB_D,SUM,2004-08-13T00:00Z,16783.0,,0.0,
0-20000-0-11519,RGLB_D,SUM,2004-08-14T00:00Z,11945.0,,0.0,
0-20000-0-11519,RGLB_D,SUM,2004-08-15T00:00Z,16463.0,,0.0,
0-20000-0-11519,RGLB_D,SUM,2004-08-16T00:00Z,19739.0,,0.0,
0-20000-0-11519,RGLB_D,SUM,2004-08-17T00:00Z,16405.0,,0.0,
0-20000-0-11519,RGLB_D,SUM,2004-08-18T00:00Z,15703.0,,0.0,
0-20000-0-11519,RGLB_D,SUM,2004-08-19T00:00Z,17910.0,,0.0,
0-20000-0-11519,RGLB_D,SUM,2004-08-20T00:00Z,5879.0,,0.0,
0-20000-0-11519,RGLB_D,SUM,2004-08-21T00:00Z,8748.0,,0.0,
0-20000-0-11519,RGLB_D,SUM,2004-08-22T00:00Z,13075.0,,0.0,
0-20000-0-11519,RGLB_D,SUM,2004-08-23T00:00Z,19267.0,,0.0,
0-20000-0-11519,RGLB_D,SUM,2004-08-24T00:00Z,5987.0,,0.0,
0-20000-0-11519,RGLB_D,SUM,2004-08-25T00:00Z,16236.0,,0.0,
0-20000-0-11519,RGLB_D,SUM,2004-08-26T00:00Z,11466.0,,0.0,
0-20000-0-11519,RGLB_D,SUM,2004-08-27T00:00Z,13885.0,,0.0,
0-20000-0-11519,RGLB_D,SUM,2004-08-28T00:00Z,10174.0,,0.0,
0-20000-0-11519,RGLB_D,SUM,2004-08-29T00:00Z,11376.0,,0.0,
0-20000-0-11519,RGLB_D,SUM,2004-08-30T00:00Z,12121.0,,0.0,
0-20000-0-11519,RGLB_D,SUM,2004-08-31T00:00Z,14638.0,,0.0,
0-20000-0-11519,RGLB_D,SUM,2004-09-01T00:00Z,16276.0,,0.0,
0-20000-0-11519,RGLB_D,SUM,2004-09-02T00:00Z,19249.0,,0.0,
0-20000-0-11519,RGLB_D,SUM,2004-09-03T00:00Z,19058.0,,0.0,
0-20000-0-11519,RGLB_D,SUM,2004-09-04T00:00Z,18598.0,,0.0,
0-20000-0-11519,RGLB_D,SUM,2004-09-05T00:00Z,15988.0,,0.0,
0-20000-0-11519,RGLB_D,SUM,2004-09-06T00:00Z,19102.0,,0.0,
0-20000-0-11519,RGLB_D,SUM,2004-09-07T00:00Z,18518.0,,0.0,
0-20000-0-11519,RGLB_D,SUM,2004-09-08T00:00Z,18259.0,,0.0,
0-20000-0-11519,RGLB_D,SUM,2004-09-09T00:00Z,18983.0,,0.0,
0-20000-0-11519,RGLB_D,SUM,2004-09-10T00:00Z,19037.0,,0.0,
0-20000-0-11519,RGLB_D,SUM,2004-09-11T00:00Z,14162.0,,0.0,
0-20000-0-11519,RGLB_D,SUM,2004-09-12T00:00Z,4396.0,,0.0,
0-20000-0-11519,RGLB_D,SUM,2004-09-13T00:00Z,12618.0,,0.0,
0-20000-0-11519,RGLB_D,SUM,2004-09-14T00:00Z,12002.0,,0.0,
0-20000-0-11519,RGLB_D,SUM,2004-09-15T00:00Z,7866.0,,0.0,
0-20000-0-11519,RGLB_D,SUM,2004-09-16T00:00Z,14342.0,,0.0,
0-20000-0-11519,RGLB_D,SUM,2004-09-17T00:00Z,17316.0,,0.0,
0-20000-0-11519,RGLB_D,SUM,2004-09-18T00:00Z,16700.0,,0.0,
0-20000-0-11519,RGLB_D,SUM,2004-09-19T00:00Z,14983.0,,0.0,
0-20000-0-11519,RGLB_D,SUM,2004-09-20T00:00Z,12236.0,,0.0,
0-20000-0-11519,RGLB_D,SUM,2004-09-21T00:00Z,8903.0,,0.0,
0-20000-0-11519,RGLB_D,SUM,2004-09-22T00:00Z,9490.0,,0.0,
0-20000-0-11519,RGLB_D,SUM,2004-09-23T00:00Z,2689.0,,0.0,
0-20000-0-11519,RGLB_D,SUM,2004-09-24T00:00Z,7664.0,,0.0,
0-20000-0-11519,RGLB_D,SUM,2004-09-25T00:00Z,7765.0,,0.0,
0-20000-0-11519,RGLB_D,SUM,2004-09-26T00:00Z,6134.0,,0.0,
0-20000-0-11519,RGLB_D,SUM,2004-09-27T00:00Z,9763.0,,0.0,
0-20000-0-11519,RGLB_D,SUM,2004-09-28T00:00Z,5983.0,,0.0,
0-20000-0-11519,RGLB_D,SUM,2004-09-29T00:00Z,6584.0,,0.0,
0-20000-0-11519,RGLB_D,SUM,2004-09-30T00:00Z,7970.0,,0.0,
0-20000-0-11519,RGLB_D,SUM,2004-10-01T00:00Z,11718.0,,0.0,
0-20000-0-11519,RGLB_D,SUM,2004-10-02T00:00Z,6268.0,,0.0,
0-20000-0-11519,RGLB_D,SUM,2004-10-03T00:00Z,9986.0,,0.0,
0-20000-0-11519,RGLB_D,SUM,2004-10-04T00:00Z,11696.0,,0.0,
0-20000-0-11519,RGLB_D,SUM,2004-10-05T00:00Z,12114.0,,0.0,
0-20000-0-11519,RGLB_D,SUM,2004-10-06T00:00Z,10606.0,,0.0,
0-20000-0-11519,RGLB_D,SUM,2004-10-07T00:00Z,8237.0,,0.0,
0-20000-0-11519,RGLB_D,SUM,2004-10-08T00:00Z,2462.0,,0.0,
0-20000-0-11519,RGLB_D,SUM,2004-10-09T00:00Z,7452.0,,0.0,
0-20000-0-11519,RGLB_D,SUM,2004-10-10T00:00Z,10192.0,,0.0,
0-20000-0-11519,RGLB_D,SUM,2004-10-11T00:00Z,11689.0,,0.0,
0-20000-0-11519,RGLB_D,SUM,2004-10-12T00:00Z,12042.0,,0.0,
0-20000-0-11519,RGLB_D,SUM,2004-10-13T00:00Z,8777.0,,0.0,
0-20000-0-11519,RGLB_D,SUM,2004-10-14T00:00Z,1300.0,,0.0,
0-20000-0-11519,RGLB_D,SUM,2004-10-15T00:00Z,1768.0,,0.0,
0-20000-0-11519,RGLB_D,SUM,2004-10-16T00:00Z,2441.0,,0.0,
0-20000-0-11519,RGLB_D,SUM,2004-10-17T00:00Z,8021.0,,0.0,
0-20000-0-11519,RGLB_D,SUM,2004-10-18T00:00Z,6055.0,,0.0,
0-20000-0-11519,RGLB_D,SUM,2004-10-19T00:00Z,8381.0,,0.0,
0-20000-0-11519,RGLB_D,SUM,2004-10-20T00:00Z,7337.0,,0.0,
0-20000-0-11519,RGLB_D,SUM,2004-10-21T00:00Z,5915.0,,0.0,
0-20000-0-11519,RGLB_D,SUM,2004-10-22T00:00Z,7801.0,,0.0,
0-20000-0-11519,RGLB_D,SUM,2004-10-23T00:00Z,8334.0,,0.0,
0-20000-0-11519,RGLB_D,SUM,2004-10-24T00:00Z,8744.0,,0.0,
0-20000-0-11519,RGLB_D,SUM,2004-10-25T00:00Z,6527.0,,0.0,
0-20000-0-11519,RGLB_D,SUM,2004-10-26T00:00Z,2329.0,,0.0,
0-20000-0-11519,RGLB_D,SUM,2004-10-27T00:00Z,1526.0,,0.0,
0-20000-0-11519,RGLB_D,SUM,2004-10-28T00:00Z,2066.0,,0.0,
0-20000-0-11519,RGLB_D,SUM,2004-10-29T00:00Z,4093.0,,0.0,
0-20000-0-11519,RGLB_D,SUM,2004-10-30T00:00Z,2632.0,,0.0,
0-20000-0-11519,RGLB_D,SUM,2004-10-31T00:00Z,3348.0,,0.0,
0-20000-0-11519,RGLB_D,SUM,2004-11-01T00:00Z,6390.0,,0.0,
0-20000-0-11519,RGLB_D,SUM,2004-11-02T00:00Z,1318.0,,0.0,
0-20000-0-11519,RGLB_D,SUM,2004-11-03T00:00Z,2430.0,,0.0,
0-20000-0-11519,RGLB_D,SUM,2004-11-04T00:00Z,2178.0,,0.0,
0-20000-0-11519,RGLB_D,SUM,2004-11-05T00:00Z,1627.0,,0.0,
0-20000-0-11519,RGLB_D,SUM,2004-11-06T00:00Z,3190.0,,0.0,
0-20000-0-11519,RGLB_D,SUM,2004-11-07T00:00Z,3395.0,,0.0,
0-20000-0-11519,RGLB_D,SUM,2004-11-08T00:00Z,2214.0,,0.0,
0-20000-0-11519,RGLB_D,SUM,2004-11-09T00:00Z,425.0,,0.0,
0-20000-0-11519,RGLB_D,SUM,2004-11-10T00:00Z,3218.0,,0.0,
0-20000-0-11519,RGLB_D,SUM,2004-11-11T00:00Z,2394.0,,0.0,
0-20000-0-11519,RGLB_D,SUM,2004-11-12T00:00Z,1361.0,,0.0,
0-20000-0-11519,RGLB_D,SUM,2004-11-13T00:00Z,2462.0,,0.0,
0-20000-0-11519,RGLB_D,SUM,2004-11-14T00:00Z,2837.0,,0.0,
0-20000-0-11519,RGLB_D,SUM,2004-11-15T00:00Z,2808.0,,0.0,
0-20000-0-11519,RGLB_D,SUM,2004-11-16T00:00Z,835.0,,0.0,
0-20000-0-11519,RGLB_D,SUM,2004-11-17T00:00Z,2189.0,,0.0,
0-20000-0-11519,RGLB_D,SUM,2004-11-18T00:00Z,1382.0,,0.0,
0-20000-0-11519,RGLB_D,SUM,2004-11-19T00:00Z,1904.0,,0.0,
0-20000-0-11519,RGLB_D,SUM,2004-11-20T00:00Z,1930.0,,0.0,
0-20000-0-11519,RGLB_D,SUM,2004-11-21T00:00Z,4658.0,,0.0,
0-20000-0-11519,RGLB_D,SUM,2004-11-22T00:00Z,1210.0,,0.0,
0-20000-0-11519,RGLB_D,SUM,2004-11-23T00:00Z,1822.0,,0.0,
0-20000-0-11519,RGLB_D,SUM,2004-11-24T00:00Z,5026.0,,0.0,
0-20000-0-11519,RGLB_D,SUM,2004-11-25T00:00Z,5076.0,,0.0,
0-20000-0-11519,RGLB_D,SUM,2004-11-26T00:00Z,3236.0,,0.0,
0-20000-0-11519,RGLB_D,SUM,2004-11-27T00:00Z,896.0,,0.0,
0-20000-0-11519,RGLB_D,SUM,2004-11-28T00:00Z,1541.0,,0.0,
0-20000-0-11519,RGLB_D,SUM,2004-11-29T00:00Z,1958.0,,0.0,
0-20000-0-11519,RGLB_D,SUM,2004-11-30T00:00Z,3326.0,,0.0,
0-20000-0-11519,RGLB_D,SUM,2004-12-01T00:00Z,3618.0,,0.0,
0-20000-0-11519,RGLB_D,SUM,2004-12-02T00:00Z,3370.0,,0.0,
0-20000-0-11519,RGLB_D,SUM,2004-12-03T00:00Z,1282.0,,0.0,
0-20000-0-11519,RGLB_D,SUM,2004-12-04T00:00Z,3391.0,,0.0,
0-20000-0-11519,RGLB_D,SUM,2004-12-05T00:00Z,1192.0,,0.0,
0-20000-0-11519,RGLB_D,SUM,2004-12-06T00:00Z,3258.0,,0.0,
0-20000-0-11519,RGLB_D,SUM,2004-12-07T00:00Z,2182.0,,0.0,
0-20000-0-11519,RGLB_D,SUM,2004-12-08T00:00Z,2106.0,,0.0,
0-20000-0-11519,RGLB_D,SUM,2004-12-09T00:00Z,1350.0,,0.0,
0-20000-0-11519,RGLB_D,SUM,2004-12-10T00:00Z,1688.0,,0.0,
0-20000-0-11519,RGLB_D,SUM,2004-12-11T00:00Z,745.0,,0.0,
0-20000-0-11519,RGLB_D,SUM,2004-12-12T00:00Z,461.0,,0.0,
0-20000-0-11519,RGLB_D,SUM,2004-12-13T00:00Z,587.0,,0.0,
0-20000-0-11519,RGLB_D,SUM,2004-12-14T00:00Z,547.0,,0.0,
0-20000-0-11519,RGLB_D,SUM,2004-12-15T00:00Z,655.0,,0.0,
0-20000-0-11519,RGLB_D,SUM,2004-12-16T00:00Z,1908.0,,0.0,
0-20000-0-11519,RGLB_D,SUM,2004-12-17T00:00Z,2462.0,,0.0,
0-20000-0-11519,RGLB_D,SUM,2004-12-18T00:00Z,1631.0,,0.0,
0-20000-0-11519,RGLB_D,SUM,2004-12-19T00:00Z,1390.0,,0.0,
0-20000-0-11519,RGLB_D,SUM,2004-12-20T00:00Z,3596.0,,0.0,
0-20000-0-11519,RGLB_D,SUM,2004-12-21T00:00Z,4046.0,,0.0,
0-20000-0-11519,RGLB_D,SUM,2004-12-22T00:00Z,965.0,,0.0,
0-20000-0-11519,RGLB_D,SUM,2004-12-23T00:00Z,1033.0,,0.0,
0-20000-0-11519,RGLB_D,SUM,2004-12-24T00:00Z,1004.0,,0.0,
0-20000-0-11519,RGLB_D,SUM,2004-12-25T00:00Z,3028.0,,0.0,
0-20000-0-11519,RGLB_D,SUM,2004-12-26T00:00Z,835.0,,0.0,
0-20000-0-11519,RGLB_D,SUM,2004-12-27T00:00Z,428.0,,0.0,
0-20000-0-11519,RGLB_D,SUM,2004-12-28T00:00Z,1350.0,,0.0,
0-20000-0-11519,RGLB_D,SUM,2004-12-29T00:00Z,1573.0,,0.0,
0-20000-0-11519,RGLB_D,SUM,2004-12-30T00:00Z,2948.0,,0.0,
0-20000-0-11519,RGLB_D,SUM,2004-12-31T00:00Z,958.0,,0.0,
0-20000-0-11519,RGLB_D,SUM,2005-01-01T00:00Z,2106.0,,0.0,
0-20000-0-11519,RGLB_D,SUM,2005-01-02T00:00Z,1976.0,,0.0,
0-20000-0-11519,RGLB_D,SUM,2005-01-03T00:00Z,1739.0,,0.0,
0-20000-0-11519,RGLB_D,SUM,2005-01-04T00:00Z,641.0,,0.0,
0-20000-0-11519,RGLB_D,SUM,2005-01-05T00:00Z,1955.0,,0.0,
0-20000-0-11519,RGLB_D,SUM,2005-01-06T00:00Z,2581.0,,0.0,
0-20000-0-11519,RGLB_D,SUM,2005-01-07T00:00Z,2581.0,,0.0,
0-20000-0-11519,RGLB_D,SUM,2005-01-08T00:00Z,4889.0,,0.0,
0-20000-0-11519,RGLB_D,SUM,2005-01-09T00:00Z,4072.0,,0.0,
0-20000-0-11519,RGLB_D,SUM,2005-01-10T00:00Z,4352.0,,0.0,
0-20000-0-11519,RGLB_D,SUM,2005-01-11T00:00Z,3517.0,,0.0,
0-20000-0-11519,RGLB_D,SUM,2005-01-12T00:00Z,1498.0,,0.0,
0-20000-0-11519,RGLB_D,SUM,2005-01-13T00:00Z,3276.0,,0.0,
0-20000-0-11519,RGLB_D,SUM,2005-01-14T00:00Z,2210.0,,0.0,
0-20000-0-11519,RGLB_D,SUM,2005-01-15T00:00Z,3118.0,,0.0,
0-20000-0-11519,RGLB_D,SUM,2005-01-16T00:00Z,4640.0,,0.0,
0-20000-0-11519,RGLB_D,SUM,2005-01-17T00:00Z,4860.0,,0.0,
0-20000-0-11519,RGLB_D,SUM,2005-01-18T00:00Z,2009.0,,0.0,
0-20000-0-11519,RGLB_D,SUM,2005-01-19T00:00Z,3946.0,,0.0,
0-20000-0-11519,RGLB_D,SUM,2005-01-20T00:00Z,2012.0,,0.0,
0-20000-0-11519,RGLB_D,SUM,2005-01-21T00:00Z,2858.0,,0.0,
0-20000-0-11519,RGLB_D,SUM,2005-01-22T00:00Z,4255.0,,0.0,
0-20000-0-11519,RGLB_D,SUM,2005-01-23T00:00Z,2225.0,,0.0,
0-20000-0-11519,RGLB_D,SUM,2005-01-24T00:00Z,4104.0,,0.0,
0-20000-0-11519,RGLB_D,SUM,2005-01-25T00:00Z,2783.0,,0.0,
0-20000-0-11519,RGLB_D,SUM,2005-01-26T00:00Z,4259.0,,0.0,
0-20000-0-11519,RGLB_D,SUM,2005-01-27T00:00Z,2988.0,,0.0,
0-20000-0-11519,RGLB_D,SUM,2005-01-28T00:00Z,6289.0,,0.0,
0-20000-0-11519,RGLB_D,SUM,2005-01-29T00:00Z,2862.0,,0.0,
0-20000-0-11519,RGLB_D,SUM,2005-01-30T00:00Z,3852.0,,0.0,
0-20000-0-11519,RGLB_D,SUM,2005-01-31T00:00Z,1570.0,,0.0,
0-20000-0-11519,RGLB_D,SUM,2005-02-01T00:00Z,4223.0,,0.0,
0-20000-0-11519,RGLB_D,SUM,2005-02-02T00:00Z,2632.0,,0.0,
0-20000-0-11519,RGLB_D,SUM,2005-02-03T00:00Z,2812.0,,0.0,
0-20000-0-11519,RGLB_D,SUM,2005-02-04T00:00Z,5652.0,,0.0,
0-20000-0-11519,RGLB_D,SUM,2005-02-05T00:00Z,7798.0,,0.0,
0-20000-0-11519,RGLB_D,SUM,2005-02-06T00:00Z,8179.0,,0.0,
0-20000-0-11519,RGLB_D,SUM,2005-02-07T00:00Z,8150.0,,0.0,
0-20000-0-11519,RGLB_D,SUM,2005-02-08T00:00Z,7812.0,,0.0,
0-20000-0-11519,RGLB_D,SUM,2005-02-09T00:00Z,4457.0,,0.0,
0-20000-0-11519,RGLB_D,SUM,2005-02-10T00:00Z,4388.0,,0.0,
0-20000-0-11519,RGLB_D,SUM,2005-02-11T00:00Z,2434.0,,0.0,
0-20000-0-11519,RGLB_D,SUM,2005-02-12T00:00Z,1534.0,,0.0,
0-20000-0-11519,RGLB_D,SUM,2005-02-13T00:00Z,5692.0,,0.0,
0-20000-0-11519,RGLB_D,SUM,2005-02-14T00:00Z,3787.0,,0.0,
0-20000-0-11519,RGLB_D,SUM,2005-02-15T00:00Z,3157.0,,0.0,
0-20000-0-11519,RGLB_D,SUM,2005-02-16T00:00Z,2992.0,,0.0,
0-20000-0-11519,RGLB_D,SUM,2005-02-17T00:00Z,1055.0,,0.0,
0-20000-0-11519,RGLB_D,SUM,2005-02-18T00:00Z,6484.0,,0.0,
0-20000-0-11519,RGLB_D,SUM,2005-02-19T00:00Z,5944.0,,0.0,
0-20000-0-11519,RGLB_D,SUM,2005-02-20T00:00Z,4072.0,,0.0,
0-20000-0-11519,RGLB_D,SUM,2005-02-21T00:00Z,3773.0,,0.0,
0-20000-0-11519,RGLB_D,SUM,2005-02-22T00:00Z,1357.0,,0.0,
0-20000-0-11519,RGLB_D,SUM,2005-02-23T00:00Z,5900.0,,0.0,
0-20000-0-11519,RGLB_D,SUM,2005-02-24T00:00Z,6624.0,,0.0,
0-20000-0-11519,RGLB_D,SUM,2005-02-25T00:00Z,3942.0,,0.0,
0-20000-0-11519,RGLB_D,SUM,2005-02-26T00:00Z,5987.0,,0.0,
0-20000-0-11519,RGLB_D,SUM,2005-02-27T00:00Z,9562.0,,0.0,
0-20000-0-11519,RGLB_D,SUM,2005-02-28T00:00Z,10166.0,,0.0,
0-20000-0-11519,RGLB_D,SUM,2005-03-01T00:00Z,10519.0,,0.0,
0-20000-0-11519,RGLB_D,SUM,2005-03-02T00:00Z,12557.0,,0.0,
0-20000-0-11519,RGLB_D,SUM,2005-03-03T00:00Z,11362.0,,0.0,
0-20000-0-11519,RGLB_D,SUM,2005-03-04T00:00Z,6152.0,,0.0,
0-20000-0-11519,RGLB_D,SUM,2005-03-05T00:00Z,6048.0,,0.0,
0-20000-0-11519,RGLB_D,SUM,2005-03-06T00:00Z,6404.0,,0.0,
0-20000-0-11519,RGLB_D,SUM,2005-03-07T00:00Z,11336.0,,0.0,
0-20000-0-11519,RGLB_D,SUM,2005-03-08T00:00Z,3182.0,,0.0,
0-20000-0-11519,RGLB_D,SUM,2005-03-09T00:00Z,5544.0,,0.0,
0-20000-0-11519,RGLB_D,SUM,2005-03-10T00:00Z,15131.0,,0.0,
0-20000-0-11519,RGLB_D,SUM,2005-03-11T00:00Z,5929.0,,0.0,
0-20000-0-11519,RGLB_D,SUM,2005-03-12T00:00Z,10894.0,,0.0,
0-20000-0-11519,RGLB_D,SUM,2005-03-13T00:00Z,4824.0,,0.0,
0-20000-0-11519,RGLB_D,SUM,2005-03-14T00:00Z,13936.0,,0.0,
0-20000-0-11519,RGLB_D,SUM,2005-03-15T00:00Z,11952.0,,0.0,
0-20000-0-11519,RGLB_D,SUM,2005-03-16T00:00Z,13162.0,,0.0,
0-20000-0-11519,RGLB_D,SUM,2005-03-17T00:00Z,6451.0,,0.0,
0-20000-0-11519,RGLB_D,SUM,2005-03-18T00:00Z,9709.0,,0.0,
0-20000-0-11519,RGLB_D,SUM,2005-03-19T00:00Z,8788.0,,0.0,
0-20000-0-11519,RGLB_D,SUM,2005-03-20T00:00Z,17003.0,,0.0,
0-20000-0-11519,RGLB_D,SUM,2005-03-21T00:00Z,15844.0,,0.0,
0-20000-0-11519,RGLB_D,SUM,2005-03-22T00:00Z,16646.0,,0.0,
0-20000-0-11519,RGLB_D,SUM,2005-03-23T00:00Z,6077.0,,0.0,
0-20000-0-11519,RGLB_D,SUM,2005-03-24T00:00Z,14584.0,,0.0,
0-20000-0-11519,RGLB_D,SUM,2005-03-25T00:00Z,12226.0,,0.0,
0-20000-0-11519,RGLB_D,SUM,2005-03-26T00:00Z,7862.0,,0.0,
0-20000-0-11519,RGLB_D,SUM,2005-03-27T00:00Z,4892.0,,0.0,
0-20000-0-11519,RGLB_D,SUM,2005-03-28T00:00Z,7823.0,,0.0,
0-20000-0-11519,RGLB_D,SUM,2005-03-29T00:00Z,7243.0,,0.0,
0-20000-0-11519,RGLB_D,SUM,2005-03-30T00:00Z,13072.0,,0.0,
0-20000-0-11519,RGLB_D,SUM,2005-03-31T00:00Z,19091.0,,0.0,
0-20000-0-11519,RGLB_D,SUM,2005-04-01T00:00Z,19424.0,,0.0,
0-20000-0-11519,RGLB_D,SUM,2005-04-02T00:00Z,19397.0,,0.0,
0-20000-0-11519,RGLB_D,SUM,2005-04-03T00:00Z,19299.0,,0.0,
0-20000-0-11519,RGLB_D,SUM,2005-04-04T00:00Z,19326.0,,0.0,
0-20000-0-11519,RGLB_D,SUM,2005-04-05T00:00Z,14708.0,,0.0,
0-20000-0-11519,RGLB_D,SUM,2005-04-06T00:00Z,13797.0,,0.0,
0-20000-0-11519,RGLB_D,SUM,2005-04-07T00:00Z,7699.0,,0.0,
0-20000-0-11519,RGLB_D,SUM,2005-04-08T00:00Z,3941.0,,0.0,
0-20000-0-11519,RGLB_D,SUM,2005-04-09T00:00Z,5487.0,,0.0,
0-20000-0-11519,RGLB_D,SUM,2005-04-10T00:00Z,9926.0,,0.0,
0-20000-0-11519,RGLB_D,SUM,2005-04-11T00:00Z,13055.0,,0.0,
0-20000-0-11519,RGLB_D,SUM,2005-04-12T00:00Z,20368.0,,0.0,
0-20000-0-11519,RGLB_D,SUM,2005-04-13T00:00Z,10833.0,,0.0,
0-20000-0-11519,RGLB_D,SUM,2005-04-14T00:00Z,19603.0,,0.0,
0-20000-0-11519,RGLB_D,SUM,2005-04-15T00:00Z,19753.0,,0.0,
0-20000-0-11519,RGLB_D,SUM,2005-04-16T00:00Z,19743.0,,0.0,
0-20000-0-11519,RGLB_D,SUM,2005-04-17T00:00Z,4694.0,,0.0,
0-20000-0-11519,RGLB_D,SUM,2005-04-18T00:00Z,8430.0,,0.0,
0-20000-0-11519,RGLB_D,SUM,2005-04-19T00:00Z,17857.0,,0.0,
0-20000-0-11519,RGLB_D,SUM,2005-04-20T00:00Z,6297.0,,0.0,
0-20000-0-11519,RGLB_D,SUM,2005-04-21T00:00Z,24231.0,,0.0,
0-20000-0-11519,RGLB_D,SUM,2005-04-22T00:00Z,24038.0,,0.0,
0-20000-0-11519,RGLB_D,SUM,2005-04-23T00:00Z,23517.0,,0.0,
0-20000-0-11519,RGLB_D,SUM,2005-04-24T00:00Z,19547.0,,0.0,
0-20000-0-11519,RGLB_D,SUM,2005-04-25T00:00Z,5656.0,,0.0,
0-20000-0-11519,RGLB_D,SUM,2005-04-26T00:00Z,16342.0,,0.0,
0-20000-0-11519,RGLB_D,SUM,2005-04-27T00:00Z,9101.0,,0.0,
0-20000-0-11519,RGLB_D,SUM,2005-04-28T00:00Z,19689.0,,0.0,
0-20000-0-11519,RGLB_D,SUM,2005-04-29T00:00Z,20551.0,,0.0,
0-20000-0-11519,RGLB_D,SUM,2005-04-30T00:00Z,22818.0,,0.0,
0-20000-0-11519,RGLB_D,SUM,2005-05-01T00:00Z,18888.0,,0.0,
0-20000-0-11519,RGLB_D,SUM,2005-05-02T00:00Z,24263.0,,0.0,
0-20000-0-11519,RGLB_D,SUM,2005-05-03T00:00Z,6459.0,,0.0,
0-20000-0-11519,RGLB_D,SUM,2005-05-04T00:00Z,13547.0,,0.0,
0-20000-0-11519,RGLB_D,SUM,2005-05-05T00:00Z,16477.0,,0.0,
0-20000-0-11519,RGLB_D,SUM,2005-05-06T00:00Z,10193.0,,0.0,
0-20000-0-11519,RGLB_D,SUM,2005-05-07T00:00Z,17313.0,,0.0,
0-20000-0-11519,RGLB_D,SUM,2005-05-08T00:00Z,18588.0,,0.0,
0-20000-0-11519,RGLB_D,SUM,2005-05-09T00:00Z,19625.0,,0.0,
0-20000-0-11519,RGLB_D,SUM,2005-05-10T00:00Z,20308.0,,0.0,
0-20000-0-11519,RGLB_D,SUM,2005-05-11T00:00Z,21132.0,,0.0,
0-20000-0-11519,RGLB_D,SUM,2005-05-12T00:00Z,21345.0,,0.0,
0-20000-0-11519,RGLB_D,SUM,2005-05-13T00:00Z,27873.0,,0.0,
0-20000-0-11519,RGLB_D,SUM,2005-05-14T00:00Z,19314.0,,0.0,
0-20000-0-11519,RGLB_D,SUM,2005-05-15T00:00Z,10795.0,,0.0,
0-20000-0-11519,RGLB_D,SUM,2005-05-16T00:00Z,22628.0,,0.0,
0-20000-0-11519,RGLB_D,SUM,2005-05-17T00:00Z,7806.0,,0.0,
0-20000-0-11519,RGLB_D,SUM,2005-05-18T00:00Z,4545.0,,0.0,
0-20000-0-11519,RGLB_D,SUM,2005-05-19T00:00Z,22738.0,,0.0,
0-20000-0-11519,RGLB_D,SUM,2005-05-20T00:00Z,27563.0,,0.0,
0-20000-0-11519,RGLB_D,SUM,2005-05-21T00:00Z,25831.0,,0.0,
0-20000-0-11519,RGLB_D,SUM,2005-05-22T00:00Z,18502.0,,0.0,
0-20000-0-11519,RGLB_D,SUM,2005-05-23T00:00Z,13408.0,,0.0,
0-20000-0-11519,RGLB_D,SUM,2005-05-24T00:00Z,19670.0,,0.0,
0-20000-0-11519,RGLB_D,SUM,2005-05-25T00:00Z,28944.0,,0.0,
0-20000-0-11519,RGLB_D,SUM,2005-05-26T00:00Z,26065.0,,0.0,
0-20000-0-11519,RGLB_D,SUM,2005-05-27T00:00Z,28222.0,,0.0,
0-20000-0-11519,RGLB_D,SUM,2005-05-28T00:00Z,28042.0,,0.0,
0-20000-0-11519,RGLB_D,SUM,2005-05-29T00:00Z,26770.0,,0.0,
0-20000-0-11519,RGLB_D,SUM,2005-05-30T00:00Z,20735.0,,0.0,
0-20000-0-11519,RGLB_D,SUM,2005-05-31T00:00Z,19543.0,,0.0,
0-20000-0-11519,RGLB_D,SUM,2005-06-01T00:00Z,25217.0,,0.0,
0-20000-0-11519,RGLB_D,SUM,2005-06-02T00:00Z,24874.0,,0.0,
0-20000-0-11519,RGLB_D,SUM,2005-06-03T00:00Z,28697.0,,0.0,
0-20000-0-11519,RGLB_D,SUM,2005-06-04T00:00Z,7358.0,,0.0,
0-20000-0-11519,RGLB_D,SUM,2005-06-05T00:00Z,16252.0,,0.0,
0-20000-0-11519,RGLB_D,SUM,2005-06-06T00:00Z,12654.0,,0.0,
0-20000-0-11519,RGLB_D,SUM,2005-06-07T00:00Z,12788.0,,0.0,
0-20000-0-11519,RGLB_D,SUM,2005-06-08T00:00Z,14388.0,,0.0,
0-20000-0-11519,RGLB_D,SUM,2005-06-09T00:00Z,28845.0,,0.0,
0-20000-0-11519,RGLB_D,SUM,2005-06-10T00:00Z,18584.0,,0.0,
0-20000-0-11519,RGLB_D,SUM,2005-06-11T00:00Z,8505.0,,0.0,
0-20000-0-11519,RGLB_D,SUM,2005-06-12T00:00Z,19787.0,,0.0,
0-20000-0-11519,RGLB_D,SUM,2005-06-13T00:00Z,24226.0,,0.0,
0-20000-0-11519,RGLB_D,SUM,2005-06-14T00:00Z,20606.0,,0.0,
0-20000-0-11519,RGLB_D,SUM,2005-06-15T00:00Z,6272.0,,0.0,
0-20000-0-11519,RGLB_D,SUM,2005-06-16T00:00Z,24679.0,,0.0,
0-20000-0-11519,RGLB_D,SUM,2005-06-17T00:00Z,16087.0,,0.0,
0-20000-0-11519,RGLB_D,SUM,2005-06-18T00:00Z,30507.0,,0.0,
0-20000-0-11519,RGLB_D,SUM,2005-06-19T00:00Z,27277.0,,0.0,
0-20000-0-11519,RGLB_D,SUM,2005-06-20T00:00Z,26190.0,,0.0,
0-20000-0-11519,RGLB_D,SUM,2005-06-21T00:00Z,27778.0,,0.0,
0-20000-0-11519,RGLB_D,SUM,2005-06-22T00:00Z,20325.0,,0.0,
0-20000-0-11519,RGLB_D,SUM,2005-06-23T00:00Z,29482.0,,0.0,
0-20000-0-11519,RGLB_D,SUM,2005-06-24T00:00Z,28884.0,,0.0,
0-20000-0-11519,RGLB_D,SUM,2005-06-25T00:00Z,21590.0,,0.0,
0-20000-0-11519,RGLB_D,SUM,2005-06-26T00:00Z,12569.0,,0.0,
0-20000-0-11519,RGLB_D,SUM,2005-06-27T00:00Z,27158.0,,0.0,
0-20000-0-11519,RGLB_D,SUM,2005-06-28T00:00Z,28296.0,,0.0,
0-20000-0-11519,RGLB_D,SUM,2005-06-29T00:00Z,17459.0,,0.0,
0-20000-0-11519,RGLB_D,SUM,2005-06-30T00:00Z,5980.0,,0.0,
0-20000-0-11519,RGLB_D,SUM,2005-07-01T00:00Z,7469.0,,0.0,
0-20000-0-11519,RGLB_D,SUM,2005-07-02T00:00Z,14455.0,,0.0,
0-20000-0-11519,RGLB_D,SUM,2005-07-03T00:00Z,25665.0,,0.0,
0-20000-0-11519,RGLB_D,SUM,2005-07-04T00:00Z,26770.0,,0.0,
0-20000-0-11519,RGLB_D,SUM,2005-07-05T00:00Z,2567.0,,0.0,
0-20000-0-11519,RGLB_D,SUM,2005-07-06T00:00Z,20465.0,,0.0,
0-20000-0-11519,RGLB_D,SUM,2005-07-07T00:00Z,17771.0,,0.0,
0-20000-0-11519,RGLB_D,SUM,2005-07-08T00:00Z,4362.0,,0.0,
0-20000-0-11519,RGLB_D,SUM,2005-07-09T00:00Z,14934.0,,0.0,
0-20000-0-11519,RGLB_D,SUM,2005-07-10T00:00Z,13165.0,,0.0,
0-20000-0-11519,RGLB_D,SUM,2005-07-11T00:00Z,10704.0,,0.0,
0-20000-0-11519,RGLB_D,SUM,2005-07-12T00:00Z,22374.0,,0.0,
0-20000-0-11519,RGLB_D,SUM,2005-07-13T00:00Z,24710.0,,0.0,
0-20000-0-11519,RGLB_D,SUM,2005-07-14T00:00Z,23831.0,,0.0,
0-20000-0-11519,RGLB_D,SUM,2005-07-15T00:00Z,25391.0,,0.0,
0-20000-0-11519,RGLB_D,SUM,2005-07-16T00:00Z,23127.0,,0.0,
0-20000-0-11519,RGLB_D,SUM,2005-07-17T00:00Z,25105.0,,0.0,
0-20000-0-11519,RGLB_D,SUM,2005-07-18T00:00Z,26325.0,,0.0,
0-20000-0-11519,RGLB_D,SUM,2005-07-19T00:00Z,12833.0,,0.0,
0-20000-0-11519,RGLB_D,SUM,2005-07-20T00:00Z,14135.0,,0.0,
0-20000-0-11519,RGLB_D,SUM,2005-07-21T00:00Z,15330.0,,0.0,
0-20000-0-11519,RGLB_D,SUM,2005-07-22T00:00Z,7588.0,,0.0,
0-20000-0-11519,RGLB_D,SUM,2005-07-23T00:00Z,12832.0,,0.0,
0-20000-0-11519,RGLB_D,SUM,2005-07-24T00:00Z,24062.0,,0.0,
0-20000-0-11519,RGLB_D,SUM,2005-07-25T00:00Z,9354.0,,0.0,
0-20000-0-11519,RGLB_D,SUM,2005-07-26T00:00Z,20589.0,,0.0,
0-20000-0-11519,RGLB_D,SUM,2005-07-27T00:00Z,24471.0,,0.0,
0-20000-0-11519,RGLB_D,SUM,2005-07-28T00:00Z,25621.0,,0.0,
0-20000-0-11519,RGLB_D,SUM,2005-07-29T00:00Z,23343.0,,0.0,
0-20000-0-11519,RGLB_D,SUM,2005-07-30T00:00Z,20194.0,,0.0,
0-20000-0-11519,RGLB_D,SUM,2005-07-31T00:00Z,16299.0,,0.0,
0-20000-0-11519,RGLB_D,SUM,2005-08-01T00:00Z,24482.0,,0.0,
0-20000-0-11519,RGLB_D,SUM,2005-08-02T00:00Z,17215.0,,0.0,
0-20000-0-11519,RGLB_D,SUM,2005-08-03T00:00Z,10704.0,,0.0,
0-20000-0-11519,RGLB_D,SUM,2005-08-04T00:00Z,14883.0,,0.0,
0-20000-0-11519,RGLB_D,SUM,2005-08-05T00:00Z,18221.0,,0.0,
0-20000-0-11519,RGLB_D,SUM,2005-08-06T00:00Z,17027.0,,0.0,
0-20000-0-11519,RGLB_D,SUM,2005-08-07T00:00Z,15336.0,,0.0,
0-20000-0-11519,RGLB_D,SUM,2005-08-08T00:00Z,14582.0,,0.0,
0-20000-0-11519,RGLB_D,SUM,2005-08-09T00:00Z,12928.0,,0.0,
0-20000-0-11519,RGLB_D,SUM,2005-08-10T00:00Z,17354.0,,0.0,
0-20000-0-11519,RGLB_D,SUM,2005-08-11T00:00Z,19874.0,,0.0,
0-20000-0-11519,RGLB_D,SUM,2005-08-12T00:00Z,10849.0,,0.0,
0-20000-0-11519,RGLB_D,SUM,2005-08-13T00:00Z,18352.0,,0.0,
0-20000-0-11519,RGLB_D,SUM,2005-08-14T00:00Z,11705.0,,0.0,
0-20000-0-11519,RGLB_D,SUM,2005-08-15T00:00Z,3238.0,,0.0,
0-20000-0-11519,RGLB_D,SUM,2005-08-16T00:00Z,5930.0,,0.0,
0-20000-0-11519,RGLB_D,SUM,2005-08-17T00:00Z,14631.0,,0.0,
0-20000-0-11519,RGLB_D,SUM,2005-08-18T00:00Z,21755.0,,0.0,
0-20000-0-11519,RGLB_D,SUM,2005-08-19T00:00Z,20224.0,,0.0,
0-20000-0-11519,RGLB_D,SUM,2005-08-20T00:00Z,12589.0,,0.0,
0-20000-0-11519,RGLB_D,SUM,2005-08-21T00:00Z,17747.0,,0.0,
0-20000-0-11519,RGLB_D,SUM,2005-08-22T00:00Z,6583.0,,0.0,
0-20000-0-11519,RGLB_D,SUM,2005-08-23T00:00Z,12139.0,,0.0,
0-20000-0-11519,RGLB_D,SUM,2005-08-24T00:00Z,10211.0,,0.0,
0-20000-0-11519,RGLB_D,SUM,2005-08-25T00:00Z,10848.0,,0.0,
0-20000-0-11519,RGLB_D,SUM,2005-08-26T00:00Z,21302.0,,0.0,
0-20000-0-11519,RGLB_D,SUM,2005-08-27T00:00Z,18995.0,,0.0,
0-20000-0-11519,RGLB_D,SUM,2005-08-28T00:00Z,19416.0,,0.0,
0-20000-0-11519,RGLB_D,SUM,2005-08-29T00:00Z,20787.0,,0.0,
0-20000-0-11519,RGLB_D,SUM,2005-08-30T00:00Z,20083.0,,0.0,
0-20000-0-11519,RGLB_D,SUM,2005-08-31T00:00Z,19754.0,,0.0,
0-20000-0-11519,RGLB_D,SUM,2005-09-01T00:00Z,18411.0,,0.0,
0-20000-0-11519,RGLB_D,SUM,2005-09-02T00:00Z,16552.0,,0.0,
0-20000-0-11519,RGLB_D,SUM,2005-09-03T00:00Z,7450.0,,0.0,
0-20000-0-11519,RGLB_D,SUM,2005-09-04T00:00Z,18655.0,,0.0,
0-20000-0-11519,RGLB_D,SUM,2005-09-05T00:00Z,19407.0,,0.0,
0-20000-0-11519,RGLB_D,SUM,2005-09-06T00:00Z,19260.0,,0.0,
0-20000-0-11519,RGLB_D,SUM,2005-09-07T00:00Z,19245.0,,0.0,
0-20000-0-11519,RGLB_D,SUM,2005-09-08T00:00Z,18702.0,,0.0,
0-20000-0-11519,RGLB_D,SUM,2005-09-09T00:00Z,11215.0,,0.0,
0-20000-0-11519,RGLB_D,SUM,2005-09-10T00:00Z,13378.0,,0.0,
0-20000-0-11519,RGLB_D,SUM,2005-09-11T00:00Z,9848.0,,0.0,
0-20000-0-11519,RGLB_D,SUM,2005-09-12T00:00Z,8478.0,,0.0,
0-20000-0-11519,RGLB_D,SUM,2005-09-13T00:00Z,6931.0,,0.0,
0-20000-0-11519,RGLB_D,SUM,2005-09-14T00:00Z,16137.0,,0.0,
0-20000-0-11519,RGLB_D,SUM,2005-09-15T00:00Z,11641.0,,0.0,
0-20000-0-11519,RGLB_D,SUM,2005-09-16T00:00Z,5941.0,,0.0,
0-20000-0-11519,RGLB_D,SUM,2005-09-17T00:00Z,6896.0,,0.0,
0-20000-0-11519,RGLB_D,SUM,2005-09-18T00:00Z,17102.0,,0.0,
0-20000-0-11519,RGLB_D,SUM,2005-09-19T00:00Z,17902.0,,0.0,
0-20000-0-11519,RGLB_D,SUM,2005-09-20T00:00Z,14429.0,,0.0,
0-20000-0-11519,RGLB_D,SUM,2005-09-21T00:00Z,10865.0,,0.0,
0-20000-0-11519,RGLB_D,SUM,2005-09-22T00:00Z,15674.0,,0.0,
0-20000-0-11519,RGLB_D,SUM,2005-09-23T00:00Z,15182.0,,0.0,
0-20000-0-11519,RGLB_D,SUM,2005-09-24T00:00Z,15222.0,,0.0,
0-20000-0-11519,RGLB_D,SUM,2005-09-25T00:00Z,15005.0,,0.0,
0-20000-0-11519,RGLB_D,SUM,2005-09-26T00:00Z,12198.0,,0.0,
0-20000-0-11519,RGLB_D,SUM,2005-09-27T00:00Z,10974.0,,0.0,
0-20000-0-11519,RGLB_D,SUM,2005-09-28T00:00Z,5977.0,,0.0,
0-20000-0-11519,RGLB_D,SUM,2005-09-29T00:00Z,7453.0,,0.0,
0-20000-0-11519,RGLB_D,SUM,2005-09-30T00:00Z,8492.0,,0.0,
0-20000-0-11519,RGLB_D,SUM,2005-10-01T00:00Z,11709.0,,0.0,
0-20000-0-11519,RGLB_D,SUM,2005-10-02T00:00Z,1760.0,,0.0,
0-20000-0-11519,RGLB_D,SUM,2005-10-03T00:00Z,2348.0,,0.0,
0-20000-0-11519,RGLB_D,SUM,2005-10-04T00:00Z,8874.0,,0.0,
0-20000-0-11519,RGLB_D,SUM,2005-10-05T00:00Z,10762.0,,0.0,
0-20000-0-11519,RGLB_D,SUM,2005-10-06T00:00Z,11804.0,,0.0,
0-20000-0-11519,RGLB_D,SUM,2005-10-07T00:00Z,11872.0,,0.0,
0-20000-0-11519,RGLB_D,SUM,2005-10-08T00:00Z,8322.0,,0.0,
0-20000-0-11519,RGLB_D,SUM,2005-10-09T00:00Z,12061.0,,0.0,
0-20000-0-11519,RGLB_D,SUM,2005-10-10T00:00Z,11181.0,,0.0,
0-20000-0-11519,RGLB_D,SUM,2005-10-11T00:00Z,11603.0,,0.0,
0-20000-0-11519,RGLB_D,SUM,2005-10-12T00:00Z,10968.0,,0.0,
0-20000-0-11519,RGLB_D,SUM,2005-10-13T00:00Z,10481.0,,0.0,
0-20000-0-11519,RGLB_D,SUM,2005-10-14T00:00Z,10080.0,,0.0,
0-20000-0-11519,RGLB_D,SUM,2005-10-15T00:00Z,9960.0,,0.0,
0-20000-0-11519,RGLB_D,SUM,2005-10-16T00:00Z,10517.0,,0.0,
0-20000-0-11519,RGLB_D,SUM,2005-10-17T00:00Z,7060.0,,0.0,
0-20000-0-11519,RGLB_D,SUM,2005-10-18T00:00Z,3836.0,,0.0,
0-20000-0-11519,RGLB_D,SUM,2005-10-19T00:00Z,10119.0,,0.0,
0-20000-0-11519,RGLB_D,SUM,2005-10-20T00:00Z,5350.0,,0.0,
0-20000-0-11519,RGLB_D,SUM,2005-10-21T00:00Z,5085.0,,0.0,
0-20000-0-11519,RGLB_D,SUM,2005-10-22T00:00Z,7756.0,,0.0,
0-20000-0-11519,RGLB_D,SUM,2005-10-23T00:00Z,6827.0,,0.0,
0-20000-0-11519,RGLB_D,SUM,2005-10-24T00:00Z,6853.0,,0.0,
0-20000-0-11519,RGLB_D,SUM,2005-10-25T00:00Z,3477.0,,0.0,
0-20000-0-11519,RGLB_D,SUM,2005-10-26T00:00Z,7865.0,,0.0,
0-20000-0-11519,RGLB_D,SUM,2005-10-27T00:00Z,8557.0,,0.0,
0-20000-0-11519,RGLB_D,SUM,2005-10-28T00:00Z,7970.0,,0.0,
0-20000-0-11519,RGLB_D,SUM,2005-10-29T00:00Z,8474.0,,0.0,
0-20000-0-11519,RGLB_D,SUM,2005-10-30T00:00Z,7602.0,,0.0,
0-20000-0-11519,RGLB_D,SUM,2005-10-31T00:00Z,3877.0,,0.0,
0-20000-0-11519,RGLB_D,SUM,2005-11-01T00:00Z,3898.0,,0.0,
0-20000-0-11519,RGLB_D,SUM,2005-11-02T00:00Z,2372.0,,0.0,
0-20000-0-11519,RGLB_D,SUM,2005-11-03T00:00Z,2952.0,,0.0,
0-20000-0-11519,RGLB_D,SUM,2005-11-04T00:00Z,1528.0,,0.0,
0-20000-0-11519,RGLB_D,SUM,2005-11-05T00:00Z,888.0,,0.0,
0-20000-0-11519,RGLB_D,SUM,2005-11-06T00:00Z,3496.0,,0.0,
0-20000-0-11519,RGLB_D,SUM,2005-11-07T00:00Z,1207.0,,0.0,
0-20000-0-11519,RGLB_D,SUM,2005-11-08T00:00Z,5727.0,,0.0,
0-20000-0-11519,RGLB_D,SUM,2005-11-09T00:00Z,2138.0,,0.0,
0-20000-0-11519,RGLB_D,SUM,2005-11-10T00:00Z,2382.0,,0.0,
0-20000-0-11519,RGLB_D,SUM,2005-11-11T00:00Z,4887.0,,0.0,
0-20000-0-11519,RGLB_D,SUM,2005-11-12T00:00Z,2251.0,,0.0,
0-20000-0-11519,RGLB_D,SUM,2005-11-13T00:00Z,1016.0,,0.0,
0-20000-0-11519,RGLB_D,SUM,2005-11-14T00:00Z,1081.0,,0.0,
0-20000-0-11519,RGLB_D,SUM,2005-11-15T00:00Z,1454.0,,0.0,
0-20000-0-11519,RGLB_D,SUM,2005-11-16T00:00Z,2043.0,,0.0,
0-20000-0-11519,RGLB_D,SUM,2005-11-17T00:00Z,3411.0,,0.0,
0-20000-0-11519,RGLB_D,SUM,2005-11-18T00:00Z,4347.0,,0.0,
0-20000-0-11519,RGLB_D,SUM,2005-11-19T00:00Z,2691.0,,0.0,
0-20000-0-11519,RGLB_D,SUM,2005-11-20T00:00Z,1162.0,,0.0,
0-20000-0-11519,RGLB_D,SUM,2005-11-21T00:00Z,2280.0,,0.0,
0-20000-0-11519,RGLB_D,SUM,2005-11-22T00:00Z,935.0,,0.0,
0-20000-0-11519,RGLB_D,SUM,2005-11-23T00:00Z,1905.0,,0.0,
0-20000-0-11519,RGLB_D,SUM,2005-11-24T00:00Z,3451.0,,0.0,
0-20000-0-11519,RGLB_D,SUM,2005-11-25T00:00Z,2842.0,,0.0,
0-20000-0-11519,RGLB_D,SUM,2005-11-26T00:00Z,2996.0,,0.0,
0-20000-0-11519,RGLB_D,SUM,2005-11-27T00:00Z,2013.0,,0.0,
0-20000-0-11519,RGLB_D,SUM,2005-11-28T00:00Z,2283.0,,0.0,
0-20000-0-11519,RGLB_D,SUM,2005-11-29T00:00Z,2069.0,,0.0,
0-20000-0-11519,RGLB_D,SUM,2005-11-30T00:00Z,2172.0,,0.0,
0-20000-0-11519,RGLB_D,SUM,2005-12-01T00:00Z,3622.0,,0.0,
0-20000-0-11519,RGLB_D,SUM,2005-12-02T00:00Z,1397.0,,0.0,
0-20000-0-11519,RGLB_D,SUM,2005-12-03T00:00Z,777.0,,0.0,
0-20000-0-11519,RGLB_D,SUM,2005-12-04T00:00Z,1698.0,,0.0,
0-20000-0-11519,RGLB_D,SUM,2005-12-05T00:00Z,1540.0,,0.0,
0-20000-0-11519,RGLB_D,SUM,2005-12-06T00:00Z,1306.0,,0.0,
0-20000-0-11519,RGLB_D,SUM,2005-12-07T00:00Z,2334.0,,0.0,
0-20000-0-11519,RGLB_D,SUM,2005-12-08T00:00Z,3762.0,,0.0,
0-20000-0-11519,RGLB_D,SUM,2005-12-09T00:00Z,2224.0,,0.0,
0-20000-0-11519,RGLB_D,SUM,2005-12-10T00:00Z,1417.0,,0.0,
0-20000-0-11519,RGLB_D,SUM,2005-12-11T00:00Z,2605.0,,0.0,
0-20000-0-11519,RGLB_D,SUM,2005-12-12T00:00Z,2110.0,,0.0,
0-20000-0-11519,RGLB_D,SUM,2005-12-13T00:00Z,1978.0,,0.0,
0-20000-0-11519,RGLB_D,SUM,2005-12-14T00:00Z,1001.0,,0.0,
0-20000-0-11519,RGLB_D,SUM,2005-12-15T00:00Z,1823.0,,0.0,
0-20000-0-11519,RGLB_D,SUM,2005-12-16T00:00Z,634.0,,0.0,
0-20000-0-11519,RGLB_D,SUM,2005-12-17T00:00Z,904.0,,0.0,
0-20000-0-11519,RGLB_D,SUM,2005-12-18T00:00Z,3315.0,,0.0,
0-20000-0-11519,RGLB_D,SUM,2005-12-19T00:00Z,2381.0,,0.0,
0-20000-0-11519,RGLB_D,SUM,2005-12-20T00:00Z,1278.0,,0.0,
0-20000-0-11519,RGLB_D,SUM,2005-12-21T00:00Z,2028.0,,0.0,
0-20000-0-11519,RGLB_D,SUM,2005-12-22T00:00Z,1509.0,,0.0,
0-20000-0-11519,RGLB_D,SUM,2005-12-23T00:00Z,1290.0,,0.0,
0-20000-0-11519,RGLB_D,SUM,2005-12-24T00:00Z,689.0,,0.0,
0-20000-0-11519,RGLB_D,SUM,2005-12-25T00:00Z,2359.0,,0.0,
0-20000-0-11519,RGLB_D,SUM,2005-12-26T00:00Z,1284.0,,0.0,
0-20000-0-11519,RGLB_D,SUM,2005-12-27T00:00Z,2318.0,,0.0,
0-20000-0-11519,RGLB_D,SUM,2005-12-28T00:00Z,575.0,,0.0,
0-20000-0-11519,RGLB_D,SUM,2005-12-29T00:00Z,2881.0,,0.0,
0-20000-0-11519,RGLB_D,SUM,2005-12-30T00:00Z,3610.0,,0.0,
0-20000-0-11519,RGLB_D,SUM,2005-12-31T00:00Z,1300.0,,0.0,
0-20000-0-11519,RGLB_D,SUM,2006-01-01T00:00Z,1402.0,,0.0,
0-20000-0-11519,RGLB_D,SUM,2006-01-02T00:00Z,1262.0,,0.0,
0-20000-0-11519,RGLB_D,SUM,2006-01-03T00:00Z,1107.0,,0.0,
0-20000-0-11519,RGLB_D,SUM,2006-01-04T00:00Z,1156.0,,0.0,
0-20000-0-11519,RGLB_D,SUM,2006-01-05T00:00Z,1085.0,,0.0,
0-20000-0-11519,RGLB_D,SUM,2006-01-06T00:00Z,1889.0,,0.0,
0-20000-0-11519,RGLB_D,SUM,2006-01-07T00:00Z,1760.0,,0.0,
0-20000-0-11519,RGLB_D,SUM,2006-01-08T00:00Z,2740.0,,0.0,
0-20000-0-11519,RGLB_D,SUM,2006-01-09T00:00Z,4625.0,,0.0,
0-20000-0-11519,RGLB_D,SUM,2006-01-10T00:00Z,5143.0,,0.0,
0-20000-0-11519,RGLB_D,SUM,2006-01-11T00:00Z,5247.0,,0.0,
0-20000-0-11519,RGLB_D,SUM,2006-01-12T00:00Z,1404.0,,0.0,
0-20000-0-11519,RGLB_D,SUM,2006-01-13T00:00Z,2716.0,,0.0,
0-20000-0-11519,RGLB_D,SUM,2006-01-14T00:00Z,2118.0,,0.0,
0-20000-0-11519,RGLB_D,SUM,2006-01-15T00:00Z,4005.0,,0.0,
0-20000-0-11519,RGLB_D,SUM,2006-01-16T00:00Z,3615.0,,0.0,
0-20000-0-11519,RGLB_D,SUM,2006-01-17T00:00Z,2362.0,,0.0,
0-20000-0-11519,RGLB_D,SUM,2006-01-18T00:00Z,2044.0,,0.0,
0-20000-0-11519,RGLB_D,SUM,2006-01-19T00:00Z,1832.0,,0.0,
0-20000-0-11519,RGLB_D,SUM,2006-01-20T00:00Z,1605.0,,0.0,
0-20000-0-11519,RGLB_D,SUM,2006-01-21T00:00Z,1768.0,,0.0,
0-20000-0-11519,RGLB_D,SUM,2006-01-22T00:00Z,4853.0,,0.0,
0-20000-0-11519,RGLB_D,SUM,2006-01-23T00:00Z,5379.0,,0.0,
0-20000-0-11519,RGLB_D,SUM,2006-01-24T00:00Z,6189.0,,0.0,
0-20000-0-11519,RGLB_D,SUM,2006-01-25T00:00Z,3352.0,,0.0,
0-20000-0-11519,RGLB_D,SUM,2006-01-26T00:00Z,3487.0,,0.0,
0-20000-0-11519,RGLB_D,SUM,2006-01-27T00:00Z,5871.0,,0.0,
0-20000-0-11519,RGLB_D,SUM,2006-01-28T00:00Z,6247.0,,0.0,
0-20000-0-11519,RGLB_D,SUM,2006-01-29T00:00Z,5987.0,,0.0,
0-20000-0-11519,RGLB_D,SUM,2006-01-30T00:00Z,4630.0,,0.0,
0-20000-0-11519,RGLB_D,SUM,2006-01-31T00:00Z,4544.0,,0.0,
0-20000-0-11519,RGLB_D,SUM,2006-02-01T00:00Z,5082.0,,0.0,
0-20000-0-11519,RGLB_D,SUM,2006-02-02T00:00Z,6090.0,,0.0,
0-20000-0-11519,RGLB_D,SUM,2006-02-03T00:00Z,3394.0,,0.0,
0-20000-0-11519,RGLB_D,SUM,2006-02-04T00:00Z,2120.0,,0.0,
0-20000-0-11519,RGLB_D,SUM,2006-02-05T00:00Z,5947.0,,0.0,
0-20000-0-11519,RGLB_D,SUM,2006-02-06T00:00Z,7590.0,,0.0,
0-20000-0-11519,RGLB_D,SUM,2006-02-07T00:00Z,2201.0,,0.0,
0-20000-0-11519,RGLB_D,SUM,2006-02-08T00:00Z,2160.0,,0.0,
0-20000-0-11519,RGLB_D,SUM,2006-02-09T00:00Z,6434.0,,0.0,
0-20000-0-11519,RGLB_D,SUM,2006-02-10T00:00Z,2964.0,,0.0,
0-20000-0-11519,RGLB_D,SUM,2006-02-11T00:00Z,4663.0,,0.0,
0-20000-0-11519,RGLB_D,SUM,2006-02-12T00:00Z,5097.0,,0.0,
0-20000-0-11519,RGLB_D,SUM,2006-02-13T00:00Z,5551.0,,0.0,
0-20000-0-11519,RGLB_D,SUM,2006-02-14T00:00Z,9199.0,,0.0,
0-20000-0-11519,RGLB_D,SUM,2006-02-15T00:00Z,1961.0,,0.0,
0-20000-0-11519,RGLB_D,SUM,2006-02-16T00:00Z,1683.0,,0.0,
0-20000-0-11519,RGLB_D,SUM,2006-02-17T00:00Z,7303.0,,0.0,
0-20000-0-11519,RGLB_D,SUM,2006-02-18T00:00Z,4249.0,,0.0,
0-20000-0-11519,RGLB_D,SUM,2006-02-19T00:00Z,9404.0,,0.0,
0-20000-0-11519,RGLB_D,SUM,2006-02-20T00:00Z,6126.0,,0.0,
0-20000-0-11519,RGLB_D,SUM,2006-02-21T00:00Z,2273.0,,0.0,
0-20000-0-11519,RGLB_D,SUM,2006-02-22T00:00Z,1973.0,,0.0,
0-20000-0-11519,RGLB_D,SUM,2006-02-23T00:00Z,2341.0,,0.0,
0-20000-0-11519,RGLB_D,SUM,2006-02-24T00:00Z,9835.0,,0.0,
0-20000-0-11519,RGLB_D,SUM,2006-02-25T00:00Z,10133.0,,0.0,
0-20000-0-11519,RGLB_D,SUM,2006-02-26T00:00Z,3519.0,,0.0,
0-20000-0-11519,RGLB_D,SUM,2006-02-27T00:00Z,10434.0,,0.0,
0-20000-0-11519,RGLB_D,SUM,2006-02-28T00:00Z,8093.0,,0.0,
0-20000-0-11519,RGLB_D,SUM,2006-03-01T00:00Z,9640.0,,0.0,
0-20000-0-11519,RGLB_D,SUM,2006-03-02T00:00Z,9639.0,,0.0,
0-20000-0-11519,RGLB_D,SUM,2006-03-03T00:00Z,8364.0,,0.0,
0-20000-0-11519,RGLB_D,SUM,2006-03-04T00:00Z,5564.0,,0.0,
0-20000-0-11519,RGLB_D,SUM,2006-03-05T00:00Z,9748.0,,0.0,
0-20000-0-11519,RGLB_D,SUM,2006-03-06T00:00Z,9344.0,,0.0,
0-20000-0-11519,RGLB_D,SUM,2006-03-07T00:00Z,7761.0,,0.0,
0-20000-0-11519,RGLB_D,SUM,2006-03-08T00:00Z,12903.0,,0.0,
0-20000-0-11519,RGLB_D,SUM,2006-03-09T00:00Z,2421.0,,0.0,
0-20000-0-11519,RGLB_D,SUM,2006-03-10T00:00Z,8333.0,,0.0,
0-20000-0-11519,RGLB_D,SUM,2006-03-11T00:00Z,5875.0,,0.0,
0-20000-0-11519,RGLB_D,SUM,2006-03-12T00:00Z,4890.0,,0.0,
0-20000-0-11519,RGLB_D,SUM,2006-03-13T00:00Z,14236.0,,0.0,
0-20000-0-11519,RGLB_D,SUM,2006-03-14T00:00Z,6619.0,,0.0,
0-20000-0-11519,RGLB_D,SUM,2006-03-15T00:00Z,3527.0,,0.0,
0-20000-0-11519,RGLB_D,SUM,2006-03-16T00:00Z,6683.0,,0.0,
0-20000-0-11519,RGLB_D,SUM,2006-03-17T00:00Z,3883.0,,0.0,
0-20000-0-11519,RGLB_D,SUM,2006-03-18T00:00Z,2975.0,,0.0,
0-20000-0-11519,RGLB_D,SUM,2006-03-19T00:00Z,13987.0,,0.0,
0-20000-0-11519,RGLB_D,SUM,2006-03-20T00:00Z,12397.0,,0.0,
0-20000-0-11519,RGLB_D,SUM,2006-03-21T00:00Z,8652.0,,0.0,
0-20000-0-11519,RGLB_D,SUM,2006-03-22T00:00Z,7677.0,,0.0,
0-20000-0-11519,RGLB_D,SUM,2006-03-23T00:00Z,15552.0,,0.0,
0-20000-0-11519,RGLB_D,SUM,2006-03-24T00:00Z,15543.0,,0.0,
0-20000-0-11519,RGLB_D,SUM,2006-03-25T00:00Z,5858.0,,0.0,
0-20000-0-11519,RGLB_D,SUM,2006-03-26T00:00Z,4567.0,,0.0,
0-20000-0-11519,RGLB_D,SUM,2006-03-27T00:00Z,14006.0,,0.0,
0-20000-0-11519,RGLB_D,SUM,2006-03-28T00:00Z,4333.0,,0.0,
0-20000-0-11519,RGLB_D,SUM,2006-03-29T00:00Z,11858.0,,0.0,
0-20000-0-11519,RGLB_D,SUM,2006-03-30T00:00Z,8094.0,,0.0,
0-20000-0-11519,RGLB_D,SUM,2006-03-31T00:00Z,10668.0,,0.0,
0-20000-0-11519,RGLB_D,SUM,2006-04-01T00:00Z,14041.0,,0.0,
0-20000-0-11519,RGLB_D,SUM,2006-04-02T00:00Z,14375.0,,0.0,
0-20000-0-11519,RGLB_D,SUM,2006-04-03T00:00Z,14258.0,,0.0,
0-20000-0-11519,RGLB_D,SUM,2006-04-04T00:00Z,13468.0,,0.0,
0-20000-0-11519,RGLB_D,SUM,2006-04-05T00:00Z,6537.0,,0.0,
0-20000-0-11519,RGLB_D,SUM,2006-04-06T00:00Z,15786.0,,0.0,
0-20000-0-11519,RGLB_D,SUM,2006-04-07T00:00Z,19583.0,,0.0,
0-20000-0-11519,RGLB_D,SUM,2006-04-08T00:00Z,20719.0,,0.0,
0-20000-0-11519,RGLB_D,SUM,2006-04-09T00:00Z,7593.0,,0.0,
0-20000-0-11519,RGLB_D,SUM,2006-04-10T00:00Z,2192.0,,0.0,
0-20000-0-11519,RGLB_D,SUM,2006-04-11T00:00Z,9937.0,,0.0,
0-20000-0-11519,RGLB_D,SUM,2006-04-12T00:00Z,9234.0,,0.0,
0-20000-0-11519,RGLB_D,SUM,2006-04-13T00:00Z,9534.0,,0.0,
0-20000-0-11519,RGLB_D,SUM,2006-04-14T00:00Z,5778.0,,0.0,
0-20000-0-11519,RGLB_D,SUM,2006-04-15T00:00Z,19075.0,,0.0,
0-20000-0-11519,RGLB_D,SUM,2006-04-16T00:00Z,9635.0,,0.0,
0-20000-0-11519,RGLB_D,SUM,2006-04-17T00:00Z,12640.0,,0.0,
0-20000-0-11519,RGLB_D,SUM,2006-04-18T00:00Z,15966.0,,0.0,
0-20000-0-11519,RGLB_D,SUM,2006-04-19T00:00Z,18103.0,,0.0,
0-20000-0-11519,RGLB_D,SUM,2006-04-20T00:00Z,18250.0,,0.0,
0-20000-0-11519,RGLB_D,SUM,2006-04-21T00:00Z,19153.0,,0.0,
0-20000-0-11519,RGLB_D,SUM,2006-04-22T00:00Z,16033.0,,0.0,
0-20000-0-11519,RGLB_D,SUM,2006-04-23T00:00Z,13459.0,,0.0,
0-20000-0-11519,RGLB_D,SUM,2006-04-24T00:00Z,20022.0,,0.0,
0-20000-0-11519,RGLB_D,SUM,2006-04-25T00:00Z,22663.0,,0.0,
0-20000-0-11519,RGLB_D,SUM,2006-04-26T00:00Z,16059.0,,0.0,
0-20000-0-11519,RGLB_D,SUM,2006-04-27T00:00Z,11442.0,,0.0,
0-20000-0-11519,RGLB_D,SUM,2006-04-28T00:00Z,6381.0,,0.0,
0-20000-0-11519,RGLB_D,SUM,2006-04-29T00:00Z,6687.0,,0.0,
0-20000-0-11519,RGLB_D,SUM,2006-04-30T00:00Z,17746.0,,0.0,
0-20000-0-11519,RGLB_D,SUM,2006-05-01T00:00Z,19307.0,,0.0,
0-20000-0-11519,RGLB_D,SUM,2006-05-02T00:00Z,14932.0,,0.0,
0-20000-0-11519,RGLB_D,SUM,2006-05-03T00:00Z,22731.0,,0.0,
0-20000-0-11519,RGLB_D,SUM,2006-05-04T00:00Z,23616.0,,0.0,
0-20000-0-11519,RGLB_D,SUM,2006-05-05T00:00Z,25457.0,,0.0,
0-20000-0-11519,RGLB_D,SUM,2006-05-06T00:00Z,20387.0,,0.0,
0-20000-0-11519,RGLB_D,SUM,2006-05-07T00:00Z,22596.0,,0.0,
0-20000-0-11519,RGLB_D,SUM,2006-05-08T00:00Z,20420.0,,0.0,
0-20000-0-11519,RGLB_D,SUM,2006-05-09T00:00Z,25936.0,,0.0,
0-20000-0-11519,RGLB_D,SUM,2006-05-10T00:00Z,24843.0,,0.0,
0-20000-0-11519,RGLB_D,SUM,2006-05-11T00:00Z,26788.0,,0.0,
0-20000-0-11519,RGLB_D,SUM,2006-05-12T00:00Z,26625.0,,0.0,
0-20000-0-11519,RGLB_D,SUM,2006-05-13T00:00Z,12460.0,,0.0,
0-20000-0-11519,RGLB_D,SUM,2006-05-14T00:00Z,14992.0,,0.0,
0-20000-0-11519,RGLB_D,SUM,2006-05-15T00:00Z,22991.0,,0.0,
0-20000-0-11519,RGLB_D,SUM,2006-05-16T00:00Z,17288.0,,0.0,
0-20000-0-11519,RGLB_D,SUM,2006-05-17T00:00Z,8929.0,,0.0,
0-20000-0-11519,RGLB_D,SUM,2006-05-18T00:00Z,9870.0,,0.0,
0-20000-0-11519,RGLB_D,SUM,2006-05-19T00:00Z,21597.0,,0.0,
0-20000-0-11519,RGLB_D,SUM,2006-05-20T00:00Z,17717.0,,0.0,
0-20000-0-11519,RGLB_D,SUM,2006-05-21T00:00Z,19882.0,,0.0,
0-20000-0-11519,RGLB_D,SUM,2006-05-22T00:00Z,27308.0,,0.0,
0-20000-0-11519,RGLB_D,SUM,2006-05-23T00:00Z,5425.0,,0.0,
0-20000-0-11519,RGLB_D,SUM,2006-05-24T00:00Z,21868.0,,0.0,
0-20000-0-11519,RGLB_D,SUM,2006-05-25T00:00Z,11696.0,,0.0,
0-20000-0-11519,RGLB_D,SUM,2006-05-26T00:00Z,14275.0,,0.0,
0-20000-0-11519,RGLB_D,SUM,2006-05-27T00:00Z,13428.0,,0.0,
0-20000-0-11519,RGLB_D,SUM,2006-05-28T00:00Z,19731.0,,0.0,
0-20000-0-11519,RGLB_D,SUM,2006-05-29T00:00Z,15895.0,,0.0,
0-20000-0-11519,RGLB_D,SUM,2006-05-30T00:00Z,8460.0,,0.0,
0-20000-0-11519,RGLB_D,SUM,2006-05-31T00:00Z,12636.0,,0.0,
0-20000-0-11519,RGLB_D,SUM,2006-06-01T00:00Z,10704.0,,0.0,
0-20000-0-11519,RGLB_D,SUM,2006-06-02T00:00Z,22745.0,,0.0,
0-20000-0-11519,RGLB_D,SUM,2006-06-03T00:00Z,21402.0,,0.0,
0-20000-0-11519,RGLB_D,SUM,2006-06-04T00:00Z,13078.0,,0.0,
0-20000-0-11519,RGLB_D,SUM,2006-06-05T00:00Z,18214.0,,0.0,
0-20000-0-11519,RGLB_D,SUM,2006-06-06T00:00Z,15109.0,,0.0,
0-20000-0-11519,RGLB_D,SUM,2006-06-07T00:00Z,19110.0,,0.0,
0-20000-0-11519,RGLB_D,SUM,2006-06-08T00:00Z,26811.0,,0.0,
0-20000-0-11519,RGLB_D,SUM,2006-06-09T00:00Z,24433.0,,0.0,
0-20000-0-11519,RGLB_D,SUM,2006-06-10T00:00Z,20406.0,,0.0,
0-20000-0-11519,RGLB_D,SUM,2006-06-11T00:00Z,29947.0,,0.0,
0-20000-0-11519,RGLB_D,SUM,2006-06-12T00:00Z,30101.0,,0.0,
0-20000-0-11519,RGLB_D,SUM,2006-06-13T00:00Z,27216.0,,0.0,
0-20000-0-11519,RGLB_D,SUM,2006-06-14T00:00Z,28466.0,,0.0,
0-20000-0-11519,RGLB_D,SUM,2006-06-15T00:00Z,24720.0,,0.0,
0-20000-0-11519,RGLB_D,SUM,2006-06-16T00:00Z,26010.0,,0.0,
0-20000-0-11519,RGLB_D,SUM,2006-06-17T00:00Z,14779.0,,0.0,
0-20000-0-11519,RGLB_D,SUM,2006-06-18T00:00Z,27954.0,,0.0,
0-20000-0-11519,RGLB_D,SUM,2006-06-19T00:00Z,25916.0,,0.0,
0-20000-0-11519,RGLB_D,SUM,2006-06-20T00:00Z,29041.0,,0.0,
0-20000-0-11519,RGLB_D,SUM,2006-06-21T00:00Z,22854.0,,0.0,
0-20000-0-11519,RGLB_D,SUM,2006-06-22T00:00Z,25489.0,,0.0,
0-20000-0-11519,RGLB_D,SUM,2006-06-23T00:00Z,22896.0,,0.0,
0-20000-0-11519,RGLB_D,SUM,2006-06-24T00:00Z,23417.0,,0.0,
0-20000-0-11519,RGLB_D,SUM,2006-06-25T00:00Z,22157.0,,0.0,
0-20000-0-11519,RGLB_D,SUM,2006-06-26T00:00Z,28532.0,,0.0,
0-20000-0-11519,RGLB_D,SUM,2006-06-27T00:00Z,22013.0,,0.0,
0-20000-0-11519,RGLB_D,SUM,2006-06-28T00:00Z,5969.0,,0.0,
0-20000-0-11519,RGLB_D,SUM,2006-06-29T00:00Z,19624.0,,0.0,
0-20000-0-11519,RGLB_D,SUM,2006-06-30T00:00Z,6015.0,,0.0,
0-20000-0-11519,RGLB_D,SUM,2006-07-01T00:00Z,19941.0,,0.0,
0-20000-0-11519,RGLB_D,SUM,2006-07-02T00:00Z,29717.0,,0.0,
0-20000-0-11519,RGLB_D,SUM,2006-07-03T00:00Z,29105.0,,0.0,
0-20000-0-11519,RGLB_D,SUM,2006-07-04T00:00Z,28593.0,,0.0,
0-20000-0-11519,RGLB_D,SUM,2006-07-05T00:00Z,29889.0,,0.0,
0-20000-0-11519,RGLB_D,SUM,2006-07-06T00:00Z,24326.0,,0.0,
0-20000-0-11519,RGLB_D,SUM,2006-07-07T00:00Z,25104.0,,0.0,
0-20000-0-11519,RGLB_D,SUM,2006-07-08T00:00Z,22849.0,,0.0,
0-20000-0-11519,RGLB_D,SUM,2006-07-09T00:00Z,22270.0,,0.0,
0-20000-0-11519,RGLB_D,SUM,2006-07-10T00:00Z,25324.0,,0.0,
0-20000-0-11519,RGLB_D,SUM,2006-07-11T00:00Z,27440.0,,0.0,
0-20000-0-11519,RGLB_D,SUM,2006-07-12T00:00Z,18169.0,,0.0,
0-20000-0-11519,RGLB_D,SUM,2006-07-13T00:00Z,23017.0,,0.0,
0-20000-0-11519,RGLB_D,SUM,2006-07-14T00:00Z,14802.0,,0.0,
0-20000-0-11519,RGLB_D,SUM,2006-07-15T00:00Z,25160.0,,0.0,
0-20000-0-11519,RGLB_D,SUM,2006-07-16T00:00Z,28788.0,,0.0,
0-20000-0-11519,RGLB_D,SUM,2006-07-17T00:00Z,28674.0,,0.0,
0-20000-0-11519,RGLB_D,SUM,2006-07-18T00:00Z,28221.0,,0.0,
0-20000-0-11519,RGLB_D,SUM,2006-07-19T00:00Z,27308.0,,0.0,
0-20000-0-11519,RGLB_D,SUM,2006-07-20T00:00Z,27667.0,,0.0,
0-20000-0-11519,RGLB_D,SUM,2006-07-21T00:00Z,17783.0,,0.0,
0-20000-0-11519,RGLB_D,SUM,2006-07-22T00:00Z,25892.0,,0.0,
0-20000-0-11519,RGLB_D,SUM,2006-07-23T00:00Z,18803.0,,0.0,
0-20000-0-11519,RGLB_D,SUM,2006-07-24T00:00Z,23441.0,,0.0,
0-20000-0-11519,RGLB_D,SUM,2006-07-25T00:00Z,21711.0,,0.0,
0-20000-0-11519,RGLB_D,SUM,2006-07-26T00:00Z,19133.0,,0.0,
0-20000-0-11519,RGLB_D,SUM,2006-07-27T00:00Z,22819.0,,0.0,
0-20000-0-11519,RGLB_D,SUM,2006-07-28T00:00Z,15685.0,,0.0,
0-20000-0-11519,RGLB_D,SUM,2006-07-29T00:00Z,17028.0,,0.0,
0-20000-0-11519,RGLB_D,SUM,2006-07-30T00:00Z,23268.0,,0.0,
0-20000-0-11519,RGLB_D,SUM,2006-07-31T00:00Z,16498.0,,0.0,
0-20000-0-11519,RGLB_D,SUM,2006-08-01T00:00Z,14424.0,,0.0,
0-20000-0-11519,RGLB_D,SUM,2006-08-02T00:00Z,22702.0,,0.0,
0-20000-0-11519,RGLB_D,SUM,2006-08-03T00:00Z,7979.0,,0.0,
0-20000-0-11519,RGLB_D,SUM,2006-08-04T00:00Z,7905.0,,0.0,
0-20000-0-11519,RGLB_D,SUM,2006-08-05T00:00Z,6518.0,,0.0,
0-20000-0-11519,RGLB_D,SUM,2006-08-06T00:00Z,9307.0,,0.0,
0-20000-0-11519,RGLB_D,SUM,2006-08-07T00:00Z,3275.0,,0.0,
0-20000-0-11519,RGLB_D,SUM,2006-08-08T00:00Z,21100.0,,0.0,
0-20000-0-11519,RGLB_D,SUM,2006-08-09T00:00Z,15015.0,,0.0,
0-20000-0-11519,RGLB_D,SUM,2006-08-10T00:00Z,14450.0,,0.0,
0-20000-0-11519,RGLB_D,SUM,2006-08-11T00:00Z,17184.0,,0.0,
0-20000-0-11519,RGLB_D,SUM,2006-08-12T00:00Z,13036.0,,0.0,
0-20000-0-11519,RGLB_D,SUM,2006-08-13T00:00Z,16785.0,,0.0,
0-20000-0-11519,RGLB_D,SUM,2006-08-14T00:00Z,14631.0,,0.0,
0-20000-0-11519,RGLB_D,SUM,2006-08-15T00:00Z,10662.0,,0.0,
0-20000-0-11519,RGLB_D,SUM,2006-08-16T00:00Z,16120.0,,0.0,
0-20000-0-11519,RGLB_D,SUM,2006-08-17T00:00Z,21929.0,,0.0,
0-20000-0-11519,RGLB_D,SUM,2006-08-18T00:00Z,12913.0,,0.0,
0-20000-0-11519,RGLB_D,SUM,2006-08-19T00:00Z,22627.0,,0.0,
0-20000-0-11519,RGLB_D,SUM,2006-08-20T00:00Z,12450.0,,0.0,
0-20000-0-11519,RGLB_D,SUM,2006-08-21T00:00Z,15575.0,,0.0,
0-20000-0-11519,RGLB_D,SUM,2006-08-22T00:00Z,9537.0,,0.0,
0-20000-0-11519,RGLB_D,SUM,2006-08-23T00:00Z,10617.0,,0.0,
0-20000-0-11519,RGLB_D,SUM,2006-08-24T00:00Z,17961.0,,0.0,
0-20000-0-11519,RGLB_D,SUM,2006-08-25T00:00Z,13909.0,,0.0,
0-20000-0-11519,RGLB_D,SUM,2006-08-26T00:00Z,10111.0,,0.0,
0-20000-0-11519,RGLB_D,SUM,2006-08-27T00:00Z,14793.0,,0.0,
0-20000-0-11519,RGLB_D,SUM,2006-08-28T00:00Z,13000.0,,0.0,
0-20000-0-11519,RGLB_D,SUM,2006-08-29T00:00Z,7763.0,,0.0,
0-20000-0-11519,RGLB_D,SUM,2006-08-30T00:00Z,11852.0,,0.0,
0-20000-0-11519,RGLB_D,SUM,2006-08-31T00:00Z,7682.0,,0.0,
0-20000-0-11519,RGLB_D,SUM,2006-09-01T00:00Z,9965.0,,0.0,
0-20000-0-11519,RGLB_D,SUM,2006-09-02T00:00Z,19164.0,,0.0,
0-20000-0-11519,RGLB_D,SUM,2006-09-03T00:00Z,7319.0,,0.0,
0-20000-0-11519,RGLB_D,SUM,2006-09-04T00:00Z,17233.0,,0.0,
0-20000-0-11519,RGLB_D,SUM,2006-09-05T00:00Z,19904.0,,0.0,
0-20000-0-11519,RGLB_D,SUM,2006-09-06T00:00Z,11457.0,,0.0,
0-20000-0-11519,RGLB_D,SUM,2006-09-07T00:00Z,18555.0,,0.0,
0-20000-0-11519,RGLB_D,SUM,2006-09-08T00:00Z,9008.0,,0.0,
0-20000-0-11519,RGLB_D,SUM,2006-09-09T00:00Z,19187.0,,0.0,
0-20000-0-11519,RGLB_D,SUM,2006-09-10T00:00Z,19416.0,,0.0,
0-20000-0-11519,RGLB_D,SUM,2006-09-11T00:00Z,19369.0,,0.0,
0-20000-0-11519,RGLB_D,SUM,2006-09-12T00:00Z,18356.0,,0.0,
0-20000-0-11519,RGLB_D,SUM,2006-09-13T00:00Z,17949.0,,0.0,
0-20000-0-11519,RGLB_D,SUM,2006-09-14T00:00Z,17562.0,,0.0,
0-20000-0-11519,RGLB_D,SUM,2006-09-15T00:00Z,14313.0,,0.0,
0-20000-0-11519,RGLB_D,SUM,2006-09-16T00:00Z,11769.0,,0.0,
0-20000-0-11519,RGLB_D,SUM,2006-09-17T00:00Z,16244.0,,0.0,
0-20000-0-11519,RGLB_D,SUM,2006-09-18T00:00Z,12185.0,,0.0,
0-20000-0-11519,RGLB_D,SUM,2006-09-19T00:00Z,7618.0,,0.0,
0-20000-0-11519,RGLB_D,SUM,2006-09-20T00:00Z,9862.0,,0.0,
0-20000-0-11519,RGLB_D,SUM,2006-09-21T00:00Z,15660.0,,0.0,
0-20000-0-11519,RGLB_D,SUM,2006-09-22T00:00Z,15803.0,,0.0,
0-20000-0-11519,RGLB_D,SUM,2006-09-23T00:00Z,16361.0,,0.0,
0-20000-0-11519,RGLB_D,SUM,2006-09-24T00:00Z,15839.0,,0.0,
0-20000-0-11519,RGLB_D,SUM,2006-09-25T00:00Z,13691.0,,0.0,
0-20000-0-11519,RGLB_D,SUM,2006-09-26T00:00Z,13874.0,,0.0,
0-20000-0-11519,RGLB_D,SUM,2006-09-27T00:00Z,8457.0,,0.0,
0-20000-0-11519,RGLB_D,SUM,2006-09-28T00:00Z,6395.0,,0.0,
0-20000-0-11519,RGLB_D,SUM,2006-09-29T00:00Z,12743.0,,0.0,
0-20000-0-11519,RGLB_D,SUM,2006-09-30T00:00Z,11670.0,,0.0,
0-20000-0-11519,RGLB_D,SUM,2006-10-01T00:00Z,3973.0,,0.0,
0-20000-0-11519,RGLB_D,SUM,2006-10-02T00:00Z,4564.0,,0.0,
0-20000-0-11519,RGLB_D,SUM,2006-10-03T00:00Z,3232.0,,0.0,
0-20000-0-11519,RGLB_D,SUM,2006-10-04T00:00Z,6697.0,,0.0,
0-20000-0-11519,RGLB_D,SUM,2006-10-05T00:00Z,10486.0,,0.0,
0-20000-0-11519,RGLB_D,SUM,2006-10-06T00:00Z,6935.0,,0.0,
0-20000-0-11519,RGLB_D,SUM,2006-10-07T00:00Z,4154.0,,0.0,
0-20000-0-11519,RGLB_D,SUM,2006-10-08T00:00Z,12853.0,,0.0,
0-20000-0-11519,RGLB_D,SUM,2006-10-09T00:00Z,12124.0,,0.0,
0-20000-0-11519,RGLB_D,SUM,2006-10-10T00:00Z,12009.0,,0.0,
0-20000-0-11519,RGLB_D,SUM,2006-10-11T00:00Z,10931.0,,0.0,
0-20000-0-11519,RGLB_D,SUM,2006-10-12T00:00Z,10153.0,,0.0,
0-20000-0-11519,RGLB_D,SUM,2006-10-13T00:00Z,6177.0,,0.0,
0-20000-0-11519,RGLB_D,SUM,2006-10-14T00:00Z,10099.0,,0.0,
0-20000-0-11519,RGLB_D,SUM,2006-10-15T00:00Z,2853.0,,0.0,
0-20000-0-11519,RGLB_D,SUM,2006-10-16T00:00Z,8176.0,,0.0,
0-20000-0-11519,RGLB_D,SUM,2006-10-17T00:00Z,11242.0,,0.0,
0-20000-0-11519,RGLB_D,SUM,2006-10-18T00:00Z,10703.0,,0.0,
0-20000-0-11519,RGLB_D,SUM,2006-10-19T00:00Z,9076.0,,0.0,
0-20000-0-11519,RGLB_D,SUM,2006-10-20T00:00Z,7610.0,,0.0,
0-20000-0-11519,RGLB_D,SUM,2006-10-21T00:00Z,3927.0,,0.0,
0-20000-0-11519,RGLB_D,SUM,2006-10-22T00:00Z,8865.0,,0.0,
0-20000-0-11519,RGLB_D,SUM,2006-10-23T00:00Z,3775.0,,0.0,
0-20000-0-11519,RGLB_D,SUM,2006-10-24T00:00Z,5529.0,,0.0,
0-20000-0-11519,RGLB_D,SUM,2006-10-25T00:00Z,8600.0,,0.0,
0-20000-0-11519,RGLB_D,SUM,2006-10-26T00:00Z,8251.0,,0.0,
0-20000-0-11519,RGLB_D,SUM,2006-10-27T00:00Z,5600.0,,0.0,
0-20000-0-11519,RGLB_D,SUM,2006-10-28T00:00Z,6699.0,,0.0,
0-20000-0-11519,RGLB_D,SUM,2006-10-29T00:00Z,5431.0,,0.0,
0-20000-0-11519,RGLB_D,SUM,2006-10-30T00:00Z,8463.0,,0.0,
0-20000-0-11519,RGLB_D,SUM,2006-10-31T00:00Z,5390.0,,0.0,
0-20000-0-11519,RGLB_D,SUM,2006-11-01T00:00Z,6377.0,,0.0,
0-20000-0-11519,RGLB_D,SUM,2006-11-02T00:00Z,7490.0,,0.0,
0-20000-0-11519,RGLB_D,SUM,2006-11-03T00:00Z,7171.0,,0.0,
0-20000-0-11519,RGLB_D,SUM,2006-11-04T00:00Z,1704.0,,0.0,
0-20000-0-11519,RGLB_D,SUM,2006-11-05T00:00Z,1253.0,,0.0,
0-20000-0-11519,RGLB_D,SUM,2006-11-06T00:00Z,1514.0,,0.0,
0-20000-0-11519,RGLB_D,SUM,2006-11-07T00:00Z,5154.0,,0.0,
0-20000-0-11519,RGLB_D,SUM,2006-11-08T00:00Z,6315.0,,0.0,
0-20000-0-11519,RGLB_D,SUM,2006-11-09T00:00Z,3540.0,,0.0,
0-20000-0-11519,RGLB_D,SUM,2006-11-10T00:00Z,4263.0,,0.0,
0-20000-0-11519,RGLB_D,SUM,2006-11-11T00:00Z,1824.0,,0.0,
0-20000-0-11519,RGLB_D,SUM,2006-11-12T00:00Z,3263.0,,0.0,
0-20000-0-11519,RGLB_D,SUM,2006-11-13T00:00Z,1571.0,,0.0,
0-20000-0-11519,RGLB_D,SUM,2006-11-14T00:00Z,2482.0,,0.0,
0-20000-0-11519,RGLB_D,SUM,2006-11-15T00:00Z,6571.0,,0.0,
0-20000-0-11519,RGLB_D,SUM,2006-11-16T00:00Z,2859.0,,0.0,
0-20000-0-11519,RGLB_D,SUM,2006-11-17T00:00Z,1732.0,,0.0,
0-20000-0-11519,RGLB_D,SUM,2006-11-18T00:00Z,1829.0,,0.0,
0-20000-0-11519,RGLB_D,SUM,2006-11-19T00:00Z,1567.0,,0.0,
0-20000-0-11519,RGLB_D,SUM,2006-11-20T00:00Z,956.0,,0.0,
0-20000-0-11519,RGLB_D,SUM,2006-11-21T00:00Z,2196.0,,0.0,
0-20000-0-11519,RGLB_D,SUM,2006-11-22T00:00Z,2484.0,,0.0,
0-20000-0-11519,RGLB_D,SUM,2006-11-23T00:00Z,4398.0,,0.0,
0-20000-0-11519,RGLB_D,SUM,2006-11-24T00:00Z,3946.0,,0.0,
0-20000-0-11519,RGLB_D,SUM,2006-11-25T00:00Z,2419.0,,0.0,
0-20000-0-11519,RGLB_D,SUM,2006-11-26T00:00Z,1264.0,,0.0,
0-20000-0-11519,RGLB_D,SUM,2006-11-27T00:00Z,1667.0,,0.0,
0-20000-0-11519,RGLB_D,SUM,2006-11-28T00:00Z,595.0,,0.0,
0-20000-0-11519,RGLB_D,SUM,2006-11-29T00:00Z,1137.0,,0.0,
0-20000-0-11519,RGLB_D,SUM,2006-11-30T00:00Z,4180.0,,0.0,
0-20000-0-11519,RGLB_D,SUM,2006-12-01T00:00Z,977.0,,0.0,
0-20000-0-11519,RGLB_D,SUM,2006-12-02T00:00Z,762.0,,0.0,
0-20000-0-11519,RGLB_D,SUM,2006-12-03T00:00Z,2487.0,,0.0,
0-20000-0-11519,RGLB_D,SUM,2006-12-04T00:00Z,1736.0,,0.0,
0-20000-0-11519,RGLB_D,SUM,2006-12-05T00:00Z,1392.0,,0.0,
0-20000-0-11519,RGLB_D,SUM,2006-12-06T00:00Z,3447.0,,0.0,
0-20000-0-11519,RGLB_D,SUM,2006-12-07T00:00Z,4697.0,,0.0,
0-20000-0-11519,RGLB_D,SUM,2006-12-08T00:00Z,4282.0,,0.0,
0-20000-0-11519,RGLB_D,SUM,2006-12-09T00:00Z,888.0,,0.0,
0-20000-0-11519,RGLB_D,SUM,2006-12-10T00:00Z,2558.0,,0.0,
0-20000-0-11519,RGLB_D,SUM,2006-12-11T00:00Z,4569.0,,0.0,
0-20000-0-11519,RGLB_D,SUM,2006-12-12T00:00Z,1443.0,,0.0,
0-20000-0-11519,RGLB_D,SUM,2006-12-13T00:00Z,2292.0,,0.0,
0-20000-0-11519,RGLB_D,SUM,2006-12-14T00:00Z,4495.0,,0.0,
0-20000-0-11519,RGLB_D,SUM,2006-12-15T00:00Z,4380.0,,0.0,
0-20000-0-11519,RGLB_D,SUM,2006-12-16T00:00Z,3987.0,,0.0,
0-20000-0-11519,RGLB_D,SUM,2006-12-17T00:00Z,1070.0,,0.0,
0-20000-0-11519,RGLB_D,SUM,2006-12-18T00:00Z,1834.0,,0.0,
0-20000-0-11519,RGLB_D,SUM,2006-12-19T00:00Z,1077.0,,0.0,
0-20000-0-11519,RGLB_D,SUM,2006-12-20T00:00Z,749.0,,0.0,
0-20000-0-11519,RGLB_D,SUM,2006-12-21T00:00Z,2123.0,,0.0,
0-20000-0-11519,RGLB_D,SUM,2006-12-22T00:00Z,709.0,,0.0,
0-20000-0-11519,RGLB_D,SUM,2006-12-23T00:00Z,832.0,,0.0,
0-20000-0-11519,RGLB_D,SUM,2006-12-24T00:00Z,1606.0,,0.0,
0-20000-0-11519,RGLB_D,SUM,2006-12-25T00:00Z,1254.0,,0.0,
0-20000-0-11519,RGLB_D,SUM,2006-12-26T00:00Z,4027.0,,0.0,
0-20000-0-11519,RGLB_D,SUM,2006-12-27T00:00Z,4536.0,,0.0,
0-20000-0-11519,RGLB_D,SUM,2006-12-28T00:00Z,665.0,,0.0,
0-20000-0-11519,RGLB_D,SUM,2006-12-29T00:00Z,1900.0,,0.0,
0-20000-0-11519,RGLB_D,SUM,2006-12-30T00:00Z,2228.0,,0.0,
0-20000-0-11519,RGLB_D,SUM,2006-12-31T00:00Z,4017.0,,0.0,
0-20000-0-11519,RGLB_D,SUM,2007-01-01T00:00Z,2154.0,,0.0,
0-20000-0-11519,RGLB_D,SUM,2007-01-02T00:00Z,1733.0,,0.0,
0-20000-0-11519,RGLB_D,SUM,2007-01-03T00:00Z,1917.0,,0.0,
0-20000-0-11519,RGLB_D,SUM,2007-01-04T00:00Z,968.0,,0.0,
0-20000-0-11519,RGLB_D,SUM,2007-01-05T00:00Z,2242.0,,0.0,
0-20000-0-11519,RGLB_D,SUM,2007-01-06T00:00Z,2339.0,,0.0,
0-20000-0-11519,RGLB_D,SUM,2007-01-07T00:00Z,1530.0,,0.0,
0-20000-0-11519,RGLB_D,SUM,2007-01-08T00:00Z,2088.0,,0.0,
0-20000-0-11519,RGLB_D,SUM,2007-01-09T00:00Z,1225.0,,0.0,
0-20000-0-11519,RGLB_D,SUM,2007-01-10T00:00Z,4473.0,,0.0,
0-20000-0-11519,RGLB_D,SUM,2007-01-11T00:00Z,1295.0,,0.0,
0-20000-0-11519,RGLB_D,SUM,2007-01-12T00:00Z,3354.0,,0.0,
0-20000-0-11519,RGLB_D,SUM,2007-01-13T00:00Z,1536.0,,0.0,
0-20000-0-11519,RGLB_D,SUM,2007-01-14T00:00Z,4467.0,,0.0,
0-20000-0-11519,RGLB_D,SUM,2007-01-15T00:00Z,5400.0,,0.0,
0-20000-0-11519,RGLB_D,SUM,2007-01-16T00:00Z,4221.0,,0.0,
0-20000-0-11519,RGLB_D,SUM,2007-01-17T00:00Z,3013.0,,0.0,
0-20000-0-11519,RGLB_D,SUM,2007-01-18T00:00Z,1413.0,,0.0,
0-20000-0-11519,RGLB_D,SUM,2007-01-19T00:00Z,2881.0,,0.0,
0-20000-0-11519,RGLB_D,SUM,2007-01-20T00:00Z,1300.0,,0.0,
0-20000-0-11519,RGLB_D,SUM,2007-01-21T00:00Z,5254.0,,0.0,
0-20000-0-11519,RGLB_D,SUM,2007-01-22T00:00Z,3060.0,,0.0,
0-20000-0-11519,RGLB_D,SUM,2007-01-23T00:00Z,1605.0,,0.0,
0-20000-0-11519,RGLB_D,SUM,2007-01-24T00:00Z,1031.0,,0.0,
0-20000-0-11519,RGLB_D,SUM,2007-01-25T00:00Z,5549.0,,0.0,
0-20000-0-11519,RGLB_D,SUM,2007-01-26T00:00Z,6378.0,,0.0,
0-20000-0-11519,RGLB_D,SUM,2007-01-27T00:00Z,3009.0,,0.0,
0-20000-0-11519,RGLB_D,SUM,2007-01-28T00:00Z,1593.0,,0.0,
0-20000-0-11519,RGLB_D,SUM,2007-01-29T00:00Z,2317.0,,0.0,
0-20000-0-11519,RGLB_D,SUM,2007-01-30T00:00Z,2821.0,,0.0,
0-20000-0-11519,RGLB_D,SUM,2007-01-31T00:00Z,2320.0,,0.0,
0-20000-0-11519,RGLB_D,SUM,2007-02-01T00:00Z,3602.0,,0.0,
0-20000-0-11519,RGLB_D,SUM,2007-02-02T00:00Z,1766.0,,0.0,
0-20000-0-11519,RGLB_D,SUM,2007-02-03T00:00Z,2276.0,,0.0,
0-20000-0-11519,RGLB_D,SUM,2007-02-04T00:00Z,3450.0,,0.0,
0-20000-0-11519,RGLB_D,SUM,2007-02-05T00:00Z,4610.0,,0.0,
0-20000-0-11519,RGLB_D,SUM,2007-02-06T00:00Z,2169.0,,0.0,
0-20000-0-11519,RGLB_D,SUM,2007-02-07T00:00Z,2732.0,,0.0,
0-20000-0-11519,RGLB_D,SUM,2007-02-08T00:00Z,2766.0,,0.0,
0-20000-0-11519,RGLB_D,SUM,2007-02-09T00:00Z,5084.0,,0.0,
0-20000-0-11519,RGLB_D,SUM,2007-02-10T00:00Z,7993.0,,0.0,
0-20000-0-11519,RGLB_D,SUM,2007-02-11T00:00Z,4860.0,,0.0,
0-20000-0-11519,RGLB_D,SUM,2007-02-12T00:00Z,4358.0,,0.0,
0-20000-0-11519,RGLB_D,SUM,2007-02-13T00:00Z,5735.0,,0.0,
0-20000-0-11519,RGLB_D,SUM,2007-02-14T00:00Z,6696.0,,0.0,
0-20000-0-11519,RGLB_D,SUM,2007-02-15T00:00Z,1435.0,,0.0,
0-20000-0-11519,RGLB_D,SUM,2007-02-16T00:00Z,2077.0,,0.0,
0-20000-0-11519,RGLB_D,SUM,2007-02-17T00:00Z,8505.0,,0.0,
0-20000-0-11519,RGLB_D,SUM,2007-02-18T00:00Z,10392.0,,0.0,
0-20000-0-11519,RGLB_D,SUM,2007-02-19T00:00Z,1223.0,,0.0,
0-20000-0-11519,RGLB_D,SUM,2007-02-20T00:00Z,5854.0,,0.0,
0-20000-0-11519,RGLB_D,SUM,2007-02-21T00:00Z,4700.0,,0.0,
0-20000-0-11519,RGLB_D,SUM,2007-02-22T00:00Z,9064.0,,0.0,
0-20000-0-11519,RGLB_D,SUM,2007-02-23T00:00Z,8036.0,,0.0,
0-20000-0-11519,RGLB_D,SUM,2007-02-24T00:00Z,2991.0,,0.0,
0-20000-0-11519,RGLB_D,SUM,2007-02-25T00:00Z,5721.0,,0.0,
0-20000-0-11519,RGLB_D,SUM,2007-02-26T00:00Z,4472.0,,0.0,
0-20000-0-11519,RGLB_D,SUM,2007-02-27T00:00Z,3749.0,,0.0,
0-20000-0-11519,RGLB_D,SUM,2007-02-28T00:00Z,5341.0,,0.0,
0-20000-0-11519,RGLB_D,SUM,2007-03-01T00:00Z,3020.0,,0.0,
0-20000-0-11519,RGLB_D,SUM,2007-03-02T00:00Z,7060.0,,0.0,
0-20000-0-11519,RGLB_D,SUM,2007-03-03T00:00Z,5264.0,,0.0,
0-20000-0-11519,RGLB_D,SUM,2007-03-04T00:00Z,7057.0,,0.0,
0-20000-0-11519,RGLB_D,SUM,2007-03-05T00:00Z,7919.0,,0.0,
0-20000-0-11519,RGLB_D,SUM,2007-03-06T00:00Z,10684.0,,0.0,
0-20000-0-11519,RGLB_D,SUM,2007-03-07T00:00Z,12542.0,,0.0,
0-20000-0-11519,RGLB_D,SUM,2007-03-08T00:00Z,3902.0,,0.0,
0-20000-0-11519,RGLB_D,SUM,2007-03-09T00:00Z,9885.0,,0.0,
0-20000-0-11519,RGLB_D,SUM,2007-03-10T00:00Z,5929.0,,0.0,
0-20000-0-11519,RGLB_D,SUM,2007-03-11T00:00Z,14409.0,,0.0,
0-20000-0-11519,RGLB_D,SUM,2007-03-12T00:00Z,14352.0,,0.0,
0-20000-0-11519,RGLB_D,SUM,2007-03-13T00:00Z,14573.0,,0.0,
0-20000-0-11519,RGLB_D,SUM,2007-03-14T00:00Z,11629.0,,0.0,
0-20000-0-11519,RGLB_D,SUM,2007-03-15T00:00Z,14780.0,,0.0,
0-20000-0-11519,RGLB_D,SUM,2007-03-16T00:00Z,14026.0,,0.0,
0-20000-0-11519,RGLB_D,SUM,2007-03-17T00:00Z,4051.0,,0.0,
0-20000-0-11519,RGLB_D,SUM,2007-03-18T00:00Z,3350.0,,0.0,
0-20000-0-11519,RGLB_D,SUM,2007-03-19T00:00Z,4704.0,,0.0,
0-20000-0-11519,RGLB_D,SUM,2007-03-20T00:00Z,3294.0,,0.0,
0-20000-0-11519,RGLB_D,SUM,2007-03-21T00:00Z,3814.0,,0.0,
0-20000-0-11519,RGLB_D,SUM,2007-03-22T00:00Z,5430.0,,0.0,
0-20000-0-11519,RGLB_D,SUM,2007-03-23T00:00Z,7933.0,,0.0,
0-20000-0-11519,RGLB_D,SUM,2007-03-24T00:00Z,3634.0,,0.0,
0-20000-0-11519,RGLB_D,SUM,2007-03-25T00:00Z,16192.0,,0.0,
0-20000-0-11519,RGLB_D,SUM,2007-03-26T00:00Z,16667.0,,0.0,
0-20000-0-11519,RGLB_D,SUM,2007-03-27T00:00Z,16318.0,,0.0,
0-20000-0-11519,RGLB_D,SUM,2007-03-28T00:00Z,13017.0,,0.0,
0-20000-0-11519,RGLB_D,SUM,2007-03-29T00:00Z,7471.0,,0.0,
0-20000-0-11519,RGLB_D,SUM,2007-03-30T00:00Z,13700.0,,0.0,
0-20000-0-11519,RGLB_D,SUM,2007-03-31T00:00Z,12504.0,,0.0,
0-20000-0-11519,RGLB_D,SUM,2007-04-01T00:00Z,17267.0,,0.0,
0-20000-0-11519,RGLB_D,SUM,2007-04-02T00:00Z,18421.0,,0.0,
0-20000-0-11519,RGLB_D,SUM,2007-04-03T00:00Z,9969.0,,0.0,
0-20000-0-11519,RGLB_D,SUM,2007-04-04T00:00Z,12107.0,,0.0,
0-20000-0-11519,RGLB_D,SUM,2007-04-05T00:00Z,19688.0,,0.0,
0-20000-0-11519,RGLB_D,SUM,2007-04-06T00:00Z,14737.0,,0.0,
0-20000-0-11519,RGLB_D,SUM,2007-04-07T00:00Z,9607.0,,0.0,
0-20000-0-11519,RGLB_D,SUM,2007-04-08T00:00Z,9130.0,,0.0,
0-20000-0-11519,RGLB_D,SUM,2007-04-09T00:00Z,17495.0,,0.0,
0-20000-0-11519,RGLB_D,SUM,2007-04-10T00:00Z,12816.0,,0.0,
0-20000-0-11519,RGLB_D,SUM,2007-04-11T00:00Z,12523.0,,0.0,
0-20000-0-11519,RGLB_D,SUM,2007-04-12T00:00Z,21281.0,,0.0,
0-20000-0-11519,RGLB_D,SUM,2007-04-13T00:00Z,22123.0,,0.0,
0-20000-0-11519,RGLB_D,SUM,2007-04-14T00:00Z,23009.0,,0.0,
0-20000-0-11519,RGLB_D,SUM,2007-04-15T00:00Z,22769.0,,0.0,
0-20000-0-11519,RGLB_D,SUM,2007-04-16T00:00Z,23107.0,,0.0,
0-20000-0-11519,RGLB_D,SUM,2007-04-17T00:00Z,22184.0,,0.0,
0-20000-0-11519,RGLB_D,SUM,2007-04-18T00:00Z,14424.0,,0.0,
0-20000-0-11519,RGLB_D,SUM,2007-04-19T00:00Z,23045.0,,0.0,
0-20000-0-11519,RGLB_D,SUM,2007-04-20T00:00Z,23013.0,,0.0,
0-20000-0-11519,RGLB_D,SUM,2007-04-21T00:00Z,22797.0,,0.0,
0-20000-0-11519,RGLB_D,SUM,2007-04-22T00:00Z,23512.0,,0.0,
0-20000-0-11519,RGLB_D,SUM,2007-04-23T00:00Z,22732.0,,0.0,
0-20000-0-11519,RGLB_D,SUM,2007-04-24T00:00Z,11363.0,,0.0,
0-20000-0-11519,RGLB_D,SUM,2007-04-25T00:00Z,22022.0,,0.0,
0-20000-0-11519,RGLB_D,SUM,2007-04-26T00:00Z,24220.0,,0.0,
0-20000-0-11519,RGLB_D,SUM,2007-04-27T00:00Z,24308.0,,0.0,
0-20000-0-11519,RGLB_D,SUM,2007-04-28T00:00Z,24540.0,,0.0,
0-20000-0-11519,RGLB_D,SUM,2007-04-29T00:00Z,24198.0,,0.0,
0-20000-0-11519,RGLB_D,SUM,2007-04-30T00:00Z,25857.0,,0.0,
0-20000-0-11519,RGLB_D,SUM,2007-05-01T00:00Z,25806.0,,0.0,
0-20000-0-11519,RGLB_D,SUM,2007-05-02T00:00Z,26185.0,,0.0,
0-20000-0-11519,RGLB_D,SUM,2007-05-03T00:00Z,26169.0,,0.0,
0-20000-0-11519,RGLB_D,SUM,2007-05-04T00:00Z,19254.0,,0.0,
0-20000-0-11519,RGLB_D,SUM,2007-05-05T00:00Z,7260.0,,0.0,
0-20000-0-11519,RGLB_D,SUM,2007-05-06T00:00Z,5202.0,,0.0,
0-20000-0-11519,RGLB_D,SUM,2007-05-07T00:00Z,14090.0,,0.0,
0-20000-0-11519,RGLB_D,SUM,2007-05-08T00:00Z,11354.0,,0.0,
0-20000-0-11519,RGLB_D,SUM,2007-05-09T00:00Z,11980.0,,0.0,
0-20000-0-11519,RGLB_D,SUM,2007-05-10T00:00Z,17251.0,,0.0,
0-20000-0-11519,RGLB_D,SUM,2007-05-11T00:00Z,17173.0,,0.0,
0-20000-0-11519,RGLB_D,SUM,2007-05-12T00:00Z,17861.0,,0.0,
0-20000-0-11519,RGLB_D,SUM,2007-05-13T00:00Z,27247.0,,0.0,
0-20000-0-11519,RGLB_D,SUM,2007-05-14T00:00Z,23496.0,,0.0,
0-20000-0-11519,RGLB_D,SUM,2007-05-15T00:00Z,9370.0,,0.0,
0-20000-0-11519,RGLB_D,SUM,2007-05-16T00:00Z,21002.0,,0.0,
0-20000-0-11519,RGLB_D,SUM,2007-05-17T00:00Z,16782.0,,0.0,
0-20000-0-11519,RGLB_D,SUM,2007-05-18T00:00Z,28644.0,,0.0,
0-20000-0-11519,RGLB_D,SUM,2007-05-19T00:00Z,28558.0,,0.0,
0-20000-0-11519,RGLB_D,SUM,2007-05-20T00:00Z,27271.0,,0.0,
0-20000-0-11519,RGLB_D,SUM,2007-05-21T00:00Z,25808.0,,0.0,
0-20000-0-11519,RGLB_D,SUM,2007-05-22T00:00Z,19860.0,,0.0,
0-20000-0-11519,RGLB_D,SUM,2007-05-23T00:00Z,22398.0,,0.0,
0-20000-0-11519,RGLB_D,SUM,2007-05-24T00:00Z,27505.0,,0.0,
0-20000-0-11519,RGLB_D,SUM,2007-05-25T00:00Z,20671.0,,0.0,
0-20000-0-11519,RGLB_D,SUM,2007-05-26T00:00Z,21849.0,,0.0,
0-20000-0-11519,RGLB_D,SUM,2007-05-27T00:00Z,22069.0,,0.0,
0-20000-0-11519,RGLB_D,SUM,2007-05-28T00:00Z,19037.0,,0.0,
0-20000-0-11519,RGLB_D,SUM,2007-05-29T00:00Z,17316.0,,0.0,
0-20000-0-11519,RGLB_D,SUM,2007-05-30T00:00Z,10145.0,,0.0,
0-20000-0-11519,RGLB_D,SUM,2007-05-31T00:00Z,18751.0,,0.0,
0-20000-0-11519,RGLB_D,SUM,2007-06-01T00:00Z,24540.0,,0.0,
0-20000-0-11519,RGLB_D,SUM,2007-06-02T00:00Z,15081.0,,0.0,
0-20000-0-11519,RGLB_D,SUM,2007-06-03T00:00Z,4985.0,,0.0,
0-20000-0-11519,RGLB_D,SUM,2007-06-04T00:00Z,14441.0,,0.0,
0-20000-0-11519,RGLB_D,SUM,2007-06-05T00:00Z,21041.0,,0.0,
0-20000-0-11519,RGLB_D,SUM,2007-06-06T00:00Z,19480.0,,0.0,
0-20000-0-11519,RGLB_D,SUM,2007-06-07T00:00Z,26573.0,,0.0,
0-20000-0-11519,RGLB_D,SUM,2007-06-08T00:00Z,27559.0,,0.0,
0-20000-0-11519,RGLB_D,SUM,2007-06-09T00:00Z,22457.0,,0.0,
0-20000-0-11519,RGLB_D,SUM,2007-06-10T00:00Z,22019.0,,0.0,
0-20000-0-11519,RGLB_D,SUM,2007-06-11T00:00Z,23434.0,,0.0,
0-20000-0-11519,RGLB_D,SUM,2007-06-12T00:00Z,25302.0,,0.0,
0-20000-0-11519,RGLB_D,SUM,2007-06-13T00:00Z,19445.0,,0.0,
0-20000-0-11519,RGLB_D,SUM,2007-06-14T00:00Z,23123.0,,0.0,
0-20000-0-11519,RGLB_D,SUM,2007-06-15T00:00Z,20374.0,,0.0,
0-20000-0-11519,RGLB_D,SUM,2007-06-16T00:00Z,22298.0,,0.0,
0-20000-0-11519,RGLB_D,SUM,2007-06-17T00:00Z,24040.0,,0.0,
0-20000-0-11519,RGLB_D,SUM,2007-06-18T00:00Z,17991.0,,0.0,
0-20000-0-11519,RGLB_D,SUM,2007-06-19T00:00Z,21933.0,,0.0,
0-20000-0-11519,RGLB_D,SUM,2007-06-20T00:00Z,26210.0,,0.0,
0-20000-0-11519,RGLB_D,SUM,2007-06-21T00:00Z,15703.0,,0.0,
0-20000-0-11519,RGLB_D,SUM,2007-06-22T00:00Z,13857.0,,0.0,
0-20000-0-11519,RGLB_D,SUM,2007-06-23T00:00Z,21239.0,,0.0,
0-20000-0-11519,RGLB_D,SUM,2007-06-24T00:00Z,26445.0,,0.0,
0-20000-0-11519,RGLB_D,SUM,2007-06-25T00:00Z,22217.0,,0.0,
0-20000-0-11519,RGLB_D,SUM,2007-06-26T00:00Z,16261.0,,0.0,
0-20000-0-11519,RGLB_D,SUM,2007-06-27T00:00Z,21183.0,,0.0,
0-20000-0-11519,RGLB_D,SUM,2007-06-28T00:00Z,17821.0,,0.0,
0-20000-0-11519,RGLB_D,SUM,2007-06-29T00:00Z,16177.0,,0.0,
0-20000-0-11519,RGLB_D,SUM,2007-06-30T00:00Z,19524.0,,0.0,
0-20000-0-11519,RGLB_D,SUM,2007-07-01T00:00Z,24746.0,,0.0,
0-20000-0-11519,RGLB_D,SUM,2007-07-02T00:00Z,10387.0,,0.0,
0-20000-0-11519,RGLB_D,SUM,2007-07-03T00:00Z,19267.0,,0.0,
0-20000-0-11519,RGLB_D,SUM,2007-07-04T00:00Z,17717.0,,0.0,
0-20000-0-11519,RGLB_D,SUM,2007-07-05T00:00Z,15943.0,,0.0,
0-20000-0-11519,RGLB_D,SUM,2007-07-06T00:00Z,14827.0,,0.0,
0-20000-0-11519,RGLB_D,SUM,2007-07-07T00:00Z,26470.0,,0.0,
0-20000-0-11519,RGLB_D,SUM,2007-07-08T00:00Z,26552.0,,0.0,
0-20000-0-11519,RGLB_D,SUM,2007-07-09T00:00Z,9498.0,,0.0,
0-20000-0-11519,RGLB_D,SUM,2007-07-10T00:00Z,8693.0,,0.0,
0-20000-0-11519,RGLB_D,SUM,2007-07-11T00:00Z,21389.0,,0.0,
0-20000-0-11519,RGLB_D,SUM,2007-07-12T00:00Z,12890.0,,0.0,
0-20000-0-11519,RGLB_D,SUM,2007-07-13T00:00Z,18642.0,,0.0,
0-20000-0-11519,RGLB_D,SUM,2007-07-14T00:00Z,27974.0,,0.0,
0-20000-0-11519,RGLB_D,SUM,2007-07-15T00:00Z,28300.0,,0.0,
0-20000-0-11519,RGLB_D,SUM,2007-07-16T00:00Z,26571.0,,0.0,
0-20000-0-11519,RGLB_D,SUM,2007-07-17T00:00Z,25043.0,,0.0,
0-20000-0-11519,RGLB_D,SUM,2007-07-18T00:00Z,17369.0,,0.0,
0-20000-0-11519,RGLB_D,SUM,2007-07-19T00:00Z,22618.0,,0.0,
0-20000-0-11519,RGLB_D,SUM,2007-07-20T00:00Z,24044.0,,0.0,
0-20000-0-11519,RGLB_D,SUM,2007-07-21T00:00Z,22657.0,,0.0,
0-20000-0-11519,RGLB_D,SUM,2007-07-22T00:00Z,13378.0,,0.0,
0-20000-0-11519,RGLB_D,SUM,2007-07-23T00:00Z,26932.0,,0.0,
0-20000-0-11519,RGLB_D,SUM,2007-07-24T00:00Z,15599.0,,0.0,
0-20000-0-11519,RGLB_D,SUM,2007-07-25T00:00Z,16198.0,,0.0,
0-20000-0-11519,RGLB_D,SUM,2007-07-26T00:00Z,27166.0,,0.0,
0-20000-0-11519,RGLB_D,SUM,2007-07-27T00:00Z,21946.0,,0.0,
0-20000-0-11519,RGLB_D,SUM,2007-07-28T00:00Z,12878.0,,0.0,
0-20000-0-11519,RGLB_D,SUM,2007-07-29T00:00Z,11089.0,,0.0,
0-20000-0-11519,RGLB_D,SUM,2007-07-30T00:00Z,14804.0,,0.0,
0-20000-0-11519,RGLB_D,SUM,2007-07-31T00:00Z,11590.0,,0.0,
0-20000-0-11519,RGLB_D,SUM,2007-08-01T00:00Z,22555.0,,0.0,
0-20000-0-11519,RGLB_D,SUM,2007-08-02T00:00Z,23032.0,,0.0,
0-20000-0-11519,RGLB_D,SUM,2007-08-03T00:00Z,17273.0,,0.0,
0-20000-0-11519,RGLB_D,SUM,2007-08-04T00:00Z,23505.0,,0.0,
0-20000-0-11519,RGLB_D,SUM,2007-08-05T00:00Z,26074.0,,0.0,
0-20000-0-11519,RGLB_D,SUM,2007-08-06T00:00Z,25104.0,,0.0,
0-20000-0-11519,RGLB_D,SUM,2007-08-07T00:00Z,24478.0,,0.0,
0-20000-0-11519,RGLB_D,SUM,2007-08-08T00:00Z,19737.0,,0.0,
0-20000-0-11519,RGLB_D,SUM,2007-08-09T00:00Z,11739.0,,0.0,
0-20000-0-11519,RGLB_D,SUM,2007-08-10T00:00Z,7776.0,,0.0,
0-20000-0-11519,RGLB_D,SUM,2007-08-11T00:00Z,11369.0,,0.0,
0-20000-0-11519,RGLB_D,SUM,2007-08-12T00:00Z,7570.0,,0.0,
0-20000-0-11519,RGLB_D,SUM,2007-08-13T00:00Z,20427.0,,0.0,
0-20000-0-11519,RGLB_D,SUM,2007-08-14T00:00Z,22006.0,,0.0,
0-20000-0-11519,RGLB_D,SUM,2007-08-15T00:00Z,17962.0,,0.0,
0-20000-0-11519,RGLB_D,SUM,2007-08-16T00:00Z,9559.0,,0.0,
0-20000-0-11519,RGLB_D,SUM,2007-08-17T00:00Z,7339.0,,0.0,
0-20000-0-11519,RGLB_D,SUM,2007-08-18T00:00Z,19437.0,,0.0,
0-20000-0-11519,RGLB_D,SUM,2007-08-19T00:00Z,20466.0,,0.0,
0-20000-0-11519,RGLB_D,SUM,2007-08-20T00:00Z,13089.0,,0.0,
0-20000-0-11519,RGLB_D,SUM,2007-08-21T00:00Z,12342.0,,0.0,
0-20000-0-11519,RGLB_D,SUM,2007-08-22T00:00Z,16904.0,,0.0,
0-20000-0-11519,RGLB_D,SUM,2007-08-23T00:00Z,19371.0,,0.0,
0-20000-0-11519,RGLB_D,SUM,2007-08-24T00:00Z,22218.0,,0.0,
0-20000-0-11519,RGLB_D,SUM,2007-08-25T00:00Z,19415.0,,0.0,
0-20000-0-11519,RGLB_D,SUM,2007-08-26T00:00Z,18532.0,,0.0,
0-20000-0-11519,RGLB_D,SUM,2007-08-27T00:00Z,17198.0,,0.0,
0-20000-0-11519,RGLB_D,SUM,2007-08-28T00:00Z,11904.0,,0.0,
0-20000-0-11519,RGLB_D,SUM,2007-08-29T00:00Z,12992.0,,0.0,
0-20000-0-11519,RGLB_D,SUM,2007-08-30T00:00Z,18649.0,,0.0,
0-20000-0-11519,RGLB_D,SUM,2007-08-31T00:00Z,7666.0,,0.0,
0-20000-0-11519,RGLB_D,SUM,2007-09-01T00:00Z,10600.0,,0.0,
0-20000-0-11519,RGLB_D,SUM,2007-09-02T00:00Z,15557.0,,0.0,
0-20000-0-11519,RGLB_D,SUM,2007-09-03T00:00Z,5416.0,,0.0,
0-20000-0-11519,RGLB_D,SUM,2007-09-04T00:00Z,13582.0,,0.0,
0-20000-0-11519,RGLB_D,SUM,2007-09-05T00:00Z,9343.0,,0.0,
0-20000-0-11519,RGLB_D,SUM,2007-09-06T00:00Z,1528.0,,0.0,
0-20000-0-11519,RGLB_D,SUM,2007-09-07T00:00Z,6477.0,,0.0,
0-20000-0-11519,RGLB_D,SUM,2007-09-08T00:00Z,4197.0,,0.0,
0-20000-0-11519,RGLB_D,SUM,2007-09-09T00:00Z,8497.0,,0.0,
0-20000-0-11519,RGLB_D,SUM,2007-09-10T00:00Z,4795.0,,0.0,
0-20000-0-11519,RGLB_D,SUM,2007-09-11T00:00Z,8782.0,,0.0,
0-20000-0-11519,RGLB_D,SUM,2007-09-12T00:00Z,12393.0,,0.0,
0-20000-0-11519,RGLB_D,SUM,2007-09-13T00:00Z,11782.0,,0.0,
0-20000-0-11519,RGLB_D,SUM,2007-09-14T00:00Z,16853.0,,0.0,
0-20000-0-11519,RGLB_D,SUM,2007-09-15T00:00Z,16663.0,,0.0,
0-20000-0-11519,RGLB_D,SUM,2007-09-16T00:00Z,18424.0,,0.0,
0-20000-0-11519,RGLB_D,SUM,2007-09-17T00:00Z,16449.0,,0.0,
0-20000-0-11519,RGLB_D,SUM,2007-09-18T00:00Z,4655.0,,0.0,
0-20000-0-11519,RGLB_D,SUM,2007-09-19T00:00Z,9607.0,,0.0,
0-20000-0-11519,RGLB_D,SUM,2007-09-20T00:00Z,16784.0,,0.0,
0-20000-0-11519,RGLB_D,SUM,2007-09-21T00:00Z,16430.0,,0.0,
0-20000-0-11519,RGLB_D,SUM,2007-09-22T00:00Z,15354.0,,0.0,
0-20000-0-11519,RGLB_D,SUM,2007-09-23T00:00Z,15530.0,,0.0,
0-20000-0-11519,RGLB_D,SUM,2007-09-24T00:00Z,15821.0,,0.0,
0-20000-0-11519,RGLB_D,SUM,2007-09-25T00:00Z,4825.0,,0.0,
0-20000-0-11519,RGLB_D,SUM,2007-09-26T00:00Z,8492.0,,0.0,
0-20000-0-11519,RGLB_D,SUM,2007-09-27T00:00Z,1544.0,,0.0,
0-20000-0-11519,RGLB_D,SUM,2007-09-28T00:00Z,4312.0,,0.0,
0-20000-0-11519,RGLB_D,SUM,2007-09-29T00:00Z,7458.0,,0.0,
0-20000-0-11519,RGLB_D,SUM,2007-09-30T00:00Z,15143.0,,0.0,
0-20000-0-11519,RGLB_D,SUM,2007-10-01T00:00Z,12613.0,,0.0,
0-20000-0-11519,RGLB_D,SUM,2007-10-02T00:00Z,7634.0,,0.0,
0-20000-0-11519,RGLB_D,SUM,2007-10-03T00:00Z,6333.0,,0.0,
0-20000-0-11519,RGLB_D,SUM,2007-10-04T00:00Z,6434.0,,0.0,
0-20000-0-11519,RGLB_D,SUM,2007-10-05T00:00Z,6539.0,,0.0,
0-20000-0-11519,RGLB_D,SUM,2007-10-06T00:00Z,6366.0,,0.0,
0-20000-0-11519,RGLB_D,SUM,2007-10-07T00:00Z,6373.0,,0.0,
0-20000-0-11519,RGLB_D,SUM,2007-10-08T00:00Z,12413.0,,0.0,
0-20000-0-11519,RGLB_D,SUM,2007-10-09T00:00Z,5624.0,,0.0,
0-20000-0-11519,RGLB_D,SUM,2007-10-10T00:00Z,5912.0,,0.0,
0-20000-0-11519,RGLB_D,SUM,2007-10-11T00:00Z,9875.0,,0.0,
0-20000-0-11519,RGLB_D,SUM,2007-10-12T00:00Z,3723.0,,0.0,
0-20000-0-11519,RGLB_D,SUM,2007-10-13T00:00Z,10124.0,,0.0,
0-20000-0-11519,RGLB_D,SUM,2007-10-14T00:00Z,11604.0,,0.0,
0-20000-0-11519,RGLB_D,SUM,2007-10-15T00:00Z,11507.0,,0.0,
0-20000-0-11519,RGLB_D,SUM,2007-10-16T00:00Z,10610.0,,0.0,
0-20000-0-11519,RGLB_D,SUM,2007-10-17T00:00Z,10413.0,,0.0,
0-20000-0-11519,RGLB_D,SUM,2007-10-18T00:00Z,7102.0,,0.0,
0-20000-0-11519,RGLB_D,SUM,2007-10-19T00:00Z,8116.0,,0.0,
0-20000-0-11519,RGLB_D,SUM,2007-10-20T00:00Z,3260.0,,0.0,
0-20000-0-11519,RGLB_D,SUM,2007-10-21T00:00Z,3989.0,,0.0,
0-20000-0-11519,RGLB_D,SUM,2007-10-22T00:00Z,8673.0,,0.0,
0-20000-0-11519,RGLB_D,SUM,2007-10-23T00:00Z,1269.0,,0.0,
0-20000-0-11519,RGLB_D,SUM,2007-10-24T00:00Z,2513.0,,0.0,
0-20000-0-11519,RGLB_D,SUM,2007-10-25T00:00Z,1130.0,,0.0,
0-20000-0-11519,RGLB_D,SUM,2007-10-26T00:00Z,1361.0,,0.0,
0-20000-0-11519,RGLB_D,SUM,2007-10-27T00:00Z,1972.0,,0.0,
0-20000-0-11519,RGLB_D,SUM,2007-10-28T00:00Z,6354.0,,0.0,
0-20000-0-11519,RGLB_D,SUM,2007-10-29T00:00Z,4916.0,,0.0,
0-20000-0-11519,RGLB_D,SUM,2007-10-30T00:00Z,2318.0,,0.0,
0-20000-0-11519,RGLB_D,SUM,2007-10-31T00:00Z,5769.0,,0.0,
0-20000-0-11519,RGLB_D,SUM,2007-11-01T00:00Z,8237.0,,0.0,
0-20000-0-11519,RGLB_D,SUM,2007-11-02T00:00Z,2259.0,,0.0,
0-20000-0-11519,RGLB_D,SUM,2007-11-03T00:00Z,3686.0,,0.0,
0-20000-0-11519,RGLB_D,SUM,2007-11-04T00:00Z,2867.0,,0.0,
0-20000-0-11519,RGLB_D,SUM,2007-11-05T00:00Z,3500.0,,0.0,
0-20000-0-11519,RGLB_D,SUM,2007-11-06T00:00Z,3330.0,,0.0,
0-20000-0-11519,RGLB_D,SUM,2007-11-07T00:00Z,1080.0,,0.0,
0-20000-0-11519,RGLB_D,SUM,2007-11-08T00:00Z,3625.0,,0.0,
0-20000-0-11519,RGLB_D,SUM,2007-11-09T00:00Z,2345.0,,0.0,
0-20000-0-11519,RGLB_D,SUM,2007-11-10T00:00Z,1445.0,,0.0,
0-20000-0-11519,RGLB_D,SUM,2007-11-11T00:00Z,1347.0,,0.0,
0-20000-0-11519,RGLB_D,SUM,2007-11-12T00:00Z,2153.0,,0.0,
0-20000-0-11519,RGLB_D,SUM,2007-11-13T00:00Z,2769.0,,0.0,
0-20000-0-11519,RGLB_D,SUM,2007-11-14T00:00Z,1175.0,,0.0,
0-20000-0-11519,RGLB_D,SUM,2007-11-15T00:00Z,3059.0,,0.0,
0-20000-0-11519,RGLB_D,SUM,2007-11-16T00:00Z,4994.0,,0.0,
0-20000-0-11519,RGLB_D,SUM,2007-11-17T00:00Z,1357.0,,0.0,
0-20000-0-11519,RGLB_D,SUM,2007-11-18T00:00Z,2330.0,,0.0,
0-20000-0-11519,RGLB_D,SUM,2007-11-19T00:00Z,5248.0,,0.0,
0-20000-0-11519,RGLB_D,SUM,2007-11-20T00:00Z,1180.0,,0.0,
0-20000-0-11519,RGLB_D,SUM,2007-11-21T00:00Z,1068.0,,0.0,
0-20000-0-11519,RGLB_D,SUM,2007-11-22T00:00Z,2146.0,,0.0,
0-20000-0-11519,RGLB_D,SUM,2007-11-23T00:00Z,1550.0,,0.0,
0-20000-0-11519,RGLB_D,SUM,2007-11-24T00:00Z,1000.0,,0.0,
0-20000-0-11519,RGLB_D,SUM,2007-11-25T00:00Z,1502.0,,0.0,
0-20000-0-11519,RGLB_D,SUM,2007-11-26T00:00Z,2956.0,,0.0,
0-20000-0-11519,RGLB_D,SUM,2007-11-27T00:00Z,3569.0,,0.0,
0-20000-0-11519,RGLB_D,SUM,2007-11-28T00:00Z,4914.0,,0.0,
0-20000-0-11519,RGLB_D,SUM,2007-11-29T00:00Z,2265.0,,0.0,
0-20000-0-11519,RGLB_D,SUM,2007-11-30T00:00Z,3416.0,,0.0,
0-20000-0-11519,RGLB_D,SUM,2007-12-01T00:00Z,813.0,,0.0,
0-20000-0-11519,RGLB_D,SUM,2007-12-02T00:00Z,2111.0,,0.0,
0-20000-0-11519,RGLB_D,SUM,2007-12-03T00:00Z,3524.0,,0.0,
0-20000-0-11519,RGLB_D,SUM,2007-12-04T00:00Z,1624.0,,0.0,
0-20000-0-11519,RGLB_D,SUM,2007-12-05T00:00Z,1096.0,,0.0,
0-20000-0-11519,RGLB_D,SUM,2007-12-06T00:00Z,3162.0,,0.0,
0-20000-0-11519,RGLB_D,SUM,2007-12-07T00:00Z,886.0,,0.0,
0-20000-0-11519,RGLB_D,SUM,2007-12-08T00:00Z,4029.0,,0.0,
0-20000-0-11519,RGLB_D,SUM,2007-12-09T00:00Z,1183.0,,0.0,
0-20000-0-11519,RGLB_D,SUM,2007-12-10T00:00Z,3070.0,,0.0,
0-20000-0-11519,RGLB_D,SUM,2007-12-11T00:00Z,1085.0,,0.0,
0-20000-0-11519,RGLB_D,SUM,2007-12-12T00:00Z,610.0,,0.0,
0-20000-0-11519,RGLB_D,SUM,2007-12-13T00:00Z,2038.0,,0.0,
0-20000-0-11519,RGLB_D,SUM,2007-12-14T00:00Z,2032.0,,0.0,
0-20000-0-11519,RGLB_D,SUM,2007-12-15T00:00Z,1410.0,,0.0,
0-20000-0-11519,RGLB_D,SUM,2007-12-16T00:00Z,898.0,,0.0,
0-20000-0-11519,RGLB_D,SUM,2007-12-17T00:00Z,1350.0,,0.0,
0-20000-0-11519,RGLB_D,SUM,2007-12-18T00:00Z,3610.0,,0.0,
0-20000-0-11519,RGLB_D,SUM,2007-12-19T00:00Z,595.0,,0.0,
0-20000-0-11519,RGLB_D,SUM,2007-12-20T00:00Z,1223.0,,0.0,
0-20000-0-11519,RGLB_D,SUM,2007-12-21T00:00Z,1241.0,,0.0,
0-20000-0-11519,RGLB_D,SUM,2007-12-22T00:00Z,802.0,,0.0,
0-20000-0-11519,RGLB_D,SUM,2007-12-23T00:00Z,862.0,,0.0,
0-20000-0-11519,RGLB_D,SUM,2007-12-24T00:00Z,1290.0,,0.0,
0-20000-0-11519,RGLB_D,SUM,2007-12-25T00:00Z,1078.0,,0.0,
0-20000-0-11519,RGLB_D,SUM,2007-12-26T00:00Z,2196.0,,0.0,
0-20000-0-11519,RGLB_D,SUM,2007-12-27T00:00Z,973.0,,0.0,
0-20000-0-11519,RGLB_D,SUM,2007-12-28T00:00Z,894.0,,0.0,
0-20000-0-11519,RGLB_D,SUM,2007-12-29T00:00Z,3366.0,,0.0,
0-20000-0-11519,RGLB_D,SUM,2007-12-30T00:00Z,2430.0,,0.0,
0-20000-0-11519,RGLB_D,SUM,2007-12-31T00:00Z,1887.0,,0.0,
0-20000-0-11519,RGLB_D,SUM,2008-01-01T00:00Z,2691.0,,0.0,
0-20000-0-11519,RGLB_D,SUM,2008-01-02T00:00Z,1614.0,,0.0,
0-20000-0-11519,RGLB_D,SUM,2008-01-03T00:00Z,591.0,,0.0,
0-20000-0-11519,RGLB_D,SUM,2008-01-04T00:00Z,1213.0,,0.0,
0-20000-0-11519,RGLB_D,SUM,2008-01-05T00:00Z,1924.0,,0.0,
0-20000-0-11519,RGLB_D,SUM,2008-01-06T00:00Z,929.0,,0.0,
0-20000-0-11519,RGLB_D,SUM,2008-01-07T00:00Z,1639.0,,0.0,
0-20000-0-11519,RGLB_D,SUM,2008-01-08T00:00Z,3940.0,,0.0,
0-20000-0-11519,RGLB_D,SUM,2008-01-09T00:00Z,2882.0,,0.0,
0-20000-0-11519,RGLB_D,SUM,2008-01-10T00:00Z,3205.0,,0.0,
0-20000-0-11519,RGLB_D,SUM,2008-01-11T00:00Z,4843.0,,0.0,
0-20000-0-11519,RGLB_D,SUM,2008-01-12T00:00Z,2702.0,,0.0,
0-20000-0-11519,RGLB_D,SUM,2008-01-13T00:00Z,4094.0,,0.0,
0-20000-0-11519,RGLB_D,SUM,2008-01-14T00:00Z,1609.0,,0.0,
0-20000-0-11519,RGLB_D,SUM,2008-01-15T00:00Z,4065.0,,0.0,
0-20000-0-11519,RGLB_D,SUM,2008-01-16T00:00Z,1396.0,,0.0,
0-20000-0-11519,RGLB_D,SUM,2008-01-17T00:00Z,2634.0,,0.0,
0-20000-0-11519,RGLB_D,SUM,2008-01-18T00:00Z,3045.0,,0.0,
0-20000-0-11519,RGLB_D,SUM,2008-01-19T00:00Z,2548.0,,0.0,
0-20000-0-11519,RGLB_D,SUM,2008-01-20T00:00Z,2988.0,,0.0,
0-20000-0-11519,RGLB_D,SUM,2008-01-21T00:00Z,3486.0,,0.0,
0-20000-0-11519,RGLB_D,SUM,2008-01-22T00:00Z,2005.0,,0.0,
0-20000-0-11519,RGLB_D,SUM,2008-01-23T00:00Z,5079.0,,0.0,
0-20000-0-11519,RGLB_D,SUM,2008-01-24T00:00Z,4550.0,,0.0,
0-20000-0-11519,RGLB_D,SUM,2008-01-25T00:00Z,6458.0,,0.0,
0-20000-0-11519,RGLB_D,SUM,2008-01-26T00:00Z,4192.0,,0.0,
0-20000-0-11519,RGLB_D,SUM,2008-01-27T00:00Z,1849.0,,0.0,
0-20000-0-11519,RGLB_D,SUM,2008-01-28T00:00Z,1705.0,,0.0,
0-20000-0-11519,RGLB_D,SUM,2008-01-29T00:00Z,1815.0,,0.0,
0-20000-0-11519,RGLB_D,SUM,2008-01-30T00:00Z,2004.0,,0.0,
0-20000-0-11519,RGLB_D,SUM,2008-01-31T00:00Z,5604.0,,0.0,
0-20000-0-11519,RGLB_D,SUM,2008-02-01T00:00Z,3101.0,,0.0,
0-20000-0-11519,RGLB_D,SUM,2008-02-02T00:00Z,2137.0,,0.0,
0-20000-0-11519,RGLB_D,SUM,2008-02-03T00:00Z,7431.0,,0.0,
0-20000-0-11519,RGLB_D,SUM,2008-02-04T00:00Z,6528.0,,0.0,
0-20000-0-11519,RGLB_D,SUM,2008-02-05T00:00Z,6200.0,,0.0,
0-20000-0-11519,RGLB_D,SUM,2008-02-06T00:00Z,3910.0,,0.0,
0-20000-0-11519,RGLB_D,SUM,2008-02-07T00:00Z,4363.0,,0.0,
0-20000-0-11519,RGLB_D,SUM,2008-02-08T00:00Z,6449.0,,0.0,
0-20000-0-11519,RGLB_D,SUM,2008-02-09T00:00Z,7281.0,,0.0,
0-20000-0-11519,RGLB_D,SUM,2008-02-10T00:00Z,7329.0,,0.0,
0-20000-0-11519,RGLB_D,SUM,2008-02-11T00:00Z,6575.0,,0.0,
0-20000-0-11519,RGLB_D,SUM,2008-02-12T00:00Z,2047.0,,0.0,
0-20000-0-11519,RGLB_D,SUM,2008-02-13T00:00Z,4590.0,,0.0,
0-20000-0-11519,RGLB_D,SUM,2008-02-14T00:00Z,894.0,,0.0,
0-20000-0-11519,RGLB_D,SUM,2008-02-15T00:00Z,5736.0,,0.0,
0-20000-0-11519,RGLB_D,SUM,2008-02-16T00:00Z,6573.0,,0.0,
0-20000-0-11519,RGLB_D,SUM,2008-02-17T00:00Z,7475.0,,0.0,
0-20000-0-11519,RGLB_D,SUM,2008-02-18T00:00Z,2293.0,,0.0,
0-20000-0-11519,RGLB_D,SUM,2008-02-19T00:00Z,4527.0,,0.0,
0-20000-0-11519,RGLB_D,SUM,2008-02-20T00:00Z,7360.0,,0.0,
0-20000-0-11519,RGLB_D,SUM,2008-02-21T00:00Z,5702.0,,0.0,
0-20000-0-11519,RGLB_D,SUM,2008-02-22T00:00Z,3276.0,,0.0,
0-20000-0-11519,RGLB_D,SUM,2008-02-23T00:00Z,6067.0,,0.0,
0-20000-0-11519,RGLB_D,SUM,2008-02-24T00:00Z,10911.0,,0.0,
0-20000-0-11519,RGLB_D,SUM,2008-02-25T00:00Z,3866.0,,0.0,
0-20000-0-11519,RGLB_D,SUM,2008-02-26T00:00Z,9929.0,,0.0,
0-20000-0-11519,RGLB_D,SUM,2008-02-27T00:00Z,7279.0,,0.0,
0-20000-0-11519,RGLB_D,SUM,2008-02-28T00:00Z,10154.0,,0.0,
0-20000-0-11519,RGLB_D,SUM,2008-02-29T00:00Z,2970.0,,0.0,
0-20000-0-11519,RGLB_D,SUM,2008-03-01T00:00Z,5615.0,,0.0,
0-20000-0-11519,RGLB_D,SUM,2008-03-02T00:00Z,4429.0,,0.0,
0-20000-0-11519,RGLB_D,SUM,2008-03-03T00:00Z,3006.0,,0.0,
0-20000-0-11519,RGLB_D,SUM,2008-03-04T00:00Z,6416.0,,0.0,
0-20000-0-11519,RGLB_D,SUM,2008-03-05T00:00Z,9756.0,,0.0,
0-20000-0-11519,RGLB_D,SUM,2008-03-06T00:00Z,13681.0,,0.0,
0-20000-0-11519,RGLB_D,SUM,2008-03-07T00:00Z,9639.0,,0.0,
0-20000-0-11519,RGLB_D,SUM,2008-03-08T00:00Z,4914.0,,0.0,
0-20000-0-11519,RGLB_D,SUM,2008-03-09T00:00Z,6049.0,,0.0,
0-20000-0-11519,RGLB_D,SUM,2008-03-10T00:00Z,12704.0,,0.0,
0-20000-0-11519,RGLB_D,SUM,2008-03-11T00:00Z,7354.0,,0.0,
0-20000-0-11519,RGLB_D,SUM,2008-03-12T00:00Z,10601.0,,0.0,
0-20000-0-11519,RGLB_D,SUM,2008-03-13T00:00Z,10512.0,,0.0,
0-20000-0-11519,RGLB_D,SUM,2008-03-14T00:00Z,3851.0,,0.0,
0-20000-0-11519,RGLB_D,SUM,2008-03-15T00:00Z,15132.0,,0.0,
0-20000-0-11519,RGLB_D,SUM,2008-03-16T00:00Z,4797.0,,0.0,
0-20000-0-11519,RGLB_D,SUM,2008-03-17T00:00Z,4954.0,,0.0,
0-20000-0-11519,RGLB_D,SUM,2008-03-18T00:00Z,9746.0,,0.0,
0-20000-0-11519,RGLB_D,SUM,2008-03-19T00:00Z,8159.0,,0.0,
0-20000-0-11519,RGLB_D,SUM,2008-03-20T00:00Z,11679.0,,0.0,
0-20000-0-11519,RGLB_D,SUM,2008-03-21T00:00Z,2669.0,,0.0,
0-20000-0-11519,RGLB_D,SUM,2008-03-22T00:00Z,9895.0,,0.0,
0-20000-0-11519,RGLB_D,SUM,2008-03-23T00:00Z,4625.0,,0.0,
0-20000-0-11519,RGLB_D,SUM,2008-03-24T00:00Z,9604.0,,0.0,
0-20000-0-11519,RGLB_D,SUM,2008-03-25T00:00Z,9283.0,,0.0,
0-20000-0-11519,RGLB_D,SUM,2008-03-26T00:00Z,11157.0,,0.0,
0-20000-0-11519,RGLB_D,SUM,2008-03-27T00:00Z,8543.0,,0.0,
0-20000-0-11519,RGLB_D,SUM,2008-03-28T00:00Z,11592.0,,0.0,
0-20000-0-11519,RGLB_D,SUM,2008-03-29T00:00Z,13440.0,,0.0,
0-20000-0-11519,RGLB_D,SUM,2008-03-30T00:00Z,17069.0,,0.0,
0-20000-0-11519,RGLB_D,SUM,2008-03-31T00:00Z,17792.0,,0.0,
0-20000-0-11519,RGLB_D,SUM,2008-04-01T00:00Z,11844.0,,0.0,
0-20000-0-11519,RGLB_D,SUM,2008-04-02T00:00Z,11957.0,,0.0,
0-20000-0-11519,RGLB_D,SUM,2008-04-03T00:00Z,7206.0,,0.0,
0-20000-0-11519,RGLB_D,SUM,2008-04-04T00:00Z,5145.0,,0.0,
0-20000-0-11519,RGLB_D,SUM,2008-04-05T00:00Z,13015.0,,0.0,
0-20000-0-11519,RGLB_D,SUM,2008-04-06T00:00Z,4503.0,,0.0,
0-20000-0-11519,RGLB_D,SUM,2008-04-07T00:00Z,4092.0,,0.0,
0-20000-0-11519,RGLB_D,SUM,2008-04-08T00:00Z,18003.0,,0.0,
0-20000-0-11519,RGLB_D,SUM,2008-04-09T00:00Z,16262.0,,0.0,
0-20000-0-11519,RGLB_D,SUM,2008-04-10T00:00Z,9060.0,,0.0,
0-20000-0-11519,RGLB_D,SUM,2008-04-11T00:00Z,14578.0,,0.0,
0-20000-0-11519,RGLB_D,SUM,2008-04-12T00:00Z,15621.0,,0.0,
0-20000-0-11519,RGLB_D,SUM,2008-04-13T00:00Z,18215.0,,0.0,
0-20000-0-11519,RGLB_D,SUM,2008-04-14T00:00Z,19994.0,,0.0,
0-20000-0-11519,RGLB_D,SUM,2008-04-15T00:00Z,2516.0,,0.0,
0-20000-0-11519,RGLB_D,SUM,2008-04-16T00:00Z,9769.0,,0.0,
0-20000-0-11519,RGLB_D,SUM,2008-04-17T00:00Z,15174.0,,0.0,
0-20000-0-11519,RGLB_D,SUM,2008-04-18T00:00Z,16260.0,,0.0,
0-20000-0-11519,RGLB_D,SUM,2008-04-19T00:00Z,2879.0,,0.0,
0-20000-0-11519,RGLB_D,SUM,2008-04-20T00:00Z,9465.0,,0.0,
0-20000-0-11519,RGLB_D,SUM,2008-04-21T00:00Z,16150.0,,0.0,
0-20000-0-11519,RGLB_D,SUM,2008-04-22T00:00Z,3273.0,,0.0,
0-20000-0-11519,RGLB_D,SUM,2008-04-23T00:00Z,18004.0,,0.0,
0-20000-0-11519,RGLB_D,SUM,2008-04-24T00:00Z,21870.0,,0.0,
0-20000-0-11519,RGLB_D,SUM,2008-04-25T00:00Z,3844.0,,0.0,
0-20000-0-11519,RGLB_D,SUM,2008-04-26T00:00Z,16324.0,,0.0,
0-20000-0-11519,RGLB_D,SUM,2008-04-27T00:00Z,20370.0,,0.0,
0-20000-0-11519,RGLB_D,SUM,2008-04-28T00:00Z,22864.0,,0.0,
0-20000-0-11519,RGLB_D,SUM,2008-04-29T00:00Z,6340.0,,0.0,
0-20000-0-11519,RGLB_D,SUM,2008-04-30T00:00Z,12434.0,,0.0,
0-20000-0-11519,RGLB_D,SUM,2008-05-01T00:00Z,13116.0,,0.0,
0-20000-0-11519,RGLB_D,SUM,2008-05-02T00:00Z,17732.0,,0.0,
0-20000-0-11519,RGLB_D,SUM,2008-05-03T00:00Z,14944.0,,0.0,
0-20000-0-11519,RGLB_D,SUM,2008-05-04T00:00Z,23723.0,,0.0,
0-20000-0-11519,RGLB_D,SUM,2008-05-05T00:00Z,14008.0,,0.0,
0-20000-0-11519,RGLB_D,SUM,2008-05-06T00:00Z,14320.0,,0.0,
0-20000-0-11519,RGLB_D,SUM,2008-05-07T00:00Z,23874.0,,0.0,
0-20000-0-11519,RGLB_D,SUM,2008-05-08T00:00Z,23017.0,,0.0,
0-20000-0-11519,RGLB_D,SUM,2008-05-09T00:00Z,23032.0,,0.0,
0-20000-0-11519,RGLB_D,SUM,2008-05-10T00:00Z,24401.0,,0.0,
0-20000-0-11519,RGLB_D,SUM,2008-05-11T00:00Z,26588.0,,0.0,
0-20000-0-11519,RGLB_D,SUM,2008-05-12T00:00Z,25009.0,,0.0,
0-20000-0-11519,RGLB_D,SUM,2008-05-13T00:00Z,23965.0,,0.0,
0-20000-0-11519,RGLB_D,SUM,2008-05-14T00:00Z,23502.0,,0.0,
0-20000-0-11519,RGLB_D,SUM,2008-05-15T00:00Z,19455.0,,0.0,
0-20000-0-11519,RGLB_D,SUM,2008-05-16T00:00Z,13602.0,,0.0,
0-20000-0-11519,RGLB_D,SUM,2008-05-17T00:00Z,18282.0,,0.0,
0-20000-0-11519,RGLB_D,SUM,2008-05-18T00:00Z,4926.0,,0.0,
0-20000-0-11519,RGLB_D,SUM,2008-05-19T00:00Z,4112.0,,0.0,
0-20000-0-11519,RGLB_D,SUM,2008-05-20T00:00Z,10390.0,,0.0,
0-20000-0-11519,RGLB_D,SUM,2008-05-21T00:00Z,5005.0,,0.0,
0-20000-0-11519,RGLB_D,SUM,2008-05-22T00:00Z,5568.0,,0.0,
0-20000-0-11519,RGLB_D,SUM,2008-05-23T00:00Z,12164.0,,0.0,
0-20000-0-11519,RGLB_D,SUM,2008-05-24T00:00Z,19429.0,,0.0,
0-20000-0-11519,RGLB_D,SUM,2008-05-25T00:00Z,23809.0,,0.0,
0-20000-0-11519,RGLB_D,SUM,2008-05-26T00:00Z,15277.0,,0.0,
0-20000-0-11519,RGLB_D,SUM,2008-05-27T00:00Z,25129.0,,0.0,
0-20000-0-11519,RGLB_D,SUM,2008-05-28T00:00Z,23400.0,,0.0,
0-20000-0-11519,RGLB_D,SUM,2008-05-29T00:00Z,15577.0,,0.0,
0-20000-0-11519,RGLB_D,SUM,2008-05-30T00:00Z,26796.0,,0.0,
0-20000-0-11519,RGLB_D,SUM,2008-05-31T00:00Z,26001.0,,0.0,
0-20000-0-11519,RGLB_D,SUM,2008-06-01T00:00Z,22717.0,,0.0,
0-20000-0-11519,RGLB_D,SUM,2008-06-02T00:00Z,26881.0,,0.0,
0-20000-0-11519,RGLB_D,SUM,2008-06-03T00:00Z,18069.0,,0.0,
0-20000-0-11519,RGLB_D,SUM,2008-06-04T00:00Z,7046.0,,0.0,
0-20000-0-11519,RGLB_D,SUM,2008-06-05T00:00Z,25745.0,,0.0,
0-20000-0-11519,RGLB_D,SUM,2008-06-06T00:00Z,25070.0,,0.0,
0-20000-0-11519,RGLB_D,SUM,2008-06-07T00:00Z,23018.0,,0.0,
0-20000-0-11519,RGLB_D,SUM,2008-06-08T00:00Z,16172.0,,0.0,
0-20000-0-11519,RGLB_D,SUM,2008-06-09T00:00Z,22266.0,,0.0,
0-20000-0-11519,RGLB_D,SUM,2008-06-10T00:00Z,26637.0,,0.0,
0-20000-0-11519,RGLB_D,SUM,2008-06-11T00:00Z,14884.0,,0.0,
0-20000-0-11519,RGLB_D,SUM,2008-06-12T00:00Z,12295.0,,0.0,
0-20000-0-11519,RGLB_D,SUM,2008-06-13T00:00Z,12266.0,,0.0,
0-20000-0-11519,RGLB_D,SUM,2008-06-14T00:00Z,17462.0,,0.0,
0-20000-0-11519,RGLB_D,SUM,2008-06-15T00:00Z,21440.0,,0.0,
0-20000-0-11519,RGLB_D,SUM,2008-06-16T00:00Z,13472.0,,0.0,
0-20000-0-11519,RGLB_D,SUM,2008-06-17T00:00Z,22555.0,,0.0,
0-20000-0-11519,RGLB_D,SUM,2008-06-18T00:00Z,16575.0,,0.0,
0-20000-0-11519,RGLB_D,SUM,2008-06-19T00:00Z,23025.0,,0.0,
0-20000-0-11519,RGLB_D,SUM,2008-06-20T00:00Z,20153.0,,0.0,
0-20000-0-11519,RGLB_D,SUM,2008-06-21T00:00Z,15795.0,,0.0,
0-20000-0-11519,RGLB_D,SUM,2008-06-22T00:00Z,28662.0,,0.0,
0-20000-0-11519,RGLB_D,SUM,2008-06-23T00:00Z,25208.0,,0.0,
0-20000-0-11519,RGLB_D,SUM,2008-06-24T00:00Z,25408.0,,0.0,
0-20000-0-11519,RGLB_D,SUM,2008-06-25T00:00Z,22105.0,,0.0,
0-20000-0-11519,RGLB_D,SUM,2008-06-26T00:00Z,20626.0,,0.0,
0-20000-0-11519,RGLB_D,SUM,2008-06-27T00:00Z,22453.0,,0.0,
0-20000-0-11519,RGLB_D,SUM,2008-06-28T00:00Z,18565.0,,0.0,
0-20000-0-11519,RGLB_D,SUM,2008-06-29T00:00Z,24609.0,,0.0,
0-20000-0-11519,RGLB_D,SUM,2008-06-30T00:00Z,24265.0,,0.0,
0-20000-0-11519,RGLB_D,SUM,2008-07-01T00:00Z,29203.0,,0.0,
0-20000-0-11519,RGLB_D,SUM,2008-07-02T00:00Z,27847.0,,0.0,
0-20000-0-11519,RGLB_D,SUM,2008-07-03T00:00Z,20011.0,,0.0,
0-20000-0-11519,RGLB_D,SUM,2008-07-04T00:00Z,16456.0,,0.0,
0-20000-0-11519,RGLB_D,SUM,2008-07-05T00:00Z,21299.0,,0.0,
0-20000-0-11519,RGLB_D,SUM,2008-07-06T00:00Z,25642.0,,0.0,
0-20000-0-11519,RGLB_D,SUM,2008-07-07T00:00Z,10243.0,,0.0,
0-20000-0-11519,RGLB_D,SUM,2008-07-08T00:00Z,20768.0,,0.0,
0-20000-0-11519,RGLB_D,SUM,2008-07-09T00:00Z,17819.0,,0.0,
0-20000-0-11519,RGLB_D,SUM,2008-07-10T00:00Z,10099.0,,0.0,
0-20000-0-11519,RGLB_D,SUM,2008-07-11T00:00Z,23776.0,,0.0,
0-20000-0-11519,RGLB_D,SUM,2008-07-12T00:00Z,10299.0,,0.0,
0-20000-0-11519,RGLB_D,SUM,2008-07-13T00:00Z,4209.0,,0.0,
0-20000-0-11519,RGLB_D,SUM,2008-07-14T00:00Z,10449.0,,0.0,
0-20000-0-11519,RGLB_D,SUM,2008-07-15T00:00Z,14761.0,,0.0,
0-20000-0-11519,RGLB_D,SUM,2008-07-16T00:00Z,17572.0,,0.0,
0-20000-0-11519,RGLB_D,SUM,2008-07-17T00:00Z,6854.0,,0.0,
0-20000-0-11519,RGLB_D,SUM,2008-07-18T00:00Z,10279.0,,0.0,
0-20000-0-11519,RGLB_D,SUM,2008-07-19T00:00Z,17965.0,,0.0,
0-20000-0-11519,RGLB_D,SUM,2008-07-20T00:00Z,25147.0,,0.0,
0-20000-0-11519,RGLB_D,SUM,2008-07-21T00:00Z,17960.0,,0.0,
0-20000-0-11519,RGLB_D,SUM,2008-07-22T00:00Z,12830.0,,0.0,
0-20000-0-11519,RGLB_D,SUM,2008-07-23T00:00Z,20898.0,,0.0,
0-20000-0-11519,RGLB_D,SUM,2008-07-24T00:00Z,6182.0,,0.0,
0-20000-0-11519,RGLB_D,SUM,2008-07-25T00:00Z,17074.0,,0.0,
0-20000-0-11519,RGLB_D,SUM,2008-07-26T00:00Z,19521.0,,0.0,
0-20000-0-11519,RGLB_D,SUM,2008-07-27T00:00Z,23706.0,,0.0,
0-20000-0-11519,RGLB_D,SUM,2008-07-28T00:00Z,27513.0,,0.0,
0-20000-0-11519,RGLB_D,SUM,2008-07-29T00:00Z,26112.0,,0.0,
0-20000-0-11519,RGLB_D,SUM,2008-07-30T00:00Z,16539.0,,0.0,
0-20000-0-11519,RGLB_D,SUM,2008-07-31T00:00Z,23234.0,,0.0,
0-20000-0-11519,RGLB_D,SUM,2008-08-01T00:00Z,22132.0,,0.0,
0-20000-0-11519,RGLB_D,SUM,2008-08-02T00:00Z,12069.0,,0.0,
0-20000-0-11519,RGLB_D,SUM,2008-08-03T00:00Z,13741.0,,0.0,
0-20000-0-11519,RGLB_D,SUM,2008-08-04T00:00Z,15065.0,,0.0,
0-20000-0-11519,RGLB_D,SUM,2008-08-05T00:00Z,19497.0,,0.0,
0-20000-0-11519,RGLB_D,SUM,2008-08-06T00:00Z,23532.0,,0.0,
0-20000-0-11519,RGLB_D,SUM,2008-08-07T00:00Z,25246.0,,0.0,
0-20000-0-11519,RGLB_D,SUM,2008-08-08T00:00Z,16325.0,,0.0,
0-20000-0-11519,RGLB_D,SUM,2008-08-09T00:00Z,11618.0,,0.0,
0-20000-0-11519,RGLB_D,SUM,2008-08-10T00:00Z,20494.0,,0.0,
0-20000-0-11519,RGLB_D,SUM,2008-08-11T00:00Z,16330.0,,0.0,
0-20000-0-11519,RGLB_D,SUM,2008-08-12T00:00Z,14000.0,,0.0,
0-20000-0-11519,RGLB_D,SUM,2008-08-13T00:00Z,15859.0,,0.0,
0-20000-0-11519,RGLB_D,SUM,2008-08-14T00:00Z,21515.0,,0.0,
0-20000-0-11519,RGLB_D,SUM,2008-08-15T00:00Z,3182.0,,0.0,
0-20000-0-11519,RGLB_D,SUM,2008-08-16T00:00Z,3484.0,,0.0,
0-20000-0-11519,RGLB_D,SUM,2008-08-17T00:00Z,17290.0,,0.0,
0-20000-0-11519,RGLB_D,SUM,2008-08-18T00:00Z,22004.0,,0.0,
0-20000-0-11519,RGLB_D,SUM,2008-08-19T00:00Z,21250.0,,0.0,
0-20000-0-11519,RGLB_D,SUM,2008-08-20T00:00Z,15266.0,,0.0,
0-20000-0-11519,RGLB_D,SUM,2008-08-21T00:00Z,22685.0,,0.0,
0-20000-0-11519,RGLB_D,SUM,2008-08-22T00:00Z,17582.0,,0.0,
0-20000-0-11519,RGLB_D,SUM,2008-08-23T00:00Z,17439.0,,0.0,
0-20000-0-11519,RGLB_D,SUM,2008-08-24T00:00Z,11120.0,,0.0,
0-20000-0-11519,RGLB_D,SUM,2008-08-25T00:00Z,11371.0,,0.0,
0-20000-0-11519,RGLB_D,SUM,2008-08-26T00:00Z,15083.0,,0.0,
0-20000-0-11519,RGLB_D,SUM,2008-08-27T00:00Z,21415.0,,0.0,
0-20000-0-11519,RGLB_D,SUM,2008-08-28T00:00Z,16603.0,,0.0,
0-20000-0-11519,RGLB_D,SUM,2008-08-29T00:00Z,8050.0,,0.0,
0-20000-0-11519,RGLB_D,SUM,2008-08-30T00:00Z,18841.0,,0.0,
0-20000-0-11519,RGLB_D,SUM,2008-08-31T00:00Z,21713.0,,0.0,
0-20000-0-11519,RGLB_D,SUM,2008-09-01T00:00Z,13407.0,,0.0,
0-20000-0-11519,RGLB_D,SUM,2008-09-02T00:00Z,18800.0,,0.0,
0-20000-0-11519,RGLB_D,SUM,2008-09-03T00:00Z,17155.0,,0.0,
0-20000-0-11519,RGLB_D,SUM,2008-09-04T00:00Z,12321.0,,0.0,
0-20000-0-11519,RGLB_D,SUM,2008-09-05T00:00Z,13802.0,,0.0,
0-20000-0-11519,RGLB_D,SUM,2008-09-06T00:00Z,17751.0,,0.0,
0-20000-0-11519,RGLB_D,SUM,2008-09-07T00:00Z,7610.0,,0.0,
0-20000-0-11519,RGLB_D,SUM,2008-09-08T00:00Z,17109.0,,0.0,
0-20000-0-11519,RGLB_D,SUM,2008-09-09T00:00Z,19684.0,,0.0,
0-20000-0-11519,RGLB_D,SUM,2008-09-10T00:00Z,14521.0,,0.0,
0-20000-0-11519,RGLB_D,SUM,2008-09-11T00:00Z,15980.0,,0.0,
0-20000-0-11519,RGLB_D,SUM,2008-09-12T00:00Z,13054.0,,0.0,
0-20000-0-11519,RGLB_D,SUM,2008-09-13T00:00Z,19268.0,,0.0,
0-20000-0-11519,RGLB_D,SUM,2008-09-14T00:00Z,10976.0,,0.0,
0-20000-0-11519,RGLB_D,SUM,2008-09-15T00:00Z,2335.0,,0.0,
0-20000-0-11519,RGLB_D,SUM,2008-09-16T00:00Z,4319.0,,0.0,
0-20000-0-11519,RGLB_D,SUM,2008-09-17T00:00Z,4997.0,,0.0,
0-20000-0-11519,RGLB_D,SUM,2008-09-18T00:00Z,13960.0,,0.0,
0-20000-0-11519,RGLB_D,SUM,2008-09-19T00:00Z,8398.0,,0.0,
0-20000-0-11519,RGLB_D,SUM,2008-09-20T00:00Z,4376.0,,0.0,
0-20000-0-11519,RGLB_D,SUM,2008-09-21T00:00Z,6318.0,,0.0,
0-20000-0-11519,RGLB_D,SUM,2008-09-22T00:00Z,6717.0,,0.0,
0-20000-0-11519,RGLB_D,SUM,2008-09-23T00:00Z,13461.0,,0.0,
0-20000-0-11519,RGLB_D,SUM,2008-09-24T00:00Z,1857.0,,0.0,
0-20000-0-11519,RGLB_D,SUM,2008-09-25T00:00Z,4649.0,,0.0,
0-20000-0-11519,RGLB_D,SUM,2008-09-26T00:00Z,13475.0,,0.0,
0-20000-0-11519,RGLB_D,SUM,2008-09-27T00:00Z,12655.0,,0.0,
0-20000-0-11519,RGLB_D,SUM,2008-09-28T00:00Z,14872.0,,0.0,
0-20000-0-11519,RGLB_D,SUM,2008-09-29T00:00Z,9834.0,,0.0,
0-20000-0-11519,RGLB_D,SUM,2008-09-30T00:00Z,7229.0,,0.0,
0-20000-0-11519,RGLB_D,SUM,2008-10-01T00:00Z,5134.0,,0.0,
0-20000-0-11519,RGLB_D,SUM,2008-10-02T00:00Z,7554.0,,0.0,
0-20000-0-11519,RGLB_D,SUM,2008-10-03T00:00Z,3863.0,,0.0,
0-20000-0-11519,RGLB_D,SUM,2008-10-04T00:00Z,8344.0,,0.0,
0-20000-0-11519,RGLB_D,SUM,2008-10-05T00:00Z,13904.0,,0.0,
0-20000-0-11519,RGLB_D,SUM,2008-10-06T00:00Z,2883.0,,0.0,
0-20000-0-11519,RGLB_D,SUM,2008-10-07T00:00Z,4368.0,,0.0,
0-20000-0-11519,RGLB_D,SUM,2008-10-08T00:00Z,8069.0,,0.0,
0-20000-0-11519,RGLB_D,SUM,2008-10-09T00:00Z,8920.0,,0.0,
0-20000-0-11519,RGLB_D,SUM,2008-10-10T00:00Z,5918.0,,0.0,
0-20000-0-11519,RGLB_D,SUM,2008-10-11T00:00Z,6787.0,,0.0,
0-20000-0-11519,RGLB_D,SUM,2008-10-12T00:00Z,9293.0,,0.0,
0-20000-0-11519,RGLB_D,SUM,2008-10-13T00:00Z,9137.0,,0.0,
0-20000-0-11519,RGLB_D,SUM,2008-10-14T00:00Z,6583.0,,0.0,
0-20000-0-11519,RGLB_D,SUM,2008-10-15T00:00Z,5183.0,,0.0,
0-20000-0-11519,RGLB_D,SUM,2008-10-16T00:00Z,2375.0,,0.0,
0-20000-0-11519,RGLB_D,SUM,2008-10-17T00:00Z,8848.0,,0.0,
0-20000-0-11519,RGLB_D,SUM,2008-10-18T00:00Z,10823.0,,0.0,
0-20000-0-11519,RGLB_D,SUM,2008-10-19T00:00Z,9393.0,,0.0,
0-20000-0-11519,RGLB_D,SUM,2008-10-20T00:00Z,10108.0,,0.0,
0-20000-0-11519,RGLB_D,SUM,2008-10-21T00:00Z,9809.0,,0.0,
0-20000-0-11519,RGLB_D,SUM,2008-10-22T00:00Z,1905.0,,0.0,
0-20000-0-11519,RGLB_D,SUM,2008-10-23T00:00Z,9189.0,,0.0,
0-20000-0-11519,RGLB_D,SUM,2008-10-24T00:00Z,6443.0,,0.0,
0-20000-0-11519,RGLB_D,SUM,2008-10-25T00:00Z,8284.0,,0.0,
0-20000-0-11519,RGLB_D,SUM,2008-10-26T00:00Z,7703.0,,0.0,
0-20000-0-11519,RGLB_D,SUM,2008-10-27T00:00Z,2293.0,,0.0,
0-20000-0-11519,RGLB_D,SUM,2008-10-28T00:00Z,1374.0,,0.0,
0-20000-0-11519,RGLB_D,SUM,2008-10-29T00:00Z,585.0,,0.0,
0-20000-0-11519,RGLB_D,SUM,2008-10-30T00:00Z,2093.0,,0.0,
0-20000-0-11519,RGLB_D,SUM,2008-10-31T00:00Z,6552.0,,0.0,
0-20000-0-11519,RGLB_D,SUM,2008-11-01T00:00Z,5597.0,,0.0,
0-20000-0-11519,RGLB_D,SUM,2008-11-02T00:00Z,2467.0,,0.0,
0-20000-0-11519,RGLB_D,SUM,2008-11-03T00:00Z,2359.0,,0.0,
0-20000-0-11519,RGLB_D,SUM,2008-11-04T00:00Z,2006.0,,0.0,
0-20000-0-11519,RGLB_D,SUM,2008-11-05T00:00Z,5473.0,,0.0,
0-20000-0-11519,RGLB_D,SUM,2008-11-06T00:00Z,2211.0,,0.0,
0-20000-0-11519,RGLB_D,SUM,2008-11-07T00:00Z,997.0,,0.0,
0-20000-0-11519,RGLB_D,SUM,2008-11-08T00:00Z,1731.0,,0.0,
0-20000-0-11519,RGLB_D,SUM,2008-11-09T00:00Z,6650.0,,0.0,
0-20000-0-11519,RGLB_D,SUM,2008-11-10T00:00Z,4560.0,,0.0,
0-20000-0-11519,RGLB_D,SUM,2008-11-11T00:00Z,4432.0,,0.0,
0-20000-0-11519,RGLB_D,SUM,2008-11-12T00:00Z,2007.0,,0.0,
0-20000-0-11519,RGLB_D,SUM,2008-11-13T00:00Z,3281.0,,0.0,
0-20000-0-11519,RGLB_D,SUM,2008-11-14T00:00Z,3733.0,,0.0,
0-20000-0-11519,RGLB_D,SUM,2008-11-15T00:00Z,5890.0,,0.0,
0-20000-0-11519,RGLB_D,SUM,2008-11-16T00:00Z,1026.0,,0.0,
0-20000-0-11519,RGLB_D,SUM,2008-11-17T00:00Z,3177.0,,0.0,
0-20000-0-11519,RGLB_D,SUM,2008-11-18T00:00Z,4271.0,,0.0,
0-20000-0-11519,RGLB_D,SUM,2008-11-19T00:00Z,2298.0,,0.0,
0-20000-0-11519,RGLB_D,SUM,2008-11-20T00:00Z,1956.0,,0.0,
0-20000-0-11519,RGLB_D,SUM,2008-11-21T00:00Z,1549.0,,0.0,
0-20000-0-11519,RGLB_D,SUM,2008-11-22T00:00Z,3235.0,,0.0,
0-20000-0-11519,RGLB_D,SUM,2008-11-23T00:00Z,2606.0,,0.0,
0-20000-0-11519,RGLB_D,SUM,2008-11-24T00:00Z,2368.0,,0.0,
0-20000-0-11519,RGLB_D,SUM,2008-11-25T00:00Z,3118.0,,0.0,
0-20000-0-11519,RGLB_D,SUM,2008-11-26T00:00Z,2612.0,,0.0,
0-20000-0-11519,RGLB_D,SUM,2008-11-27T00:00Z,4066.0,,0.0,
0-20000-0-11519,RGLB_D,SUM,2008-11-28T00:00Z,2811.0,,0.0,
0-20000-0-11519,RGLB_D,SUM,2008-11-29T00:00Z,1011.0,,0.0,
0-20000-0-11519,RGLB_D,SUM,2008-11-30T00:00Z,2195.0,,0.0,
0-20000-0-11519,RGLB_D,SUM,2008-12-01T00:00Z,1727.0,,0.0,
0-20000-0-11519,RGLB_D,SUM,2008-12-02T00:00Z,2471.0,,0.0,
0-20000-0-11519,RGLB_D,SUM,2008-12-03T00:00Z,4966.0,,0.0,
0-20000-0-11519,RGLB_D,SUM,2008-12-04T00:00Z,3734.0,,0.0,
0-20000-0-11519,RGLB_D,SUM,2008-12-05T00:00Z,2515.0,,0.0,
0-20000-0-11519,RGLB_D,SUM,2008-12-06T00:00Z,1944.0,,0.0,
0-20000-0-11519,RGLB_D,SUM,2008-12-07T00:00Z,1088.0,,0.0,
0-20000-0-11519,RGLB_D,SUM,2008-12-08T00:00Z,1979.0,,0.0,
0-20000-0-11519,RGLB_D,SUM,2008-12-09T00:00Z,4510.0,,0.0,
0-20000-0-11519,RGLB_D,SUM,2008-12-10T00:00Z,1300.0,,0.0,
0-20000-0-11519,RGLB_D,SUM,2008-12-11T00:00Z,522.0,,0.0,
0-20000-0-11519,RGLB_D,SUM,2008-12-12T00:00Z,723.0,,0.0,
0-20000-0-11519,RGLB_D,SUM,2008-12-13T00:00Z,2135.0,,0.0,
0-20000-0-11519,RGLB_D,SUM,2008-12-14T00:00Z,533.0,,0.0,
0-20000-0-11519,RGLB_D,SUM,2008-12-15T00:00Z,2073.0,,0.0,
0-20000-0-11519,RGLB_D,SUM,2008-12-16T00:00Z,377.0,,0.0,
0-20000-0-11519,RGLB_D,SUM,2008-12-17T00:00Z,430.0,,0.0,
0-20000-0-11519,RGLB_D,SUM,2008-12-18T00:00Z,335.0,,0.0,
0-20000-0-11519,RGLB_D,SUM,2008-12-19T00:00Z,710.0,,0.0,
0-20000-0-11519,RGLB_D,SUM,2008-12-20T00:00Z,762.0,,0.0,
0-20000-0-11519,RGLB_D,SUM,2008-12-21T00:00Z,2312.0,,0.0,
0-20000-0-11519,RGLB_D,SUM,2008-12-22T00:00Z,1054.0,,0.0,
0-20000-0-11519,RGLB_D,SUM,2008-12-23T00:00Z,1256.0,,0.0,
0-20000-0-11519,RGLB_D,SUM,2008-12-24T00:00Z,801.0,,0.0,
0-20000-0-11519,RGLB_D,SUM,2008-12-25T00:00Z,1983.0,,0.0,
0-20000-0-11519,RGLB_D,SUM,2008-12-26T00:00Z,1963.0,,0.0,
0-20000-0-11519,RGLB_D,SUM,2008-12-27T00:00Z,1083.0,,0.0,
0-20000-0-11519,RGLB_D,SUM,2008-12-28T00:00Z,3971.0,,0.0,
0-20000-0-11519,RGLB_D,SUM,2008-12-29T00:00Z,4060.0,,0.0,
0-20000-0-11519,RGLB_D,SUM,2008-12-30T00:00Z,4222.0,,0.0,
0-20000-0-11519,RGLB_D,SUM,2008-12-31T00:00Z,1587.0,,0.0,
0-20000-0-11519,RGLB_D,SUM,2009-01-01T00:00Z,792.0,,0.0,
0-20000-0-11519,RGLB_D,SUM,2009-01-02T00:00Z,1644.0,,0.0,
0-20000-0-11519,RGLB_D,SUM,2009-01-03T00:00Z,4686.0,,0.0,
0-20000-0-11519,RGLB_D,SUM,2009-01-04T00:00Z,1842.0,,0.0,
0-20000-0-11519,RGLB_D,SUM,2009-01-05T00:00Z,1375.0,,0.0,
0-20000-0-11519,RGLB_D,SUM,2009-01-06T00:00Z,1558.0,,0.0,
0-20000-0-11519,RGLB_D,SUM,2009-01-07T00:00Z,2759.0,,0.0,
0-20000-0-11519,RGLB_D,SUM,2009-01-08T00:00Z,1966.0,,0.0,
0-20000-0-11519,RGLB_D,SUM,2009-01-09T00:00Z,2008.0,,0.0,
0-20000-0-11519,RGLB_D,SUM,2009-01-10T00:00Z,2151.0,,0.0,
0-20000-0-11519,RGLB_D,SUM,2009-01-11T00:00Z,1229.0,,0.0,
0-20000-0-11519,RGLB_D,SUM,2009-01-12T00:00Z,2149.0,,0.0,
0-20000-0-11519,RGLB_D,SUM,2009-01-13T00:00Z,3348.0,,0.0,
0-20000-0-11519,RGLB_D,SUM,2009-01-14T00:00Z,1369.0,,0.0,
0-20000-0-11519,RGLB_D,SUM,2009-01-15T00:00Z,1011.0,,0.0,
0-20000-0-11519,RGLB_D,SUM,2009-01-16T00:00Z,1897.0,,0.0,
0-20000-0-11519,RGLB_D,SUM,2009-01-17T00:00Z,2445.0,,0.0,
0-20000-0-11519,RGLB_D,SUM,2009-01-18T00:00Z,3533.0,,0.0,
0-20000-0-11519,RGLB_D,SUM,2009-01-19T00:00Z,4333.0,,0.0,
0-20000-0-11519,RGLB_D,SUM,2009-01-20T00:00Z,966.0,,0.0,
0-20000-0-11519,RGLB_D,SUM,2009-01-21T00:00Z,529.0,,0.0,
0-20000-0-11519,RGLB_D,SUM,2009-01-22T00:00Z,5848.0,,0.0,
0-20000-0-11519,RGLB_D,SUM,2009-01-23T00:00Z,1557.0,,0.0,
0-20000-0-11519,RGLB_D,SUM,2009-01-24T00:00Z,4562.0,,0.0,
0-20000-0-11519,RGLB_D,SUM,2009-01-25T00:00Z,2328.0,,0.0,
0-20000-0-11519,RGLB_D,SUM,2009-01-26T00:00Z,5463.0,,0.0,
0-20000-0-11519,RGLB_D,SUM,2009-01-27T00:00Z,1691.0,,0.0,
0-20000-0-11519,RGLB_D,SUM,2009-01-28T00:00Z,2087.0,,0.0,
0-20000-0-11519,RGLB_D,SUM,2009-01-29T00:00Z,6067.0,,0.0,
0-20000-0-11519,RGLB_D,SUM,2009-01-30T00:00Z,622.0,,0.0,
0-20000-0-11519,RGLB_D,SUM,2009-01-31T00:00Z,2346.0,,0.0,
0-20000-0-11519,RGLB_D,SUM,2009-02-01T00:00Z,4903.0,,0.0,
0-20000-0-11519,RGLB_D,SUM,2009-02-02T00:00Z,958.0,,0.0,
0-20000-0-11519,RGLB_D,SUM,2009-02-03T00:00Z,1230.0,,0.0,
0-20000-0-11519,RGLB_D,SUM,2009-02-04T00:00Z,888.0,,0.0,
0-20000-0-11519,RGLB_D,SUM,2009-02-05T00:00Z,1334.0,,0.0,
0-20000-0-11519,RGLB_D,SUM,2009-02-06T00:00Z,1547.0,,0.0,
0-20000-0-11519,RGLB_D,SUM,2009-02-07T00:00Z,1986.0,,0.0,
0-20000-0-11519,RGLB_D,SUM,2009-02-08T00:00Z,1521.0,,0.0,
0-20000-0-11519,RGLB_D,SUM,2009-02-09T00:00Z,7474.0,,0.0,
0-20000-0-11519,RGLB_D,SUM,2009-02-10T00:00Z,4106.0,,0.0,
0-20000-0-11519,RGLB_D,SUM,2009-02-11T00:00Z,2830.0,,0.0,
0-20000-0-11519,RGLB_D,SUM,2009-02-12T00:00Z,6030.0,,0.0,
0-20000-0-11519,RGLB_D,SUM,2009-02-13T00:00Z,4704.0,,0.0,
0-20000-0-11519,RGLB_D,SUM,2009-02-14T00:00Z,6286.0,,0.0,
0-20000-0-11519,RGLB_D,SUM,2009-02-15T00:00Z,4845.0,,0.0,
0-20000-0-11519,RGLB_D,SUM,2009-02-16T00:00Z,2404.0,,0.0,
0-20000-0-11519,RGLB_D,SUM,2009-02-17T00:00Z,4489.0,,0.0,
0-20000-0-11519,RGLB_D,SUM,2009-02-18T00:00Z,4052.0,,0.0,
0-20000-0-11519,RGLB_D,SUM,2009-02-19T00:00Z,5074.0,,0.0,
0-20000-0-11519,RGLB_D,SUM,2009-02-20T00:00Z,2434.0,,0.0,
0-20000-0-11519,RGLB_D,SUM,2009-02-21T00:00Z,2265.0,,0.0,
0-20000-0-11519,RGLB_D,SUM,2009-02-22T00:00Z,2415.0,,0.0,
0-20000-0-11519,RGLB_D,SUM,2009-02-23T00:00Z,2726.0,,0.0,
0-20000-0-11519,RGLB_D,SUM,2009-02-24T00:00Z,1726.0,,0.0,
0-20000-0-11519,RGLB_D,SUM,2009-02-25T00:00Z,9606.0,,0.0,
0-20000-0-11519,RGLB_D,SUM,2009-02-26T00:00Z,2951.0,,0.0,
0-20000-0-11519,RGLB_D,SUM,2009-02-27T00:00Z,6410.0,,0.0,
0-20000-0-11519,RGLB_D,SUM,2009-02-28T00:00Z,2797.0,,0.0,
0-20000-0-11519,RGLB_D,SUM,2009-03-01T00:00Z,2610.0,,0.0,
0-20000-0-11519,RGLB_D,SUM,2009-03-02T00:00Z,4923.0,,0.0,
0-20000-0-11519,RGLB_D,SUM,2009-03-03T00:00Z,2059.0,,0.0,
0-20000-0-11519,RGLB_D,SUM,2009-03-04T00:00Z,2736.0,,0.0,
0-20000-0-11519,RGLB_D,SUM,2009-03-05T00:00Z,4368.0,,0.0,
0-20000-0-11519,RGLB_D,SUM,2009-03-06T00:00Z,4005.0,,0.0,
0-20000-0-11519,RGLB_D,SUM,2009-03-07T00:00Z,1979.0,,0.0,
0-20000-0-11519,RGLB_D,SUM,2009-03-08T00:00Z,5625.0,,0.0,
0-20000-0-11519,RGLB_D,SUM,2009-03-09T00:00Z,7016.0,,0.0,
0-20000-0-11519,RGLB_D,SUM,2009-03-10T00:00Z,7195.0,,0.0,
0-20000-0-11519,RGLB_D,SUM,2009-03-11T00:00Z,6830.0,,0.0,
0-20000-0-11519,RGLB_D,SUM,2009-03-12T00:00Z,7096.0,,0.0,
0-20000-0-11519,RGLB_D,SUM,2009-03-13T00:00Z,4356.0,,0.0,
0-20000-0-11519,RGLB_D,SUM,2009-03-14T00:00Z,10743.0,,0.0,
0-20000-0-11519,RGLB_D,SUM,2009-03-15T00:00Z,4969.0,,0.0,
0-20000-0-11519,RGLB_D,SUM,2009-03-16T00:00Z,7096.0,,0.0,
0-20000-0-11519,RGLB_D,SUM,2009-03-17T00:00Z,5244.0,,0.0,
0-20000-0-11519,RGLB_D,SUM,2009-03-18T00:00Z,13514.0,,0.0,
0-20000-0-11519,RGLB_D,SUM,2009-03-19T00:00Z,8717.0,,0.0,
0-20000-0-11519,RGLB_D,SUM,2009-03-20T00:00Z,8959.0,,0.0,
0-20000-0-11519,RGLB_D,SUM,2009-03-21T00:00Z,14308.0,,0.0,
0-20000-0-11519,RGLB_D,SUM,2009-03-22T00:00Z,4198.0,,0.0,
0-20000-0-11519,RGLB_D,SUM,2009-03-23T00:00Z,3942.0,,0.0,
0-20000-0-11519,RGLB_D,SUM,2009-03-24T00:00Z,9741.0,,0.0,
0-20000-0-11519,RGLB_D,SUM,2009-03-25T00:00Z,12919.0,,0.0,
0-20000-0-11519,RGLB_D,SUM,2009-03-26T00:00Z,5697.0,,0.0,
0-20000-0-11519,RGLB_D,SUM,2009-03-27T00:00Z,8470.0,,0.0,
0-20000-0-11519,RGLB_D,SUM,2009-03-28T00:00Z,9208.0,,0.0,
0-20000-0-11519,RGLB_D,SUM,2009-03-29T00:00Z,5234.0,,0.0,
0-20000-0-11519,RGLB_D,SUM,2009-03-30T00:00Z,7254.0,,0.0,
0-20000-0-11519,RGLB_D,SUM,2009-03-31T00:00Z,18816.0,,0.0,
0-20000-0-11519,RGLB_D,SUM,2009-04-01T00:00Z,4062.0,,0.0,
0-20000-0-11519,RGLB_D,SUM,2009-04-02T00:00Z,18730.0,,0.0,
0-20000-0-11519,RGLB_D,SUM,2009-04-03T00:00Z,18826.0,,0.0,
0-20000-0-11519,RGLB_D,SUM,2009-04-04T00:00Z,16473.0,,0.0,
0-20000-0-11519,RGLB_D,SUM,2009-04-05T00:00Z,13096.0,,0.0,
0-20000-0-11519,RGLB_D,SUM,2009-04-06T00:00Z,16507.0,,0.0,
0-20000-0-11519,RGLB_D,SUM,2009-04-07T00:00Z,18124.0,,0.0,
0-20000-0-11519,RGLB_D,SUM,2009-04-08T00:00Z,14123.0,,0.0,
0-20000-0-11519,RGLB_D,SUM,2009-04-09T00:00Z,19061.0,,0.0,
0-20000-0-11519,RGLB_D,SUM,2009-04-10T00:00Z,18783.0,,0.0,
0-20000-0-11519,RGLB_D,SUM,2009-04-11T00:00Z,20412.0,,0.0,
0-20000-0-11519,RGLB_D,SUM,2009-04-12T00:00Z,20503.0,,0.0,
0-20000-0-11519,RGLB_D,SUM,2009-04-13T00:00Z,21109.0,,0.0,
0-20000-0-11519,RGLB_D,SUM,2009-04-14T00:00Z,20530.0,,0.0,
0-20000-0-11519,RGLB_D,SUM,2009-04-15T00:00Z,21415.0,,0.0,
0-20000-0-11519,RGLB_D,SUM,2009-04-16T00:00Z,20533.0,,0.0,
0-20000-0-11519,RGLB_D,SUM,2009-04-17T00:00Z,5764.0,,0.0,
0-20000-0-11519,RGLB_D,SUM,2009-04-18T00:00Z,5199.0,,0.0,
0-20000-0-11519,RGLB_D,SUM,2009-04-19T00:00Z,20764.0,,0.0,
0-20000-0-11519,RGLB_D,SUM,2009-04-20T00:00Z,20835.0,,0.0,
0-20000-0-11519,RGLB_D,SUM,2009-04-21T00:00Z,23413.0,,0.0,
0-20000-0-11519,RGLB_D,SUM,2009-04-22T00:00Z,18518.0,,0.0,
0-20000-0-11519,RGLB_D,SUM,2009-04-23T00:00Z,8288.0,,0.0,
0-20000-0-11519,RGLB_D,SUM,2009-04-24T00:00Z,22284.0,,0.0,
0-20000-0-11519,RGLB_D,SUM,2009-04-25T00:00Z,23273.0,,0.0,
0-20000-0-11519,RGLB_D,SUM,2009-04-26T00:00Z,19531.0,,0.0,
0-20000-0-11519,RGLB_D,SUM,2009-04-27T00:00Z,23055.0,,0.0,
0-20000-0-11519,RGLB_D,SUM,2009-04-28T00:00Z,22056.0,,0.0,
0-20000-0-11519,RGLB_D,SUM,2009-04-29T00:00Z,8661.0,,0.0,
0-20000-0-11519,RGLB_D,SUM,2009-04-30T00:00Z,20503.0,,0.0,
0-20000-0-11519,RGLB_D,SUM,2009-05-01T00:00Z,18467.0,,0.0,
0-20000-0-11519,RGLB_D,SUM,2009-05-02T00:00Z,25184.0,,0.0,
0-20000-0-11519,RGLB_D,SUM,2009-05-03T00:00Z,24624.0,,0.0,
0-20000-0-11519,RGLB_D,SUM,2009-05-04T00:00Z,6521.0,,0.0,
0-20000-0-11519,RGLB_D,SUM,2009-05-05T00:00Z,13554.0,,0.0,
0-20000-0-11519,RGLB_D,SUM,2009-05-06T00:00Z,7437.0,,0.0,
0-20000-0-11519,RGLB_D,SUM,2009-05-07T00:00Z,16548.0,,0.0,
0-20000-0-11519,RGLB_D,SUM,2009-05-08T00:00Z,20308.0,,0.0,
0-20000-0-11519,RGLB_D,SUM,2009-05-09T00:00Z,21777.0,,0.0,
0-20000-0-11519,RGLB_D,SUM,2009-05-10T00:00Z,21234.0,,0.0,
0-20000-0-11519,RGLB_D,SUM,2009-05-11T00:00Z,6366.0,,0.0,
0-20000-0-11519,RGLB_D,SUM,2009-05-12T00:00Z,20505.0,,0.0,
0-20000-0-11519,RGLB_D,SUM,2009-05-13T00:00Z,20899.0,,0.0,
0-20000-0-11519,RGLB_D,SUM,2009-05-14T00:00Z,12291.0,,0.0,
0-20000-0-11519,RGLB_D,SUM,2009-05-15T00:00Z,6481.0,,0.0,
0-20000-0-11519,RGLB_D,SUM,2009-05-16T00:00Z,17096.0,,0.0,
0-20000-0-11519,RGLB_D,SUM,2009-05-17T00:00Z,27008.0,,0.0,
0-20000-0-11519,RGLB_D,SUM,2009-05-18T00:00Z,15259.0,,0.0,
0-20000-0-11519,RGLB_D,SUM,2009-05-19T00:00Z,18990.0,,0.0,
0-20000-0-11519,RGLB_D,SUM,2009-05-20T00:00Z,23705.0,,0.0,
0-20000-0-11519,RGLB_D,SUM,2009-05-21T00:00Z,18192.0,,0.0,
0-20000-0-11519,RGLB_D,SUM,2009-05-22T00:00Z,12711.0,,0.0,
0-20000-0-11519,RGLB_D,SUM,2009-05-23T00:00Z,22758.0,,0.0,
0-20000-0-11519,RGLB_D,SUM,2009-05-24T00:00Z,25690.0,,0.0,
0-20000-0-11519,RGLB_D,SUM,2009-05-25T00:00Z,27179.0,,0.0,
0-20000-0-11519,RGLB_D,SUM,2009-05-26T00:00Z,23826.0,,0.0,
0-20000-0-11519,RGLB_D,SUM,2009-05-27T00:00Z,20438.0,,0.0,
0-20000-0-11519,RGLB_D,SUM,2009-05-28T00:00Z,10372.0,,0.0,
0-20000-0-11519,RGLB_D,SUM,2009-05-29T00:00Z,8110.0,,0.0,
0-20000-0-11519,RGLB_D,SUM,2009-05-30T00:00Z,5064.0,,0.0,
0-20000-0-11519,RGLB_D,SUM,2009-05-31T00:00Z,9973.0,,0.0,
0-20000-0-11519,RGLB_D,SUM,2009-06-01T00:00Z,19550.0,,0.0,
0-20000-0-11519,RGLB_D,SUM,2009-06-02T00:00Z,17096.0,,0.0,
0-20000-0-11519,RGLB_D,SUM,2009-06-03T00:00Z,22280.0,,0.0,
0-20000-0-11519,RGLB_D,SUM,2009-06-04T00:00Z,18499.0,,0.0,
0-20000-0-11519,RGLB_D,SUM,2009-06-05T00:00Z,14130.0,,0.0,
0-20000-0-11519,RGLB_D,SUM,2009-06-06T00:00Z,9362.0,,0.0,
0-20000-0-11519,RGLB_D,SUM,2009-06-07T00:00Z,20381.0,,0.0,
0-20000-0-11519,RGLB_D,SUM,2009-06-08T00:00Z,14781.0,,0.0,
0-20000-0-11519,RGLB_D,SUM,2009-06-09T00:00Z,17109.0,,0.0,
0-20000-0-11519,RGLB_D,SUM,2009-06-10T00:00Z,21181.0,,0.0,
0-20000-0-11519,RGLB_D,SUM,2009-06-11T00:00Z,14595.0,,0.0,
0-20000-0-11519,RGLB_D,SUM,2009-06-12T00:00Z,17981.0,,0.0,
0-20000-0-11519,RGLB_D,SUM,2009-06-13T00:00Z,30276.0,,0.0,
0-20000-0-11519,RGLB_D,SUM,2009-06-14T00:00Z,27842.0,,0.0,
0-20000-0-11519,RGLB_D,SUM,2009-06-15T00:00Z,20182.0,,0.0,
0-20000-0-11519,RGLB_D,SUM,2009-06-16T00:00Z,18834.0,,0.0,
0-20000-0-11519,RGLB_D,SUM,2009-06-17T00:00Z,25305.0,,0.0,
0-20000-0-11519,RGLB_D,SUM,2009-06-18T00:00Z,23141.0,,0.0,
0-20000-0-11519,RGLB_D,SUM,2009-06-19T00:00Z,7594.0,,0.0,
0-20000-0-11519,RGLB_D,SUM,2009-06-20T00:00Z,14476.0,,0.0,
0-20000-0-11519,RGLB_D,SUM,2009-06-21T00:00Z,20433.0,,0.0,
0-20000-0-11519,RGLB_D,SUM,2009-06-22T00:00Z,9866.0,,0.0,
0-20000-0-11519,RGLB_D,SUM,2009-06-23T00:00Z,3879.0,,0.0,
0-20000-0-11519,RGLB_D,SUM,2009-06-24T00:00Z,4652.0,,0.0,
0-20000-0-11519,RGLB_D,SUM,2009-06-25T00:00Z,12911.0,,0.0,
0-20000-0-11519,RGLB_D,SUM,2009-06-26T00:00Z,13282.0,,0.0,
0-20000-0-11519,RGLB_D,SUM,2009-06-27T00:00Z,14916.0,,0.0,
0-20000-0-11519,RGLB_D,SUM,2009-06-28T00:00Z,8836.0,,0.0,
0-20000-0-11519,RGLB_D,SUM,2009-06-29T00:00Z,17734.0,,0.0,
0-20000-0-11519,RGLB_D,SUM,2009-06-30T00:00Z,18096.0,,0.0,
0-20000-0-11519,RGLB_D,SUM,2009-07-01T00:00Z,19733.0,,0.0,
0-20000-0-11519,RGLB_D,SUM,2009-07-02T00:00Z,16694.0,,0.0,
0-20000-0-11519,RGLB_D,SUM,2009-07-03T00:00Z,16191.0,,0.0,
0-20000-0-11519,RGLB_D,SUM,2009-07-04T00:00Z,20750.0,,0.0,
0-20000-0-11519,RGLB_D,SUM,2009-07-05T00:00Z,22419.0,,0.0,
0-20000-0-11519,RGLB_D,SUM,2009-07-06T00:00Z,15535.0,,0.0,
0-20000-0-11519,RGLB_D,SUM,2009-07-07T00:00Z,21373.0,,0.0,
0-20000-0-11519,RGLB_D,SUM,2009-07-08T00:00Z,19405.0,,0.0,
0-20000-0-11519,RGLB_D,SUM,2009-07-09T00:00Z,16469.0,,0.0,
0-20000-0-11519,RGLB_D,SUM,2009-07-10T00:00Z,21989.0,,0.0,
0-20000-0-11519,RGLB_D,SUM,2009-07-11T00:00Z,11714.0,,0.0,
0-20000-0-11519,RGLB_D,SUM,2009-07-12T00:00Z,18064.0,,0.0,
0-20000-0-11519,RGLB_D,SUM,2009-07-13T00:00Z,21450.0,,0.0,
0-20000-0-11519,RGLB_D,SUM,2009-07-14T00:00Z,16339.0,,0.0,
0-20000-0-11519,RGLB_D,SUM,2009-07-15T00:00Z,13681.0,,0.0,
0-20000-0-11519,RGLB_D,SUM,2009-07-16T00:00Z,20647.0,,0.0,
0-20000-0-11519,RGLB_D,SUM,2009-07-17T00:00Z,22634.0,,0.0,
0-20000-0-11519,RGLB_D,SUM,2009-07-18T00:00Z,4235.0,,0.0,
0-20000-0-11519,RGLB_D,SUM,2009-07-19T00:00Z,19612.0,,0.0,
0-20000-0-11519,RGLB_D,SUM,2009-07-20T00:00Z,18943.0,,0.0,
0-20000-0-11519,RGLB_D,SUM,2009-07-21T00:00Z,17593.0,,0.0,
0-20000-0-11519,RGLB_D,SUM,2009-07-22T00:00Z,18380.0,,0.0,
0-20000-0-11519,RGLB_D,SUM,2009-07-23T00:00Z,19450.0,,0.0,
0-20000-0-11519,RGLB_D,SUM,2009-07-24T00:00Z,22978.0,,0.0,
0-20000-0-11519,RGLB_D,SUM,2009-07-25T00:00Z,15549.0,,0.0,
0-20000-0-11519,RGLB_D,SUM,2009-07-26T00:00Z,24767.0,,0.0,
0-20000-0-11519,RGLB_D,SUM,2009-07-27T00:00Z,26791.0,,0.0,
0-20000-0-11519,RGLB_D,SUM,2009-07-28T00:00Z,11506.0,,0.0,
0-20000-0-11519,RGLB_D,SUM,2009-07-29T00:00Z,25017.0,,0.0,
0-20000-0-11519,RGLB_D,SUM,2009-07-30T00:00Z,21778.0,,0.0,
0-20000-0-11519,RGLB_D,SUM,2009-07-31T00:00Z,19427.0,,0.0,
0-20000-0-11519,RGLB_D,SUM,2009-08-01T00:00Z,26123.0,,0.0,
0-20000-0-11519,RGLB_D,SUM,2009-08-02T00:00Z,21152.0,,0.0,
0-20000-0-11519,RGLB_D,SUM,2009-08-03T00:00Z,13779.0,,0.0,
0-20000-0-11519,RGLB_D,SUM,2009-08-04T00:00Z,12976.0,,0.0,
0-20000-0-11519,RGLB_D,SUM,2009-08-05T00:00Z,16967.0,,0.0,
0-20000-0-11519,RGLB_D,SUM,2009-08-06T00:00Z,21299.0,,0.0,
0-20000-0-11519,RGLB_D,SUM,2009-08-07T00:00Z,22520.0,,0.0,
0-20000-0-11519,RGLB_D,SUM,2009-08-08T00:00Z,24058.0,,0.0,
0-20000-0-11519,RGLB_D,SUM,2009-08-09T00:00Z,20560.0,,0.0,
0-20000-0-11519,RGLB_D,SUM,2009-08-10T00:00Z,20070.0,,0.0,
0-20000-0-11519,RGLB_D,SUM,2009-08-11T00:00Z,14338.0,,0.0,
0-20000-0-11519,RGLB_D,SUM,2009-08-12T00:00Z,10109.0,,0.0,
0-20000-0-11519,RGLB_D,SUM,2009-08-13T00:00Z,15831.0,,0.0,
0-20000-0-11519,RGLB_D,SUM,2009-08-14T00:00Z,18108.0,,0.0,
0-20000-0-11519,RGLB_D,SUM,2009-08-15T00:00Z,23315.0,,0.0,
0-20000-0-11519,RGLB_D,SUM,2009-08-16T00:00Z,22780.0,,0.0,
0-20000-0-11519,RGLB_D,SUM,2009-08-17T00:00Z,19506.0,,0.0,
0-20000-0-11519,RGLB_D,SUM,2009-08-18T00:00Z,15128.0,,0.0,
0-20000-0-11519,RGLB_D,SUM,2009-08-19T00:00Z,23184.0,,0.0,
0-20000-0-11519,RGLB_D,SUM,2009-08-20T00:00Z,23351.0,,0.0,
0-20000-0-11519,RGLB_D,SUM,2009-08-21T00:00Z,17956.0,,0.0,
0-20000-0-11519,RGLB_D,SUM,2009-08-22T00:00Z,5877.0,,0.0,
0-20000-0-11519,RGLB_D,SUM,2009-08-23T00:00Z,21487.0,,0.0,
0-20000-0-11519,RGLB_D,SUM,2009-08-24T00:00Z,23414.0,,0.0,
0-20000-0-11519,RGLB_D,SUM,2009-08-25T00:00Z,21605.0,,0.0,
0-20000-0-11519,RGLB_D,SUM,2009-08-26T00:00Z,9738.0,,0.0,
0-20000-0-11519,RGLB_D,SUM,2009-08-27T00:00Z,18579.0,,0.0,
0-20000-0-11519,RGLB_D,SUM,2009-08-28T00:00Z,15637.0,,0.0,
0-20000-0-11519,RGLB_D,SUM,2009-08-29T00:00Z,11656.0,,0.0,
0-20000-0-11519,RGLB_D,SUM,2009-08-30T00:00Z,20924.0,,0.0,
0-20000-0-11519,RGLB_D,SUM,2009-08-31T00:00Z,21160.0,,0.0,
0-20000-0-11519,RGLB_D,SUM,2009-09-01T00:00Z,21010.0,,0.0,
0-20000-0-11519,RGLB_D,SUM,2009-09-02T00:00Z,13980.0,,0.0,
0-20000-0-11519,RGLB_D,SUM,2009-09-03T00:00Z,8298.0,,0.0,
0-20000-0-11519,RGLB_D,SUM,2009-09-04T00:00Z,5235.0,,0.0,
0-20000-0-11519,RGLB_D,SUM,2009-09-05T00:00Z,11807.0,,0.0,
0-20000-0-11519,RGLB_D,SUM,2009-09-06T00:00Z,14592.0,,0.0,
0-20000-0-11519,RGLB_D,SUM,2009-09-07T00:00Z,18805.0,,0.0,
0-20000-0-11519,RGLB_D,SUM,2009-09-08T00:00Z,19603.0,,0.0,
0-20000-0-11519,RGLB_D,SUM,2009-09-09T00:00Z,18695.0,,0.0,
0-20000-0-11519,RGLB_D,SUM,2009-09-10T00:00Z,17670.0,,0.0,
0-20000-0-11519,RGLB_D,SUM,2009-09-11T00:00Z,15978.0,,0.0,
0-20000-0-11519,RGLB_D,SUM,2009-09-12T00:00Z,14145.0,,0.0,
0-20000-0-11519,RGLB_D,SUM,2009-09-13T00:00Z,10521.0,,0.0,
0-20000-0-11519,RGLB_D,SUM,2009-09-14T00:00Z,4223.0,,0.0,
0-20000-0-11519,RGLB_D,SUM,2009-09-15T00:00Z,10287.0,,0.0,
0-20000-0-11519,RGLB_D,SUM,2009-09-16T00:00Z,12776.0,,0.0,
0-20000-0-11519,RGLB_D,SUM,2009-09-17T00:00Z,4881.0,,0.0,
0-20000-0-11519,RGLB_D,SUM,2009-09-18T00:00Z,15181.0,,0.0,
0-20000-0-11519,RGLB_D,SUM,2009-09-19T00:00Z,16188.0,,0.0,
0-20000-0-11519,RGLB_D,SUM,2009-09-20T00:00Z,9471.0,,0.0,
0-20000-0-11519,RGLB_D,SUM,2009-09-21T00:00Z,13358.0,,0.0,
0-20000-0-11519,RGLB_D,SUM,2009-09-22T00:00Z,12766.0,,0.0,
0-20000-0-11519,RGLB_D,SUM,2009-09-23T00:00Z,15386.0,,0.0,
0-20000-0-11519,RGLB_D,SUM,2009-09-24T00:00Z,5707.0,,0.0,
0-20000-0-11519,RGLB_D,SUM,2009-09-25T00:00Z,12775.0,,0.0,
0-20000-0-11519,RGLB_D,SUM,2009-09-26T00:00Z,15586.0,,0.0,
0-20000-0-11519,RGLB_D,SUM,2009-09-27T00:00Z,14698.0,,0.0,
0-20000-0-11519,RGLB_D,SUM,2009-09-28T00:00Z,13512.0,,0.0,
0-20000-0-11519,RGLB_D,SUM,2009-09-29T00:00Z,6248.0,,0.0,
0-20000-0-11519,RGLB_D,SUM,2009-09-30T00:00Z,4081.0,,0.0,
0-20000-0-11519,RGLB_D,SUM,2009-10-01T00:00Z,8233.0,,0.0,
0-20000-0-11519,RGLB_D,SUM,2009-10-02T00:00Z,7380.0,,0.0,
0-20000-0-11519,RGLB_D,SUM,2009-10-03T00:00Z,12711.0,,0.0,
0-20000-0-11519,RGLB_D,SUM,2009-10-04T00:00Z,8560.0,,0.0,
0-20000-0-11519,RGLB_D,SUM,2009-10-05T00:00Z,7489.0,,0.0,
0-20000-0-11519,RGLB_D,SUM,2009-10-06T00:00Z,9899.0,,0.0,
0-20000-0-11519,RGLB_D,SUM,2009-10-07T00:00Z,11202.0,,0.0,
0-20000-0-11519,RGLB_D,SUM,2009-10-08T00:00Z,5980.0,,0.0,
0-20000-0-11519,RGLB_D,SUM,2009-10-09T00:00Z,8949.0,,0.0,
0-20000-0-11519,RGLB_D,SUM,2009-10-10T00:00Z,4044.0,,0.0,
0-20000-0-11519,RGLB_D,SUM,2009-10-11T00:00Z,5212.0,,0.0,
0-20000-0-11519,RGLB_D,SUM,2009-10-12T00:00Z,3590.0,,0.0,
0-20000-0-11519,RGLB_D,SUM,2009-10-13T00:00Z,8004.0,,0.0,
0-20000-0-11519,RGLB_D,SUM,2009-10-14T00:00Z,3597.0,,0.0,
0-20000-0-11519,RGLB_D,SUM,2009-10-15T00:00Z,2077.0,,0.0,
0-20000-0-11519,RGLB_D,SUM,2009-10-16T00:00Z,2390.0,,0.0,
0-20000-0-11519,RGLB_D,SUM,2009-10-17T00:00Z,3204.0,,0.0,
0-20000-0-11519,RGLB_D,SUM,2009-10-18T00:00Z,4603.0,,0.0,
0-20000-0-11519,RGLB_D,SUM,2009-10-19T00:00Z,5569.0,,0.0,
0-20000-0-11519,RGLB_D,SUM,2009-10-20T00:00Z,4043.0,,0.0,
0-20000-0-11519,RGLB_D,SUM,2009-10-21T00:00Z,5295.0,,0.0,
0-20000-0-11519,RGLB_D,SUM,2009-10-22T00:00Z,2298.0,,0.0,
0-20000-0-11519,RGLB_D,SUM,2009-10-23T00:00Z,3486.0,,0.0,
0-20000-0-11519,RGLB_D,SUM,2009-10-24T00:00Z,4196.0,,0.0,
0-20000-0-11519,RGLB_D,SUM,2009-10-25T00:00Z,7055.0,,0.0,
0-20000-0-11519,RGLB_D,SUM,2009-10-26T00:00Z,5127.0,,0.0,
0-20000-0-11519,RGLB_D,SUM,2009-10-27T00:00Z,3352.0,,0.0,
0-20000-0-11519,RGLB_D,SUM,2009-10-28T00:00Z,3291.0,,0.0,
0-20000-0-11519,RGLB_D,SUM,2009-10-29T00:00Z,3548.0,,0.0,
0-20000-0-11519,RGLB_D,SUM,2009-10-30T00:00Z,9270.0,,0.0,
0-20000-0-11519,RGLB_D,SUM,2009-10-31T00:00Z,1608.0,,0.0,
0-20000-0-11519,RGLB_D,SUM,2009-11-01T00:00Z,1527.0,,0.0,
0-20000-0-11519,RGLB_D,SUM,2009-11-02T00:00Z,1706.0,,0.0,
0-20000-0-11519,RGLB_D,SUM,2009-11-03T00:00Z,1244.0,,0.0,
0-20000-0-11519,RGLB_D,SUM,2009-11-04T00:00Z,2565.0,,0.0,
0-20000-0-11519,RGLB_D,SUM,2009-11-05T00:00Z,6357.0,,0.0,
0-20000-0-11519,RGLB_D,SUM,2009-11-06T00:00Z,1512.0,,0.0,
0-20000-0-11519,RGLB_D,SUM,2009-11-07T00:00Z,2659.0,,0.0,
0-20000-0-11519,RGLB_D,SUM,2009-11-08T00:00Z,1295.0,,0.0,
0-20000-0-11519,RGLB_D,SUM,2009-11-09T00:00Z,1170.0,,0.0,
0-20000-0-11519,RGLB_D,SUM,2009-11-10T00:00Z,3092.0,,0.0,
0-20000-0-11519,RGLB_D,SUM,2009-11-11T00:00Z,1085.0,,0.0,
0-20000-0-11519,RGLB_D,SUM,2009-11-12T00:00Z,5932.0,,0.0,
0-20000-0-11519,RGLB_D,SUM,2009-11-13T00:00Z,4029.0,,0.0,
0-20000-0-11519,RGLB_D,SUM,2009-11-14T00:00Z,4740.0,,0.0,
0-20000-0-11519,RGLB_D,SUM,2009-11-15T00:00Z,5778.0,,0.0,
0-20000-0-11519,RGLB_D,SUM,2009-11-16T00:00Z,2607.0,,0.0,
0-20000-0-11519,RGLB_D,SUM,2009-11-17T00:00Z,1905.0,,0.0,
0-20000-0-11519,RGLB_D,SUM,2009-11-18T00:00Z,5088.0,,0.0,
0-20000-0-11519,RGLB_D,SUM,2009-11-19T00:00Z,5981.0,,0.0,
0-20000-0-11519,RGLB_D,SUM,2009-11-20T00:00Z,5522.0,,0.0,
0-20000-0-11519,RGLB_D,SUM,2009-11-21T00:00Z,3968.0,,0.0,
0-20000-0-11519,RGLB_D,SUM,2009-11-22T00:00Z,2932.0,,0.0,
0-20000-0-11519,RGLB_D,SUM,2009-11-23T00:00Z,4129.0,,0.0,
0-20000-0-11519,RGLB_D,SUM,2009-11-24T00:00Z,4121.0,,0.0,
0-20000-0-11519,RGLB_D,SUM,2009-11-25T00:00Z,4969.0,,0.0,
0-20000-0-11519,RGLB_D,SUM,2009-11-26T00:00Z,5589.0,,0.0,
0-20000-0-11519,RGLB_D,SUM,2009-11-27T00:00Z,3692.0,,0.0,
0-20000-0-11519,RGLB_D,SUM,2009-11-28T00:00Z,2870.0,,0.0,
0-20000-0-11519,RGLB_D,SUM,2009-11-29T00:00Z,3385.0,,0.0,
0-20000-0-11519,RGLB_D,SUM,2009-11-30T00:00Z,2611.0,,0.0,
0-20000-0-11519,RGLB_D,SUM,2009-12-01T00:00Z,445.0,,0.0,
0-20000-0-11519,RGLB_D,SUM,2009-12-02T00:00Z,4801.0,,0.0,
0-20000-0-11519,RGLB_D,SUM,2009-12-03T00:00Z,1124.0,,0.0,
0-20000-0-11519,RGLB_D,SUM,2009-12-04T00:00Z,862.0,,0.0,
0-20000-0-11519,RGLB_D,SUM,2009-12-05T00:00Z,3007.0,,0.0,
0-20000-0-11519,RGLB_D,SUM,2009-12-06T00:00Z,2049.0,,0.0,
0-20000-0-11519,RGLB_D,SUM,2009-12-07T00:00Z,4605.0,,0.0,
0-20000-0-11519,RGLB_D,SUM,2009-12-08T00:00Z,708.0,,0.0,
0-20000-0-11519,RGLB_D,SUM,2009-12-09T00:00Z,738.0,,0.0,
0-20000-0-11519,RGLB_D,SUM,2009-12-10T00:00Z,1493.0,,0.0,
0-20000-0-11519,RGLB_D,SUM,2009-12-11T00:00Z,513.0,,0.0,
0-20000-0-11519,RGLB_D,SUM,2009-12-12T00:00Z,803.0,,0.0,
0-20000-0-11519,RGLB_D,SUM,2009-12-13T00:00Z,1543.0,,0.0,
0-20000-0-11519,RGLB_D,SUM,2009-12-14T00:00Z,1332.0,,0.0,
0-20000-0-11519,RGLB_D,SUM,2009-12-15T00:00Z,2320.0,,0.0,
0-20000-0-11519,RGLB_D,SUM,2009-12-16T00:00Z,1043.0,,0.0,
0-20000-0-11519,RGLB_D,SUM,2009-12-17T00:00Z,2006.0,,0.0,
0-20000-0-11519,RGLB_D,SUM,2009-12-18T00:00Z,2481.0,,0.0,
0-20000-0-11519,RGLB_D,SUM,2009-12-19T00:00Z,1666.0,,0.0,
0-20000-0-11519,RGLB_D,SUM,2009-12-20T00:00Z,4036.0,,0.0,
0-20000-0-11519,RGLB_D,SUM,2009-12-21T00:00Z,4528.0,,0.0,
0-20000-0-11519,RGLB_D,SUM,2009-12-22T00:00Z,2239.0,,0.0,
0-20000-0-11519,RGLB_D,SUM,2009-12-23T00:00Z,831.0,,0.0,
0-20000-0-11519,RGLB_D,SUM,2009-12-24T00:00Z,1005.0,,0.0,
0-20000-0-11519,RGLB_D,SUM,2009-12-25T00:00Z,1931.0,,0.0,
0-20000-0-11519,RGLB_D,SUM,2009-12-26T00:00Z,4732.0,,0.0,
0-20000-0-11519,RGLB_D,SUM,2009-12-27T00:00Z,3200.0,,0.0,
0-20000-0-11519,RGLB_D,SUM,2009-12-28T00:00Z,2634.0,,0.0,
0-20000-0-11519,RGLB_D,SUM,2009-12-29T00:00Z,3780.0,,0.0,
0-20000-0-11519,RGLB_D,SUM,2009-12-30T00:00Z,2058.0,,0.0,
0-20000-0-11519,RGLB_D,SUM,2009-12-31T00:00Z,1891.0,,0.0,
0-20000-0-11519,RGLB_D,SUM,2010-01-01T00:00Z,683.0,,0.0,
0-20000-0-11519,RGLB_D,SUM,2010-01-02T00:00Z,1896.0,,0.0,
0-20000-0-11519,RGLB_D,SUM,2010-01-03T00:00Z,2568.0,,0.0,
0-20000-0-11519,RGLB_D,SUM,2010-01-04T00:00Z,2510.0,,0.0,
0-20000-0-11519,RGLB_D,SUM,2010-01-05T00:00Z,3483.0,,0.0,
0-20000-0-11519,RGLB_D,SUM,2010-01-06T00:00Z,628.0,,0.0,
0-20000-0-11519,RGLB_D,SUM,2010-01-07T00:00Z,3048.0,,0.0,
0-20000-0-11519,RGLB_D,SUM,2010-01-08T00:00Z,672.0,,0.0,
0-20000-0-11519,RGLB_D,SUM,2010-01-09T00:00Z,1316.0,,0.0,
0-20000-0-11519,RGLB_D,SUM,2010-01-10T00:00Z,601.0,,0.0,
0-20000-0-11519,RGLB_D,SUM,2010-01-11T00:00Z,1598.0,,0.0,
0-20000-0-11519,RGLB_D,SUM,2010-01-12T00:00Z,2611.0,,0.0,
0-20000-0-11519,RGLB_D,SUM,2010-01-13T00:00Z,1344.0,,0.0,
0-20000-0-11519,RGLB_D,SUM,2010-01-14T00:00Z,566.0,,0.0,
0-20000-0-11519,RGLB_D,SUM,2010-01-15T00:00Z,737.0,,0.0,
0-20000-0-11519,RGLB_D,SUM,2010-01-16T00:00Z,1021.0,,0.0,
0-20000-0-11519,RGLB_D,SUM,2010-01-17T00:00Z,1286.0,,0.0,
0-20000-0-11519,RGLB_D,SUM,2010-01-18T00:00Z,1696.0,,0.0,
0-20000-0-11519,RGLB_D,SUM,2010-01-19T00:00Z,2404.0,,0.0,
0-20000-0-11519,RGLB_D,SUM,2010-01-20T00:00Z,3828.0,,0.0,
0-20000-0-11519,RGLB_D,SUM,2010-01-21T00:00Z,1035.0,,0.0,
0-20000-0-11519,RGLB_D,SUM,2010-01-22T00:00Z,1854.0,,0.0,
0-20000-0-11519,RGLB_D,SUM,2010-01-23T00:00Z,1025.0,,0.0,
0-20000-0-11519,RGLB_D,SUM,2010-01-24T00:00Z,5031.0,,0.0,
0-20000-0-11519,RGLB_D,SUM,2010-01-25T00:00Z,2445.0,,0.0,
0-20000-0-11519,RGLB_D,SUM,2010-01-26T00:00Z,6294.0,,0.0,
0-20000-0-11519,RGLB_D,SUM,2010-01-27T00:00Z,6071.0,,0.0,
0-20000-0-11519,RGLB_D,SUM,2010-01-28T00:00Z,4609.0,,0.0,
0-20000-0-11519,RGLB_D,SUM,2010-01-29T00:00Z,4078.0,,0.0,
0-20000-0-11519,RGLB_D,SUM,2010-01-30T00:00Z,7265.0,,0.0,
0-20000-0-11519,RGLB_D,SUM,2010-01-31T00:00Z,5329.0,,0.0,
0-20000-0-11519,RGLB_D,SUM,2010-02-01T00:00Z,5761.0,,0.0,
0-20000-0-11519,RGLB_D,SUM,2010-02-02T00:00Z,6825.0,,0.0,
0-20000-0-11519,RGLB_D,SUM,2010-02-03T00:00Z,5415.0,,0.0,
0-20000-0-11519,RGLB_D,SUM,2010-02-04T00:00Z,3576.0,,0.0,
0-20000-0-11519,RGLB_D,SUM,2010-02-05T00:00Z,1284.0,,0.0,
0-20000-0-11519,RGLB_D,SUM,2010-02-06T00:00Z,1896.0,,0.0,
0-20000-0-11519,RGLB_D,SUM,2010-02-07T00:00Z,3171.0,,0.0,
0-20000-0-11519,RGLB_D,SUM,2010-02-08T00:00Z,5934.0,,0.0,
0-20000-0-11519,RGLB_D,SUM,2010-02-09T00:00Z,3367.0,,0.0,
0-20000-0-11519,RGLB_D,SUM,2010-02-10T00:00Z,895.0,,0.0,
0-20000-0-11519,RGLB_D,SUM,2010-02-11T00:00Z,3254.0,,0.0,
0-20000-0-11519,RGLB_D,SUM,2010-02-12T00:00Z,4990.0,,0.0,
0-20000-0-11519,RGLB_D,SUM,2010-02-13T00:00Z,5904.0,,0.0,
0-20000-0-11519,RGLB_D,SUM,2010-02-14T00:00Z,8022.0,,0.0,
0-20000-0-11519,RGLB_D,SUM,2010-02-15T00:00Z,2836.0,,0.0,
0-20000-0-11519,RGLB_D,SUM,2010-02-16T00:00Z,4158.0,,0.0,
0-20000-0-11519,RGLB_D,SUM,2010-02-17T00:00Z,2001.0,,0.0,
0-20000-0-11519,RGLB_D,SUM,2010-02-18T00:00Z,2397.0,,0.0,
0-20000-0-11519,RGLB_D,SUM,2010-02-19T00:00Z,2096.0,,0.0,
0-20000-0-11519,RGLB_D,SUM,2010-02-20T00:00Z,7443.0,,0.0,
0-20000-0-11519,RGLB_D,SUM,2010-02-21T00:00Z,7436.0,,0.0,
0-20000-0-11519,RGLB_D,SUM,2010-02-22T00:00Z,7543.0,,0.0,
0-20000-0-11519,RGLB_D,SUM,2010-02-23T00:00Z,5395.0,,0.0,
0-20000-0-11519,RGLB_D,SUM,2010-02-24T00:00Z,5189.0,,0.0,
0-20000-0-11519,RGLB_D,SUM,2010-02-25T00:00Z,10801.0,,0.0,
0-20000-0-11519,RGLB_D,SUM,2010-02-26T00:00Z,2579.0,,0.0,
0-20000-0-11519,RGLB_D,SUM,2010-02-27T00:00Z,11694.0,,0.0,
0-20000-0-11519,RGLB_D,SUM,2010-02-28T00:00Z,3773.0,,0.0,
0-20000-0-11519,RGLB_D,SUM,2010-03-01T00:00Z,7049.0,,0.0,
0-20000-0-11519,RGLB_D,SUM,2010-03-02T00:00Z,9649.0,,0.0,
0-20000-0-11519,RGLB_D,SUM,2010-03-03T00:00Z,10456.0,,0.0,
0-20000-0-11519,RGLB_D,SUM,2010-03-04T00:00Z,8908.0,,0.0,
0-20000-0-11519,RGLB_D,SUM,2010-03-05T00:00Z,7737.0,,0.0,
0-20000-0-11519,RGLB_D,SUM,2010-03-06T00:00Z,6175.0,,0.0,
0-20000-0-11519,RGLB_D,SUM,2010-03-07T00:00Z,14624.0,,0.0,
0-20000-0-11519,RGLB_D,SUM,2010-03-08T00:00Z,10864.0,,0.0,
0-20000-0-11519,RGLB_D,SUM,2010-03-09T00:00Z,14836.0,,0.0,
0-20000-0-11519,RGLB_D,SUM,2010-03-10T00:00Z,12947.0,,0.0,
0-20000-0-11519,RGLB_D,SUM,2010-03-11T00:00Z,7807.0,,0.0,
0-20000-0-11519,RGLB_D,SUM,2010-03-12T00:00Z,2717.0,,0.0,
0-20000-0-11519,RGLB_D,SUM,2010-03-13T00:00Z,2342.0,,0.0,
0-20000-0-11519,RGLB_D,SUM,2010-03-14T00:00Z,4494.0,,0.0,
0-20000-0-11519,RGLB_D,SUM,2010-03-15T00:00Z,10356.0,,0.0,
0-20000-0-11519,RGLB_D,SUM,2010-03-16T00:00Z,5784.0,,0.0,
0-20000-0-11519,RGLB_D,SUM,2010-03-17T00:00Z,6593.0,,0.0,
0-20000-0-11519,RGLB_D,SUM,2010-03-18T00:00Z,15591.0,,0.0,
0-20000-0-11519,RGLB_D,SUM,2010-03-19T00:00Z,11115.0,,0.0,
0-20000-0-11519,RGLB_D,SUM,2010-03-20T00:00Z,7967.0,,0.0,
0-20000-0-11519,RGLB_D,SUM,2010-03-21T00:00Z,6369.0,,0.0,
0-20000-0-11519,RGLB_D,SUM,2010-03-22T00:00Z,17024.0,,0.0,
0-20000-0-11519,RGLB_D,SUM,2010-03-23T00:00Z,15445.0,,0.0,
0-20000-0-11519,RGLB_D,SUM,2010-03-24T00:00Z,14116.0,,0.0,
0-20000-0-11519,RGLB_D,SUM,2010-03-25T00:00Z,15295.0,,0.0,
0-20000-0-11519,RGLB_D,SUM,2010-03-26T00:00Z,16176.0,,0.0,
0-20000-0-11519,RGLB_D,SUM,2010-03-27T00:00Z,10178.0,,0.0,
0-20000-0-11519,RGLB_D,SUM,2010-03-28T00:00Z,10930.0,,0.0,
0-20000-0-11519,RGLB_D,SUM,2010-03-29T00:00Z,5868.0,,0.0,
0-20000-0-11519,RGLB_D,SUM,2010-03-30T00:00Z,16384.0,,0.0,
0-20000-0-11519,RGLB_D,SUM,2010-03-31T00:00Z,5686.0,,0.0,
0-20000-0-11519,RGLB_D,SUM,2010-04-01T00:00Z,11406.0,,0.0,
0-20000-0-11519,RGLB_D,SUM,2010-04-02T00:00Z,13477.0,,0.0,
0-20000-0-11519,RGLB_D,SUM,2010-04-03T00:00Z,13875.0,,0.0,
0-20000-0-11519,RGLB_D,SUM,2010-04-04T00:00Z,12026.0,,0.0,
0-20000-0-11519,RGLB_D,SUM,2010-04-05T00:00Z,8271.0,,0.0,
0-20000-0-11519,RGLB_D,SUM,2010-04-06T00:00Z,19817.0,,0.0,
0-20000-0-11519,RGLB_D,SUM,2010-04-07T00:00Z,21074.0,,0.0,
0-20000-0-11519,RGLB_D,SUM,2010-04-08T00:00Z,20627.0,,0.0,
0-20000-0-11519,RGLB_D,SUM,2010-04-09T00:00Z,11639.0,,0.0,
0-20000-0-11519,RGLB_D,SUM,2010-04-10T00:00Z,12534.0,,0.0,
0-20000-0-11519,RGLB_D,SUM,2010-04-11T00:00Z,6474.0,,0.0,
0-20000-0-11519,RGLB_D,SUM,2010-04-12T00:00Z,8844.0,,0.0,
0-20000-0-11519,RGLB_D,SUM,2010-04-13T00:00Z,11730.0,,0.0,
0-20000-0-11519,RGLB_D,SUM,2010-04-14T00:00Z,10220.0,,0.0,
0-20000-0-11519,RGLB_D,SUM,2010-04-15T00:00Z,3286.0,,0.0,
0-20000-0-11519,RGLB_D,SUM,2010-04-16T00:00Z,19067.0,,0.0,
0-20000-0-11519,RGLB_D,SUM,2010-04-17T00:00Z,22576.0,,0.0,
0-20000-0-11519,RGLB_D,SUM,2010-04-18T00:00Z,20300.0,,0.0,
0-20000-0-11519,RGLB_D,SUM,2010-04-19T00:00Z,20786.0,,0.0,
0-20000-0-11519,RGLB_D,SUM,2010-04-20T00:00Z,18035.0,,0.0,
0-20000-0-11519,RGLB_D,SUM,2010-04-21T00:00Z,13786.0,,0.0,
0-20000-0-11519,RGLB_D,SUM,2010-04-22T00:00Z,24214.0,,0.0,
0-20000-0-11519,RGLB_D,SUM,2010-04-23T00:00Z,23875.0,,0.0,
0-20000-0-11519,RGLB_D,SUM,2010-04-24T00:00Z,23319.0,,0.0,
0-20000-0-11519,RGLB_D,SUM,2010-04-25T00:00Z,23178.0,,0.0,
0-20000-0-11519,RGLB_D,SUM,2010-04-26T00:00Z,15563.0,,0.0,
0-20000-0-11519,RGLB_D,SUM,2010-04-27T00:00Z,14770.0,,0.0,
0-20000-0-11519,RGLB_D,SUM,2010-04-28T00:00Z,22734.0,,0.0,
0-20000-0-11519,RGLB_D,SUM,2010-04-29T00:00Z,23109.0,,0.0,
0-20000-0-11519,RGLB_D,SUM,2010-04-30T00:00Z,19242.0,,0.0,
0-20000-0-11519,RGLB_D,SUM,2010-05-01T00:00Z,18199.0,,0.0,
0-20000-0-11519,RGLB_D,SUM,2010-05-02T00:00Z,7159.0,,0.0,
0-20000-0-11519,RGLB_D,SUM,2010-05-03T00:00Z,8244.0,,0.0,
0-20000-0-11519,RGLB_D,SUM,2010-05-04T00:00Z,8850.0,,0.0,
0-20000-0-11519,RGLB_D,SUM,2010-05-05T00:00Z,5264.0,,0.0,
0-20000-0-11519,RGLB_D,SUM,2010-05-06T00:00Z,5702.0,,0.0,
0-20000-0-11519,RGLB_D,SUM,2010-05-07T00:00Z,16254.0,,0.0,
0-20000-0-11519,RGLB_D,SUM,2010-05-08T00:00Z,19392.0,,0.0,
0-20000-0-11519,RGLB_D,SUM,2010-05-09T00:00Z,18956.0,,0.0,
0-20000-0-11519,RGLB_D,SUM,2010-05-10T00:00Z,11432.0,,0.0,
0-20000-0-11519,RGLB_D,SUM,2010-05-11T00:00Z,13996.0,,0.0,
0-20000-0-11519,RGLB_D,SUM,2010-05-12T00:00Z,14314.0,,0.0,
0-20000-0-11519,RGLB_D,SUM,2010-05-13T00:00Z,12376.0,,0.0,
0-20000-0-11519,RGLB_D,SUM,2010-05-14T00:00Z,4967.0,,0.0,
0-20000-0-11519,RGLB_D,SUM,2010-05-15T00:00Z,10141.0,,0.0,
0-20000-0-11519,RGLB_D,SUM,2010-05-16T00:00Z,11566.0,,0.0,
0-20000-0-11519,RGLB_D,SUM,2010-05-17T00:00Z,17476.0,,0.0,
0-20000-0-11519,RGLB_D,SUM,2010-05-18T00:00Z,15314.0,,0.0,
0-20000-0-11519,RGLB_D,SUM,2010-05-19T00:00Z,3195.0,,0.0,
0-20000-0-11519,RGLB_D,SUM,2010-05-20T00:00Z,9688.0,,0.0,
0-20000-0-11519,RGLB_D,SUM,2010-05-21T00:00Z,11769.0,,0.0,
0-20000-0-11519,RGLB_D,SUM,2010-05-22T00:00Z,20182.0,,0.0,
0-20000-0-11519,RGLB_D,SUM,2010-05-23T00:00Z,16617.0,,0.0,
0-20000-0-11519,RGLB_D,SUM,2010-05-24T00:00Z,17543.0,,0.0,
0-20000-0-11519,RGLB_D,SUM,2010-05-25T00:00Z,19160.0,,0.0,
0-20000-0-11519,RGLB_D,SUM,2010-05-26T00:00Z,13374.0,,0.0,
0-20000-0-11519,RGLB_D,SUM,2010-05-27T00:00Z,13326.0,,0.0,
0-20000-0-11519,RGLB_D,SUM,2010-05-28T00:00Z,19383.0,,0.0,
0-20000-0-11519,RGLB_D,SUM,2010-05-29T00:00Z,22024.0,,0.0,
0-20000-0-11519,RGLB_D,SUM,2010-05-30T00:00Z,13964.0,,0.0,
0-20000-0-11519,RGLB_D,SUM,2010-05-31T00:00Z,12637.0,,0.0,
0-20000-0-11519,RGLB_D,SUM,2010-06-01T00:00Z,4933.0,,0.0,
0-20000-0-11519,RGLB_D,SUM,2010-06-02T00:00Z,2691.0,,0.0,
0-20000-0-11519,RGLB_D,SUM,2010-06-03T00:00Z,2957.0,,0.0,
0-20000-0-11519,RGLB_D,SUM,2010-06-04T00:00Z,28999.0,,0.0,
0-20000-0-11519,RGLB_D,SUM,2010-06-05T00:00Z,30491.0,,0.0,
0-20000-0-11519,RGLB_D,SUM,2010-06-06T00:00Z,30036.0,,0.0,
0-20000-0-11519,RGLB_D,SUM,2010-06-07T00:00Z,23731.0,,0.0,
0-20000-0-11519,RGLB_D,SUM,2010-06-08T00:00Z,25091.0,,0.0,
0-20000-0-11519,RGLB_D,SUM,2010-06-09T00:00Z,22603.0,,0.0,
0-20000-0-11519,RGLB_D,SUM,2010-06-10T00:00Z,23944.0,,0.0,
0-20000-0-11519,RGLB_D,SUM,2010-06-11T00:00Z,26812.0,,0.0,
0-20000-0-11519,RGLB_D,SUM,2010-06-12T00:00Z,23294.0,,0.0,
0-20000-0-11519,RGLB_D,SUM,2010-06-13T00:00Z,12056.0,,0.0,
0-20000-0-11519,RGLB_D,SUM,2010-06-14T00:00Z,23210.0,,0.0,
0-20000-0-11519,RGLB_D,SUM,2010-06-15T00:00Z,17404.0,,0.0,
0-20000-0-11519,RGLB_D,SUM,2010-06-16T00:00Z,21409.0,,0.0,
0-20000-0-11519,RGLB_D,SUM,2010-06-17T00:00Z,30164.0,,0.0,
0-20000-0-11519,RGLB_D,SUM,2010-06-18T00:00Z,12317.0,,0.0,
0-20000-0-11519,RGLB_D,SUM,2010-06-19T00:00Z,16114.0,,0.0,
0-20000-0-11519,RGLB_D,SUM,2010-06-20T00:00Z,11753.0,,0.0,
0-20000-0-11519,RGLB_D,SUM,2010-06-21T00:00Z,18944.0,,0.0,
0-20000-0-11519,RGLB_D,SUM,2010-06-22T00:00Z,23364.0,,0.0,
0-20000-0-11519,RGLB_D,SUM,2010-06-23T00:00Z,19949.0,,0.0,
0-20000-0-11519,RGLB_D,SUM,2010-06-24T00:00Z,20730.0,,0.0,
0-20000-0-11519,RGLB_D,SUM,2010-06-25T00:00Z,23809.0,,0.0,
0-20000-0-11519,RGLB_D,SUM,2010-06-26T00:00Z,26895.0,,0.0,
0-20000-0-11519,RGLB_D,SUM,2010-06-27T00:00Z,28862.0,,0.0,
0-20000-0-11519,RGLB_D,SUM,2010-06-28T00:00Z,30490.0,,0.0,
0-20000-0-11519,RGLB_D,SUM,2010-06-29T00:00Z,29713.0,,0.0,
0-20000-0-11519,RGLB_D,SUM,2010-06-30T00:00Z,24803.0,,0.0,
0-20000-0-11519,RGLB_D,SUM,2010-07-01T00:00Z,20656.0,,0.0,
0-20000-0-11519,RGLB_D,SUM,2010-07-02T00:00Z,26802.0,,0.0,
0-20000-0-11519,RGLB_D,SUM,2010-07-03T00:00Z,28861.0,,0.0,
0-20000-0-11519,RGLB_D,SUM,2010-07-04T00:00Z,26897.0,,0.0,
0-20000-0-11519,RGLB_D,SUM,2010-07-05T00:00Z,17838.0,,0.0,
0-20000-0-11519,RGLB_D,SUM,2010-07-06T00:00Z,10271.0,,0.0,
0-20000-0-11519,RGLB_D,SUM,2010-07-07T00:00Z,26639.0,,0.0,
0-20000-0-11519,RGLB_D,SUM,2010-07-08T00:00Z,28970.0,,0.0,
0-20000-0-11519,RGLB_D,SUM,2010-07-09T00:00Z,28793.0,,0.0,
0-20000-0-11519,RGLB_D,SUM,2010-07-10T00:00Z,28302.0,,0.0,
0-20000-0-11519,RGLB_D,SUM,2010-07-11T00:00Z,28963.0,,0.0,
0-20000-0-11519,RGLB_D,SUM,2010-07-12T00:00Z,27811.0,,0.0,
0-20000-0-11519,RGLB_D,SUM,2010-07-13T00:00Z,18132.0,,0.0,
0-20000-0-11519,RGLB_D,SUM,2010-07-14T00:00Z,27638.0,,0.0,
0-20000-0-11519,RGLB_D,SUM,2010-07-15T00:00Z,13342.0,,0.0,
0-20000-0-11519,RGLB_D,SUM,2010-07-16T00:00Z,26262.0,,0.0,
0-20000-0-11519,RGLB_D,SUM,2010-07-17T00:00Z,18868.0,,0.0,
0-20000-0-11519,RGLB_D,SUM,2010-07-18T00:00Z,10410.0,,0.0,
0-20000-0-11519,RGLB_D,SUM,2010-07-19T00:00Z,23273.0,,0.0,
0-20000-0-11519,RGLB_D,SUM,2010-07-20T00:00Z,21729.0,,0.0,
0-20000-0-11519,RGLB_D,SUM,2010-07-21T00:00Z,28025.0,,0.0,
0-20000-0-11519,RGLB_D,SUM,2010-07-22T00:00Z,22422.0,,0.0,
0-20000-0-11519,RGLB_D,SUM,2010-07-23T00:00Z,8050.0,,0.0,
0-20000-0-11519,RGLB_D,SUM,2010-07-24T00:00Z,5486.0,,0.0,
0-20000-0-11519,RGLB_D,SUM,2010-07-25T00:00Z,7993.0,,0.0,
0-20000-0-11519,RGLB_D,SUM,2010-07-26T00:00Z,21306.0,,0.0,
0-20000-0-11519,RGLB_D,SUM,2010-07-27T00:00Z,19057.0,,0.0,
0-20000-0-11519,RGLB_D,SUM,2010-07-28T00:00Z,14438.0,,0.0,
0-20000-0-11519,RGLB_D,SUM,2010-07-29T00:00Z,13543.0,,0.0,
0-20000-0-11519,RGLB_D,SUM,2010-07-30T00:00Z,13310.0,,0.0,
0-20000-0-11519,RGLB_D,SUM,2010-07-31T00:00Z,25618.0,,0.0,
0-20000-0-11519,RGLB_D,SUM,2010-08-01T00:00Z,25824.0,,0.0,
0-20000-0-11519,RGLB_D,SUM,2010-08-02T00:00Z,17960.0,,0.0,
0-20000-0-11519,RGLB_D,SUM,2010-08-03T00:00Z,8000.0,,0.0,
0-20000-0-11519,RGLB_D,SUM,2010-08-04T00:00Z,22169.0,,0.0,
0-20000-0-11519,RGLB_D,SUM,2010-08-05T00:00Z,17981.0,,0.0,
0-20000-0-11519,RGLB_D,SUM,2010-08-06T00:00Z,4630.0,,0.0,
0-20000-0-11519,RGLB_D,SUM,2010-08-07T00:00Z,3546.0,,0.0,
0-20000-0-11519,RGLB_D,SUM,2010-08-08T00:00Z,16679.0,,0.0,
0-20000-0-11519,RGLB_D,SUM,2010-08-09T00:00Z,11841.0,,0.0,
0-20000-0-11519,RGLB_D,SUM,2010-08-10T00:00Z,23769.0,,0.0,
0-20000-0-11519,RGLB_D,SUM,2010-08-11T00:00Z,16508.0,,0.0,
0-20000-0-11519,RGLB_D,SUM,2010-08-12T00:00Z,16230.0,,0.0,
0-20000-0-11519,RGLB_D,SUM,2010-08-13T00:00Z,9391.0,,0.0,
0-20000-0-11519,RGLB_D,SUM,2010-08-14T00:00Z,9161.0,,0.0,
0-20000-0-11519,RGLB_D,SUM,2010-08-15T00:00Z,17661.0,,0.0,
0-20000-0-11519,RGLB_D,SUM,2010-08-16T00:00Z,15682.0,,0.0,
0-20000-0-11519,RGLB_D,SUM,2010-08-17T00:00Z,4748.0,,0.0,
0-20000-0-11519,RGLB_D,SUM,2010-08-18T00:00Z,12572.0,,0.0,
0-20000-0-11519,RGLB_D,SUM,2010-08-19T00:00Z,11354.0,,0.0,
0-20000-0-11519,RGLB_D,SUM,2010-08-20T00:00Z,22630.0,,0.0,
0-20000-0-11519,RGLB_D,SUM,2010-08-21T00:00Z,22767.0,,0.0,
0-20000-0-11519,RGLB_D,SUM,2010-08-22T00:00Z,21805.0,,0.0,
0-20000-0-11519,RGLB_D,SUM,2010-08-23T00:00Z,14031.0,,0.0,
0-20000-0-11519,RGLB_D,SUM,2010-08-24T00:00Z,12095.0,,0.0,
0-20000-0-11519,RGLB_D,SUM,2010-08-25T00:00Z,15625.0,,0.0,
0-20000-0-11519,RGLB_D,SUM,2010-08-26T00:00Z,12625.0,,0.0,
0-20000-0-11519,RGLB_D,SUM,2010-08-27T00:00Z,6538.0,,0.0,
0-20000-0-11519,RGLB_D,SUM,2010-08-28T00:00Z,8437.0,,0.0,
0-20000-0-11519,RGLB_D,SUM,2010-08-29T00:00Z,13787.0,,0.0,
0-20000-0-11519,RGLB_D,SUM,2010-08-30T00:00Z,14118.0,,0.0,
0-20000-0-11519,RGLB_D,SUM,2010-08-31T00:00Z,3930.0,,0.0,
0-20000-0-11519,RGLB_D,SUM,2010-09-01T00:00Z,12002.0,,0.0,
0-20000-0-11519,RGLB_D,SUM,2010-09-02T00:00Z,7936.0,,0.0,
0-20000-0-11519,RGLB_D,SUM,2010-09-03T00:00Z,12699.0,,0.0,
0-20000-0-11519,RGLB_D,SUM,2010-09-04T00:00Z,18184.0,,0.0,
0-20000-0-11519,RGLB_D,SUM,2010-09-05T00:00Z,18578.0,,0.0,
0-20000-0-11519,RGLB_D,SUM,2010-09-06T00:00Z,18995.0,,0.0,
0-20000-0-11519,RGLB_D,SUM,2010-09-07T00:00Z,16282.0,,0.0,
0-20000-0-11519,RGLB_D,SUM,2010-09-08T00:00Z,4231.0,,0.0,
0-20000-0-11519,RGLB_D,SUM,2010-09-09T00:00Z,7857.0,,0.0,
0-20000-0-11519,RGLB_D,SUM,2010-09-10T00:00Z,11607.0,,0.0,
0-20000-0-11519,RGLB_D,SUM,2010-09-11T00:00Z,17820.0,,0.0,
0-20000-0-11519,RGLB_D,SUM,2010-09-12T00:00Z,16564.0,,0.0,
0-20000-0-11519,RGLB_D,SUM,2010-09-13T00:00Z,5579.0,,0.0,
0-20000-0-11519,RGLB_D,SUM,2010-09-14T00:00Z,7372.0,,0.0,
0-20000-0-11519,RGLB_D,SUM,2010-09-15T00:00Z,4026.0,,0.0,
0-20000-0-11519,RGLB_D,SUM,2010-09-16T00:00Z,11667.0,,0.0,
0-20000-0-11519,RGLB_D,SUM,2010-09-17T00:00Z,14774.0,,0.0,
0-20000-0-11519,RGLB_D,SUM,2010-09-18T00:00Z,12493.0,,0.0,
0-20000-0-11519,RGLB_D,SUM,2010-09-19T00:00Z,11753.0,,0.0,
0-20000-0-11519,RGLB_D,SUM,2010-09-20T00:00Z,13162.0,,0.0,
0-20000-0-11519,RGLB_D,SUM,2010-09-21T00:00Z,17091.0,,0.0,
0-20000-0-11519,RGLB_D,SUM,2010-09-22T00:00Z,15822.0,,0.0,
0-20000-0-11519,RGLB_D,SUM,2010-09-23T00:00Z,15364.0,,0.0,
0-20000-0-11519,RGLB_D,SUM,2010-09-24T00:00Z,14410.0,,0.0,
0-20000-0-11519,RGLB_D,SUM,2010-09-25T00:00Z,2366.0,,0.0,
0-20000-0-11519,RGLB_D,SUM,2010-09-26T00:00Z,1533.0,,0.0,
0-20000-0-11519,RGLB_D,SUM,2010-09-27T00:00Z,2356.0,,0.0,
0-20000-0-11519,RGLB_D,SUM,2010-09-28T00:00Z,1705.0,,0.0,
0-20000-0-11519,RGLB_D,SUM,2010-09-29T00:00Z,3458.0,,0.0,
0-20000-0-11519,RGLB_D,SUM,2010-09-30T00:00Z,7172.0,,0.0,
0-20000-0-11519,RGLB_D,SUM,2010-10-01T00:00Z,9538.0,,0.0,
0-20000-0-11519,RGLB_D,SUM,2010-10-02T00:00Z,8364.0,,0.0,
0-20000-0-11519,RGLB_D,SUM,2010-10-03T00:00Z,3654.0,,0.0,
0-20000-0-11519,RGLB_D,SUM,2010-10-04T00:00Z,2043.0,,0.0,
0-20000-0-11519,RGLB_D,SUM,2010-10-05T00:00Z,2296.0,,0.0,
0-20000-0-11519,RGLB_D,SUM,2010-10-06T00:00Z,3351.0,,0.0,
0-20000-0-11519,RGLB_D,SUM,2010-10-07T00:00Z,4400.0,,0.0,
0-20000-0-11519,RGLB_D,SUM,2010-10-08T00:00Z,13244.0,,0.0,
0-20000-0-11519,RGLB_D,SUM,2010-10-09T00:00Z,12838.0,,0.0,
0-20000-0-11519,RGLB_D,SUM,2010-10-10T00:00Z,13131.0,,0.0,
0-20000-0-11519,RGLB_D,SUM,2010-10-11T00:00Z,12674.0,,0.0,
0-20000-0-11519,RGLB_D,SUM,2010-10-12T00:00Z,11840.0,,0.0,
0-20000-0-11519,RGLB_D,SUM,2010-10-13T00:00Z,10795.0,,0.0,
0-20000-0-11519,RGLB_D,SUM,2010-10-14T00:00Z,10765.0,,0.0,
0-20000-0-11519,RGLB_D,SUM,2010-10-15T00:00Z,3518.0,,0.0,
0-20000-0-11519,RGLB_D,SUM,2010-10-16T00:00Z,5048.0,,0.0,
0-20000-0-11519,RGLB_D,SUM,2010-10-17T00:00Z,9363.0,,0.0,
0-20000-0-11519,RGLB_D,SUM,2010-10-18T00:00Z,3620.0,,0.0,
0-20000-0-11519,RGLB_D,SUM,2010-10-19T00:00Z,6416.0,,0.0,
0-20000-0-11519,RGLB_D,SUM,2010-10-20T00:00Z,5923.0,,0.0,
0-20000-0-11519,RGLB_D,SUM,2010-10-21T00:00Z,6914.0,,0.0,
0-20000-0-11519,RGLB_D,SUM,2010-10-22T00:00Z,9492.0,,0.0,
0-20000-0-11519,RGLB_D,SUM,2010-10-23T00:00Z,9665.0,,0.0,
0-20000-0-11519,RGLB_D,SUM,2010-10-24T00:00Z,2155.0,,0.0,
0-20000-0-11519,RGLB_D,SUM,2010-10-25T00:00Z,3626.0,,0.0,
0-20000-0-11519,RGLB_D,SUM,2010-10-26T00:00Z,7384.0,,0.0,
0-20000-0-11519,RGLB_D,SUM,2010-10-27T00:00Z,9450.0,,0.0,
0-20000-0-11519,RGLB_D,SUM,2010-10-28T00:00Z,4608.0,,0.0,
0-20000-0-11519,RGLB_D,SUM,2010-10-29T00:00Z,9003.0,,0.0,
0-20000-0-11519,RGLB_D,SUM,2010-10-30T00:00Z,8796.0,,0.0,
0-20000-0-11519,RGLB_D,SUM,2010-10-31T00:00Z,5037.0,,0.0,
0-20000-0-11519,RGLB_D,SUM,2010-11-01T00:00Z,5121.0,,0.0,
0-20000-0-11519,RGLB_D,SUM,2010-11-02T00:00Z,6664.0,,0.0,
0-20000-0-11519,RGLB_D,SUM,2010-11-03T00:00Z,5274.0,,0.0,
0-20000-0-11519,RGLB_D,SUM,2010-11-04T00:00Z,2592.0,,0.0,
0-20000-0-11519,RGLB_D,SUM,2010-11-05T00:00Z,7797.0,,0.0,
0-20000-0-11519,RGLB_D,SUM,2010-11-06T00:00Z,3446.0,,0.0,
0-20000-0-11519,RGLB_D,SUM,2010-11-07T00:00Z,899.0,,0.0,
0-20000-0-11519,RGLB_D,SUM,2010-11-08T00:00Z,2108.0,,0.0,
0-20000-0-11519,RGLB_D,SUM,2010-11-09T00:00Z,5818.0,,0.0,
0-20000-0-11519,RGLB_D,SUM,2010-11-10T00:00Z,2112.0,,0.0,
0-20000-0-11519,RGLB_D,SUM,2010-11-11T00:00Z,5929.0,,0.0,
0-20000-0-11519,RGLB_D,SUM,2010-11-12T00:00Z,5850.0,,0.0,
0-20000-0-11519,RGLB_D,SUM,2010-11-13T00:00Z,2336.0,,0.0,
0-20000-0-11519,RGLB_D,SUM,2010-11-14T00:00Z,6976.0,,0.0,
0-20000-0-11519,RGLB_D,SUM,2010-11-15T00:00Z,1801.0,,0.0,
0-20000-0-11519,RGLB_D,SUM,2010-11-16T00:00Z,574.0,,0.0,
0-20000-0-11519,RGLB_D,SUM,2010-11-17T00:00Z,1000.0,,0.0,
0-20000-0-11519,RGLB_D,SUM,2010-11-18T00:00Z,413.0,,0.0,
0-20000-0-11519,RGLB_D,SUM,2010-11-19T00:00Z,2130.0,,0.0,
0-20000-0-11519,RGLB_D,SUM,2010-11-20T00:00Z,3793.0,,0.0,
0-20000-0-11519,RGLB_D,SUM,2010-11-21T00:00Z,1400.0,,0.0,
0-20000-0-11519,RGLB_D,SUM,2010-11-22T00:00Z,540.0,,0.0,
0-20000-0-11519,RGLB_D,SUM,2010-11-23T00:00Z,1644.0,,0.0,
0-20000-0-11519,RGLB_D,SUM,2010-11-24T00:00Z,1165.0,,0.0,
0-20000-0-11519,RGLB_D,SUM,2010-11-25T00:00Z,4349.0,,0.0,
0-20000-0-11519,RGLB_D,SUM,2010-11-26T00:00Z,2446.0,,0.0,
0-20000-0-11519,RGLB_D,SUM,2010-11-27T00:00Z,4980.0,,0.0,
0-20000-0-11519,RGLB_D,SUM,2010-11-28T00:00Z,2741.0,,0.0,
0-20000-0-11519,RGLB_D,SUM,2010-11-29T00:00Z,1227.0,,0.0,
0-20000-0-11519,RGLB_D,SUM,2010-11-30T00:00Z,2118.0,,0.0,
0-20000-0-11519,RGLB_D,SUM,2010-12-01T00:00Z,764.0,,0.0,
0-20000-0-11519,RGLB_D,SUM,2010-12-02T00:00Z,3433.0,,0.0,
0-20000-0-11519,RGLB_D,SUM,2010-12-03T00:00Z,2391.0,,0.0,
0-20000-0-11519,RGLB_D,SUM,2010-12-04T00:00Z,1614.0,,0.0,
0-20000-0-11519,RGLB_D,SUM,2010-12-05T00:00Z,1816.0,,0.0,
0-20000-0-11519,RGLB_D,SUM,2010-12-06T00:00Z,1223.0,,0.0,
0-20000-0-11519,RGLB_D,SUM,2010-12-07T00:00Z,1823.0,,0.0,
0-20000-0-11519,RGLB_D,SUM,2010-12-08T00:00Z,1899.0,,0.0,
0-20000-0-11519,RGLB_D,SUM,2010-12-09T00:00Z,3556.0,,0.0,
0-20000-0-11519,RGLB_D,SUM,2010-12-10T00:00Z,2486.0,,0.0,
0-20000-0-11519,RGLB_D,SUM,2010-12-11T00:00Z,2218.0,,0.0,
0-20000-0-11519,RGLB_D,SUM,2010-12-12T00:00Z,1689.0,,0.0,
0-20000-0-11519,RGLB_D,SUM,2010-12-13T00:00Z,3676.0,,0.0,
0-20000-0-11519,RGLB_D,SUM,2010-12-14T00:00Z,1897.0,,0.0,
0-20000-0-11519,RGLB_D,SUM,2010-12-15T00:00Z,2017.0,,0.0,
0-20000-0-11519,RGLB_D,SUM,2010-12-16T00:00Z,3653.0,,0.0,
0-20000-0-11519,RGLB_D,SUM,2010-12-17T00:00Z,1275.0,,0.0,
0-20000-0-11519,RGLB_D,SUM,2010-12-18T00:00Z,4206.0,,0.0,
0-20000-0-11519,RGLB_D,SUM,2010-12-19T00:00Z,1886.0,,0.0,
0-20000-0-11519,RGLB_D,SUM,2010-12-20T00:00Z,1922.0,,0.0,
0-20000-0-11519,RGLB_D,SUM,2010-12-21T00:00Z,1573.0,,0.0,
0-20000-0-11519,RGLB_D,SUM,2010-12-22T00:00Z,2457.0,,0.0,
0-20000-0-11519,RGLB_D,SUM,2010-12-23T00:00Z,1028.0,,0.0,
0-20000-0-11519,RGLB_D,SUM,2010-12-24T00:00Z,273.0,,0.0,
0-20000-0-11519,RGLB_D,SUM,2010-12-25T00:00Z,1005.0,,0.0,
0-20000-0-11519,RGLB_D,SUM,2010-12-26T00:00Z,3317.0,,0.0,
0-20000-0-11519,RGLB_D,SUM,2010-12-27T00:00Z,2826.0,,0.0,
0-20000-0-11519,RGLB_D,SUM,2010-12-28T00:00Z,3461.0,,0.0,
0-20000-0-11519,RGLB_D,SUM,2010-12-29T00:00Z,1308.0,,0.0,
0-20000-0-11519,RGLB_D,SUM,2010-12-30T00:00Z,4314.0,,0.0,
0-20000-0-11519,RGLB_D,SUM,2010-12-31T00:00Z,2246.0,,0.0,
0-20000-0-11519,RGLB_D,SUM,2011-01-01T00:00Z,2482.0,,0.0,
0-20000-0-11519,RGLB_D,SUM,2011-01-02T00:00Z,2312.0,,0.0,
0-20000-0-11519,RGLB_D,SUM,2011-01-03T00:00Z,2537.0,,0.0,
0-20000-0-11519,RGLB_D,SUM,2011-01-04T00:00Z,3482.0,,0.0,
0-20000-0-11519,RGLB_D,SUM,2011-01-05T00:00Z,1294.0,,0.0,
0-20000-0-11519,RGLB_D,SUM,2011-01-06T00:00Z,1546.0,,0.0,
0-20000-0-11519,RGLB_D,SUM,2011-01-07T00:00Z,1945.0,,0.0,
0-20000-0-11519,RGLB_D,SUM,2011-01-08T00:00Z,1713.0,,0.0,
0-20000-0-11519,RGLB_D,SUM,2011-01-09T00:00Z,2786.0,,0.0,
0-20000-0-11519,RGLB_D,SUM,2011-01-10T00:00Z,2468.0,,0.0,
0-20000-0-11519,RGLB_D,SUM,2011-01-11T00:00Z,789.0,,0.0,
0-20000-0-11519,RGLB_D,SUM,2011-01-12T00:00Z,2893.0,,0.0,
0-20000-0-11519,RGLB_D,SUM,2011-01-13T00:00Z,1652.0,,0.0,
0-20000-0-11519,RGLB_D,SUM,2011-01-14T00:00Z,1549.0,,0.0,
0-20000-0-11519,RGLB_D,SUM,2011-01-15T00:00Z,2651.0,,0.0,
0-20000-0-11519,RGLB_D,SUM,2011-01-16T00:00Z,4606.0,,0.0,
0-20000-0-11519,RGLB_D,SUM,2011-01-17T00:00Z,4800.0,,0.0,
0-20000-0-11519,RGLB_D,SUM,2011-01-18T00:00Z,4680.0,,0.0,
0-20000-0-11519,RGLB_D,SUM,2011-01-19T00:00Z,1677.0,,0.0,
0-20000-0-11519,RGLB_D,SUM,2011-01-20T00:00Z,3455.0,,0.0,
0-20000-0-11519,RGLB_D,SUM,2011-01-21T00:00Z,1027.0,,0.0,
0-20000-0-11519,RGLB_D,SUM,2011-01-22T00:00Z,2069.0,,0.0,
0-20000-0-11519,RGLB_D,SUM,2011-01-23T00:00Z,3358.0,,0.0,
0-20000-0-11519,RGLB_D,SUM,2011-01-24T00:00Z,4464.0,,0.0,
0-20000-0-11519,RGLB_D,SUM,2011-01-25T00:00Z,2879.0,,0.0,
0-20000-0-11519,RGLB_D,SUM,2011-01-26T00:00Z,1405.0,,0.0,
0-20000-0-11519,RGLB_D,SUM,2011-01-27T00:00Z,1227.0,,0.0,
0-20000-0-11519,RGLB_D,SUM,2011-01-28T00:00Z,5507.0,,0.0,
0-20000-0-11519,RGLB_D,SUM,2011-01-29T00:00Z,6912.0,,0.0,
0-20000-0-11519,RGLB_D,SUM,2011-01-30T00:00Z,2843.0,,0.0,
0-20000-0-11519,RGLB_D,SUM,2011-01-31T00:00Z,4272.0,,0.0,
0-20000-0-11519,RGLB_D,SUM,2011-02-01T00:00Z,1480.0,,0.0,
0-20000-0-11519,RGLB_D,SUM,2011-02-02T00:00Z,2947.0,,0.0,
0-20000-0-11519,RGLB_D,SUM,2011-02-03T00:00Z,3244.0,,0.0,
0-20000-0-11519,RGLB_D,SUM,2011-02-04T00:00Z,2134.0,,0.0,
0-20000-0-11519,RGLB_D,SUM,2011-02-05T00:00Z,6339.0,,0.0,
0-20000-0-11519,RGLB_D,SUM,2011-02-06T00:00Z,4176.0,,0.0,
0-20000-0-11519,RGLB_D,SUM,2011-02-07T00:00Z,8720.0,,0.0,
0-20000-0-11519,RGLB_D,SUM,2011-02-08T00:00Z,5088.0,,0.0,
0-20000-0-11519,RGLB_D,SUM,2011-02-09T00:00Z,8625.0,,0.0,
0-20000-0-11519,RGLB_D,SUM,2011-02-10T00:00Z,6525.0,,0.0,
0-20000-0-11519,RGLB_D,SUM,2011-02-11T00:00Z,3713.0,,0.0,
0-20000-0-11519,RGLB_D,SUM,2011-02-12T00:00Z,6298.0,,0.0,
0-20000-0-11519,RGLB_D,SUM,2011-02-13T00:00Z,2574.0,,0.0,
0-20000-0-11519,RGLB_D,SUM,2011-02-14T00:00Z,1498.0,,0.0,
0-20000-0-11519,RGLB_D,SUM,2011-02-15T00:00Z,7232.0,,0.0,
0-20000-0-11519,RGLB_D,SUM,2011-02-16T00:00Z,1513.0,,0.0,
0-20000-0-11519,RGLB_D,SUM,2011-02-17T00:00Z,1481.0,,0.0,
0-20000-0-11519,RGLB_D,SUM,2011-02-18T00:00Z,1058.0,,0.0,
0-20000-0-11519,RGLB_D,SUM,2011-02-19T00:00Z,1720.0,,0.0,
0-20000-0-11519,RGLB_D,SUM,2011-02-20T00:00Z,2834.0,,0.0,
0-20000-0-11519,RGLB_D,SUM,2011-02-21T00:00Z,6187.0,,0.0,
0-20000-0-11519,RGLB_D,SUM,2011-02-22T00:00Z,8082.0,,0.0,
0-20000-0-11519,RGLB_D,SUM,2011-02-23T00:00Z,8753.0,,0.0,
0-20000-0-11519,RGLB_D,SUM,2011-02-24T00:00Z,10442.0,,0.0,
0-20000-0-11519,RGLB_D,SUM,2011-02-25T00:00Z,11661.0,,0.0,
0-20000-0-11519,RGLB_D,SUM,2011-02-26T00:00Z,11139.0,,0.0,
0-20000-0-11519,RGLB_D,SUM,2011-02-27T00:00Z,7440.0,,0.0,
0-20000-0-11519,RGLB_D,SUM,2011-02-28T00:00Z,10579.0,,0.0,
0-20000-0-11519,RGLB_D,SUM,2011-03-01T00:00Z,11163.0,,0.0,
0-20000-0-11519,RGLB_D,SUM,2011-03-02T00:00Z,13057.0,,0.0,
0-20000-0-11519,RGLB_D,SUM,2011-03-03T00:00Z,4766.0,,0.0,
0-20000-0-11519,RGLB_D,SUM,2011-03-04T00:00Z,8359.0,,0.0,
0-20000-0-11519,RGLB_D,SUM,2011-03-05T00:00Z,11434.0,,0.0,
0-20000-0-11519,RGLB_D,SUM,2011-03-06T00:00Z,10242.0,,0.0,
0-20000-0-11519,RGLB_D,SUM,2011-03-07T00:00Z,14355.0,,0.0,
0-20000-0-11519,RGLB_D,SUM,2011-03-08T00:00Z,14372.0,,0.0,
0-20000-0-11519,RGLB_D,SUM,2011-03-09T00:00Z,13110.0,,0.0,
0-20000-0-11519,RGLB_D,SUM,2011-03-10T00:00Z,5238.0,,0.0,
0-20000-0-11519,RGLB_D,SUM,2011-03-11T00:00Z,7880.0,,0.0,
0-20000-0-11519,RGLB_D,SUM,2011-03-12T00:00Z,13122.0,,0.0,
0-20000-0-11519,RGLB_D,SUM,2011-03-13T00:00Z,9393.0,,0.0,
0-20000-0-11519,RGLB_D,SUM,2011-03-14T00:00Z,8577.0,,0.0,
0-20000-0-11519,RGLB_D,SUM,2011-03-15T00:00Z,13431.0,,0.0,
0-20000-0-11519,RGLB_D,SUM,2011-03-16T00:00Z,7144.0,,0.0,
0-20000-0-11519,RGLB_D,SUM,2011-03-17T00:00Z,1324.0,,0.0,
0-20000-0-11519,RGLB_D,SUM,2011-03-18T00:00Z,1011.0,,0.0,
0-20000-0-11519,RGLB_D,SUM,2011-03-19T00:00Z,7292.0,,0.0,
0-20000-0-11519,RGLB_D,SUM,2011-03-20T00:00Z,7703.0,,0.0,
0-20000-0-11519,RGLB_D,SUM,2011-03-21T00:00Z,16253.0,,0.0,
0-20000-0-11519,RGLB_D,SUM,2011-03-22T00:00Z,16683.0,,0.0,
0-20000-0-11519,RGLB_D,SUM,2011-03-23T00:00Z,14628.0,,0.0,
0-20000-0-11519,RGLB_D,SUM,2011-03-24T00:00Z,17562.0,,0.0,
0-20000-0-11519,RGLB_D,SUM,2011-03-25T00:00Z,13990.0,,0.0,
0-20000-0-11519,RGLB_D,SUM,2011-03-26T00:00Z,5642.0,,0.0,
0-20000-0-11519,RGLB_D,SUM,2011-03-27T00:00Z,11188.0,,0.0,
0-20000-0-11519,RGLB_D,SUM,2011-03-28T00:00Z,10755.0,,0.0,
0-20000-0-11519,RGLB_D,SUM,2011-03-29T00:00Z,18585.0,,0.0,
0-20000-0-11519,RGLB_D,SUM,2011-03-30T00:00Z,16864.0,,0.0,
0-20000-0-11519,RGLB_D,SUM,2011-03-31T00:00Z,13108.0,,0.0,
0-20000-0-11519,RGLB_D,SUM,2011-04-01T00:00Z,12122.0,,0.0,
0-20000-0-11519,RGLB_D,SUM,2011-04-02T00:00Z,15521.0,,0.0,
0-20000-0-11519,RGLB_D,SUM,2011-04-03T00:00Z,18362.0,,0.0,
0-20000-0-11519,RGLB_D,SUM,2011-04-04T00:00Z,3686.0,,0.0,
0-20000-0-11519,RGLB_D,SUM,2011-04-05T00:00Z,14803.0,,0.0,
0-20000-0-11519,RGLB_D,SUM,2011-04-06T00:00Z,14816.0,,0.0,
0-20000-0-11519,RGLB_D,SUM,2011-04-07T00:00Z,17039.0,,0.0,
0-20000-0-11519,RGLB_D,SUM,2011-04-08T00:00Z,13424.0,,0.0,
0-20000-0-11519,RGLB_D,SUM,2011-04-09T00:00Z,19927.0,,0.0,
0-20000-0-11519,RGLB_D,SUM,2011-04-10T00:00Z,21271.0,,0.0,
0-20000-0-11519,RGLB_D,SUM,2011-04-11T00:00Z,15675.0,,0.0,
0-20000-0-11519,RGLB_D,SUM,2011-04-12T00:00Z,10391.0,,0.0,
0-20000-0-11519,RGLB_D,SUM,2011-04-13T00:00Z,5439.0,,0.0,
0-20000-0-11519,RGLB_D,SUM,2011-04-14T00:00Z,10208.0,,0.0,
0-20000-0-11519,RGLB_D,SUM,2011-04-15T00:00Z,6318.0,,0.0,
0-20000-0-11519,RGLB_D,SUM,2011-04-16T00:00Z,18285.0,,0.0,
0-20000-0-11519,RGLB_D,SUM,2011-04-17T00:00Z,16470.0,,0.0,
0-20000-0-11519,RGLB_D,SUM,2011-04-18T00:00Z,22391.0,,0.0,
0-20000-0-11519,RGLB_D,SUM,2011-04-19T00:00Z,21928.0,,0.0,
0-20000-0-11519,RGLB_D,SUM,2011-04-20T00:00Z,22006.0,,0.0,
0-20000-0-11519,RGLB_D,SUM,2011-04-21T00:00Z,21861.0,,0.0,
0-20000-0-11519,RGLB_D,SUM,2011-04-22T00:00Z,22630.0,,0.0,
0-20000-0-11519,RGLB_D,SUM,2011-04-23T00:00Z,22510.0,,0.0,
0-20000-0-11519,RGLB_D,SUM,2011-04-24T00:00Z,21979.0,,0.0,
0-20000-0-11519,RGLB_D,SUM,2011-04-25T00:00Z,9381.0,,0.0,
0-20000-0-11519,RGLB_D,SUM,2011-04-26T00:00Z,9400.0,,0.0,
0-20000-0-11519,RGLB_D,SUM,2011-04-27T00:00Z,11256.0,,0.0,
0-20000-0-11519,RGLB_D,SUM,2011-04-28T00:00Z,17084.0,,0.0,
0-20000-0-11519,RGLB_D,SUM,2011-04-29T00:00Z,19441.0,,0.0,
0-20000-0-11519,RGLB_D,SUM,2011-04-30T00:00Z,17622.0,,0.0,
0-20000-0-11519,RGLB_D,SUM,2011-05-01T00:00Z,19198.0,,0.0,
0-20000-0-11519,RGLB_D,SUM,2011-05-02T00:00Z,10329.0,,0.0,
0-20000-0-11519,RGLB_D,SUM,2011-05-03T00:00Z,3583.0,,0.0,
0-20000-0-11519,RGLB_D,SUM,2011-05-04T00:00Z,14510.0,,0.0,
0-20000-0-11519,RGLB_D,SUM,2011-05-05T00:00Z,21705.0,,0.0,
0-20000-0-11519,RGLB_D,SUM,2011-05-06T00:00Z,26138.0,,0.0,
0-20000-0-11519,RGLB_D,SUM,2011-05-07T00:00Z,26605.0,,0.0,
0-20000-0-11519,RGLB_D,SUM,2011-05-08T00:00Z,22777.0,,0.0,
0-20000-0-11519,RGLB_D,SUM,2011-05-09T00:00Z,27186.0,,0.0,
0-20000-0-11519,RGLB_D,SUM,2011-05-10T00:00Z,26864.0,,0.0,
0-20000-0-11519,RGLB_D,SUM,2011-05-11T00:00Z,24903.0,,0.0,
0-20000-0-11519,RGLB_D,SUM,2011-05-12T00:00Z,14489.0,,0.0,
0-20000-0-11519,RGLB_D,SUM,2011-05-13T00:00Z,23033.0,,0.0,
0-20000-0-11519,RGLB_D,SUM,2011-05-14T00:00Z,15656.0,,0.0,
0-20000-0-11519,RGLB_D,SUM,2011-05-15T00:00Z,10299.0,,0.0,
0-20000-0-11519,RGLB_D,SUM,2011-05-16T00:00Z,18648.0,,0.0,
0-20000-0-11519,RGLB_D,SUM,2011-05-17T00:00Z,15416.0,,0.0,
0-20000-0-11519,RGLB_D,SUM,2011-05-18T00:00Z,27630.0,,0.0,
0-20000-0-11519,RGLB_D,SUM,2011-05-19T00:00Z,28302.0,,0.0,
0-20000-0-11519,RGLB_D,SUM,2011-05-20T00:00Z,25207.0,,0.0,
0-20000-0-11519,RGLB_D,SUM,2011-05-21T00:00Z,25140.0,,0.0,
0-20000-0-11519,RGLB_D,SUM,2011-05-22T00:00Z,24749.0,,0.0,
0-20000-0-11519,RGLB_D,SUM,2011-05-23T00:00Z,24957.0,,0.0,
0-20000-0-11519,RGLB_D,SUM,2011-05-24T00:00Z,28047.0,,0.0,
0-20000-0-11519,RGLB_D,SUM,2011-05-25T00:00Z,29753.0,,0.0,
0-20000-0-11519,RGLB_D,SUM,2011-05-26T00:00Z,28152.0,,0.0,
0-20000-0-11519,RGLB_D,SUM,2011-05-27T00:00Z,10382.0,,0.0,
0-20000-0-11519,RGLB_D,SUM,2011-05-28T00:00Z,16003.0,,0.0,
0-20000-0-11519,RGLB_D,SUM,2011-05-29T00:00Z,27860.0,,0.0,
0-20000-0-11519,RGLB_D,SUM,2011-05-30T00:00Z,29407.0,,0.0,
0-20000-0-11519,RGLB_D,SUM,2011-05-31T00:00Z,24913.0,,0.0,
0-20000-0-11519,RGLB_D,SUM,2011-06-01T00:00Z,8083.0,,0.0,
0-20000-0-11519,RGLB_D,SUM,2011-06-02T00:00Z,14658.0,,0.0,
0-20000-0-11519,RGLB_D,SUM,2011-06-03T00:00Z,24904.0,,0.0,
0-20000-0-11519,RGLB_D,SUM,2011-06-04T00:00Z,23505.0,,0.0,
0-20000-0-11519,RGLB_D,SUM,2011-06-05T00:00Z,24071.0,,0.0,
0-20000-0-11519,RGLB_D,SUM,2011-06-06T00:00Z,20601.0,,0.0,
0-20000-0-11519,RGLB_D,SUM,2011-06-07T00:00Z,26030.0,,0.0,
0-20000-0-11519,RGLB_D,SUM,2011-06-08T00:00Z,15671.0,,0.0,
0-20000-0-11519,RGLB_D,SUM,2011-06-09T00:00Z,18761.0,,0.0,
0-20000-0-11519,RGLB_D,SUM,2011-06-10T00:00Z,24180.0,,0.0,
0-20000-0-11519,RGLB_D,SUM,2011-06-11T00:00Z,20331.0,,0.0,
0-20000-0-11519,RGLB_D,SUM,2011-06-12T00:00Z,16413.0,,0.0,
0-20000-0-11519,RGLB_D,SUM,2011-06-13T00:00Z,22709.0,,0.0,
0-20000-0-11519,RGLB_D,SUM,2011-06-14T00:00Z,21007.0,,0.0,
0-20000-0-11519,RGLB_D,SUM,2011-06-15T00:00Z,24012.0,,0.0,
0-20000-0-11519,RGLB_D,SUM,2011-06-16T00:00Z,24384.0,,0.0,
0-20000-0-11519,RGLB_D,SUM,2011-06-17T00:00Z,27362.0,,0.0,
0-20000-0-11519,RGLB_D,SUM,2011-06-18T00:00Z,5065.0,,0.0,
0-20000-0-11519,RGLB_D,SUM,2011-06-19T00:00Z,21942.0,,0.0,
0-20000-0-11519,RGLB_D,SUM,2011-06-20T00:00Z,22881.0,,0.0,
0-20000-0-11519,RGLB_D,SUM,2011-06-21T00:00Z,14164.0,,0.0,
0-20000-0-11519,RGLB_D,SUM,2011-06-22T00:00Z,20679.0,,0.0,
0-20000-0-11519,RGLB_D,SUM,2011-06-23T00:00Z,20425.0,,0.0,
0-20000-0-11519,RGLB_D,SUM,2011-06-24T00:00Z,21014.0,,0.0,
0-20000-0-11519,RGLB_D,SUM,2011-06-25T00:00Z,22648.0,,0.0,
0-20000-0-11519,RGLB_D,SUM,2011-06-26T00:00Z,13279.0,,0.0,
0-20000-0-11519,RGLB_D,SUM,2011-06-27T00:00Z,27578.0,,0.0,
0-20000-0-11519,RGLB_D,SUM,2011-06-28T00:00Z,29902.0,,0.0,
0-20000-0-11519,RGLB_D,SUM,2011-06-29T00:00Z,30497.0,,0.0,
0-20000-0-11519,RGLB_D,SUM,2011-06-30T00:00Z,19901.0,,0.0,
0-20000-0-11519,RGLB_D,SUM,2011-07-01T00:00Z,22325.0,,0.0,
0-20000-0-11519,RGLB_D,SUM,2011-07-02T00:00Z,15932.0,,0.0,
0-20000-0-11519,RGLB_D,SUM,2011-07-03T00:00Z,3131.0,,0.0,
0-20000-0-11519,RGLB_D,SUM,2011-07-04T00:00Z,9980.0,,0.0,
0-20000-0-11519,RGLB_D,SUM,2011-07-05T00:00Z,19225.0,,0.0,
0-20000-0-11519,RGLB_D,SUM,2011-07-06T00:00Z,25002.0,,0.0,
0-20000-0-11519,RGLB_D,SUM,2011-07-07T00:00Z,23701.0,,0.0,
0-20000-0-11519,RGLB_D,SUM,2011-07-08T00:00Z,15936.0,,0.0,
0-20000-0-11519,RGLB_D,SUM,2011-07-09T00:00Z,22330.0,,0.0,
0-20000-0-11519,RGLB_D,SUM,2011-07-10T00:00Z,24974.0,,0.0,
0-20000-0-11519,RGLB_D,SUM,2011-07-11T00:00Z,17365.0,,0.0,
0-20000-0-11519,RGLB_D,SUM,2011-07-12T00:00Z,28902.0,,0.0,
0-20000-0-11519,RGLB_D,SUM,2011-07-13T00:00Z,18959.0,,0.0,
0-20000-0-11519,RGLB_D,SUM,2011-07-14T00:00Z,18819.0,,0.0,
0-20000-0-11519,RGLB_D,SUM,2011-07-15T00:00Z,18860.0,,0.0,
0-20000-0-11519,RGLB_D,SUM,2011-07-16T00:00Z,28320.0,,0.0,
0-20000-0-11519,RGLB_D,SUM,2011-07-17T00:00Z,23685.0,,0.0,
0-20000-0-11519,RGLB_D,SUM,2011-07-18T00:00Z,16340.0,,0.0,
0-20000-0-11519,RGLB_D,SUM,2011-07-19T00:00Z,22791.0,,0.0,
0-20000-0-11519,RGLB_D,SUM,2011-07-20T00:00Z,6139.0,,0.0,
0-20000-0-11519,RGLB_D,SUM,2011-07-21T00:00Z,5443.0,,0.0,
0-20000-0-11519,RGLB_D,SUM,2011-07-22T00:00Z,10342.0,,0.0,
0-20000-0-11519,RGLB_D,SUM,2011-07-23T00:00Z,25761.0,,0.0,
0-20000-0-11519,RGLB_D,SUM,2011-07-24T00:00Z,13816.0,,0.0,
0-20000-0-11519,RGLB_D,SUM,2011-07-25T00:00Z,20234.0,,0.0,
0-20000-0-11519,RGLB_D,SUM,2011-07-26T00:00Z,18042.0,,0.0,
0-20000-0-11519,RGLB_D,SUM,2011-07-27T00:00Z,20145.0,,0.0,
0-20000-0-11519,RGLB_D,SUM,2011-07-28T00:00Z,19698.0,,0.0,
0-20000-0-11519,RGLB_D,SUM,2011-07-29T00:00Z,15470.0,,0.0,
0-20000-0-11519,RGLB_D,SUM,2011-07-30T00:00Z,3388.0,,0.0,
0-20000-0-11519,RGLB_D,SUM,2011-07-31T00:00Z,4775.0,,0.0,
0-20000-0-11519,RGLB_D,SUM,2011-08-01T00:00Z,9096.0,,0.0,
0-20000-0-11519,RGLB_D,SUM,2011-08-02T00:00Z,18173.0,,0.0,
0-20000-0-11519,RGLB_D,SUM,2011-08-03T00:00Z,23864.0,,0.0,
0-20000-0-11519,RGLB_D,SUM,2011-08-04T00:00Z,13050.0,,0.0,
0-20000-0-11519,RGLB_D,SUM,2011-08-05T00:00Z,13749.0,,0.0,
0-20000-0-11519,RGLB_D,SUM,2011-08-06T00:00Z,17126.0,,0.0,
0-20000-0-11519,RGLB_D,SUM,2011-08-07T00:00Z,4801.0,,0.0,
0-20000-0-11519,RGLB_D,SUM,2011-08-08T00:00Z,12712.0,,0.0,
0-20000-0-11519,RGLB_D,SUM,2011-08-09T00:00Z,15747.0,,0.0,
0-20000-0-11519,RGLB_D,SUM,2011-08-10T00:00Z,11840.0,,0.0,
0-20000-0-11519,RGLB_D,SUM,2011-08-11T00:00Z,17968.0,,0.0,
0-20000-0-11519,RGLB_D,SUM,2011-08-12T00:00Z,17572.0,,0.0,
0-20000-0-11519,RGLB_D,SUM,2011-08-13T00:00Z,11340.0,,0.0,
0-20000-0-11519,RGLB_D,SUM,2011-08-14T00:00Z,17751.0,,0.0,
0-20000-0-11519,RGLB_D,SUM,2011-08-15T00:00Z,5026.0,,0.0,
0-20000-0-11519,RGLB_D,SUM,2011-08-16T00:00Z,14266.0,,0.0,
0-20000-0-11519,RGLB_D,SUM,2011-08-17T00:00Z,18461.0,,0.0,
0-20000-0-11519,RGLB_D,SUM,2011-08-18T00:00Z,22779.0,,0.0,
0-20000-0-11519,RGLB_D,SUM,2011-08-19T00:00Z,13330.0,,0.0,
0-20000-0-11519,RGLB_D,SUM,2011-08-20T00:00Z,23368.0,,0.0,
0-20000-0-11519,RGLB_D,SUM,2011-08-21T00:00Z,18749.0,,0.0,
0-20000-0-11519,RGLB_D,SUM,2011-08-22T00:00Z,19832.0,,0.0,
0-20000-0-11519,RGLB_D,SUM,2011-08-23T00:00Z,20776.0,,0.0,
0-20000-0-11519,RGLB_D,SUM,2011-08-24T00:00Z,18862.0,,0.0,
0-20000-0-11519,RGLB_D,SUM,2011-08-25T00:00Z,20102.0,,0.0,
0-20000-0-11519,RGLB_D,SUM,2011-08-26T00:00Z,21016.0,,0.0,
0-20000-0-11519,RGLB_D,SUM,2011-08-27T00:00Z,3694.0,,0.0,
0-20000-0-11519,RGLB_D,SUM,2011-08-28T00:00Z,20833.0,,0.0,
0-20000-0-11519,RGLB_D,SUM,2011-08-29T00:00Z,20301.0,,0.0,
0-20000-0-11519,RGLB_D,SUM,2011-08-30T00:00Z,14196.0,,0.0,
0-20000-0-11519,RGLB_D,SUM,2011-08-31T00:00Z,18177.0,,0.0,
0-20000-0-11519,RGLB_D,SUM,2011-09-01T00:00Z,17776.0,,0.0,
0-20000-0-11519,RGLB_D,SUM,2011-09-02T00:00Z,18587.0,,0.0,
0-20000-0-11519,RGLB_D,SUM,2011-09-03T00:00Z,19965.0,,0.0,
0-20000-0-11519,RGLB_D,SUM,2011-09-04T00:00Z,17800.0,,0.0,
0-20000-0-11519,RGLB_D,SUM,2011-09-05T00:00Z,4221.0,,0.0,
0-20000-0-11519,RGLB_D,SUM,2011-09-06T00:00Z,18685.0,,0.0,
0-20000-0-11519,RGLB_D,SUM,2011-09-07T00:00Z,7006.0,,0.0,
0-20000-0-11519,RGLB_D,SUM,2011-09-08T00:00Z,5558.0,,0.0,
0-20000-0-11519,RGLB_D,SUM,2011-09-09T00:00Z,9964.0,,0.0,
0-20000-0-11519,RGLB_D,SUM,2011-09-10T00:00Z,14964.0,,0.0,
0-20000-0-11519,RGLB_D,SUM,2011-09-11T00:00Z,18066.0,,0.0,
0-20000-0-11519,RGLB_D,SUM,2011-09-12T00:00Z,14561.0,,0.0,
0-20000-0-11519,RGLB_D,SUM,2011-09-13T00:00Z,10301.0,,0.0,
0-20000-0-11519,RGLB_D,SUM,2011-09-14T00:00Z,17220.0,,0.0,
0-20000-0-11519,RGLB_D,SUM,2011-09-15T00:00Z,15515.0,,0.0,
0-20000-0-11519,RGLB_D,SUM,2011-09-16T00:00Z,17695.0,,0.0,
0-20000-0-11519,RGLB_D,SUM,2011-09-17T00:00Z,12805.0,,0.0,
0-20000-0-11519,RGLB_D,SUM,2011-09-18T00:00Z,3041.0,,0.0,
0-20000-0-11519,RGLB_D,SUM,2011-09-19T00:00Z,2935.0,,0.0,
0-20000-0-11519,RGLB_D,SUM,2011-09-20T00:00Z,4132.0,,0.0,
0-20000-0-11519,RGLB_D,SUM,2011-09-21T00:00Z,12732.0,,0.0,
0-20000-0-11519,RGLB_D,SUM,2011-09-22T00:00Z,12007.0,,0.0,
0-20000-0-11519,RGLB_D,SUM,2011-09-23T00:00Z,11108.0,,0.0,
0-20000-0-11519,RGLB_D,SUM,2011-09-24T00:00Z,15860.0,,0.0,
0-20000-0-11519,RGLB_D,SUM,2011-09-25T00:00Z,15463.0,,0.0,
0-20000-0-11519,RGLB_D,SUM,2011-09-26T00:00Z,15302.0,,0.0,
0-20000-0-11519,RGLB_D,SUM,2011-09-27T00:00Z,13449.0,,0.0,
0-20000-0-11519,RGLB_D,SUM,2011-09-28T00:00Z,12665.0,,0.0,
0-20000-0-11519,RGLB_D,SUM,2011-09-29T00:00Z,12358.0,,0.0,
0-20000-0-11519,RGLB_D,SUM,2011-09-30T00:00Z,14823.0,,0.0,
0-20000-0-11519,RGLB_D,SUM,2011-10-01T00:00Z,14496.0,,0.0,
0-20000-0-11519,RGLB_D,SUM,2011-10-02T00:00Z,14541.0,,0.0,
0-20000-0-11519,RGLB_D,SUM,2011-10-03T00:00Z,14017.0,,0.0,
0-20000-0-11519,RGLB_D,SUM,2011-10-04T00:00Z,13186.0,,0.0,
0-20000-0-11519,RGLB_D,SUM,2011-10-05T00:00Z,4464.0,,0.0,
0-20000-0-11519,RGLB_D,SUM,2011-10-06T00:00Z,12524.0,,0.0,
0-20000-0-11519,RGLB_D,SUM,2011-10-07T00:00Z,7853.0,,0.0,
0-20000-0-11519,RGLB_D,SUM,2011-10-08T00:00Z,6312.0,,0.0,
0-20000-0-11519,RGLB_D,SUM,2011-10-09T00:00Z,7072.0,,0.0,
0-20000-0-11519,RGLB_D,SUM,2011-10-10T00:00Z,2647.0,,0.0,
0-20000-0-11519,RGLB_D,SUM,2011-10-11T00:00Z,3646.0,,0.0,
0-20000-0-11519,RGLB_D,SUM,2011-10-12T00:00Z,2148.0,,0.0,
0-20000-0-11519,RGLB_D,SUM,2011-10-13T00:00Z,8869.0,,0.0,
0-20000-0-11519,RGLB_D,SUM,2011-10-14T00:00Z,8317.0,,0.0,
0-20000-0-11519,RGLB_D,SUM,2011-10-15T00:00Z,11160.0,,0.0,
0-20000-0-11519,RGLB_D,SUM,2011-10-16T00:00Z,11660.0,,0.0,
0-20000-0-11519,RGLB_D,SUM,2011-10-17T00:00Z,11634.0,,0.0,
0-20000-0-11519,RGLB_D,SUM,2011-10-18T00:00Z,10380.0,,0.0,
0-20000-0-11519,RGLB_D,SUM,2011-10-19T00:00Z,962.0,,0.0,
0-20000-0-11519,RGLB_D,SUM,2011-10-20T00:00Z,8118.0,,0.0,
0-20000-0-11519,RGLB_D,SUM,2011-10-21T00:00Z,10330.0,,0.0,
0-20000-0-11519,RGLB_D,SUM,2011-10-22T00:00Z,3904.0,,0.0,
0-20000-0-11519,RGLB_D,SUM,2011-10-23T00:00Z,5112.0,,0.0,
0-20000-0-11519,RGLB_D,SUM,2011-10-24T00:00Z,4276.0,,0.0,
0-20000-0-11519,RGLB_D,SUM,2011-10-25T00:00Z,1026.0,,0.0,
0-20000-0-11519,RGLB_D,SUM,2011-10-26T00:00Z,1148.0,,0.0,
0-20000-0-11519,RGLB_D,SUM,2011-10-27T00:00Z,1597.0,,0.0,
0-20000-0-11519,RGLB_D,SUM,2011-10-28T00:00Z,2322.0,,0.0,
0-20000-0-11519,RGLB_D,SUM,2011-10-29T00:00Z,4586.0,,0.0,
0-20000-0-11519,RGLB_D,SUM,2011-10-30T00:00Z,4600.0,,0.0,
0-20000-0-11519,RGLB_D,SUM,2011-10-31T00:00Z,2437.0,,0.0,
0-20000-0-11519,RGLB_D,SUM,2011-11-01T00:00Z,5308.0,,0.0,
0-20000-0-11519,RGLB_D,SUM,2011-11-02T00:00Z,802.0,,0.0,
0-20000-0-11519,RGLB_D,SUM,2011-11-03T00:00Z,2058.0,,0.0,
0-20000-0-11519,RGLB_D,SUM,2011-11-04T00:00Z,1123.0,,0.0,
0-20000-0-11519,RGLB_D,SUM,2011-11-05T00:00Z,1557.0,,0.0,
0-20000-0-11519,RGLB_D,SUM,2011-11-06T00:00Z,6079.0,,0.0,
0-20000-0-11519,RGLB_D,SUM,2011-11-07T00:00Z,5367.0,,0.0,
0-20000-0-11519,RGLB_D,SUM,2011-11-08T00:00Z,1115.0,,0.0,
0-20000-0-11519,RGLB_D,SUM,2011-11-09T00:00Z,968.0,,0.0,
0-20000-0-11519,RGLB_D,SUM,2011-11-10T00:00Z,1010.0,,0.0,
0-20000-0-11519,RGLB_D,SUM,2011-11-11T00:00Z,3914.0,,0.0,
0-20000-0-11519,RGLB_D,SUM,2011-11-12T00:00Z,6550.0,,0.0,
0-20000-0-11519,RGLB_D,SUM,2011-11-13T00:00Z,5817.0,,0.0,
0-20000-0-11519,RGLB_D,SUM,2011-11-14T00:00Z,4686.0,,0.0,
0-20000-0-11519,RGLB_D,SUM,2011-11-15T00:00Z,1588.0,,0.0,
0-20000-0-11519,RGLB_D,SUM,2011-11-16T00:00Z,929.0,,0.0,
0-20000-0-11519,RGLB_D,SUM,2011-11-17T00:00Z,916.0,,0.0,
0-20000-0-11519,RGLB_D,SUM,2011-11-18T00:00Z,2376.0,,0.0,
0-20000-0-11519,RGLB_D,SUM,2011-11-19T00:00Z,3189.0,,0.0,
0-20000-0-11519,RGLB_D,SUM,2011-11-20T00:00Z,4158.0,,0.0,
0-20000-0-11519,RGLB_D,SUM,2011-11-21T00:00Z,2010.0,,0.0,
0-20000-0-11519,RGLB_D,SUM,2011-11-22T00:00Z,4819.0,,0.0,
0-20000-0-11519,RGLB_D,SUM,2011-11-23T00:00Z,572.0,,0.0,
0-20000-0-11519,RGLB_D,SUM,2011-11-24T00:00Z,1225.0,,0.0,
0-20000-0-11519,RGLB_D,SUM,2011-11-25T00:00Z,1314.0,,0.0,
0-20000-0-11519,RGLB_D,SUM,2011-11-26T00:00Z,3813.0,,0.0,
0-20000-0-11519,RGLB_D,SUM,2011-11-27T00:00Z,5670.0,,0.0,
0-20000-0-11519,RGLB_D,SUM,2011-11-28T00:00Z,4724.0,,0.0,
0-20000-0-11519,RGLB_D,SUM,2011-11-29T00:00Z,4939.0,,0.0,
0-20000-0-11519,RGLB_D,SUM,2011-11-30T00:00Z,965.0,,0.0,
0-20000-0-11519,RGLB_D,SUM,2011-12-01T00:00Z,1240.0,,0.0,
0-20000-0-11519,RGLB_D,SUM,2011-12-02T00:00Z,3487.0,,0.0,
0-20000-0-11519,RGLB_D,SUM,2011-12-03T00:00Z,3411.0,,0.0,
0-20000-0-11519,RGLB_D,SUM,2011-12-04T00:00Z,1448.0,,0.0,
0-20000-0-11519,RGLB_D,SUM,2011-12-05T00:00Z,3052.0,,0.0,
0-20000-0-11519,RGLB_D,SUM,2011-12-06T00:00Z,3191.0,,0.0,
0-20000-0-11519,RGLB_D,SUM,2011-12-07T00:00Z,1062.0,,0.0,
0-20000-0-11519,RGLB_D,SUM,2011-12-08T00:00Z,1872.0,,0.0,
0-20000-0-11519,RGLB_D,SUM,2011-12-09T00:00Z,966.0,,0.0,
0-20000-0-11519,RGLB_D,SUM,2011-12-10T00:00Z,2934.0,,0.0,
0-20000-0-11519,RGLB_D,SUM,2011-12-11T00:00Z,4582.0,,0.0,
0-20000-0-11519,RGLB_D,SUM,2011-12-12T00:00Z,1864.0,,0.0,
0-20000-0-11519,RGLB_D,SUM,2011-12-13T00:00Z,2017.0,,0.0,
0-20000-0-11519,RGLB_D,SUM,2011-12-14T00:00Z,2267.0,,0.0,
0-20000-0-11519,RGLB_D,SUM,2011-12-15T00:00Z,1752.0,,0.0,
0-20000-0-11519,RGLB_D,SUM,2011-12-16T00:00Z,473.0,,0.0,
0-20000-0-11519,RGLB_D,SUM,2011-12-17T00:00Z,1965.0,,0.0,
0-20000-0-11519,RGLB_D,SUM,2011-12-18T00:00Z,2241.0,,0.0,
0-20000-0-11519,RGLB_D,SUM,2011-12-19T00:00Z,4538.0,,0.0,
0-20000-0-11519,RGLB_D,SUM,2011-12-20T00:00Z,4236.0,,0.0,
0-20000-0-11519,RGLB_D,SUM,2011-12-21T00:00Z,1326.0,,0.0,
0-20000-0-11519,RGLB_D,SUM,2011-12-22T00:00Z,2791.0,,0.0,
0-20000-0-11519,RGLB_D,SUM,2011-12-23T00:00Z,1548.0,,0.0,
0-20000-0-11519,RGLB_D,SUM,2011-12-24T00:00Z,1545.0,,0.0,
0-20000-0-11519,RGLB_D,SUM,2011-12-25T00:00Z,1873.0,,0.0,
0-20000-0-11519,RGLB_D,SUM,2011-12-26T00:00Z,1723.0,,0.0,
0-20000-0-11519,RGLB_D,SUM,2011-12-27T00:00Z,575.0,,0.0,
0-20000-0-11519,RGLB_D,SUM,2011-12-28T00:00Z,621.0,,0.0,
0-20000-0-11519,RGLB_D,SUM,2011-12-29T00:00Z,2664.0,,0.0,
0-20000-0-11519,RGLB_D,SUM,2011-12-30T00:00Z,1862.0,,0.0,
0-20000-0-11519,RGLB_D,SUM,2011-12-31T00:00Z,3758.0,,0.0,
0-20000-0-11519,RGLB_D,SUM,2012-01-01T00:00Z,1131.0,,0.0,
0-20000-0-11519,RGLB_D,SUM,2012-01-02T00:00Z,1052.0,,0.0,
0-20000-0-11519,RGLB_D,SUM,2012-01-03T00:00Z,4544.0,,0.0,
0-20000-0-11519,RGLB_D,SUM,2012-01-04T00:00Z,2070.0,,0.0,
0-20000-0-11519,RGLB_D,SUM,2012-01-05T00:00Z,1243.0,,0.0,
0-20000-0-11519,RGLB_D,SUM,2012-01-06T00:00Z,4012.0,,0.0,
0-20000-0-11519,RGLB_D,SUM,2012-01-07T00:00Z,947.0,,0.0,
0-20000-0-11519,RGLB_D,SUM,2012-01-08T00:00Z,1932.0,,0.0,
0-20000-0-11519,RGLB_D,SUM,2012-01-09T00:00Z,1284.0,,0.0,
0-20000-0-11519,RGLB_D,SUM,2012-01-10T00:00Z,2441.0,,0.0,
0-20000-0-11519,RGLB_D,SUM,2012-01-11T00:00Z,1944.0,,0.0,
0-20000-0-11519,RGLB_D,SUM,2012-01-12T00:00Z,4292.0,,0.0,
0-20000-0-11519,RGLB_D,SUM,2012-01-13T00:00Z,3232.0,,0.0,
0-20000-0-11519,RGLB_D,SUM,2012-01-14T00:00Z,3107.0,,0.0,
0-20000-0-11519,RGLB_D,SUM,2012-01-15T00:00Z,4626.0,,0.0,
0-20000-0-11519,RGLB_D,SUM,2012-01-16T00:00Z,3362.0,,0.0,
0-20000-0-11519,RGLB_D,SUM,2012-01-17T00:00Z,1024.0,,0.0,
0-20000-0-11519,RGLB_D,SUM,2012-01-18T00:00Z,5952.0,,0.0,
0-20000-0-11519,RGLB_D,SUM,2012-01-19T00:00Z,794.0,,0.0,
0-20000-0-11519,RGLB_D,SUM,2012-01-20T00:00Z,3751.0,,0.0,
0-20000-0-11519,RGLB_D,SUM,2012-01-21T00:00Z,1464.0,,0.0,
0-20000-0-11519,RGLB_D,SUM,2012-01-22T00:00Z,3686.0,,0.0,
0-20000-0-11519,RGLB_D,SUM,2012-01-23T00:00Z,3925.0,,0.0,
0-20000-0-11519,RGLB_D,SUM,2012-01-24T00:00Z,1755.0,,0.0,
0-20000-0-11519,RGLB_D,SUM,2012-01-25T00:00Z,2651.0,,0.0,
0-20000-0-11519,RGLB_D,SUM,2012-01-26T00:00Z,4931.0,,0.0,
0-20000-0-11519,RGLB_D,SUM,2012-01-27T00:00Z,6446.0,,0.0,
0-20000-0-11519,RGLB_D,SUM,2012-01-28T00:00Z,3032.0,,0.0,
0-20000-0-11519,RGLB_D,SUM,2012-01-29T00:00Z,5229.0,,0.0,
0-20000-0-11519,RGLB_D,SUM,2012-01-30T00:00Z,6694.0,,0.0,
0-20000-0-11519,RGLB_D,SUM,2012-01-31T00:00Z,7140.0,,0.0,
0-20000-0-11519,RGLB_D,SUM,2012-02-01T00:00Z,7400.0,,0.0,
0-20000-0-11519,RGLB_D,SUM,2012-02-02T00:00Z,7928.0,,0.0,
0-20000-0-11519,RGLB_D,SUM,2012-02-03T00:00Z,7394.0,,0.0,
0-20000-0-11519,RGLB_D,SUM,2012-02-04T00:00Z,4399.0,,0.0,
0-20000-0-11519,RGLB_D,SUM,2012-02-05T00:00Z,5158.0,,0.0,
0-20000-0-11519,RGLB_D,SUM,2012-02-06T00:00Z,8039.0,,0.0,
0-20000-0-11519,RGLB_D,SUM,2012-02-07T00:00Z,3181.0,,0.0,
0-20000-0-11519,RGLB_D,SUM,2012-02-08T00:00Z,6708.0,,0.0,
0-20000-0-11519,RGLB_D,SUM,2012-02-09T00:00Z,2504.0,,0.0,
0-20000-0-11519,RGLB_D,SUM,2012-02-10T00:00Z,8372.0,,0.0,
0-20000-0-11519,RGLB_D,SUM,2012-02-11T00:00Z,8629.0,,0.0,
0-20000-0-11519,RGLB_D,SUM,2012-02-12T00:00Z,9148.0,,0.0,
0-20000-0-11519,RGLB_D,SUM,2012-02-13T00:00Z,2292.0,,0.0,
0-20000-0-11519,RGLB_D,SUM,2012-02-14T00:00Z,6926.0,,0.0,
0-20000-0-11519,RGLB_D,SUM,2012-02-15T00:00Z,3831.0,,0.0,
0-20000-0-11519,RGLB_D,SUM,2012-02-16T00:00Z,5211.0,,0.0,
0-20000-0-11519,RGLB_D,SUM,2012-02-17T00:00Z,2232.0,,0.0,
0-20000-0-11519,RGLB_D,SUM,2012-02-18T00:00Z,4692.0,,0.0,
0-20000-0-11519,RGLB_D,SUM,2012-02-19T00:00Z,3245.0,,0.0,
0-20000-0-11519,RGLB_D,SUM,2012-02-20T00:00Z,7648.0,,0.0,
0-20000-0-11519,RGLB_D,SUM,2012-02-21T00:00Z,8011.0,,0.0,
0-20000-0-11519,RGLB_D,SUM,2012-02-22T00:00Z,7152.0,,0.0,
0-20000-0-11519,RGLB_D,SUM,2012-02-23T00:00Z,3105.0,,0.0,
0-20000-0-11519,RGLB_D,SUM,2012-02-24T00:00Z,5600.0,,0.0,
0-20000-0-11519,RGLB_D,SUM,2012-02-25T00:00Z,10192.0,,0.0,
0-20000-0-11519,RGLB_D,SUM,2012-02-26T00:00Z,5144.0,,0.0,
0-20000-0-11519,RGLB_D,SUM,2012-02-27T00:00Z,9902.0,,0.0,
0-20000-0-11519,RGLB_D,SUM,2012-02-28T00:00Z,2527.0,,0.0,
0-20000-0-11519,RGLB_D,SUM,2012-02-29T00:00Z,2769.0,,0.0,
0-20000-0-11519,RGLB_D,SUM,2012-03-01T00:00Z,4395.0,,0.0,
0-20000-0-11519,RGLB_D,SUM,2012-03-02T00:00Z,7742.0,,0.0,
0-20000-0-11519,RGLB_D,SUM,2012-03-03T00:00Z,12925.0,,0.0,
0-20000-0-11519,RGLB_D,SUM,2012-03-04T00:00Z,8644.0,,0.0,
0-20000-0-11519,RGLB_D,SUM,2012-03-05T00:00Z,12455.0,,0.0,
0-20000-0-11519,RGLB_D,SUM,2012-03-06T00:00Z,13375.0,,0.0,
0-20000-0-11519,RGLB_D,SUM,2012-03-07T00:00Z,12762.0,,0.0,
0-20000-0-11519,RGLB_D,SUM,2012-03-08T00:00Z,3222.0,,0.0,
0-20000-0-11519,RGLB_D,SUM,2012-03-09T00:00Z,11969.0,,0.0,
0-20000-0-11519,RGLB_D,SUM,2012-03-10T00:00Z,8587.0,,0.0,
0-20000-0-11519,RGLB_D,SUM,2012-03-11T00:00Z,2580.0,,0.0,
0-20000-0-11519,RGLB_D,SUM,2012-03-12T00:00Z,2059.0,,0.0,
0-20000-0-11519,RGLB_D,SUM,2012-03-13T00:00Z,3455.0,,0.0,
0-20000-0-11519,RGLB_D,SUM,2012-03-14T00:00Z,2614.0,,0.0,
0-20000-0-11519,RGLB_D,SUM,2012-03-15T00:00Z,7119.0,,0.0,
0-20000-0-11519,RGLB_D,SUM,2012-03-16T00:00Z,15202.0,,0.0,
0-20000-0-11519,RGLB_D,SUM,2012-03-17T00:00Z,15609.0,,0.0,
0-20000-0-11519,RGLB_D,SUM,2012-03-18T00:00Z,14933.0,,0.0,
0-20000-0-11519,RGLB_D,SUM,2012-03-19T00:00Z,13198.0,,0.0,
0-20000-0-11519,RGLB_D,SUM,2012-03-20T00:00Z,17102.0,,0.0,
0-20000-0-11519,RGLB_D,SUM,2012-03-21T00:00Z,16389.0,,0.0,
0-20000-0-11519,RGLB_D,SUM,2012-03-22T00:00Z,14174.0,,0.0,
0-20000-0-11519,RGLB_D,SUM,2012-03-23T00:00Z,13463.0,,0.0,
0-20000-0-11519,RGLB_D,SUM,2012-03-24T00:00Z,16042.0,,0.0,
0-20000-0-11519,RGLB_D,SUM,2012-03-25T00:00Z,18213.0,,0.0,
0-20000-0-11519,RGLB_D,SUM,2012-03-26T00:00Z,17840.0,,0.0,
0-20000-0-11519,RGLB_D,SUM,2012-03-27T00:00Z,15643.0,,0.0,
0-20000-0-11519,RGLB_D,SUM,2012-03-28T00:00Z,17833.0,,0.0,
0-20000-0-11519,RGLB_D,SUM,2012-03-29T00:00Z,5348.0,,0.0,
0-20000-0-11519,RGLB_D,SUM,2012-03-30T00:00Z,4900.0,,0.0,
0-20000-0-11519,RGLB_D,SUM,2012-03-31T00:00Z,3616.0,,0.0,
0-20000-0-11519,RGLB_D,SUM,2012-04-01T00:00Z,14388.0,,0.0,
0-20000-0-11519,RGLB_D,SUM,2012-04-02T00:00Z,8800.0,,0.0,
0-20000-0-11519,RGLB_D,SUM,2012-04-03T00:00Z,17787.0,,0.0,
0-20000-0-11519,RGLB_D,SUM,2012-04-04T00:00Z,17124.0,,0.0,
0-20000-0-11519,RGLB_D,SUM,2012-04-05T00:00Z,3746.0,,0.0,
0-20000-0-11519,RGLB_D,SUM,2012-04-06T00:00Z,4242.0,,0.0,
0-20000-0-11519,RGLB_D,SUM,2012-04-07T00:00Z,8771.0,,0.0,
0-20000-0-11519,RGLB_D,SUM,2012-04-08T00:00Z,8469.0,,0.0,
0-20000-0-11519,RGLB_D,SUM,2012-04-09T00:00Z,20169.0,,0.0,
0-20000-0-11519,RGLB_D,SUM,2012-04-10T00:00Z,11128.0,,0.0,
0-20000-0-11519,RGLB_D,SUM,2012-04-11T00:00Z,16166.0,,0.0,
0-20000-0-11519,RGLB_D,SUM,2012-04-12T00:00Z,8491.0,,0.0,
0-20000-0-11519,RGLB_D,SUM,2012-04-13T00:00Z,16865.0,,0.0,
0-20000-0-11519,RGLB_D,SUM,2012-04-14T00:00Z,18612.0,,0.0,
0-20000-0-11519,RGLB_D,SUM,2012-04-15T00:00Z,4370.0,,0.0,
0-20000-0-11519,RGLB_D,SUM,2012-04-16T00:00Z,6194.0,,0.0,
0-20000-0-11519,RGLB_D,SUM,2012-04-17T00:00Z,17100.0,,0.0,
0-20000-0-11519,RGLB_D,SUM,2012-04-18T00:00Z,20875.0,,0.0,
0-20000-0-11519,RGLB_D,SUM,2012-04-19T00:00Z,13673.0,,0.0,
0-20000-0-11519,RGLB_D,SUM,2012-04-20T00:00Z,13754.0,,0.0,
0-20000-0-11519,RGLB_D,SUM,2012-04-21T00:00Z,15186.0,,0.0,
0-20000-0-11519,RGLB_D,SUM,2012-04-22T00:00Z,12032.0,,0.0,
0-20000-0-11519,RGLB_D,SUM,2012-04-23T00:00Z,21684.0,,0.0,
0-20000-0-11519,RGLB_D,SUM,2012-04-24T00:00Z,15103.0,,0.0,
0-20000-0-11519,RGLB_D,SUM,2012-04-25T00:00Z,19344.0,,0.0,
0-20000-0-11519,RGLB_D,SUM,2012-04-26T00:00Z,24066.0,,0.0,
0-20000-0-11519,RGLB_D,SUM,2012-04-27T00:00Z,24005.0,,0.0,
0-20000-0-11519,RGLB_D,SUM,2012-04-28T00:00Z,24424.0,,0.0,
0-20000-0-11519,RGLB_D,SUM,2012-04-29T00:00Z,20441.0,,0.0,
0-20000-0-11519,RGLB_D,SUM,2012-04-30T00:00Z,23168.0,,0.0,
0-20000-0-11519,RGLB_D,SUM,2012-05-01T00:00Z,24180.0,,0.0,
0-20000-0-11519,RGLB_D,SUM,2012-05-02T00:00Z,18993.0,,0.0,
0-20000-0-11519,RGLB_D,SUM,2012-05-03T00:00Z,15422.0,,0.0,
0-20000-0-11519,RGLB_D,SUM,2012-05-04T00:00Z,20564.0,,0.0,
0-20000-0-11519,RGLB_D,SUM,2012-05-05T00:00Z,15967.0,,0.0,
0-20000-0-11519,RGLB_D,SUM,2012-05-06T00:00Z,11809.0,,0.0,
0-20000-0-11519,RGLB_D,SUM,2012-05-07T00:00Z,12745.0,,0.0,
0-20000-0-11519,RGLB_D,SUM,2012-05-08T00:00Z,21002.0,,0.0,
0-20000-0-11519,RGLB_D,SUM,2012-05-09T00:00Z,21067.0,,0.0,
0-20000-0-11519,RGLB_D,SUM,2012-05-10T00:00Z,22548.0,,0.0,
0-20000-0-11519,RGLB_D,SUM,2012-05-11T00:00Z,22321.0,,0.0,
0-20000-0-11519,RGLB_D,SUM,2012-05-12T00:00Z,9261.0,,0.0,
0-20000-0-11519,RGLB_D,SUM,2012-05-13T00:00Z,13255.0,,0.0,
0-20000-0-11519,RGLB_D,SUM,2012-05-14T00:00Z,17114.0,,0.0,
0-20000-0-11519,RGLB_D,SUM,2012-05-15T00:00Z,19408.0,,0.0,
0-20000-0-11519,RGLB_D,SUM,2012-05-16T00:00Z,15202.0,,0.0,
0-20000-0-11519,RGLB_D,SUM,2012-05-17T00:00Z,22035.0,,0.0,
0-20000-0-11519,RGLB_D,SUM,2012-05-18T00:00Z,23639.0,,0.0,
0-20000-0-11519,RGLB_D,SUM,2012-05-19T00:00Z,28104.0,,0.0,
0-20000-0-11519,RGLB_D,SUM,2012-05-20T00:00Z,27739.0,,0.0,
0-20000-0-11519,RGLB_D,SUM,2012-05-21T00:00Z,18042.0,,0.0,
0-20000-0-11519,RGLB_D,SUM,2012-05-22T00:00Z,21178.0,,0.0,
0-20000-0-11519,RGLB_D,SUM,2012-05-23T00:00Z,25015.0,,0.0,
0-20000-0-11519,RGLB_D,SUM,2012-05-24T00:00Z,27611.0,,0.0,
0-20000-0-11519,RGLB_D,SUM,2012-05-25T00:00Z,26339.0,,0.0,
0-20000-0-11519,RGLB_D,SUM,2012-05-26T00:00Z,26776.0,,0.0,
0-20000-0-11519,RGLB_D,SUM,2012-05-27T00:00Z,23647.0,,0.0,
0-20000-0-11519,RGLB_D,SUM,2012-05-28T00:00Z,17037.0,,0.0,
0-20000-0-11519,RGLB_D,SUM,2012-05-29T00:00Z,22791.0,,0.0,
0-20000-0-11519,RGLB_D,SUM,2012-05-30T00:00Z,21296.0,,0.0,
0-20000-0-11519,RGLB_D,SUM,2012-05-31T00:00Z,17975.0,,0.0,
0-20000-0-11519,RGLB_D,SUM,2012-06-01T00:00Z,14268.0,,0.0,
0-20000-0-11519,RGLB_D,SUM,2012-06-02T00:00Z,19341.0,,0.0,
0-20000-0-11519,RGLB_D,SUM,2012-06-03T00:00Z,15849.0,,0.0,
0-20000-0-11519,RGLB_D,SUM,2012-06-04T00:00Z,9704.0,,0.0,
0-20000-0-11519,RGLB_D,SUM,2012-06-05T00:00Z,6372.0,,0.0,
0-20000-0-11519,RGLB_D,SUM,2012-06-06T00:00Z,17364.0,,0.0,
0-20000-0-11519,RGLB_D,SUM,2012-06-07T00:00Z,25757.0,,0.0,
0-20000-0-11519,RGLB_D,SUM,2012-06-08T00:00Z,18531.0,,0.0,
0-20000-0-11519,RGLB_D,SUM,2012-06-09T00:00Z,19582.0,,0.0,
0-20000-0-11519,RGLB_D,SUM,2012-06-10T00:00Z,7661.0,,0.0,
0-20000-0-11519,RGLB_D,SUM,2012-06-11T00:00Z,16284.0,,0.0,
0-20000-0-11519,RGLB_D,SUM,2012-06-12T00:00Z,17548.0,,0.0,
0-20000-0-11519,RGLB_D,SUM,2012-06-13T00:00Z,14688.0,,0.0,
0-20000-0-11519,RGLB_D,SUM,2012-06-14T00:00Z,7610.0,,0.0,
0-20000-0-11519,RGLB_D,SUM,2012-06-15T00:00Z,25815.0,,0.0,
0-20000-0-11519,RGLB_D,SUM,2012-06-16T00:00Z,26394.0,,0.0,
0-20000-0-11519,RGLB_D,SUM,2012-06-17T00:00Z,24033.0,,0.0,
0-20000-0-11519,RGLB_D,SUM,2012-06-18T00:00Z,24896.0,,0.0,
0-20000-0-11519,RGLB_D,SUM,2012-06-19T00:00Z,17721.0,,0.0,
0-20000-0-11519,RGLB_D,SUM,2012-06-20T00:00Z,18000.0,,0.0,
0-20000-0-11519,RGLB_D,SUM,2012-06-21T00:00Z,19365.0,,0.0,
0-20000-0-11519,RGLB_D,SUM,2012-06-22T00:00Z,24615.0,,0.0,
0-20000-0-11519,RGLB_D,SUM,2012-06-23T00:00Z,29197.0,,0.0,
0-20000-0-11519,RGLB_D,SUM,2012-06-24T00:00Z,25241.0,,0.0,
0-20000-0-11519,RGLB_D,SUM,2012-06-25T00:00Z,19004.0,,0.0,
0-20000-0-11519,RGLB_D,SUM,2012-06-26T00:00Z,20458.0,,0.0,
0-20000-0-11519,RGLB_D,SUM,2012-06-27T00:00Z,26363.0,,0.0,
0-20000-0-11519,RGLB_D,SUM,2012-06-28T00:00Z,22113.0,,0.0,
0-20000-0-11519,RGLB_D,SUM,2012-06-29T00:00Z,26140.0,,0.0,
0-20000-0-11519,RGLB_D,SUM,2012-06-30T00:00Z,22260.0,,0.0,
0-20000-0-11519,RGLB_D,SUM,2012-07-01T00:00Z,22571.0,,0.0,
0-20000-0-11519,RGLB_D,SUM,2012-07-02T00:00Z,18366.0,,0.0,
0-20000-0-11519,RGLB_D,SUM,2012-07-03T00:00Z,11256.0,,0.0,
0-20000-0-11519,RGLB_D,SUM,2012-07-04T00:00Z,15831.0,,0.0,
0-20000-0-11519,RGLB_D,SUM,2012-07-05T00:00Z,21829.0,,0.0,
0-20000-0-11519,RGLB_D,SUM,2012-07-06T00:00Z,24314.0,,0.0,
0-20000-0-11519,RGLB_D,SUM,2012-07-07T00:00Z,17788.0,,0.0,
0-20000-0-11519,RGLB_D,SUM,2012-07-08T00:00Z,24817.0,,0.0,
0-20000-0-11519,RGLB_D,SUM,2012-07-09T00:00Z,23446.0,,0.0,
0-20000-0-11519,RGLB_D,SUM,2012-07-10T00:00Z,23766.0,,0.0,
0-20000-0-11519,RGLB_D,SUM,2012-07-11T00:00Z,20571.0,,0.0,
0-20000-0-11519,RGLB_D,SUM,2012-07-12T00:00Z,20488.0,,0.0,
0-20000-0-11519,RGLB_D,SUM,2012-07-13T00:00Z,10642.0,,0.0,
0-20000-0-11519,RGLB_D,SUM,2012-07-14T00:00Z,19558.0,,0.0,
0-20000-0-11519,RGLB_D,SUM,2012-07-15T00:00Z,19200.0,,0.0,
0-20000-0-11519,RGLB_D,SUM,2012-07-16T00:00Z,10078.0,,0.0,
0-20000-0-11519,RGLB_D,SUM,2012-07-17T00:00Z,14092.0,,0.0,
0-20000-0-11519,RGLB_D,SUM,2012-07-18T00:00Z,17236.0,,0.0,
0-20000-0-11519,RGLB_D,SUM,2012-07-19T00:00Z,16630.0,,0.0,
0-20000-0-11519,RGLB_D,SUM,2012-07-20T00:00Z,12747.0,,0.0,
0-20000-0-11519,RGLB_D,SUM,2012-07-21T00:00Z,10865.0,,0.0,
0-20000-0-11519,RGLB_D,SUM,2012-07-22T00:00Z,18203.0,,0.0,
0-20000-0-11519,RGLB_D,SUM,2012-07-23T00:00Z,27862.0,,0.0,
0-20000-0-11519,RGLB_D,SUM,2012-07-24T00:00Z,26091.0,,0.0,
0-20000-0-11519,RGLB_D,SUM,2012-07-25T00:00Z,7400.0,,0.0,
0-20000-0-11519,RGLB_D,SUM,2012-07-26T00:00Z,22425.0,,0.0,
0-20000-0-11519,RGLB_D,SUM,2012-07-27T00:00Z,24151.0,,0.0,
0-20000-0-11519,RGLB_D,SUM,2012-07-28T00:00Z,20198.0,,0.0,
0-20000-0-11519,RGLB_D,SUM,2012-07-29T00:00Z,15942.0,,0.0,
0-20000-0-11519,RGLB_D,SUM,2012-07-30T00:00Z,23681.0,,0.0,
0-20000-0-11519,RGLB_D,SUM,2012-07-31T00:00Z,18567.0,,0.0,
0-20000-0-11519,RGLB_D,SUM,2012-08-01T00:00Z,24582.0,,0.0,
0-20000-0-11519,RGLB_D,SUM,2012-08-02T00:00Z,24931.0,,0.0,
0-20000-0-11519,RGLB_D,SUM,2012-08-03T00:00Z,13727.0,,0.0,
0-20000-0-11519,RGLB_D,SUM,2012-08-04T00:00Z,20818.0,,0.0,
0-20000-0-11519,RGLB_D,SUM,2012-08-05T00:00Z,20680.0,,0.0,
0-20000-0-11519,RGLB_D,SUM,2012-08-06T00:00Z,15888.0,,0.0,
0-20000-0-11519,RGLB_D,SUM,2012-08-07T00:00Z,17748.0,,0.0,
0-20000-0-11519,RGLB_D,SUM,2012-08-08T00:00Z,15509.0,,0.0,
0-20000-0-11519,RGLB_D,SUM,2012-08-09T00:00Z,14399.0,,0.0,
0-20000-0-11519,RGLB_D,SUM,2012-08-10T00:00Z,14327.0,,0.0,
0-20000-0-11519,RGLB_D,SUM,2012-08-11T00:00Z,12794.0,,0.0,
0-20000-0-11519,RGLB_D,SUM,2012-08-12T00:00Z,22224.0,,0.0,
0-20000-0-11519,RGLB_D,SUM,2012-08-13T00:00Z,21534.0,,0.0,
0-20000-0-11519,RGLB_D,SUM,2012-08-14T00:00Z,24649.0,,0.0,
0-20000-0-11519,RGLB_D,SUM,2012-08-15T00:00Z,24461.0,,0.0,
0-20000-0-11519,RGLB_D,SUM,2012-08-16T00:00Z,12528.0,,0.0,
0-20000-0-11519,RGLB_D,SUM,2012-08-17T00:00Z,21829.0,,0.0,
0-20000-0-11519,RGLB_D,SUM,2012-08-18T00:00Z,22934.0,,0.0,
0-20000-0-11519,RGLB_D,SUM,2012-08-19T00:00Z,23350.0,,0.0,
0-20000-0-11519,RGLB_D,SUM,2012-08-20T00:00Z,21989.0,,0.0,
0-20000-0-11519,RGLB_D,SUM,2012-08-21T00:00Z,17925.0,,0.0,
0-20000-0-11519,RGLB_D,SUM,2012-08-22T00:00Z,13205.0,,0.0,
0-20000-0-11519,RGLB_D,SUM,2012-08-23T00:00Z,22106.0,,0.0,
0-20000-0-11519,RGLB_D,SUM,2012-08-24T00:00Z,8460.0,,0.0,
0-20000-0-11519,RGLB_D,SUM,2012-08-25T00:00Z,14879.0,,0.0,
0-20000-0-11519,RGLB_D,SUM,2012-08-26T00:00Z,14517.0,,0.0,
0-20000-0-11519,RGLB_D,SUM,2012-08-27T00:00Z,13223.0,,0.0,
0-20000-0-11519,RGLB_D,SUM,2012-08-28T00:00Z,21411.0,,0.0,
0-20000-0-11519,RGLB_D,SUM,2012-08-29T00:00Z,17260.0,,0.0,
0-20000-0-11519,RGLB_D,SUM,2012-08-30T00:00Z,15236.0,,0.0,
0-20000-0-11519,RGLB_D,SUM,2012-08-31T00:00Z,3235.0,,0.0,
0-20000-0-11519,RGLB_D,SUM,2012-09-01T00:00Z,4517.0,,0.0,
0-20000-0-11519,RGLB_D,SUM,2012-09-02T00:00Z,8649.0,,0.0,
0-20000-0-11519,RGLB_D,SUM,2012-09-03T00:00Z,10946.0,,0.0,
0-20000-0-11519,RGLB_D,SUM,2012-09-04T00:00Z,16201.0,,0.0,
0-20000-0-11519,RGLB_D,SUM,2012-09-05T00:00Z,16497.0,,0.0,
0-20000-0-11519,RGLB_D,SUM,2012-09-06T00:00Z,12176.0,,0.0,
0-20000-0-11519,RGLB_D,SUM,2012-09-07T00:00Z,14952.0,,0.0,
0-20000-0-11519,RGLB_D,SUM,2012-09-08T00:00Z,17733.0,,0.0,
0-20000-0-11519,RGLB_D,SUM,2012-09-09T00:00Z,19066.0,,0.0,
0-20000-0-11519,RGLB_D,SUM,2012-09-10T00:00Z,17863.0,,0.0,
0-20000-0-11519,RGLB_D,SUM,2012-09-11T00:00Z,17386.0,,0.0,
0-20000-0-11519,RGLB_D,SUM,2012-09-12T00:00Z,2505.0,,0.0,
0-20000-0-11519,RGLB_D,SUM,2012-09-13T00:00Z,9728.0,,0.0,
0-20000-0-11519,RGLB_D,SUM,2012-09-14T00:00Z,17977.0,,0.0,
0-20000-0-11519,RGLB_D,SUM,2012-09-15T00:00Z,8352.0,,0.0,
0-20000-0-11519,RGLB_D,SUM,2012-09-16T00:00Z,15715.0,,0.0,
0-20000-0-11519,RGLB_D,SUM,2012-09-17T00:00Z,13692.0,,0.0,
0-20000-0-11519,RGLB_D,SUM,2012-09-18T00:00Z,15621.0,,0.0,
0-20000-0-11519,RGLB_D,SUM,2012-09-19T00:00Z,6994.0,,0.0,
0-20000-0-11519,RGLB_D,SUM,2012-09-20T00:00Z,15011.0,,0.0,
0-20000-0-11519,RGLB_D,SUM,2012-09-21T00:00Z,13194.0,,0.0,
0-20000-0-11519,RGLB_D,SUM,2012-09-22T00:00Z,9552.0,,0.0,
0-20000-0-11519,RGLB_D,SUM,2012-09-23T00:00Z,12136.0,,0.0,
0-20000-0-11519,RGLB_D,SUM,2012-09-24T00:00Z,10227.0,,0.0,
0-20000-0-11519,RGLB_D,SUM,2012-09-25T00:00Z,14656.0,,0.0,
0-20000-0-11519,RGLB_D,SUM,2012-09-26T00:00Z,11427.0,,0.0,
0-20000-0-11519,RGLB_D,SUM,2012-09-27T00:00Z,9588.0,,0.0,
0-20000-0-11519,RGLB_D,SUM,2012-09-28T00:00Z,10471.0,,0.0,
0-20000-0-11519,RGLB_D,SUM,2012-09-29T00:00Z,8390.0,,0.0,
0-20000-0-11519,RGLB_D,SUM,2012-09-30T00:00Z,14975.0,,0.0,
0-20000-0-11519,RGLB_D,SUM,2012-10-01T00:00Z,5256.0,,0.0,
0-20000-0-11519,RGLB_D,SUM,2012-10-02T00:00Z,7810.0,,0.0,
0-20000-0-11519,RGLB_D,SUM,2012-10-03T00:00Z,12471.0,,0.0,
0-20000-0-11519,RGLB_D,SUM,2012-10-04T00:00Z,5665.0,,0.0,
0-20000-0-11519,RGLB_D,SUM,2012-10-05T00:00Z,6911.0,,0.0,
0-20000-0-11519,RGLB_D,SUM,2012-10-06T00:00Z,9408.0,,0.0,
0-20000-0-11519,RGLB_D,SUM,2012-10-07T00:00Z,4461.0,,0.0,
0-20000-0-11519,RGLB_D,SUM,2012-10-08T00:00Z,9895.0,,0.0,
0-20000-0-11519,RGLB_D,SUM,2012-10-09T00:00Z,8732.0,,0.0,
0-20000-0-11519,RGLB_D,SUM,2012-10-10T00:00Z,7707.0,,0.0,
0-20000-0-11519,RGLB_D,SUM,2012-10-11T00:00Z,10724.0,,0.0,
0-20000-0-11519,RGLB_D,SUM,2012-10-12T00:00Z,5251.0,,0.0,
0-20000-0-11519,RGLB_D,SUM,2012-10-13T00:00Z,10147.0,,0.0,
0-20000-0-11519,RGLB_D,SUM,2012-10-14T00:00Z,6336.0,,0.0,
0-20000-0-11519,RGLB_D,SUM,2012-10-15T00:00Z,3694.0,,0.0,
0-20000-0-11519,RGLB_D,SUM,2012-10-16T00:00Z,4137.0,,0.0,
0-20000-0-11519,RGLB_D,SUM,2012-10-17T00:00Z,10817.0,,0.0,
0-20000-0-11519,RGLB_D,SUM,2012-10-18T00:00Z,8509.0,,0.0,
0-20000-0-11519,RGLB_D,SUM,2012-10-19T00:00Z,3517.0,,0.0,
0-20000-0-11519,RGLB_D,SUM,2012-10-20T00:00Z,2282.0,,0.0,
0-20000-0-11519,RGLB_D,SUM,2012-10-21T00:00Z,1521.0,,0.0,
0-20000-0-11519,RGLB_D,SUM,2012-10-22T00:00Z,1743.0,,0.0,
0-20000-0-11519,RGLB_D,SUM,2012-10-23T00:00Z,1579.0,,0.0,
0-20000-0-11519,RGLB_D,SUM,2012-10-24T00:00Z,933.0,,0.0,
0-20000-0-11519,RGLB_D,SUM,2012-10-25T00:00Z,2132.0,,0.0,
0-20000-0-11519,RGLB_D,SUM,2012-10-26T00:00Z,2419.0,,0.0,
0-20000-0-11519,RGLB_D,SUM,2012-10-27T00:00Z,925.0,,0.0,
0-20000-0-11519,RGLB_D,SUM,2012-10-28T00:00Z,6157.0,,0.0,
0-20000-0-11519,RGLB_D,SUM,2012-10-29T00:00Z,3608.0,,0.0,
0-20000-0-11519,RGLB_D,SUM,2012-10-30T00:00Z,2412.0,,0.0,
0-20000-0-11519,RGLB_D,SUM,2012-10-31T00:00Z,8282.0,,0.0,
0-20000-0-11519,RGLB_D,SUM,2012-11-01T00:00Z,1542.0,,0.0,
0-20000-0-11519,RGLB_D,SUM,2012-11-02T00:00Z,4987.0,,0.0,
0-20000-0-11519,RGLB_D,SUM,2012-11-03T00:00Z,4172.0,,0.0,
0-20000-0-11519,RGLB_D,SUM,2012-11-04T00:00Z,3578.0,,0.0,
0-20000-0-11519,RGLB_D,SUM,2012-11-05T00:00Z,3004.0,,0.0,
0-20000-0-11519,RGLB_D,SUM,2012-11-06T00:00Z,5735.0,,0.0,
0-20000-0-11519,RGLB_D,SUM,2012-11-07T00:00Z,2366.0,,0.0,
0-20000-0-11519,RGLB_D,SUM,2012-11-08T00:00Z,2860.0,,0.0,
0-20000-0-11519,RGLB_D,SUM,2012-11-09T00:00Z,3772.0,,0.0,
0-20000-0-11519,RGLB_D,SUM,2012-11-10T00:00Z,4648.0,,0.0,
0-20000-0-11519,RGLB_D,SUM,2012-11-11T00:00Z,1429.0,,0.0,
0-20000-0-11519,RGLB_D,SUM,2012-11-12T00:00Z,1812.0,,0.0,
0-20000-0-11519,RGLB_D,SUM,2012-11-13T00:00Z,6033.0,,0.0,
0-20000-0-11519,RGLB_D,SUM,2012-11-14T00:00Z,5087.0,,0.0,
0-20000-0-11519,RGLB_D,SUM,2012-11-15T00:00Z,2074.0,,0.0,
0-20000-0-11519,RGLB_D,SUM,2012-11-16T00:00Z,1171.0,,0.0,
0-20000-0-11519,RGLB_D,SUM,2012-11-17T00:00Z,1484.0,,0.0,
0-20000-0-11519,RGLB_D,SUM,2012-11-18T00:00Z,2180.0,,0.0,
0-20000-0-11519,RGLB_D,SUM,2012-11-19T00:00Z,4007.0,,0.0,
0-20000-0-11519,RGLB_D,SUM,2012-11-20T00:00Z,2091.0,,0.0,
0-20000-0-11519,RGLB_D,SUM,2012-11-21T00:00Z,1144.0,,0.0,
0-20000-0-11519,RGLB_D,SUM,2012-11-22T00:00Z,2497.0,,0.0,
0-20000-0-11519,RGLB_D,SUM,2012-11-23T00:00Z,2414.0,,0.0,
0-20000-0-11519,RGLB_D,SUM,2012-11-24T00:00Z,5211.0,,0.0,
0-20000-0-11519,RGLB_D,SUM,2012-11-25T00:00Z,3044.0,,0.0,
0-20000-0-11519,RGLB_D,SUM,2012-11-26T00:00Z,2793.0,,0.0,
0-20000-0-11519,RGLB_D,SUM,2012-11-27T00:00Z,684.0,,0.0,
0-20000-0-11519,RGLB_D,SUM,2012-11-28T00:00Z,771.0,,0.0,
0-20000-0-11519,RGLB_D,SUM,2012-11-29T00:00Z,670.0,,0.0,
0-20000-0-11519,RGLB_D,SUM,2012-11-30T00:00Z,1881.0,,0.0,
0-20000-0-11519,RGLB_D,SUM,2012-12-01T00:00Z,5088.0,,0.0,
0-20000-0-11519,RGLB_D,SUM,2012-12-02T00:00Z,2561.0,,0.0,
0-20000-0-11519,RGLB_D,SUM,2012-12-03T00:00Z,2467.0,,0.0,
0-20000-0-11519,RGLB_D,SUM,2012-12-04T00:00Z,1389.0,,0.0,
0-20000-0-11519,RGLB_D,SUM,2012-12-05T00:00Z,2275.0,,0.0,
0-20000-0-11519,RGLB_D,SUM,2012-12-06T00:00Z,2286.0,,0.0,
0-20000-0-11519,RGLB_D,SUM,2012-12-07T00:00Z,4762.0,,0.0,
0-20000-0-11519,RGLB_D,SUM,2012-12-08T00:00Z,4340.0,,0.0,
0-20000-0-11519,RGLB_D,SUM,2012-12-09T00:00Z,3899.0,,0.0,
0-20000-0-11519,RGLB_D,SUM,2012-12-10T00:00Z,1898.0,,0.0,
0-20000-0-11519,RGLB_D,SUM,2012-12-11T00:00Z,1844.0,,0.0,
0-20000-0-11519,RGLB_D,SUM,2012-12-12T00:00Z,3525.0,,0.0,
0-20000-0-11519,RGLB_D,SUM,2012-12-13T00:00Z,2942.0,,0.0,
0-20000-0-11519,RGLB_D,SUM,2012-12-14T00:00Z,2801.0,,0.0,
0-20000-0-11519,RGLB_D,SUM,2012-12-15T00:00Z,993.0,,0.0,
0-20000-0-11519,RGLB_D,SUM,2012-12-16T00:00Z,2943.0,,0.0,
0-20000-0-11519,RGLB_D,SUM,2012-12-17T00:00Z,953.0,,0.0,
0-20000-0-11519,RGLB_D,SUM,2012-12-18T00:00Z,1239.0,,0.0,
0-20000-0-11519,RGLB_D,SUM,2012-12-19T00:00Z,2163.0,,0.0,
0-20000-0-11519,RGLB_D,SUM,2012-12-20T00:00Z,715.0,,0.0,
0-20000-0-11519,RGLB_D,SUM,2012-12-21T00:00Z,384.0,,0.0,
0-20000-0-11519,RGLB_D,SUM,2012-12-22T00:00Z,1044.0,,0.0,
0-20000-0-11519,RGLB_D,SUM,2012-12-23T00:00Z,507.0,,0.0,
0-20000-0-11519,RGLB_D,SUM,2012-12-24T00:00Z,2484.0,,0.0,
0-20000-0-11519,RGLB_D,SUM,2012-12-25T00:00Z,2534.0,,0.0,
0-20000-0-11519,RGLB_D,SUM,2012-12-26T00:00Z,1643.0,,0.0,
0-20000-0-11519,RGLB_D,SUM,2012-12-27T00:00Z,1895.0,,0.0,
0-20000-0-11519,RGLB_D,SUM,2012-12-28T00:00Z,2927.0,,0.0,
0-20000-0-11519,RGLB_D,SUM,2012-12-29T00:00Z,3454.0,,0.0,
0-20000-0-11519,RGLB_D,SUM,2012-12-30T00:00Z,1778.0,,0.0,
0-20000-0-11519,RGLB_D,SUM,2012-12-31T00:00Z,3407.0,,0.0,
0-20000-0-11519,RGLB_D,SUM,2013-01-01T00:00Z,3293.0,,0.0,
0-20000-0-11519,RGLB_D,SUM,2013-01-02T00:00Z,3590.0,,0.0,
0-20000-0-11519,RGLB_D,SUM,2013-01-03T00:00Z,949.0,,0.0,
0-20000-0-11519,RGLB_D,SUM,2013-01-04T00:00Z,1908.0,,0.0,
0-20000-0-11519,RGLB_D,SUM,2013-01-05T00:00Z,1168.0,,0.0,
0-20000-0-11519,RGLB_D,SUM,2013-01-06T00:00Z,820.0,,0.0,
0-20000-0-11519,RGLB_D,SUM,2013-01-07T00:00Z,1483.0,,0.0,
0-20000-0-11519,RGLB_D,SUM,2013-01-08T00:00Z,980.0,,0.0,
0-20000-0-11519,RGLB_D,SUM,2013-01-09T00:00Z,1286.0,,0.0,
0-20000-0-11519,RGLB_D,SUM,2013-01-10T00:00Z,695.0,,0.0,
0-20000-0-11519,RGLB_D,SUM,2013-01-11T00:00Z,3015.0,,0.0,
0-20000-0-11519,RGLB_D,SUM,2013-01-12T00:00Z,3858.0,,0.0,
0-20000-0-11519,RGLB_D,SUM,2013-01-13T00:00Z,985.0,,0.0,
0-20000-0-11519,RGLB_D,SUM,2013-01-14T00:00Z,1516.0,,0.0,
0-20000-0-11519,RGLB_D,SUM,2013-01-15T00:00Z,2570.0,,0.0,
0-20000-0-11519,RGLB_D,SUM,2013-01-16T00:00Z,638.0,,0.0,
0-20000-0-11519,RGLB_D,SUM,2013-01-17T00:00Z,1837.0,,0.0,
0-20000-0-11519,RGLB_D,SUM,2013-01-18T00:00Z,1586.0,,0.0,
0-20000-0-11519,RGLB_D,SUM,2013-01-19T00:00Z,3267.0,,0.0,
0-20000-0-11519,RGLB_D,SUM,2013-01-20T00:00Z,1473.0,,0.0,
0-20000-0-11519,RGLB_D,SUM,2013-01-21T00:00Z,970.0,,0.0,
0-20000-0-11519,RGLB_D,SUM,2013-01-22T00:00Z,2097.0,,0.0,
0-20000-0-11519,RGLB_D,SUM,2013-01-23T00:00Z,1530.0,,0.0,
0-20000-0-11519,RGLB_D,SUM,2013-01-24T00:00Z,959.0,,0.0,
0-20000-0-11519,RGLB_D,SUM,2013-01-25T00:00Z,1821.0,,0.0,
0-20000-0-11519,RGLB_D,SUM,2013-01-26T00:00Z,3014.0,,0.0,
0-20000-0-11519,RGLB_D,SUM,2013-01-27T00:00Z,2148.0,,0.0,
0-20000-0-11519,RGLB_D,SUM,2013-01-28T00:00Z,4147.0,,0.0,
0-20000-0-11519,RGLB_D,SUM,2013-01-29T00:00Z,1315.0,,0.0,
0-20000-0-11519,RGLB_D,SUM,2013-01-30T00:00Z,2820.0,,0.0,
0-20000-0-11519,RGLB_D,SUM,2013-01-31T00:00Z,5171.0,,0.0,
0-20000-0-11519,RGLB_D,SUM,2013-02-01T00:00Z,3110.0,,0.0,
0-20000-0-11519,RGLB_D,SUM,2013-02-02T00:00Z,3275.0,,0.0,
0-20000-0-11519,RGLB_D,SUM,2013-02-03T00:00Z,5508.0,,0.0,
0-20000-0-11519,RGLB_D,SUM,2013-02-04T00:00Z,2357.0,,0.0,
0-20000-0-11519,RGLB_D,SUM,2013-02-05T00:00Z,2718.0,,0.0,
0-20000-0-11519,RGLB_D,SUM,2013-02-06T00:00Z,7608.0,,0.0,
0-20000-0-11519,RGLB_D,SUM,2013-02-07T00:00Z,4668.0,,0.0,
0-20000-0-11519,RGLB_D,SUM,2013-02-08T00:00Z,5187.0,,0.0,
0-20000-0-11519,RGLB_D,SUM,2013-02-09T00:00Z,4627.0,,0.0,
0-20000-0-11519,RGLB_D,SUM,2013-02-10T00:00Z,5158.0,,0.0,
0-20000-0-11519,RGLB_D,SUM,2013-02-11T00:00Z,1418.0,,0.0,
0-20000-0-11519,RGLB_D,SUM,2013-02-12T00:00Z,1874.0,,0.0,
0-20000-0-11519,RGLB_D,SUM,2013-02-13T00:00Z,3373.0,,0.0,
0-20000-0-11519,RGLB_D,SUM,2013-02-14T00:00Z,2490.0,,0.0,
0-20000-0-11519,RGLB_D,SUM,2013-02-15T00:00Z,1884.0,,0.0,
0-20000-0-11519,RGLB_D,SUM,2013-02-16T00:00Z,3609.0,,0.0,
0-20000-0-11519,RGLB_D,SUM,2013-02-17T00:00Z,2684.0,,0.0,
0-20000-0-11519,RGLB_D,SUM,2013-02-18T00:00Z,2437.0,,0.0,
0-20000-0-11519,RGLB_D,SUM,2013-02-19T00:00Z,2436.0,,0.0,
0-20000-0-11519,RGLB_D,SUM,2013-02-20T00:00Z,4932.0,,0.0,
0-20000-0-11519,RGLB_D,SUM,2013-02-21T00:00Z,3569.0,,0.0,
0-20000-0-11519,RGLB_D,SUM,2013-02-22T00:00Z,4389.0,,0.0,
0-20000-0-11519,RGLB_D,SUM,2013-02-23T00:00Z,2497.0,,0.0,
0-20000-0-11519,RGLB_D,SUM,2013-02-24T00:00Z,6818.0,,0.0,
0-20000-0-11519,RGLB_D,SUM,2013-02-25T00:00Z,2206.0,,0.0,
0-20000-0-11519,RGLB_D,SUM,2013-02-26T00:00Z,3493.0,,0.0,
0-20000-0-11519,RGLB_D,SUM,2013-02-27T00:00Z,2163.0,,0.0,
0-20000-0-11519,RGLB_D,SUM,2013-02-28T00:00Z,3197.0,,0.0,
0-20000-0-11519,RGLB_D,SUM,2013-03-01T00:00Z,2888.0,,0.0,
0-20000-0-11519,RGLB_D,SUM,2013-03-02T00:00Z,11371.0,,0.0,
0-20000-0-11519,RGLB_D,SUM,2013-03-03T00:00Z,6130.0,,0.0,
0-20000-0-11519,RGLB_D,SUM,2013-03-04T00:00Z,13652.0,,0.0,
0-20000-0-11519,RGLB_D,SUM,2013-03-05T00:00Z,13743.0,,0.0,
0-20000-0-11519,RGLB_D,SUM,2013-03-06T00:00Z,12560.0,,0.0,
0-20000-0-11519,RGLB_D,SUM,2013-03-07T00:00Z,5312.0,,0.0,
0-20000-0-11519,RGLB_D,SUM,2013-03-08T00:00Z,2587.0,,0.0,
0-20000-0-11519,RGLB_D,SUM,2013-03-09T00:00Z,1588.0,,0.0,
0-20000-0-11519,RGLB_D,SUM,2013-03-10T00:00Z,8943.0,,0.0,
0-20000-0-11519,RGLB_D,SUM,2013-03-11T00:00Z,4572.0,,0.0,
0-20000-0-11519,RGLB_D,SUM,2013-03-12T00:00Z,2511.0,,0.0,
0-20000-0-11519,RGLB_D,SUM,2013-03-13T00:00Z,4999.0,,0.0,
0-20000-0-11519,RGLB_D,SUM,2013-03-14T00:00Z,14476.0,,0.0,
0-20000-0-11519,RGLB_D,SUM,2013-03-15T00:00Z,10814.0,,0.0,
0-20000-0-11519,RGLB_D,SUM,2013-03-16T00:00Z,16346.0,,0.0,
0-20000-0-11519,RGLB_D,SUM,2013-03-17T00:00Z,15142.0,,0.0,
0-20000-0-11519,RGLB_D,SUM,2013-03-18T00:00Z,6799.0,,0.0,
0-20000-0-11519,RGLB_D,SUM,2013-03-19T00:00Z,5469.0,,0.0,
0-20000-0-11519,RGLB_D,SUM,2013-03-20T00:00Z,16590.0,,0.0,
0-20000-0-11519,RGLB_D,SUM,2013-03-21T00:00Z,4885.0,,0.0,
0-20000-0-11519,RGLB_D,SUM,2013-03-22T00:00Z,7415.0,,0.0,
0-20000-0-11519,RGLB_D,SUM,2013-03-23T00:00Z,15960.0,,0.0,
0-20000-0-11519,RGLB_D,SUM,2013-03-24T00:00Z,17448.0,,0.0,
0-20000-0-11519,RGLB_D,SUM,2013-03-25T00:00Z,9529.0,,0.0,
0-20000-0-11519,RGLB_D,SUM,2013-03-26T00:00Z,7034.0,,0.0,
0-20000-0-11519,RGLB_D,SUM,2013-03-27T00:00Z,6029.0,,0.0,
0-20000-0-11519,RGLB_D,SUM,2013-03-28T00:00Z,5729.0,,0.0,
0-20000-0-11519,RGLB_D,SUM,2013-03-29T00:00Z,10402.0,,0.0,
0-20000-0-11519,RGLB_D,SUM,2013-03-30T00:00Z,12902.0,,0.0,
0-20000-0-11519,RGLB_D,SUM,2013-03-31T00:00Z,5163.0,,0.0,
0-20000-0-11519,RGLB_D,SUM,2013-04-01T00:00Z,10246.0,,0.0,
0-20000-0-11519,RGLB_D,SUM,2013-04-02T00:00Z,8452.0,,0.0,
0-20000-0-11519,RGLB_D,SUM,2013-04-03T00:00Z,5709.0,,0.0,
0-20000-0-11519,RGLB_D,SUM,2013-04-04T00:00Z,5507.0,,0.0,
0-20000-0-11519,RGLB_D,SUM,2013-04-05T00:00Z,2876.0,,0.0,
0-20000-0-11519,RGLB_D,SUM,2013-04-06T00:00Z,4342.0,,0.0,
0-20000-0-11519,RGLB_D,SUM,2013-04-07T00:00Z,6284.0,,0.0,
0-20000-0-11519,RGLB_D,SUM,2013-04-08T00:00Z,18714.0,,0.0,
0-20000-0-11519,RGLB_D,SUM,2013-04-09T00:00Z,10776.0,,0.0,
0-20000-0-11519,RGLB_D,SUM,2013-04-10T00:00Z,10427.0,,0.0,
0-20000-0-11519,RGLB_D,SUM,2013-04-11T00:00Z,9050.0,,0.0,
0-20000-0-11519,RGLB_D,SUM,2013-04-12T00:00Z,10665.0,,0.0,
0-20000-0-11519,RGLB_D,SUM,2013-04-13T00:00Z,13223.0,,0.0,
0-20000-0-11519,RGLB_D,SUM,2013-04-14T00:00Z,14491.0,,0.0,
0-20000-0-11519,RGLB_D,SUM,2013-04-15T00:00Z,21429.0,,0.0,
0-20000-0-11519,RGLB_D,SUM,2013-04-16T00:00Z,17404.0,,0.0,
0-20000-0-11519,RGLB_D,SUM,2013-04-17T00:00Z,14878.0,,0.0,
0-20000-0-11519,RGLB_D,SUM,2013-04-18T00:00Z,18318.0,,0.0,
0-20000-0-11519,RGLB_D,SUM,2013-04-19T00:00Z,8585.0,,0.0,
0-20000-0-11519,RGLB_D,SUM,2013-04-20T00:00Z,6231.0,,0.0,
0-20000-0-11519,RGLB_D,SUM,2013-04-21T00:00Z,20165.0,,0.0,
0-20000-0-11519,RGLB_D,SUM,2013-04-22T00:00Z,18791.0,,0.0,
0-20000-0-11519,RGLB_D,SUM,2013-04-23T00:00Z,18992.0,,0.0,
0-20000-0-11519,RGLB_D,SUM,2013-04-24T00:00Z,22796.0,,0.0,
0-20000-0-11519,RGLB_D,SUM,2013-04-25T00:00Z,19467.0,,0.0,
0-20000-0-11519,RGLB_D,SUM,2013-04-26T00:00Z,22929.0,,0.0,
0-20000-0-11519,RGLB_D,SUM,2013-04-27T00:00Z,14359.0,,0.0,
0-20000-0-11519,RGLB_D,SUM,2013-04-28T00:00Z,8059.0,,0.0,
0-20000-0-11519,RGLB_D,SUM,2013-04-29T00:00Z,6739.0,,0.0,
0-20000-0-11519,RGLB_D,SUM,2013-04-30T00:00Z,12344.0,,0.0,
0-20000-0-11519,RGLB_D,SUM,2013-05-01T00:00Z,6886.0,,0.0,
0-20000-0-11519,RGLB_D,SUM,2013-05-02T00:00Z,8878.0,,0.0,
0-20000-0-11519,RGLB_D,SUM,2013-05-03T00:00Z,5193.0,,0.0,
0-20000-0-11519,RGLB_D,SUM,2013-05-04T00:00Z,13755.0,,0.0,
0-20000-0-11519,RGLB_D,SUM,2013-05-05T00:00Z,13015.0,,0.0,
0-20000-0-11519,RGLB_D,SUM,2013-05-06T00:00Z,10084.0,,0.0,
0-20000-0-11519,RGLB_D,SUM,2013-05-07T00:00Z,13007.0,,0.0,
0-20000-0-11519,RGLB_D,SUM,2013-05-08T00:00Z,16659.0,,0.0,
0-20000-0-11519,RGLB_D,SUM,2013-05-09T00:00Z,16065.0,,0.0,
0-20000-0-11519,RGLB_D,SUM,2013-05-10T00:00Z,3646.0,,0.0,
0-20000-0-11519,RGLB_D,SUM,2013-05-11T00:00Z,6799.0,,0.0,
0-20000-0-11519,RGLB_D,SUM,2013-05-12T00:00Z,18815.0,,0.0,
0-20000-0-11519,RGLB_D,SUM,2013-05-13T00:00Z,17355.0,,0.0,
0-20000-0-11519,RGLB_D,SUM,2013-05-14T00:00Z,19002.0,,0.0,
0-20000-0-11519,RGLB_D,SUM,2013-05-15T00:00Z,26978.0,,0.0,
0-20000-0-11519,RGLB_D,SUM,2013-05-16T00:00Z,22576.0,,0.0,
0-20000-0-11519,RGLB_D,SUM,2013-05-17T00:00Z,19171.0,,0.0,
0-20000-0-11519,RGLB_D,SUM,2013-05-18T00:00Z,17247.0,,0.0,
0-20000-0-11519,RGLB_D,SUM,2013-05-19T00:00Z,26849.0,,0.0,
0-20000-0-11519,RGLB_D,SUM,2013-05-20T00:00Z,20134.0,,0.0,
0-20000-0-11519,RGLB_D,SUM,2013-05-21T00:00Z,22170.0,,0.0,
0-20000-0-11519,RGLB_D,SUM,2013-05-22T00:00Z,12234.0,,0.0,
0-20000-0-11519,RGLB_D,SUM,2013-05-23T00:00Z,11562.0,,0.0,
0-20000-0-11519,RGLB_D,SUM,2013-05-24T00:00Z,13875.0,,0.0,
0-20000-0-11519,RGLB_D,SUM,2013-05-25T00:00Z,10876.0,,0.0,
0-20000-0-11519,RGLB_D,SUM,2013-05-26T00:00Z,8847.0,,0.0,
0-20000-0-11519,RGLB_D,SUM,2013-05-27T00:00Z,9880.0,,0.0,
0-20000-0-11519,RGLB_D,SUM,2013-05-28T00:00Z,20629.0,,0.0,
0-20000-0-11519,RGLB_D,SUM,2013-05-29T00:00Z,13119.0,,0.0,
0-20000-0-11519,RGLB_D,SUM,2013-05-30T00:00Z,3182.0,,0.0,
0-20000-0-11519,RGLB_D,SUM,2013-05-31T00:00Z,8794.0,,0.0,
0-20000-0-11519,RGLB_D,SUM,2013-06-01T00:00Z,3150.0,,0.0,
0-20000-0-11519,RGLB_D,SUM,2013-06-02T00:00Z,3320.0,,0.0,
0-20000-0-11519,RGLB_D,SUM,2013-06-03T00:00Z,2704.0,,0.0,
0-20000-0-11519,RGLB_D,SUM,2013-06-04T00:00Z,12830.0,,0.0,
0-20000-0-11519,RGLB_D,SUM,2013-06-05T00:00Z,23489.0,,0.0,
0-20000-0-11519,RGLB_D,SUM,2013-06-06T00:00Z,12385.0,,0.0,
0-20000-0-11519,RGLB_D,SUM,2013-06-07T00:00Z,25828.0,,0.0,
0-20000-0-11519,RGLB_D,SUM,2013-06-08T00:00Z,22874.0,,0.0,
0-20000-0-11519,RGLB_D,SUM,2013-06-09T00:00Z,17248.0,,0.0,
0-20000-0-11519,RGLB_D,SUM,2013-06-10T00:00Z,4451.0,,0.0,
0-20000-0-11519,RGLB_D,SUM,2013-06-11T00:00Z,29140.0,,0.0,
0-20000-0-11519,RGLB_D,SUM,2013-06-12T00:00Z,23207.0,,0.0,
0-20000-0-11519,RGLB_D,SUM,2013-06-13T00:00Z,28456.0,,0.0,
0-20000-0-11519,RGLB_D,SUM,2013-06-14T00:00Z,18746.0,,0.0,
0-20000-0-11519,RGLB_D,SUM,2013-06-15T00:00Z,20753.0,,0.0,
0-20000-0-11519,RGLB_D,SUM,2013-06-16T00:00Z,27124.0,,0.0,
0-20000-0-11519,RGLB_D,SUM,2013-06-17T00:00Z,27027.0,,0.0,
0-20000-0-11519,RGLB_D,SUM,2013-06-18T00:00Z,25776.0,,0.0,
0-20000-0-11519,RGLB_D,SUM,2013-06-19T00:00Z,27206.0,,0.0,
0-20000-0-11519,RGLB_D,SUM,2013-06-20T00:00Z,24685.0,,0.0,
0-20000-0-11519,RGLB_D,SUM,2013-06-21T00:00Z,27128.0,,0.0,
0-20000-0-11519,RGLB_D,SUM,2013-06-22T00:00Z,23222.0,,0.0,
0-20000-0-11519,RGLB_D,SUM,2013-06-23T00:00Z,22006.0,,0.0,
0-20000-0-11519,RGLB_D,SUM,2013-06-24T00:00Z,5437.0,,0.0,
0-20000-0-11519,RGLB_D,SUM,2013-06-25T00:00Z,6762.0,,0.0,
0-20000-0-11519,RGLB_D,SUM,2013-06-26T00:00Z,8360.0,,0.0,
0-20000-0-11519,RGLB_D,SUM,2013-06-27T00:00Z,14746.0,,0.0,
0-20000-0-11519,RGLB_D,SUM,2013-06-28T00:00Z,22518.0,,0.0,
0-20000-0-11519,RGLB_D,SUM,2013-06-29T00:00Z,17820.0,,0.0,
0-20000-0-11519,RGLB_D,SUM,2013-06-30T00:00Z,22807.0,,0.0,
0-20000-0-11519,RGLB_D,SUM,2013-07-01T00:00Z,27422.0,,0.0,
0-20000-0-11519,RGLB_D,SUM,2013-07-02T00:00Z,27718.0,,0.0,
0-20000-0-11519,RGLB_D,SUM,2013-07-03T00:00Z,14523.0,,0.0,
0-20000-0-11519,RGLB_D,SUM,2013-07-04T00:00Z,17981.0,,0.0,
0-20000-0-11519,RGLB_D,SUM,2013-07-05T00:00Z,14170.0,,0.0,
0-20000-0-11519,RGLB_D,SUM,2013-07-06T00:00Z,15512.0,,0.0,
0-20000-0-11519,RGLB_D,SUM,2013-07-07T00:00Z,25102.0,,0.0,
0-20000-0-11519,RGLB_D,SUM,2013-07-08T00:00Z,24316.0,,0.0,
0-20000-0-11519,RGLB_D,SUM,2013-07-09T00:00Z,24950.0,,0.0,
0-20000-0-11519,RGLB_D,SUM,2013-07-10T00:00Z,25284.0,,0.0,
0-20000-0-11519,RGLB_D,SUM,2013-07-11T00:00Z,11429.0,,0.0,
0-20000-0-11519,RGLB_D,SUM,2013-07-12T00:00Z,18367.0,,0.0,
0-20000-0-11519,RGLB_D,SUM,2013-07-13T00:00Z,24548.0,,0.0,
0-20000-0-11519,RGLB_D,SUM,2013-07-14T00:00Z,24614.0,,0.0,
0-20000-0-11519,RGLB_D,SUM,2013-07-15T00:00Z,22974.0,,0.0,
0-20000-0-11519,RGLB_D,SUM,2013-07-16T00:00Z,27365.0,,0.0,
0-20000-0-11519,RGLB_D,SUM,2013-07-17T00:00Z,25270.0,,0.0,
0-20000-0-11519,RGLB_D,SUM,2013-07-18T00:00Z,23427.0,,0.0,
0-20000-0-11519,RGLB_D,SUM,2013-07-19T00:00Z,24892.0,,0.0,
0-20000-0-11519,RGLB_D,SUM,2013-07-20T00:00Z,19942.0,,0.0,
0-20000-0-11519,RGLB_D,SUM,2013-07-21T00:00Z,27995.0,,0.0,
0-20000-0-11519,RGLB_D,SUM,2013-07-22T00:00Z,27789.0,,0.0,
0-20000-0-11519,RGLB_D,SUM,2013-07-23T00:00Z,24855.0,,0.0,
0-20000-0-11519,RGLB_D,SUM,2013-07-24T00:00Z,24998.0,,0.0,
0-20000-0-11519,RGLB_D,SUM,2013-07-25T00:00Z,16934.0,,0.0,
0-20000-0-11519,RGLB_D,SUM,2013-07-26T00:00Z,24122.0,,0.0,
0-20000-0-11519,RGLB_D,SUM,2013-07-27T00:00Z,25683.0,,0.0,
0-20000-0-11519,RGLB_D,SUM,2013-07-28T00:00Z,25788.0,,0.0,
0-20000-0-11519,RGLB_D,SUM,2013-07-29T00:00Z,19693.0,,0.0,
0-20000-0-11519,RGLB_D,SUM,2013-07-30T00:00Z,15953.0,,0.0,
0-20000-0-11519,RGLB_D,SUM,2013-07-31T00:00Z,14116.0,,0.0,
0-20000-0-11519,RGLB_D,SUM,2013-08-01T00:00Z,25985.0,,0.0,
0-20000-0-11519,RGLB_D,SUM,2013-08-02T00:00Z,26073.0,,0.0,
0-20000-0-11519,RGLB_D,SUM,2013-08-03T00:00Z,24400.0,,0.0,
0-20000-0-11519,RGLB_D,SUM,2013-08-04T00:00Z,21020.0,,0.0,
0-20000-0-11519,RGLB_D,SUM,2013-08-05T00:00Z,24817.0,,0.0,
0-20000-0-11519,RGLB_D,SUM,2013-08-06T00:00Z,21571.0,,0.0,
0-20000-0-11519,RGLB_D,SUM,2013-08-07T00:00Z,23016.0,,0.0,
0-20000-0-11519,RGLB_D,SUM,2013-08-08T00:00Z,15789.0,,0.0,
0-20000-0-11519,RGLB_D,SUM,2013-08-09T00:00Z,7898.0,,0.0,
0-20000-0-11519,RGLB_D,SUM,2013-08-10T00:00Z,19080.0,,0.0,
0-20000-0-11519,RGLB_D,SUM,2013-08-11T00:00Z,17737.0,,0.0,
0-20000-0-11519,RGLB_D,SUM,2013-08-12T00:00Z,19954.0,,0.0,
0-20000-0-11519,RGLB_D,SUM,2013-08-13T00:00Z,19093.0,,0.0,
0-20000-0-11519,RGLB_D,SUM,2013-08-14T00:00Z,20621.0,,0.0,
0-20000-0-11519,RGLB_D,SUM,2013-08-15T00:00Z,24328.0,,0.0,
0-20000-0-11519,RGLB_D,SUM,2013-08-16T00:00Z,23760.0,,0.0,
0-20000-0-11519,RGLB_D,SUM,2013-08-17T00:00Z,23351.0,,0.0,
0-20000-0-11519,RGLB_D,SUM,2013-08-18T00:00Z,19119.0,,0.0,
0-20000-0-11519,RGLB_D,SUM,2013-08-19T00:00Z,5915.0,,0.0,
0-20000-0-11519,RGLB_D,SUM,2013-08-20T00:00Z,7268.0,,0.0,
0-20000-0-11519,RGLB_D,SUM,2013-08-21T00:00Z,20253.0,,0.0,
0-20000-0-11519,RGLB_D,SUM,2013-08-22T00:00Z,18927.0,,0.0,
0-20000-0-11519,RGLB_D,SUM,2013-08-23T00:00Z,18161.0,,0.0,
0-20000-0-11519,RGLB_D,SUM,2013-08-24T00:00Z,17924.0,,0.0,
0-20000-0-11519,RGLB_D,SUM,2013-08-25T00:00Z,2591.0,,0.0,
0-20000-0-11519,RGLB_D,SUM,2013-08-26T00:00Z,4804.0,,0.0,
0-20000-0-11519,RGLB_D,SUM,2013-08-27T00:00Z,6461.0,,0.0,
0-20000-0-11519,RGLB_D,SUM,2013-08-28T00:00Z,10760.0,,0.0,
0-20000-0-11519,RGLB_D,SUM,2013-08-29T00:00Z,18338.0,,0.0,
0-20000-0-11519,RGLB_D,SUM,2013-08-30T00:00Z,18452.0,,0.0,
0-20000-0-11519,RGLB_D,SUM,2013-08-31T00:00Z,16577.0,,0.0,
0-20000-0-11519,RGLB_D,SUM,2013-09-01T00:00Z,14225.0,,0.0,
0-20000-0-11519,RGLB_D,SUM,2013-09-02T00:00Z,10247.0,,0.0,
0-20000-0-11519,RGLB_D,SUM,2013-09-03T00:00Z,6585.0,,0.0,
0-20000-0-11519,RGLB_D,SUM,2013-09-04T00:00Z,14308.0,,0.0,
0-20000-0-11519,RGLB_D,SUM,2013-09-05T00:00Z,16495.0,,0.0,
0-20000-0-11519,RGLB_D,SUM,2013-09-06T00:00Z,20119.0,,0.0,
0-20000-0-11519,RGLB_D,SUM,2013-09-07T00:00Z,20135.0,,0.0,
0-20000-0-11519,RGLB_D,SUM,2013-09-08T00:00Z,16576.0,,0.0,
0-20000-0-11519,RGLB_D,SUM,2013-09-09T00:00Z,10989.0,,0.0,
0-20000-0-11519,RGLB_D,SUM,2013-09-10T00:00Z,8508.0,,0.0,
0-20000-0-11519,RGLB_D,SUM,2013-09-11T00:00Z,10799.0,,0.0,
0-20000-0-11519,RGLB_D,SUM,2013-09-12T00:00Z,8956.0,,0.0,
0-20000-0-11519,RGLB_D,SUM,2013-09-13T00:00Z,9500.0,,0.0,
0-20000-0-11519,RGLB_D,SUM,2013-09-14T00:00Z,14664.0,,0.0,
0-20000-0-11519,RGLB_D,SUM,2013-09-15T00:00Z,8168.0,,0.0,
0-20000-0-11519,RGLB_D,SUM,2013-09-16T00:00Z,4292.0,,0.0,
0-20000-0-11519,RGLB_D,SUM,2013-09-17T00:00Z,8917.0,,0.0,
0-20000-0-11519,RGLB_D,SUM,2013-09-18T00:00Z,4438.0,,0.0,
0-20000-0-11519,RGLB_D,SUM,2013-09-19T00:00Z,11002.0,,0.0,
0-20000-0-11519,RGLB_D,SUM,2013-09-20T00:00Z,5393.0,,0.0,
0-20000-0-11519,RGLB_D,SUM,2013-09-21T00:00Z,6954.0,,0.0,
0-20000-0-11519,RGLB_D,SUM,2013-09-22T00:00Z,9589.0,,0.0,
0-20000-0-11519,RGLB_D,SUM,2013-09-23T00:00Z,4394.0,,0.0,
0-20000-0-11519,RGLB_D,SUM,2013-09-24T00:00Z,6360.0,,0.0,
0-20000-0-11519,RGLB_D,SUM,2013-09-25T00:00Z,9373.0,,0.0,
0-20000-0-11519,RGLB_D,SUM,2013-09-26T00:00Z,6691.0,,0.0,
0-20000-0-11519,RGLB_D,SUM,2013-09-27T00:00Z,12485.0,,0.0,
0-20000-0-11519,RGLB_D,SUM,2013-09-28T00:00Z,14552.0,,0.0,
0-20000-0-11519,RGLB_D,SUM,2013-09-29T00:00Z,15635.0,,0.0,
0-20000-0-11519,RGLB_D,SUM,2013-09-30T00:00Z,15575.0,,0.0,
0-20000-0-11519,RGLB_D,SUM,2013-10-01T00:00Z,14960.0,,0.0,
0-20000-0-11519,RGLB_D,SUM,2013-10-02T00:00Z,12309.0,,0.0,
0-20000-0-11519,RGLB_D,SUM,2013-10-03T00:00Z,14822.0,,0.0,
0-20000-0-11519,RGLB_D,SUM,2013-10-04T00:00Z,13926.0,,0.0,
0-20000-0-11519,RGLB_D,SUM,2013-10-05T00:00Z,12484.0,,0.0,
0-20000-0-11519,RGLB_D,SUM,2013-10-06T00:00Z,9081.0,,0.0,
0-20000-0-11519,RGLB_D,SUM,2013-10-07T00:00Z,4073.0,,0.0,
0-20000-0-11519,RGLB_D,SUM,2013-10-08T00:00Z,9066.0,,0.0,
0-20000-0-11519,RGLB_D,SUM,2013-10-09T00:00Z,4012.0,,0.0,
0-20000-0-11519,RGLB_D,SUM,2013-10-10T00:00Z,7413.0,,0.0,
0-20000-0-11519,RGLB_D,SUM,2013-10-11T00:00Z,875.0,,0.0,
0-20000-0-11519,RGLB_D,SUM,2013-10-12T00:00Z,2864.0,,0.0,
0-20000-0-11519,RGLB_D,SUM,2013-10-13T00:00Z,10457.0,,0.0,
0-20000-0-11519,RGLB_D,SUM,2013-10-14T00:00Z,9638.0,,0.0,
0-20000-0-11519,RGLB_D,SUM,2013-10-15T00:00Z,4988.0,,0.0,
0-20000-0-11519,RGLB_D,SUM,2013-10-16T00:00Z,4900.0,,0.0,
0-20000-0-11519,RGLB_D,SUM,2013-10-17T00:00Z,6537.0,,0.0,
0-20000-0-11519,RGLB_D,SUM,2013-10-18T00:00Z,3199.0,,0.0,
0-20000-0-11519,RGLB_D,SUM,2013-10-19T00:00Z,10701.0,,0.0,
0-20000-0-11519,RGLB_D,SUM,2013-10-20T00:00Z,7433.0,,0.0,
0-20000-0-11519,RGLB_D,SUM,2013-10-21T00:00Z,8053.0,,0.0,
0-20000-0-11519,RGLB_D,SUM,2013-10-22T00:00Z,8339.0,,0.0,
0-20000-0-11519,RGLB_D,SUM,2013-10-23T00:00Z,6113.0,,0.0,
0-20000-0-11519,RGLB_D,SUM,2013-10-24T00:00Z,9403.0,,0.0,
0-20000-0-11519,RGLB_D,SUM,2013-10-25T00:00Z,4614.0,,0.0,
0-20000-0-11519,RGLB_D,SUM,2013-10-26T00:00Z,7677.0,,0.0,
0-20000-0-11519,RGLB_D,SUM,2013-10-27T00:00Z,3880.0,,0.0,
0-20000-0-11519,RGLB_D,SUM,2013-10-28T00:00Z,5922.0,,0.0,
0-20000-0-11519,RGLB_D,SUM,2013-10-29T00:00Z,3428.0,,0.0,
0-20000-0-11519,RGLB_D,SUM,2013-10-30T00:00Z,6687.0,,0.0,
0-20000-0-11519,RGLB_D,SUM,2013-10-31T00:00Z,8785.0,,0.0,
0-20000-0-11519,RGLB_D,SUM,2013-11-01T00:00Z,4914.0,,0.0,
0-20000-0-11519,RGLB_D,SUM,2013-11-02T00:00Z,2562.0,,0.0,
0-20000-0-11519,RGLB_D,SUM,2013-11-03T00:00Z,1345.0,,0.0,
0-20000-0-11519,RGLB_D,SUM,2013-11-04T00:00Z,4918.0,,0.0,
0-20000-0-11519,RGLB_D,SUM,2013-11-05T00:00Z,3770.0,,0.0,
0-20000-0-11519,RGLB_D,SUM,2013-11-06T00:00Z,3839.0,,0.0,
0-20000-0-11519,RGLB_D,SUM,2013-11-07T00:00Z,4527.0,,0.0,
0-20000-0-11519,RGLB_D,SUM,2013-11-08T00:00Z,3889.0,,0.0,
0-20000-0-11519,RGLB_D,SUM,2013-11-09T00:00Z,2067.0,,0.0,
0-20000-0-11519,RGLB_D,SUM,2013-11-10T00:00Z,3708.0,,0.0,
0-20000-0-11519,RGLB_D,SUM,2013-11-11T00:00Z,2350.0,,0.0,
0-20000-0-11519,RGLB_D,SUM,2013-11-12T00:00Z,6779.0,,0.0,
0-20000-0-11519,RGLB_D,SUM,2013-11-13T00:00Z,1401.0,,0.0,
0-20000-0-11519,RGLB_D,SUM,2013-11-14T00:00Z,2244.0,,0.0,
0-20000-0-11519,RGLB_D,SUM,2013-11-15T00:00Z,1374.0,,0.0,
0-20000-0-11519,RGLB_D,SUM,2013-11-16T00:00Z,4827.0,,0.0,
0-20000-0-11519,RGLB_D,SUM,2013-11-17T00:00Z,1073.0,,0.0,
0-20000-0-11519,RGLB_D,SUM,2013-11-18T00:00Z,971.0,,0.0,
0-20000-0-11519,RGLB_D,SUM,2013-11-19T00:00Z,1070.0,,0.0,
0-20000-0-11519,RGLB_D,SUM,2013-11-20T00:00Z,733.0,,0.0,
0-20000-0-11519,RGLB_D,SUM,2013-11-21T00:00Z,790.0,,0.0,
0-20000-0-11519,RGLB_D,SUM,2013-11-22T00:00Z,1826.0,,0.0,
0-20000-0-11519,RGLB_D,SUM,2013-11-23T00:00Z,1944.0,,0.0,
0-20000-0-11519,RGLB_D,SUM,2013-11-24T00:00Z,893.0,,0.0,
0-20000-0-11519,RGLB_D,SUM,2013-11-25T00:00Z,3093.0,,0.0,
0-20000-0-11519,RGLB_D,SUM,2013-11-26T00:00Z,4008.0,,0.0,
0-20000-0-11519,RGLB_D,SUM,2013-11-27T00:00Z,5721.0,,0.0,
0-20000-0-11519,RGLB_D,SUM,2013-11-28T00:00Z,1175.0,,0.0,
0-20000-0-11519,RGLB_D,SUM,2013-11-29T00:00Z,1553.0,,0.0,
0-20000-0-11519,RGLB_D,SUM,2013-11-30T00:00Z,2357.0,,0.0,
0-20000-0-11519,RGLB_D,SUM,2013-12-01T00:00Z,2625.0,,0.0,
0-20000-0-11519,RGLB_D,SUM,2013-12-02T00:00Z,4996.0,,0.0,
0-20000-0-11519,RGLB_D,SUM,2013-12-03T00:00Z,4215.0,,0.0,
0-20000-0-11519,RGLB_D,SUM,2013-12-04T00:00Z,1306.0,,0.0,
0-20000-0-11519,RGLB_D,SUM,2013-12-05T00:00Z,2957.0,,0.0,
0-20000-0-11519,RGLB_D,SUM,2013-12-06T00:00Z,3087.0,,0.0,
0-20000-0-11519,RGLB_D,SUM,2013-12-07T00:00Z,1692.0,,0.0,
0-20000-0-11519,RGLB_D,SUM,2013-12-08T00:00Z,2080.0,,0.0,
0-20000-0-11519,RGLB_D,SUM,2013-12-09T00:00Z,1011.0,,0.0,
0-20000-0-11519,RGLB_D,SUM,2013-12-10T00:00Z,1982.0,,0.0,
0-20000-0-11519,RGLB_D,SUM,2013-12-11T00:00Z,1024.0,,0.0,
0-20000-0-11519,RGLB_D,SUM,2013-12-12T00:00Z,769.0,,0.0,
0-20000-0-11519,RGLB_D,SUM,2013-12-13T00:00Z,778.0,,0.0,
0-20000-0-11519,RGLB_D,SUM,2013-12-14T00:00Z,888.0,,0.0,
0-20000-0-11519,RGLB_D,SUM,2013-12-15T00:00Z,3042.0,,0.0,
0-20000-0-11519,RGLB_D,SUM,2013-12-16T00:00Z,4592.0,,0.0,
0-20000-0-11519,RGLB_D,SUM,2013-12-17T00:00Z,3979.0,,0.0,
0-20000-0-11519,RGLB_D,SUM,2013-12-18T00:00Z,1129.0,,0.0,
0-20000-0-11519,RGLB_D,SUM,2013-12-19T00:00Z,1480.0,,0.0,
0-20000-0-11519,RGLB_D,SUM,2013-12-20T00:00Z,1234.0,,0.0,
0-20000-0-11519,RGLB_D,SUM,2013-12-21T00:00Z,3253.0,,0.0,
0-20000-0-11519,RGLB_D,SUM,2013-12-22T00:00Z,1396.0,,0.0,
0-20000-0-11519,RGLB_D,SUM,2013-12-23T00:00Z,2916.0,,0.0,
0-20000-0-11519,RGLB_D,SUM,2013-12-24T00:00Z,3692.0,,0.0,
0-20000-0-11519,RGLB_D,SUM,2013-12-25T00:00Z,2165.0,,0.0,
0-20000-0-11519,RGLB_D,SUM,2013-12-26T00:00Z,3229.0,,0.0,
0-20000-0-11519,RGLB_D,SUM,2013-12-27T00:00Z,3929.0,,0.0,
0-20000-0-11519,RGLB_D,SUM,2013-12-28T00:00Z,2519.0,,0.0,
0-20000-0-11519,RGLB_D,SUM,2013-12-29T00:00Z,2627.0,,0.0,
0-20000-0-11519,RGLB_D,SUM,2013-12-30T00:00Z,4773.0,,0.0,
0-20000-0-11519,RGLB_D,SUM,2013-12-31T00:00Z,1871.0,,0.0,
0-20000-0-11519,RGLB_D,SUM,2014-01-01T00:00Z,1619.0,,0.0,
0-20000-0-11519,RGLB_D,SUM,2014-01-02T00:00Z,1113.0,,0.0,
0-20000-0-11519,RGLB_D,SUM,2014-01-03T00:00Z,3816.0,,0.0,
0-20000-0-11519,RGLB_D,SUM,2014-01-04T00:00Z,1653.0,,0.0,
0-20000-0-11519,RGLB_D,SUM,2014-01-05T00:00Z,1780.0,,0.0,
0-20000-0-11519,RGLB_D,SUM,2014-01-06T00:00Z,4817.0,,0.0,
0-20000-0-11519,RGLB_D,SUM,2014-01-07T00:00Z,3678.0,,0.0,
0-20000-0-11519,RGLB_D,SUM,2014-01-08T00:00Z,3597.0,,0.0,
0-20000-0-11519,RGLB_D,SUM,2014-01-09T00:00Z,2411.0,,0.0,
0-20000-0-11519,RGLB_D,SUM,2014-01-10T00:00Z,3676.0,,0.0,
0-20000-0-11519,RGLB_D,SUM,2014-01-11T00:00Z,3153.0,,0.0,
0-20000-0-11519,RGLB_D,SUM,2014-01-12T00:00Z,5240.0,,0.0,
0-20000-0-11519,RGLB_D,SUM,2014-01-13T00:00Z,5158.0,,0.0,
0-20000-0-11519,RGLB_D,SUM,2014-01-14T00:00Z,848.0,,0.0,
0-20000-0-11519,RGLB_D,SUM,2014-01-15T00:00Z,1885.0,,0.0,
0-20000-0-11519,RGLB_D,SUM,2014-01-16T00:00Z,2640.0,,0.0,
0-20000-0-11519,RGLB_D,SUM,2014-01-17T00:00Z,1396.0,,0.0,
0-20000-0-11519,RGLB_D,SUM,2014-01-18T00:00Z,1750.0,,0.0,
0-20000-0-11519,RGLB_D,SUM,2014-01-19T00:00Z,1902.0,,0.0,
0-20000-0-11519,RGLB_D,SUM,2014-01-20T00:00Z,612.0,,0.0,
0-20000-0-11519,RGLB_D,SUM,2014-01-21T00:00Z,822.0,,0.0,
0-20000-0-11519,RGLB_D,SUM,2014-01-22T00:00Z,2319.0,,0.0,
0-20000-0-11519,RGLB_D,SUM,2014-01-23T00:00Z,1090.0,,0.0,
0-20000-0-11519,RGLB_D,SUM,2014-01-24T00:00Z,975.0,,0.0,
0-20000-0-11519,RGLB_D,SUM,2014-01-25T00:00Z,4717.0,,0.0,
0-20000-0-11519,RGLB_D,SUM,2014-01-26T00:00Z,2797.0,,0.0,
0-20000-0-11519,RGLB_D,SUM,2014-01-27T00:00Z,1654.0,,0.0,
0-20000-0-11519,RGLB_D,SUM,2014-01-28T00:00Z,1664.0,,0.0,
0-20000-0-11519,RGLB_D,SUM,2014-01-29T00:00Z,2592.0,,0.0,
0-20000-0-11519,RGLB_D,SUM,2014-01-30T00:00Z,1568.0,,0.0,
0-20000-0-11519,RGLB_D,SUM,2014-01-31T00:00Z,3337.0,,0.0,
0-20000-0-11519,RGLB_D,SUM,2014-02-01T00:00Z,6878.0,,0.0,
0-20000-0-11519,RGLB_D,SUM,2014-02-02T00:00Z,894.0,,0.0,
0-20000-0-11519,RGLB_D,SUM,2014-02-03T00:00Z,3837.0,,0.0,
0-20000-0-11519,RGLB_D,SUM,2014-02-04T00:00Z,5925.0,,0.0,
0-20000-0-11519,RGLB_D,SUM,2014-02-05T00:00Z,2697.0,,0.0,
0-20000-0-11519,RGLB_D,SUM,2014-02-06T00:00Z,6499.0,,0.0,
0-20000-0-11519,RGLB_D,SUM,2014-02-07T00:00Z,5009.0,,0.0,
0-20000-0-11519,RGLB_D,SUM,2014-02-08T00:00Z,8153.0,,0.0,
0-20000-0-11519,RGLB_D,SUM,2014-02-09T00:00Z,2695.0,,0.0,
0-20000-0-11519,RGLB_D,SUM,2014-02-10T00:00Z,6212.0,,0.0,
0-20000-0-11519,RGLB_D,SUM,2014-02-11T00:00Z,3954.0,,0.0,
0-20000-0-11519,RGLB_D,SUM,2014-02-12T00:00Z,6639.0,,0.0,
0-20000-0-11519,RGLB_D,SUM,2014-02-13T00:00Z,7255.0,,0.0,
0-20000-0-11519,RGLB_D,SUM,2014-02-14T00:00Z,9269.0,,0.0,
0-20000-0-11519,RGLB_D,SUM,2014-02-15T00:00Z,5096.0,,0.0,
0-20000-0-11519,RGLB_D,SUM,2014-02-16T00:00Z,1613.0,,0.0,
0-20000-0-11519,RGLB_D,SUM,2014-02-17T00:00Z,9689.0,,0.0,
0-20000-0-11519,RGLB_D,SUM,2014-02-18T00:00Z,5857.0,,0.0,
0-20000-0-11519,RGLB_D,SUM,2014-02-19T00:00Z,3956.0,,0.0,
0-20000-0-11519,RGLB_D,SUM,2014-02-20T00:00Z,6269.0,,0.0,
0-20000-0-11519,RGLB_D,SUM,2014-02-21T00:00Z,5954.0,,0.0,
0-20000-0-11519,RGLB_D,SUM,2014-02-22T00:00Z,8021.0,,0.0,
0-20000-0-11519,RGLB_D,SUM,2014-02-23T00:00Z,11719.0,,0.0,
0-20000-0-11519,RGLB_D,SUM,2014-02-24T00:00Z,11609.0,,0.0,
0-20000-0-11519,RGLB_D,SUM,2014-02-25T00:00Z,7387.0,,0.0,
0-20000-0-11519,RGLB_D,SUM,2014-02-26T00:00Z,3938.0,,0.0,
0-20000-0-11519,RGLB_D,SUM,2014-02-27T00:00Z,11025.0,,0.0,
0-20000-0-11519,RGLB_D,SUM,2014-02-28T00:00Z,6552.0,,0.0,
0-20000-0-11519,RGLB_D,SUM,2014-03-01T00:00Z,5875.0,,0.0,
0-20000-0-11519,RGLB_D,SUM,2014-03-02T00:00Z,11565.0,,0.0,
0-20000-0-11519,RGLB_D,SUM,2014-03-03T00:00Z,7266.0,,0.0,
0-20000-0-11519,RGLB_D,SUM,2014-03-04T00:00Z,3859.0,,0.0,
0-20000-0-11519,RGLB_D,SUM,2014-03-05T00:00Z,6929.0,,0.0,
0-20000-0-11519,RGLB_D,SUM,2014-03-06T00:00Z,5303.0,,0.0,
0-20000-0-11519,RGLB_D,SUM,2014-03-07T00:00Z,11335.0,,0.0,
0-20000-0-11519,RGLB_D,SUM,2014-03-08T00:00Z,12734.0,,0.0,
0-20000-0-11519,RGLB_D,SUM,2014-03-09T00:00Z,13457.0,,0.0,
0-20000-0-11519,RGLB_D,SUM,2014-03-10T00:00Z,14202.0,,0.0,
0-20000-0-11519,RGLB_D,SUM,2014-03-11T00:00Z,14691.0,,0.0,
0-20000-0-11519,RGLB_D,SUM,2014-03-12T00:00Z,14538.0,,0.0,
0-20000-0-11519,RGLB_D,SUM,2014-03-13T00:00Z,14954.0,,0.0,
0-20000-0-11519,RGLB_D,SUM,2014-03-14T00:00Z,14768.0,,0.0,
0-20000-0-11519,RGLB_D,SUM,2014-03-15T00:00Z,4053.0,,0.0,
0-20000-0-11519,RGLB_D,SUM,2014-03-16T00:00Z,2999.0,,0.0,
0-20000-0-11519,RGLB_D,SUM,2014-03-17T00:00Z,3335.0,,0.0,
0-20000-0-11519,RGLB_D,SUM,2014-03-18T00:00Z,7688.0,,0.0,
0-20000-0-11519,RGLB_D,SUM,2014-03-19T00:00Z,6097.0,,0.0,
0-20000-0-11519,RGLB_D,SUM,2014-03-20T00:00Z,17335.0,,0.0,
0-20000-0-11519,RGLB_D,SUM,2014-03-21T00:00Z,16360.0,,0.0,
0-20000-0-11519,RGLB_D,SUM,2014-03-22T00:00Z,12439.0,,0.0,
0-20000-0-11519,RGLB_D,SUM,2014-03-23T00:00Z,2908.0,,0.0,
0-20000-0-11519,RGLB_D,SUM,2014-03-24T00:00Z,6451.0,,0.0,
0-20000-0-11519,RGLB_D,SUM,2014-03-25T00:00Z,10079.0,,0.0,
0-20000-0-11519,RGLB_D,SUM,2014-03-26T00:00Z,13531.0,,0.0,
0-20000-0-11519,RGLB_D,SUM,2014-03-27T00:00Z,16056.0,,0.0,
0-20000-0-11519,RGLB_D,SUM,2014-03-28T00:00Z,11490.0,,0.0,
0-20000-0-11519,RGLB_D,SUM,2014-03-29T00:00Z,16323.0,,0.0,
0-20000-0-11519,RGLB_D,SUM,2014-03-30T00:00Z,17716.0,,0.0,
0-20000-0-11519,RGLB_D,SUM,2014-03-31T00:00Z,10367.0,,0.0,
0-20000-0-11519,RGLB_D,SUM,2014-04-01T00:00Z,14045.0,,0.0,
0-20000-0-11519,RGLB_D,SUM,2014-04-02T00:00Z,16732.0,,0.0,
0-20000-0-11519,RGLB_D,SUM,2014-04-03T00:00Z,15346.0,,0.0,
0-20000-0-11519,RGLB_D,SUM,2014-04-04T00:00Z,16360.0,,0.0,
0-20000-0-11519,RGLB_D,SUM,2014-04-05T00:00Z,7060.0,,0.0,
0-20000-0-11519,RGLB_D,SUM,2014-04-06T00:00Z,11827.0,,0.0,
0-20000-0-11519,RGLB_D,SUM,2014-04-07T00:00Z,17310.0,,0.0,
0-20000-0-11519,RGLB_D,SUM,2014-04-08T00:00Z,9417.0,,0.0,
0-20000-0-11519,RGLB_D,SUM,2014-04-09T00:00Z,9658.0,,0.0,
0-20000-0-11519,RGLB_D,SUM,2014-04-10T00:00Z,7378.0,,0.0,
0-20000-0-11519,RGLB_D,SUM,2014-04-11T00:00Z,19765.0,,0.0,
0-20000-0-11519,RGLB_D,SUM,2014-04-12T00:00Z,15084.0,,0.0,
0-20000-0-11519,RGLB_D,SUM,2014-04-13T00:00Z,13362.0,,0.0,
0-20000-0-11519,RGLB_D,SUM,2014-04-14T00:00Z,11444.0,,0.0,
0-20000-0-11519,RGLB_D,SUM,2014-04-15T00:00Z,11128.0,,0.0,
0-20000-0-11519,RGLB_D,SUM,2014-04-16T00:00Z,14366.0,,0.0,
0-20000-0-11519,RGLB_D,SUM,2014-04-17T00:00Z,23234.0,,0.0,
0-20000-0-11519,RGLB_D,SUM,2014-04-18T00:00Z,6278.0,,0.0,
0-20000-0-11519,RGLB_D,SUM,2014-04-19T00:00Z,19730.0,,0.0,
0-20000-0-11519,RGLB_D,SUM,2014-04-20T00:00Z,17266.0,,0.0,
0-20000-0-11519,RGLB_D,SUM,2014-04-21T00:00Z,10917.0,,0.0,
0-20000-0-11519,RGLB_D,SUM,2014-04-22T00:00Z,12657.0,,0.0,
0-20000-0-11519,RGLB_D,SUM,2014-04-23T00:00Z,22299.0,,0.0,
0-20000-0-11519,RGLB_D,SUM,2014-04-24T00:00Z,18828.0,,0.0,
0-20000-0-11519,RGLB_D,SUM,2014-04-25T00:00Z,17009.0,,0.0,
0-20000-0-11519,RGLB_D,SUM,2014-04-26T00:00Z,20627.0,,0.0,
0-20000-0-11519,RGLB_D,SUM,2014-04-27T00:00Z,13193.0,,0.0,
0-20000-0-11519,RGLB_D,SUM,2014-04-28T00:00Z,13138.0,,0.0,
0-20000-0-11519,RGLB_D,SUM,2014-04-29T00:00Z,9039.0,,0.0,
0-20000-0-11519,RGLB_D,SUM,2014-04-30T00:00Z,21887.0,,0.0,
0-20000-0-11519,RGLB_D,SUM,2014-05-01T00:00Z,15322.0,,0.0,
0-20000-0-11519,RGLB_D,SUM,2014-05-02T00:00Z,13887.0,,0.0,
0-20000-0-11519,RGLB_D,SUM,2014-05-03T00:00Z,3716.0,,0.0,
0-20000-0-11519,RGLB_D,SUM,2014-05-04T00:00Z,20295.0,,0.0,
0-20000-0-11519,RGLB_D,SUM,2014-05-05T00:00Z,23013.0,,0.0,
0-20000-0-11519,RGLB_D,SUM,2014-05-06T00:00Z,20127.0,,0.0,
0-20000-0-11519,RGLB_D,SUM,2014-05-07T00:00Z,4056.0,,0.0,
0-20000-0-11519,RGLB_D,SUM,2014-05-08T00:00Z,16756.0,,0.0,
0-20000-0-11519,RGLB_D,SUM,2014-05-09T00:00Z,19302.0,,0.0,
0-20000-0-11519,RGLB_D,SUM,2014-05-10T00:00Z,20677.0,,0.0,
0-20000-0-11519,RGLB_D,SUM,2014-05-11T00:00Z,15396.0,,0.0,
0-20000-0-11519,RGLB_D,SUM,2014-05-12T00:00Z,20121.0,,0.0,
0-20000-0-11519,RGLB_D,SUM,2014-05-13T00:00Z,13518.0,,0.0,
0-20000-0-11519,RGLB_D,SUM,2014-05-14T00:00Z,15131.0,,0.0,
0-20000-0-11519,RGLB_D,SUM,2014-05-15T00:00Z,15197.0,,0.0,
0-20000-0-11519,RGLB_D,SUM,2014-05-16T00:00Z,6487.0,,0.0,
0-20000-0-11519,RGLB_D,SUM,2014-05-17T00:00Z,4425.0,,0.0,
0-20000-0-11519,RGLB_D,SUM,2014-05-18T00:00Z,5506.0,,0.0,
0-20000-0-11519,RGLB_D,SUM,2014-05-19T00:00Z,23003.0,,0.0,
0-20000-0-11519,RGLB_D,SUM,2014-05-20T00:00Z,26091.0,,0.0,
0-20000-0-11519,RGLB_D,SUM,2014-05-21T00:00Z,25645.0,,0.0,
0-20000-0-11519,RGLB_D,SUM,2014-05-22T00:00Z,26401.0,,0.0,
0-20000-0-11519,RGLB_D,SUM,2014-05-23T00:00Z,18034.0,,0.0,
0-20000-0-11519,RGLB_D,SUM,2014-05-24T00:00Z,13961.0,,0.0,
0-20000-0-11519,RGLB_D,SUM,2014-05-25T00:00Z,26573.0,,0.0,
0-20000-0-11519,RGLB_D,SUM,2014-05-26T00:00Z,25059.0,,0.0,
0-20000-0-11519,RGLB_D,SUM,2014-05-27T00:00Z,12564.0,,0.0,
0-20000-0-11519,RGLB_D,SUM,2014-05-28T00:00Z,8629.0,,0.0,
0-20000-0-11519,RGLB_D,SUM,2014-05-29T00:00Z,4683.0,,0.0,
0-20000-0-11519,RGLB_D,SUM,2014-05-30T00:00Z,17218.0,,0.0,
0-20000-0-11519,RGLB_D,SUM,2014-05-31T00:00Z,26321.0,,0.0,
0-20000-0-11519,RGLB_D,SUM,2014-06-01T00:00Z,28686.0,,0.0,
0-20000-0-11519,RGLB_D,SUM,2014-06-02T00:00Z,24261.0,,0.0,
0-20000-0-11519,RGLB_D,SUM,2014-06-03T00:00Z,17445.0,,0.0,
0-20000-0-11519,RGLB_D,SUM,2014-06-04T00:00Z,24680.0,,0.0,
0-20000-0-11519,RGLB_D,SUM,2014-06-05T00:00Z,22737.0,,0.0,
0-20000-0-11519,RGLB_D,SUM,2014-06-06T00:00Z,27600.0,,0.0,
0-20000-0-11519,RGLB_D,SUM,2014-06-07T00:00Z,29115.0,,0.0,
0-20000-0-11519,RGLB_D,SUM,2014-06-08T00:00Z,29108.0,,0.0,
0-20000-0-11519,RGLB_D,SUM,2014-06-09T00:00Z,29133.0,,0.0,
0-20000-0-11519,RGLB_D,SUM,2014-06-10T00:00Z,28079.0,,0.0,
0-20000-0-11519,RGLB_D,SUM,2014-06-11T00:00Z,20774.0,,0.0,
0-20000-0-11519,RGLB_D,SUM,2014-06-12T00:00Z,22375.0,,0.0,
0-20000-0-11519,RGLB_D,SUM,2014-06-13T00:00Z,24627.0,,0.0,
0-20000-0-11519,RGLB_D,SUM,2014-06-14T00:00Z,18468.0,,0.0,
0-20000-0-11519,RGLB_D,SUM,2014-06-15T00:00Z,20837.0,,0.0,
0-20000-0-11519,RGLB_D,SUM,2014-06-16T00:00Z,20486.0,,0.0,
0-20000-0-11519,RGLB_D,SUM,2014-06-17T00:00Z,22747.0,,0.0,
0-20000-0-11519,RGLB_D,SUM,2014-06-18T00:00Z,25274.0,,0.0,
0-20000-0-11519,RGLB_D,SUM,2014-06-19T00:00Z,25198.0,,0.0,
0-20000-0-11519,RGLB_D,SUM,2014-06-20T00:00Z,14275.0,,0.0,
0-20000-0-11519,RGLB_D,SUM,2014-06-21T00:00Z,12583.0,,0.0,
0-20000-0-11519,RGLB_D,SUM,2014-06-22T00:00Z,12867.0,,0.0,
0-20000-0-11519,RGLB_D,SUM,2014-06-23T00:00Z,25249.0,,0.0,
0-20000-0-11519,RGLB_D,SUM,2014-06-24T00:00Z,23239.0,,0.0,
0-20000-0-11519,RGLB_D,SUM,2014-06-25T00:00Z,10928.0,,0.0,
0-20000-0-11519,RGLB_D,SUM,2014-06-26T00:00Z,18502.0,,0.0,
0-20000-0-11519,RGLB_D,SUM,2014-06-27T00:00Z,21440.0,,0.0,
0-20000-0-11519,RGLB_D,SUM,2014-06-28T00:00Z,21135.0,,0.0,
0-20000-0-11519,RGLB_D,SUM,2014-06-29T00:00Z,6772.0,,0.0,
0-20000-0-11519,RGLB_D,SUM,2014-06-30T00:00Z,14259.0,,0.0,
0-20000-0-11519,RGLB_D,SUM,2014-07-01T00:00Z,21973.0,,0.0,
0-20000-0-11519,RGLB_D,SUM,2014-07-02T00:00Z,17539.0,,0.0,
0-20000-0-11519,RGLB_D,SUM,2014-07-03T00:00Z,27286.0,,0.0,
0-20000-0-11519,RGLB_D,SUM,2014-07-04T00:00Z,27802.0,,0.0,
0-20000-0-11519,RGLB_D,SUM,2014-07-05T00:00Z,16668.0,,0.0,
0-20000-0-11519,RGLB_D,SUM,2014-07-06T00:00Z,25743.0,,0.0,
0-20000-0-11519,RGLB_D,SUM,2014-07-07T00:00Z,23131.0,,0.0,
0-20000-0-11519,RGLB_D,SUM,2014-07-08T00:00Z,15091.0,,0.0,
0-20000-0-11519,RGLB_D,SUM,2014-07-09T00:00Z,13383.0,,0.0,
0-20000-0-11519,RGLB_D,SUM,2014-07-10T00:00Z,8252.0,,0.0,
0-20000-0-11519,RGLB_D,SUM,2014-07-11T00:00Z,14794.0,,0.0,
0-20000-0-11519,RGLB_D,SUM,2014-07-12T00:00Z,26907.0,,0.0,
0-20000-0-11519,RGLB_D,SUM,2014-07-13T00:00Z,19875.0,,0.0,
0-20000-0-11519,RGLB_D,SUM,2014-07-14T00:00Z,20803.0,,0.0,
0-20000-0-11519,RGLB_D,SUM,2014-07-15T00:00Z,22495.0,,0.0,
0-20000-0-11519,RGLB_D,SUM,2014-07-16T00:00Z,20195.0,,0.0,
0-20000-0-11519,RGLB_D,SUM,2014-07-17T00:00Z,17627.0,,0.0,
0-20000-0-11519,RGLB_D,SUM,2014-07-18T00:00Z,25763.0,,0.0,
0-20000-0-11519,RGLB_D,SUM,2014-07-19T00:00Z,25863.0,,0.0,
0-20000-0-11519,RGLB_D,SUM,2014-07-20T00:00Z,25830.0,,0.0,
0-20000-0-11519,RGLB_D,SUM,2014-07-21T00:00Z,14631.0,,0.0,
0-20000-0-11519,RGLB_D,SUM,2014-07-22T00:00Z,22828.0,,0.0,
0-20000-0-11519,RGLB_D,SUM,2014-07-23T00:00Z,23490.0,,0.0,
0-20000-0-11519,RGLB_D,SUM,2014-07-24T00:00Z,16821.0,,0.0,
0-20000-0-11519,RGLB_D,SUM,2014-07-25T00:00Z,24170.0,,0.0,
0-20000-0-11519,RGLB_D,SUM,2014-07-26T00:00Z,23577.0,,0.0,
0-20000-0-11519,RGLB_D,SUM,2014-07-27T00:00Z,22074.0,,0.0,
0-20000-0-11519,RGLB_D,SUM,2014-07-28T00:00Z,14459.0,,0.0,
0-20000-0-11519,RGLB_D,SUM,2014-07-29T00:00Z,13500.0,,0.0,
0-20000-0-11519,RGLB_D,SUM,2014-07-30T00:00Z,11804.0,,0.0,
0-20000-0-11519,RGLB_D,SUM,2014-07-31T00:00Z,13981.0,,0.0,
0-20000-0-11519,RGLB_D,SUM,2014-08-01T00:00Z,18795.0,,0.0,
0-20000-0-11519,RGLB_D,SUM,2014-08-02T00:00Z,17933.0,,0.0,
0-20000-0-11519,RGLB_D,SUM,2014-08-03T00:00Z,21676.0,,0.0,
0-20000-0-11519,RGLB_D,SUM,2014-08-04T00:00Z,7097.0,,0.0,
0-20000-0-11519,RGLB_D,SUM,2014-08-05T00:00Z,12113.0,,0.0,
0-20000-0-11519,RGLB_D,SUM,2014-08-06T00:00Z,18080.0,,0.0,
0-20000-0-11519,RGLB_D,SUM,2014-08-07T00:00Z,15956.0,,0.0,
0-20000-0-11519,RGLB_D,SUM,2014-08-08T00:00Z,23910.0,,0.0,
0-20000-0-11519,RGLB_D,SUM,2014-08-09T00:00Z,16821.0,,0.0,
0-20000-0-11519,RGLB_D,SUM,2014-08-10T00:00Z,23246.0,,0.0,
0-20000-0-11519,RGLB_D,SUM,2014-08-11T00:00Z,5138.0,,0.0,
0-20000-0-11519,RGLB_D,SUM,2014-08-12T00:00Z,14890.0,,0.0,
0-20000-0-11519,RGLB_D,SUM,2014-08-13T00:00Z,7324.0,,0.0,
0-20000-0-11519,RGLB_D,SUM,2014-08-14T00:00Z,10386.0,,0.0,
0-20000-0-11519,RGLB_D,SUM,2014-08-15T00:00Z,15559.0,,0.0,
0-20000-0-11519,RGLB_D,SUM,2014-08-16T00:00Z,13157.0,,0.0,
0-20000-0-11519,RGLB_D,SUM,2014-08-17T00:00Z,15366.0,,0.0,
0-20000-0-11519,RGLB_D,SUM,2014-08-18T00:00Z,11381.0,,0.0,
0-20000-0-11519,RGLB_D,SUM,2014-08-19T00:00Z,14903.0,,0.0,
0-20000-0-11519,RGLB_D,SUM,2014-08-20T00:00Z,19323.0,,0.0,
0-20000-0-11519,RGLB_D,SUM,2014-08-21T00:00Z,16652.0,,0.0,
0-20000-0-11519,RGLB_D,SUM,2014-08-22T00:00Z,14038.0,,0.0,
0-20000-0-11519,RGLB_D,SUM,2014-08-23T00:00Z,13274.0,,0.0,
0-20000-0-11519,RGLB_D,SUM,2014-08-24T00:00Z,11617.0,,0.0,
0-20000-0-11519,RGLB_D,SUM,2014-08-25T00:00Z,20610.0,,0.0,
0-20000-0-11519,RGLB_D,SUM,2014-08-26T00:00Z,4398.0,,0.0,
0-20000-0-11519,RGLB_D,SUM,2014-08-27T00:00Z,15406.0,,0.0,
0-20000-0-11519,RGLB_D,SUM,2014-08-28T00:00Z,20355.0,,0.0,
0-20000-0-11519,RGLB_D,SUM,2014-08-29T00:00Z,9745.0,,0.0,
0-20000-0-11519,RGLB_D,SUM,2014-08-30T00:00Z,15108.0,,0.0,
0-20000-0-11519,RGLB_D,SUM,2014-08-31T00:00Z,6368.0,,0.0,
0-20000-0-11519,RGLB_D,SUM,2014-09-01T00:00Z,5919.0,,0.0,
0-20000-0-11519,RGLB_D,SUM,2014-09-02T00:00Z,4863.0,,0.0,
0-20000-0-11519,RGLB_D,SUM,2014-09-03T00:00Z,9307.0,,0.0,
0-20000-0-11519,RGLB_D,SUM,2014-09-04T00:00Z,17284.0,,0.0,
0-20000-0-11519,RGLB_D,SUM,2014-09-05T00:00Z,17421.0,,0.0,
0-20000-0-11519,RGLB_D,SUM,2014-09-06T00:00Z,18192.0,,0.0,
0-20000-0-11519,RGLB_D,SUM,2014-09-07T00:00Z,15631.0,,0.0,
0-20000-0-11519,RGLB_D,SUM,2014-09-08T00:00Z,14985.0,,0.0,
0-20000-0-11519,RGLB_D,SUM,2014-09-09T00:00Z,12423.0,,0.0,
0-20000-0-11519,RGLB_D,SUM,2014-09-10T00:00Z,10405.0,,0.0,
0-20000-0-11519,RGLB_D,SUM,2014-09-11T00:00Z,8775.0,,0.0,
0-20000-0-11519,RGLB_D,SUM,2014-09-12T00:00Z,3618.0,,0.0,
0-20000-0-11519,RGLB_D,SUM,2014-09-13T00:00Z,7315.0,,0.0,
0-20000-0-11519,RGLB_D,SUM,2014-09-14T00:00Z,3216.0,,0.0,
0-20000-0-11519,RGLB_D,SUM,2014-09-15T00:00Z,10868.0,,0.0,
0-20000-0-11519,RGLB_D,SUM,2014-09-16T00:00Z,12871.0,,0.0,
0-20000-0-11519,RGLB_D,SUM,2014-09-17T00:00Z,15731.0,,0.0,
0-20000-0-11519,RGLB_D,SUM,2014-09-18T00:00Z,15127.0,,0.0,
0-20000-0-11519,RGLB_D,SUM,2014-09-19T00:00Z,14208.0,,0.0,
0-20000-0-11519,RGLB_D,SUM,2014-09-20T00:00Z,10714.0,,0.0,
0-20000-0-11519,RGLB_D,SUM,2014-09-21T00:00Z,8916.0,,0.0,
0-20000-0-11519,RGLB_D,SUM,2014-09-22T00:00Z,9910.0,,0.0,
0-20000-0-11519,RGLB_D,SUM,2014-09-23T00:00Z,8387.0,,0.0,
0-20000-0-11519,RGLB_D,SUM,2014-09-24T00:00Z,14267.0,,0.0,
0-20000-0-11519,RGLB_D,SUM,2014-09-25T00:00Z,7896.0,,0.0,
0-20000-0-11519,RGLB_D,SUM,2014-09-26T00:00Z,3282.0,,0.0,
0-20000-0-11519,RGLB_D,SUM,2014-09-27T00:00Z,11098.0,,0.0,
0-20000-0-11519,RGLB_D,SUM,2014-09-28T00:00Z,14298.0,,0.0,
0-20000-0-11519,RGLB_D,SUM,2014-09-29T00:00Z,13764.0,,0.0,
0-20000-0-11519,RGLB_D,SUM,2014-09-30T00:00Z,7072.0,,0.0,
0-20000-0-11519,RGLB_D,SUM,2014-10-01T00:00Z,6870.0,,0.0,
0-20000-0-11519,RGLB_D,SUM,2014-10-02T00:00Z,9630.0,,0.0,
0-20000-0-11519,RGLB_D,SUM,2014-10-03T00:00Z,10761.0,,0.0,
0-20000-0-11519,RGLB_D,SUM,2014-10-04T00:00Z,6305.0,,0.0,
0-20000-0-11519,RGLB_D,SUM,2014-10-05T00:00Z,3921.0,,0.0,
0-20000-0-11519,RGLB_D,SUM,2014-10-06T00:00Z,8559.0,,0.0,
0-20000-0-11519,RGLB_D,SUM,2014-10-07T00:00Z,8424.0,,0.0,
0-20000-0-11519,RGLB_D,SUM,2014-10-08T00:00Z,7200.0,,0.0,
0-20000-0-11519,RGLB_D,SUM,2014-10-09T00:00Z,11253.0,,0.0,
0-20000-0-11519,RGLB_D,SUM,2014-10-10T00:00Z,4550.0,,0.0,
0-20000-0-11519,RGLB_D,SUM,2014-10-11T00:00Z,2744.0,,0.0,
0-20000-0-11519,RGLB_D,SUM,2014-10-12T00:00Z,9976.0,,0.0,
0-20000-0-11519,RGLB_D,SUM,2014-10-13T00:00Z,5780.0,,0.0,
0-20000-0-11519,RGLB_D,SUM,2014-10-14T00:00Z,7815.0,,0.0,
0-20000-0-11519,RGLB_D,SUM,2014-10-15T00:00Z,5382.0,,0.0,
0-20000-0-11519,RGLB_D,SUM,2014-10-16T00:00Z,6989.0,,0.0,
0-20000-0-11519,RGLB_D,SUM,2014-10-17T00:00Z,2880.0,,0.0,
0-20000-0-11519,RGLB_D,SUM,2014-10-18T00:00Z,9167.0,,0.0,
0-20000-0-11519,RGLB_D,SUM,2014-10-19T00:00Z,7913.0,,0.0,
0-20000-0-11519,RGLB_D,SUM,2014-10-20T00:00Z,4251.0,,0.0,
0-20000-0-11519,RGLB_D,SUM,2014-10-21T00:00Z,6654.0,,0.0,
0-20000-0-11519,RGLB_D,SUM,2014-10-22T00:00Z,1490.0,,0.0,
0-20000-0-11519,RGLB_D,SUM,2014-10-23T00:00Z,2202.0,,0.0,
0-20000-0-11519,RGLB_D,SUM,2014-10-24T00:00Z,4009.0,,0.0,
0-20000-0-11519,RGLB_D,SUM,2014-10-25T00:00Z,2122.0,,0.0,
0-20000-0-11519,RGLB_D,SUM,2014-10-26T00:00Z,5039.0,,0.0,
0-20000-0-11519,RGLB_D,SUM,2014-10-27T00:00Z,5374.0,,0.0,
0-20000-0-11519,RGLB_D,SUM,2014-10-28T00:00Z,8493.0,,0.0,
0-20000-0-11519,RGLB_D,SUM,2014-10-29T00:00Z,3009.0,,0.0,
0-20000-0-11519,RGLB_D,SUM,2014-10-30T00:00Z,3160.0,,0.0,
0-20000-0-11519,RGLB_D,SUM,2014-10-31T00:00Z,4169.0,,0.0,
0-20000-0-11519,RGLB_D,SUM,2014-11-01T00:00Z,5279.0,,0.0,
0-20000-0-11519,RGLB_D,SUM,2014-11-02T00:00Z,3299.0,,0.0,
0-20000-0-11519,RGLB_D,SUM,2014-11-03T00:00Z,4274.0,,0.0,
0-20000-0-11519,RGLB_D,SUM,2014-11-04T00:00Z,7580.0,,0.0,
0-20000-0-11519,RGLB_D,SUM,2014-11-05T00:00Z,3875.0,,0.0,
0-20000-0-11519,RGLB_D,SUM,2014-11-06T00:00Z,728.0,,0.0,
0-20000-0-11519,RGLB_D,SUM,2014-11-07T00:00Z,1510.0,,0.0,
0-20000-0-11519,RGLB_D,SUM,2014-11-08T00:00Z,6290.0,,0.0,
0-20000-0-11519,RGLB_D,SUM,2014-11-09T00:00Z,1576.0,,0.0,
0-20000-0-11519,RGLB_D,SUM,2014-11-10T00:00Z,2128.0,,0.0,
0-20000-0-11519,RGLB_D,SUM,2014-11-11T00:00Z,2104.0,,0.0,
0-20000-0-11519,RGLB_D,SUM,2014-11-12T00:00Z,2767.0,,0.0,
0-20000-0-11519,RGLB_D,SUM,2014-11-13T00:00Z,1229.0,,0.0,
0-20000-0-11519,RGLB_D,SUM,2014-11-14T00:00Z,4462.0,,0.0,
0-20000-0-11519,RGLB_D,SUM,2014-11-15T00:00Z,1926.0,,0.0,
0-20000-0-11519,RGLB_D,SUM,2014-11-16T00:00Z,3004.0,,0.0,
0-20000-0-11519,RGLB_D,SUM,2014-11-17T00:00Z,1353.0,,0.0,
0-20000-0-11519,RGLB_D,SUM,2014-11-18T00:00Z,509.0,,0.0,
0-20000-0-11519,RGLB_D,SUM,2014-11-19T00:00Z,398.0,,0.0,
0-20000-0-11519,RGLB_D,SUM,2014-11-20T00:00Z,867.0,,0.0,
0-20000-0-11519,RGLB_D,SUM,2014-11-21T00:00Z,1278.0,,0.0,
0-20000-0-11519,RGLB_D,SUM,2014-11-22T00:00Z,1966.0,,0.0,
0-20000-0-11519,RGLB_D,SUM,2014-11-23T00:00Z,1160.0,,0.0,
0-20000-0-11519,RGLB_D,SUM,2014-11-24T00:00Z,1249.0,,0.0,
0-20000-0-11519,RGLB_D,SUM,2014-11-25T00:00Z,1559.0,,0.0,
0-20000-0-11519,RGLB_D,SUM,2014-11-26T00:00Z,1416.0,,0.0,
0-20000-0-11519,RGLB_D,SUM,2014-11-27T00:00Z,814.0,,0.0,
0-20000-0-11519,RGLB_D,SUM,2014-11-28T00:00Z,541.0,,0.0,
0-20000-0-11519,RGLB_D,SUM,2014-11-29T00:00Z,481.0,,0.0,
0-20000-0-11519,RGLB_D,SUM,2014-11-30T00:00Z,1529.0,,0.0,
0-20000-0-11519,RGLB_D,SUM,2014-12-01T00:00Z,549.0,,0.0,
0-20000-0-11519,RGLB_D,SUM,2014-12-02T00:00Z,672.0,,0.0,
0-20000-0-11519,RGLB_D,SUM,2014-12-03T00:00Z,686.0,,0.0,
0-20000-0-11519,RGLB_D,SUM,2014-12-04T00:00Z,2034.0,,0.0,
0-20000-0-11519,RGLB_D,SUM,2014-12-05T00:00Z,370.0,,0.0,
0-20000-0-11519,RGLB_D,SUM,2014-12-06T00:00Z,572.0,,0.0,
0-20000-0-11519,RGLB_D,SUM,2014-12-07T00:00Z,1219.0,,0.0,
0-20000-0-11519,RGLB_D,SUM,2014-12-08T00:00Z,2307.0,,0.0,
0-20000-0-11519,RGLB_D,SUM,2014-12-09T00:00Z,3394.0,,0.0,
0-20000-0-11519,RGLB_D,SUM,2014-12-10T00:00Z,1372.0,,0.0,
0-20000-0-11519,RGLB_D,SUM,2014-12-11T00:00Z,2088.0,,0.0,
0-20000-0-11519,RGLB_D,SUM,2014-12-12T00:00Z,1829.0,,0.0,
0-20000-0-11519,RGLB_D,SUM,2014-12-13T00:00Z,3269.0,,0.0,
0-20000-0-11519,RGLB_D,SUM,2014-12-14T00:00Z,1208.0,,0.0,
0-20000-0-11519,RGLB_D,SUM,2014-12-15T00:00Z,1391.0,,0.0,
0-20000-0-11519,RGLB_D,SUM,2014-12-16T00:00Z,984.0,,0.0,
0-20000-0-11519,RGLB_D,SUM,2014-12-17T00:00Z,2480.0,,0.0,
0-20000-0-11519,RGLB_D,SUM,2014-12-18T00:00Z,1308.0,,0.0,
0-20000-0-11519,RGLB_D,SUM,2014-12-19T00:00Z,1072.0,,0.0,
0-20000-0-11519,RGLB_D,SUM,2014-12-20T00:00Z,2072.0,,0.0,
0-20000-0-11519,RGLB_D,SUM,2014-12-21T00:00Z,2385.0,,0.0,
0-20000-0-11519,RGLB_D,SUM,2014-12-22T00:00Z,849.0,,0.0,
0-20000-0-11519,RGLB_D,SUM,2014-12-23T00:00Z,2579.0,,0.0,
0-20000-0-11519,RGLB_D,SUM,2014-12-24T00:00Z,2093.0,,0.0,
0-20000-0-11519,RGLB_D,SUM,2014-12-25T00:00Z,2125.0,,0.0,
0-20000-0-11519,RGLB_D,SUM,2014-12-26T00:00Z,1718.0,,0.0,
0-20000-0-11519,RGLB_D,SUM,2014-12-27T00:00Z,2759.0,,0.0,
0-20000-0-11519,RGLB_D,SUM,2014-12-28T00:00Z,2915.0,,0.0,
0-20000-0-11519,RGLB_D,SUM,2014-12-29T00:00Z,1739.0,,0.0,
0-20000-0-11519,RGLB_D,SUM,2014-12-30T00:00Z,3608.0,,0.0,
0-20000-0-11519,RGLB_D,SUM,2014-12-31T00:00Z,1325.0,,0.0,
0-20000-0-11519,RGLB_D,SUM,2015-01-01T00:00Z,1750.0,,0.0,
0-20000-0-11519,RGLB_D,SUM,2015-01-02T00:00Z,719.0,,0.0,
0-20000-0-11519,RGLB_D,SUM,2015-01-03T00:00Z,1330.0,,0.0,
0-20000-0-11519,RGLB_D,SUM,2015-01-04T00:00Z,2438.0,,0.0,
0-20000-0-11519,RGLB_D,SUM,2015-01-05T00:00Z,1027.0,,0.0,
0-20000-0-11519,RGLB_D,SUM,2015-01-06T00:00Z,2213.0,,0.0,
0-20000-0-11519,RGLB_D,SUM,2015-01-07T00:00Z,1026.0,,0.0,
0-20000-0-11519,RGLB_D,SUM,2015-01-08T00:00Z,1648.0,,0.0,
0-20000-0-11519,RGLB_D,SUM,2015-01-09T00:00Z,1145.0,,0.0,
0-20000-0-11519,RGLB_D,SUM,2015-01-10T00:00Z,2412.0,,0.0,
0-20000-0-11519,RGLB_D,SUM,2015-01-11T00:00Z,2267.0,,0.0,
0-20000-0-11519,RGLB_D,SUM,2015-01-12T00:00Z,1522.0,,0.0,
0-20000-0-11519,RGLB_D,SUM,2015-01-13T00:00Z,5358.0,,0.0,
0-20000-0-11519,RGLB_D,SUM,2015-01-14T00:00Z,3082.0,,0.0,
0-20000-0-11519,RGLB_D,SUM,2015-01-15T00:00Z,2399.0,,0.0,
0-20000-0-11519,RGLB_D,SUM,2015-01-16T00:00Z,2939.0,,0.0,
0-20000-0-11519,RGLB_D,SUM,2015-01-17T00:00Z,777.0,,0.0,
0-20000-0-11519,RGLB_D,SUM,2015-01-18T00:00Z,2742.0,,0.0,
0-20000-0-11519,RGLB_D,SUM,2015-01-19T00:00Z,1065.0,,0.0,
0-20000-0-11519,RGLB_D,SUM,2015-01-20T00:00Z,1243.0,,0.0,
0-20000-0-11519,RGLB_D,SUM,2015-01-21T00:00Z,2865.0,,0.0,
0-20000-0-11519,RGLB_D,SUM,2015-01-22T00:00Z,712.0,,0.0,
0-20000-0-11519,RGLB_D,SUM,2015-01-23T00:00Z,473.0,,0.0,
0-20000-0-11519,RGLB_D,SUM,2015-01-24T00:00Z,1037.0,,0.0,
0-20000-0-11519,RGLB_D,SUM,2015-01-25T00:00Z,2060.0,,0.0,
0-20000-0-11519,RGLB_D,SUM,2015-01-26T00:00Z,4026.0,,0.0,
0-20000-0-11519,RGLB_D,SUM,2015-01-27T00:00Z,2479.0,,0.0,
0-20000-0-11519,RGLB_D,SUM,2015-01-28T00:00Z,3646.0,,0.0,
0-20000-0-11519,RGLB_D,SUM,2015-01-29T00:00Z,6812.0,,0.0,
0-20000-0-11519,RGLB_D,SUM,2015-01-30T00:00Z,2656.0,,0.0,
0-20000-0-11519,RGLB_D,SUM,2015-01-31T00:00Z,3320.0,,0.0,
0-20000-0-11519,RGLB_D,SUM,2015-02-01T00:00Z,6892.0,,0.0,
0-20000-0-11519,RGLB_D,SUM,2015-02-02T00:00Z,2755.0,,0.0,
0-20000-0-11519,RGLB_D,SUM,2015-02-03T00:00Z,5421.0,,0.0,
0-20000-0-11519,RGLB_D,SUM,2015-02-04T00:00Z,3836.0,,0.0,
0-20000-0-11519,RGLB_D,SUM,2015-02-05T00:00Z,5935.0,,0.0,
0-20000-0-11519,RGLB_D,SUM,2015-02-06T00:00Z,7023.0,,0.0,
0-20000-0-11519,RGLB_D,SUM,2015-02-07T00:00Z,8187.0,,0.0,
0-20000-0-11519,RGLB_D,SUM,2015-02-08T00:00Z,5462.0,,0.0,
0-20000-0-11519,RGLB_D,SUM,2015-02-09T00:00Z,1476.0,,0.0,
0-20000-0-11519,RGLB_D,SUM,2015-02-10T00:00Z,2444.0,,0.0,
0-20000-0-11519,RGLB_D,SUM,2015-02-11T00:00Z,5665.0,,0.0,
0-20000-0-11519,RGLB_D,SUM,2015-02-12T00:00Z,2020.0,,0.0,
0-20000-0-11519,RGLB_D,SUM,2015-02-13T00:00Z,1438.0,,0.0,
0-20000-0-11519,RGLB_D,SUM,2015-02-14T00:00Z,2106.0,,0.0,
0-20000-0-11519,RGLB_D,SUM,2015-02-15T00:00Z,2518.0,,0.0,
0-20000-0-11519,RGLB_D,SUM,2015-02-16T00:00Z,9632.0,,0.0,
0-20000-0-11519,RGLB_D,SUM,2015-02-17T00:00Z,3300.0,,0.0,
0-20000-0-11519,RGLB_D,SUM,2015-02-18T00:00Z,1113.0,,0.0,
0-20000-0-11519,RGLB_D,SUM,2015-02-19T00:00Z,6777.0,,0.0,
0-20000-0-11519,RGLB_D,SUM,2015-02-20T00:00Z,10276.0,,0.0,
0-20000-0-11519,RGLB_D,SUM,2015-02-21T00:00Z,8801.0,,0.0,
0-20000-0-11519,RGLB_D,SUM,2015-02-22T00:00Z,3333.0,,0.0,
0-20000-0-11519,RGLB_D,SUM,2015-02-23T00:00Z,9362.0,,0.0,
0-20000-0-11519,RGLB_D,SUM,2015-02-24T00:00Z,6324.0,,0.0,
0-20000-0-11519,RGLB_D,SUM,2015-02-25T00:00Z,5694.0,,0.0,
0-20000-0-11519,RGLB_D,SUM,2015-02-26T00:00Z,10554.0,,0.0,
0-20000-0-11519,RGLB_D,SUM,2015-02-27T00:00Z,7119.0,,0.0,
0-20000-0-11519,RGLB_D,SUM,2015-02-28T00:00Z,3451.0,,0.0,
0-20000-0-11519,RGLB_D,SUM,2015-03-01T00:00Z,4031.0,,0.0,
0-20000-0-11519,RGLB_D,SUM,2015-03-02T00:00Z,6855.0,,0.0,
0-20000-0-11519,RGLB_D,SUM,2015-03-03T00:00Z,13452.0,,0.0,
0-20000-0-11519,RGLB_D,SUM,2015-03-04T00:00Z,11497.0,,0.0,
0-20000-0-11519,RGLB_D,SUM,2015-03-05T00:00Z,7457.0,,0.0,
0-20000-0-11519,RGLB_D,SUM,2015-03-06T00:00Z,5545.0,,0.0,
0-20000-0-11519,RGLB_D,SUM,2015-03-07T00:00Z,12937.0,,0.0,
0-20000-0-11519,RGLB_D,SUM,2015-03-08T00:00Z,13845.0,,0.0,
0-20000-0-11519,RGLB_D,SUM,2015-03-09T00:00Z,12774.0,,0.0,
0-20000-0-11519,RGLB_D,SUM,2015-03-10T00:00Z,13584.0,,0.0,
0-20000-0-11519,RGLB_D,SUM,2015-03-11T00:00Z,7787.0,,0.0,
0-20000-0-11519,RGLB_D,SUM,2015-03-12T00:00Z,4509.0,,0.0,
0-20000-0-11519,RGLB_D,SUM,2015-03-13T00:00Z,3497.0,,0.0,
0-20000-0-11519,RGLB_D,SUM,2015-03-14T00:00Z,2173.0,,0.0,
0-20000-0-11519,RGLB_D,SUM,2015-03-15T00:00Z,4520.0,,0.0,
0-20000-0-11519,RGLB_D,SUM,2015-03-16T00:00Z,10728.0,,0.0,
0-20000-0-11519,RGLB_D,SUM,2015-03-17T00:00Z,11655.0,,0.0,
0-20000-0-11519,RGLB_D,SUM,2015-03-18T00:00Z,14998.0,,0.0,
0-20000-0-11519,RGLB_D,SUM,2015-03-19T00:00Z,15678.0,,0.0,
0-20000-0-11519,RGLB_D,SUM,2015-03-20T00:00Z,14262.0,,0.0,
0-20000-0-11519,RGLB_D,SUM,2015-03-21T00:00Z,13180.0,,0.0,
0-20000-0-11519,RGLB_D,SUM,2015-03-22T00:00Z,3395.0,,0.0,
0-20000-0-11519,RGLB_D,SUM,2015-03-23T00:00Z,15317.0,,0.0,
0-20000-0-11519,RGLB_D,SUM,2015-03-24T00:00Z,15561.0,,0.0,
0-20000-0-11519,RGLB_D,SUM,2015-03-25T00:00Z,14048.0,,0.0,
0-20000-0-11519,RGLB_D,SUM,2015-03-26T00:00Z,6683.0,,0.0,
0-20000-0-11519,RGLB_D,SUM,2015-03-27T00:00Z,7453.0,,0.0,
0-20000-0-11519,RGLB_D,SUM,2015-03-28T00:00Z,12551.0,,0.0,
0-20000-0-11519,RGLB_D,SUM,2015-03-29T00:00Z,5135.0,,0.0,
0-20000-0-11519,RGLB_D,SUM,2015-03-30T00:00Z,12369.0,,0.0,
0-20000-0-11519,RGLB_D,SUM,2015-03-31T00:00Z,10261.0,,0.0,
0-20000-0-11519,RGLB_D,SUM,2015-04-01T00:00Z,9872.0,,0.0,
0-20000-0-11519,RGLB_D,SUM,2015-04-02T00:00Z,8240.0,,0.0,
0-20000-0-11519,RGLB_D,SUM,2015-04-03T00:00Z,9638.0,,0.0,
0-20000-0-11519,RGLB_D,SUM,2015-04-04T00:00Z,17901.0,,0.0,
0-20000-0-11519,RGLB_D,SUM,2015-04-05T00:00Z,11721.0,,0.0,
0-20000-0-11519,RGLB_D,SUM,2015-04-06T00:00Z,11427.0,,0.0,
0-20000-0-11519,RGLB_D,SUM,2015-04-07T00:00Z,19421.0,,0.0,
0-20000-0-11519,RGLB_D,SUM,2015-04-08T00:00Z,2979.0,,0.0,
0-20000-0-11519,RGLB_D,SUM,2015-04-09T00:00Z,14516.0,,0.0,
0-20000-0-11519,RGLB_D,SUM,2015-04-10T00:00Z,19647.0,,0.0,
0-20000-0-11519,RGLB_D,SUM,2015-04-11T00:00Z,16002.0,,0.0,
0-20000-0-11519,RGLB_D,SUM,2015-04-12T00:00Z,13304.0,,0.0,
0-20000-0-11519,RGLB_D,SUM,2015-04-13T00:00Z,12424.0,,0.0,
0-20000-0-11519,RGLB_D,SUM,2015-04-14T00:00Z,19727.0,,0.0,
0-20000-0-11519,RGLB_D,SUM,2015-04-15T00:00Z,19939.0,,0.0,
0-20000-0-11519,RGLB_D,SUM,2015-04-16T00:00Z,18868.0,,0.0,
0-20000-0-11519,RGLB_D,SUM,2015-04-17T00:00Z,9128.0,,0.0,
0-20000-0-11519,RGLB_D,SUM,2015-04-18T00:00Z,11276.0,,0.0,
0-20000-0-11519,RGLB_D,SUM,2015-04-19T00:00Z,22841.0,,0.0,
0-20000-0-11519,RGLB_D,SUM,2015-04-20T00:00Z,22837.0,,0.0,
0-20000-0-11519,RGLB_D,SUM,2015-04-21T00:00Z,24734.0,,0.0,
0-20000-0-11519,RGLB_D,SUM,2015-04-22T00:00Z,22113.0,,0.0,
0-20000-0-11519,RGLB_D,SUM,2015-04-23T00:00Z,21238.0,,0.0,
0-20000-0-11519,RGLB_D,SUM,2015-04-24T00:00Z,17426.0,,0.0,
0-20000-0-11519,RGLB_D,SUM,2015-04-25T00:00Z,18147.0,,0.0,
0-20000-0-11519,RGLB_D,SUM,2015-04-26T00:00Z,13905.0,,0.0,
0-20000-0-11519,RGLB_D,SUM,2015-04-27T00:00Z,19499.0,,0.0,
0-20000-0-11519,RGLB_D,SUM,2015-04-28T00:00Z,2649.0,,0.0,
0-20000-0-11519,RGLB_D,SUM,2015-04-29T00:00Z,24781.0,,0.0,
0-20000-0-11519,RGLB_D,SUM,2015-04-30T00:00Z,16170.0,,0.0,
0-20000-0-11519,RGLB_D,SUM,2015-05-01T00:00Z,9488.0,,0.0,
0-20000-0-11519,RGLB_D,SUM,2015-05-02T00:00Z,16989.0,,0.0,
0-20000-0-11519,RGLB_D,SUM,2015-05-03T00:00Z,14577.0,,0.0,
0-20000-0-11519,RGLB_D,SUM,2015-05-04T00:00Z,17308.0,,0.0,
0-20000-0-11519,RGLB_D,SUM,2015-05-05T00:00Z,16776.0,,0.0,
0-20000-0-11519,RGLB_D,SUM,2015-05-06T00:00Z,8396.0,,0.0,
0-20000-0-11519,RGLB_D,SUM,2015-05-07T00:00Z,23742.0,,0.0,
0-20000-0-11519,RGLB_D,SUM,2015-05-08T00:00Z,25257.0,,0.0,
0-20000-0-11519,RGLB_D,SUM,2015-05-09T00:00Z,13769.0,,0.0,
0-20000-0-11519,RGLB_D,SUM,2015-05-10T00:00Z,19987.0,,0.0,
0-20000-0-11519,RGLB_D,SUM,2015-05-11T00:00Z,26914.0,,0.0,
0-20000-0-11519,RGLB_D,SUM,2015-05-12T00:00Z,21634.0,,0.0,
0-20000-0-11519,RGLB_D,SUM,2015-05-13T00:00Z,22995.0,,0.0,
0-20000-0-11519,RGLB_D,SUM,2015-05-14T00:00Z,21671.0,,0.0,
0-20000-0-11519,RGLB_D,SUM,2015-05-15T00:00Z,25044.0,,0.0,
0-20000-0-11519,RGLB_D,SUM,2015-05-16T00:00Z,25860.0,,0.0,
0-20000-0-11519,RGLB_D,SUM,2015-05-17T00:00Z,25136.0,,0.0,
0-20000-0-11519,RGLB_D,SUM,2015-05-18T00:00Z,27883.0,,0.0,
0-20000-0-11519,RGLB_D,SUM,2015-05-19T00:00Z,8892.0,,0.0,
0-20000-0-11519,RGLB_D,SUM,2015-05-20T00:00Z,4974.0,,0.0,
0-20000-0-11519,RGLB_D,SUM,2015-05-21T00:00Z,9145.0,,0.0,
0-20000-0-11519,RGLB_D,SUM,2015-05-22T00:00Z,24790.0,,0.0,
0-20000-0-11519,RGLB_D,SUM,2015-05-23T00:00Z,18237.0,,0.0,
0-20000-0-11519,RGLB_D,SUM,2015-05-24T00:00Z,14028.0,,0.0,
0-20000-0-11519,RGLB_D,SUM,2015-05-25T00:00Z,15951.0,,0.0,
0-20000-0-11519,RGLB_D,SUM,2015-05-26T00:00Z,10445.0,,0.0,
0-20000-0-11519,RGLB_D,SUM,2015-05-27T00:00Z,13558.0,,0.0,
0-20000-0-11519,RGLB_D,SUM,2015-05-28T00:00Z,24390.0,,0.0,
0-20000-0-11519,RGLB_D,SUM,2015-05-29T00:00Z,22952.0,,0.0,
0-20000-0-11519,RGLB_D,SUM,2015-05-30T00:00Z,16578.0,,0.0,
0-20000-0-11519,RGLB_D,SUM,2015-05-31T00:00Z,25205.0,,0.0,
0-20000-0-11519,RGLB_D,SUM,2015-06-01T00:00Z,18736.0,,0.0,
0-20000-0-11519,RGLB_D,SUM,2015-06-02T00:00Z,25991.0,,0.0,
0-20000-0-11519,RGLB_D,SUM,2015-06-03T00:00Z,26816.0,,0.0,
0-20000-0-11519,RGLB_D,SUM,2015-06-04T00:00Z,28481.0,,0.0,
0-20000-0-11519,RGLB_D,SUM,2015-06-05T00:00Z,29901.0,,0.0,
0-20000-0-11519,RGLB_D,SUM,2015-06-06T00:00Z,28822.0,,0.0,
0-20000-0-11519,RGLB_D,SUM,2015-06-07T00:00Z,24151.0,,0.0,
0-20000-0-11519,RGLB_D,SUM,2015-06-08T00:00Z,16933.0,,0.0,
0-20000-0-11519,RGLB_D,SUM,2015-06-09T00:00Z,3246.0,,0.0,
0-20000-0-11519,RGLB_D,SUM,2015-06-10T00:00Z,16433.0,,0.0,
0-20000-0-11519,RGLB_D,SUM,2015-06-11T00:00Z,19825.0,,0.0,
0-20000-0-11519,RGLB_D,SUM,2015-06-12T00:00Z,27626.0,,0.0,
0-20000-0-11519,RGLB_D,SUM,2015-06-13T00:00Z,17047.0,,0.0,
0-20000-0-11519,RGLB_D,SUM,2015-06-14T00:00Z,24298.0,,0.0,
0-20000-0-11519,RGLB_D,SUM,2015-06-15T00:00Z,14501.0,,0.0,
0-20000-0-11519,RGLB_D,SUM,2015-06-16T00:00Z,22551.0,,0.0,
0-20000-0-11519,RGLB_D,SUM,2015-06-17T00:00Z,25344.0,,0.0,
0-20000-0-11519,RGLB_D,SUM,2015-06-18T00:00Z,9132.0,,0.0,
0-20000-0-11519,RGLB_D,SUM,2015-06-19T00:00Z,11823.0,,0.0,
0-20000-0-11519,RGLB_D,SUM,2015-06-20T00:00Z,19217.0,,0.0,
0-20000-0-11519,RGLB_D,SUM,2015-06-21T00:00Z,13361.0,,0.0,
0-20000-0-11519,RGLB_D,SUM,2015-06-22T00:00Z,14400.0,,0.0,
0-20000-0-11519,RGLB_D,SUM,2015-06-23T00:00Z,19798.0,,0.0,
0-20000-0-11519,RGLB_D,SUM,2015-06-24T00:00Z,16366.0,,0.0,
0-20000-0-11519,RGLB_D,SUM,2015-06-25T00:00Z,23700.0,,0.0,
0-20000-0-11519,RGLB_D,SUM,2015-06-26T00:00Z,18590.0,,0.0,
0-20000-0-11519,RGLB_D,SUM,2015-06-27T00:00Z,8060.0,,0.0,
0-20000-0-11519,RGLB_D,SUM,2015-06-28T00:00Z,26541.0,,0.0,
0-20000-0-11519,RGLB_D,SUM,2015-06-29T00:00Z,19434.0,,0.0,
0-20000-0-11519,RGLB_D,SUM,2015-06-30T00:00Z,24988.0,,0.0,
0-20000-0-11519,RGLB_D,SUM,2015-07-01T00:00Z,28612.0,,0.0,
0-20000-0-11519,RGLB_D,SUM,2015-07-02T00:00Z,29120.0,,0.0,
0-20000-0-11519,RGLB_D,SUM,2015-07-03T00:00Z,28724.0,,0.0,
0-20000-0-11519,RGLB_D,SUM,2015-07-04T00:00Z,27916.0,,0.0,
0-20000-0-11519,RGLB_D,SUM,2015-07-05T00:00Z,20662.0,,0.0,
0-20000-0-11519,RGLB_D,SUM,2015-07-06T00:00Z,24995.0,,0.0,
0-20000-0-11519,RGLB_D,SUM,2015-07-07T00:00Z,27498.0,,0.0,
0-20000-0-11519,RGLB_D,SUM,2015-07-08T00:00Z,17399.0,,0.0,
0-20000-0-11519,RGLB_D,SUM,2015-07-09T00:00Z,16906.0,,0.0,
0-20000-0-11519,RGLB_D,SUM,2015-07-10T00:00Z,29282.0,,0.0,
0-20000-0-11519,RGLB_D,SUM,2015-07-11T00:00Z,26551.0,,0.0,
0-20000-0-11519,RGLB_D,SUM,2015-07-12T00:00Z,23109.0,,0.0,
0-20000-0-11519,RGLB_D,SUM,2015-07-13T00:00Z,11289.0,,0.0,
0-20000-0-11519,RGLB_D,SUM,2015-07-14T00:00Z,10365.0,,0.0,
0-20000-0-11519,RGLB_D,SUM,2015-07-15T00:00Z,16729.0,,0.0,
0-20000-0-11519,RGLB_D,SUM,2015-07-16T00:00Z,23040.0,,0.0,
0-20000-0-11519,RGLB_D,SUM,2015-07-17T00:00Z,19775.0,,0.0,
0-20000-0-11519,RGLB_D,SUM,2015-07-18T00:00Z,21821.0,,0.0,
0-20000-0-11519,RGLB_D,SUM,2015-07-19T00:00Z,17775.0,,0.0,
0-20000-0-11519,RGLB_D,SUM,2015-07-20T00:00Z,15955.0,,0.0,
0-20000-0-11519,RGLB_D,SUM,2015-07-21T00:00Z,22649.0,,0.0,
0-20000-0-11519,RGLB_D,SUM,2015-07-22T00:00Z,26317.0,,0.0,
0-20000-0-11519,RGLB_D,SUM,2015-07-23T00:00Z,10262.0,,0.0,
0-20000-0-11519,RGLB_D,SUM,2015-07-24T00:00Z,17539.0,,0.0,
0-20000-0-11519,RGLB_D,SUM,2015-07-25T00:00Z,15522.0,,0.0,
0-20000-0-11519,RGLB_D,SUM,2015-07-26T00:00Z,25978.0,,0.0,
0-20000-0-11519,RGLB_D,SUM,2015-07-27T00:00Z,16755.0,,0.0,
0-20000-0-11519,RGLB_D,SUM,2015-07-28T00:00Z,17970.0,,0.0,
0-20000-0-11519,RGLB_D,SUM,2015-07-29T00:00Z,17232.0,,0.0,
0-20000-0-11519,RGLB_D,SUM,2015-07-30T00:00Z,19963.0,,0.0,
0-20000-0-11519,RGLB_D,SUM,2015-07-31T00:00Z,23961.0,,0.0,
0-20000-0-11519,RGLB_D,SUM,2015-08-01T00:00Z,21898.0,,0.0,
0-20000-0-11519,RGLB_D,SUM,2015-08-02T00:00Z,13067.0,,0.0,
0-20000-0-11519,RGLB_D,SUM,2015-08-03T00:00Z,21836.0,,0.0,
0-20000-0-11519,RGLB_D,SUM,2015-08-04T00:00Z,23382.0,,0.0,
0-20000-0-11519,RGLB_D,SUM,2015-08-05T00:00Z,22945.0,,0.0,
0-20000-0-11519,RGLB_D,SUM,2015-08-06T00:00Z,23496.0,,0.0,
0-20000-0-11519,RGLB_D,SUM,2015-08-07T00:00Z,21082.0,,0.0,
0-20000-0-11519,RGLB_D,SUM,2015-08-08T00:00Z,24137.0,,0.0,
0-20000-0-11519,RGLB_D,SUM,2015-08-09T00:00Z,21883.0,,0.0,
0-20000-0-11519,RGLB_D,SUM,2015-08-10T00:00Z,23708.0,,0.0,
0-20000-0-11519,RGLB_D,SUM,2015-08-11T00:00Z,20763.0,,0.0,
0-20000-0-11519,RGLB_D,SUM,2015-08-12T00:00Z,21439.0,,0.0,
0-20000-0-11519,RGLB_D,SUM,2015-08-13T00:00Z,21861.0,,0.0,
0-20000-0-11519,RGLB_D,SUM,2015-08-14T00:00Z,20494.0,,0.0,
0-20000-0-11519,RGLB_D,SUM,2015-08-15T00:00Z,18925.0,,0.0,
0-20000-0-11519,RGLB_D,SUM,2015-08-16T00:00Z,10519.0,,0.0,
0-20000-0-11519,RGLB_D,SUM,2015-08-17T00:00Z,2246.0,,0.0,
0-20000-0-11519,RGLB_D,SUM,2015-08-18T00:00Z,3625.0,,0.0,
0-20000-0-11519,RGLB_D,SUM,2015-08-19T00:00Z,2995.0,,0.0,
0-20000-0-11519,RGLB_D,SUM,2015-08-20T00:00Z,12331.0,,0.0,
0-20000-0-11519,RGLB_D,SUM,2015-08-21T00:00Z,20274.0,,0.0,
0-20000-0-11519,RGLB_D,SUM,2015-08-22T00:00Z,18428.0,,0.0,
0-20000-0-11519,RGLB_D,SUM,2015-08-23T00:00Z,19706.0,,0.0,
0-20000-0-11519,RGLB_D,SUM,2015-08-24T00:00Z,18592.0,,0.0,
0-20000-0-11519,RGLB_D,SUM,2015-08-25T00:00Z,12103.0,,0.0,
0-20000-0-11519,RGLB_D,SUM,2015-08-26T00:00Z,22320.0,,0.0,
0-20000-0-11519,RGLB_D,SUM,2015-08-27T00:00Z,19915.0,,0.0,
0-20000-0-11519,RGLB_D,SUM,2015-08-28T00:00Z,8828.0,,0.0,
0-20000-0-11519,RGLB_D,SUM,2015-08-29T00:00Z,18131.0,,0.0,
0-20000-0-11519,RGLB_D,SUM,2015-08-30T00:00Z,20457.0,,0.0,
0-20000-0-11519,RGLB_D,SUM,2015-08-31T00:00Z,19604.0,,0.0,
0-20000-0-11519,RGLB_D,SUM,2015-09-01T00:00Z,17767.0,,0.0,
0-20000-0-11519,RGLB_D,SUM,2015-09-02T00:00Z,13689.0,,0.0,
0-20000-0-11519,RGLB_D,SUM,2015-09-03T00:00Z,15888.0,,0.0,
0-20000-0-11519,RGLB_D,SUM,2015-09-04T00:00Z,16500.0,,0.0,
0-20000-0-11519,RGLB_D,SUM,2015-09-05T00:00Z,13018.0,,0.0,
0-20000-0-11519,RGLB_D,SUM,2015-09-06T00:00Z,7671.0,,0.0,
0-20000-0-11519,RGLB_D,SUM,2015-09-07T00:00Z,8841.0,,0.0,
0-20000-0-11519,RGLB_D,SUM,2015-09-08T00:00Z,13932.0,,0.0,
0-20000-0-11519,RGLB_D,SUM,2015-09-09T00:00Z,10816.0,,0.0,
0-20000-0-11519,RGLB_D,SUM,2015-09-10T00:00Z,13882.0,,0.0,
0-20000-0-11519,RGLB_D,SUM,2015-09-11T00:00Z,8005.0,,0.0,
0-20000-0-11519,RGLB_D,SUM,2015-09-12T00:00Z,14489.0,,0.0,
0-20000-0-11519,RGLB_D,SUM,2015-09-13T00:00Z,17368.0,,0.0,
0-20000-0-11519,RGLB_D,SUM,2015-09-14T00:00Z,4770.0,,0.0,
0-20000-0-11519,RGLB_D,SUM,2015-09-15T00:00Z,9424.0,,0.0,
0-20000-0-11519,RGLB_D,SUM,2015-09-16T00:00Z,15610.0,,0.0,
0-20000-0-11519,RGLB_D,SUM,2015-09-17T00:00Z,16963.0,,0.0,
0-20000-0-11519,RGLB_D,SUM,2015-09-18T00:00Z,12795.0,,0.0,
0-20000-0-11519,RGLB_D,SUM,2015-09-19T00:00Z,15962.0,,0.0,
0-20000-0-11519,RGLB_D,SUM,2015-09-20T00:00Z,8399.0,,0.0,
0-20000-0-11519,RGLB_D,SUM,2015-09-21T00:00Z,8937.0,,0.0,
0-20000-0-11519,RGLB_D,SUM,2015-09-22T00:00Z,11922.0,,0.0,
0-20000-0-11519,RGLB_D,SUM,2015-09-23T00:00Z,2816.0,,0.0,
0-20000-0-11519,RGLB_D,SUM,2015-09-24T00:00Z,12230.0,,0.0,
0-20000-0-11519,RGLB_D,SUM,2015-09-25T00:00Z,14729.0,,0.0,
0-20000-0-11519,RGLB_D,SUM,2015-09-26T00:00Z,8598.0,,0.0,
0-20000-0-11519,RGLB_D,SUM,2015-09-27T00:00Z,9146.0,,0.0,
0-20000-0-11519,RGLB_D,SUM,2015-09-28T00:00Z,13986.0,,0.0,
0-20000-0-11519,RGLB_D,SUM,2015-09-29T00:00Z,10734.0,,0.0,
0-20000-0-11519,RGLB_D,SUM,2015-09-30T00:00Z,7718.0,,0.0,
0-20000-0-11519,RGLB_D,SUM,2015-10-01T00:00Z,15073.0,,0.0,
0-20000-0-11519,RGLB_D,SUM,2015-10-02T00:00Z,14774.0,,0.0,
0-20000-0-11519,RGLB_D,SUM,2015-10-03T00:00Z,11243.0,,0.0,
0-20000-0-11519,RGLB_D,SUM,2015-10-04T00:00Z,8666.0,,0.0,
0-20000-0-11519,RGLB_D,SUM,2015-10-05T00:00Z,12198.0,,0.0,
0-20000-0-11519,RGLB_D,SUM,2015-10-06T00:00Z,6475.0,,0.0,
0-20000-0-11519,RGLB_D,SUM,2015-10-07T00:00Z,2552.0,,0.0,
0-20000-0-11519,RGLB_D,SUM,2015-10-08T00:00Z,1805.0,,0.0,
0-20000-0-11519,RGLB_D,SUM,2015-10-09T00:00Z,2349.0,,0.0,
0-20000-0-11519,RGLB_D,SUM,2015-10-10T00:00Z,3977.0,,0.0,
0-20000-0-11519,RGLB_D,SUM,2015-10-11T00:00Z,10339.0,,0.0,
0-20000-0-11519,RGLB_D,SUM,2015-10-12T00:00Z,12633.0,,0.0,
0-20000-0-11519,RGLB_D,SUM,2015-10-13T00:00Z,2236.0,,0.0,
0-20000-0-11519,RGLB_D,SUM,2015-10-14T00:00Z,1491.0,,0.0,
0-20000-0-11519,RGLB_D,SUM,2015-10-15T00:00Z,1229.0,,0.0,
0-20000-0-11519,RGLB_D,SUM,2015-10-16T00:00Z,4173.0,,0.0,
0-20000-0-11519,RGLB_D,SUM,2015-10-17T00:00Z,3791.0,,0.0,
0-20000-0-11519,RGLB_D,SUM,2015-10-18T00:00Z,3461.0,,0.0,
0-20000-0-11519,RGLB_D,SUM,2015-10-19T00:00Z,6627.0,,0.0,
0-20000-0-11519,RGLB_D,SUM,2015-10-20T00:00Z,3584.0,,0.0,
0-20000-0-11519,RGLB_D,SUM,2015-10-21T00:00Z,2602.0,,0.0,
0-20000-0-11519,RGLB_D,SUM,2015-10-22T00:00Z,6707.0,,0.0,
0-20000-0-11519,RGLB_D,SUM,2015-10-23T00:00Z,7098.0,,0.0,
0-20000-0-11519,RGLB_D,SUM,2015-10-24T00:00Z,9439.0,,0.0,
0-20000-0-11519,RGLB_D,SUM,2015-10-25T00:00Z,4325.0,,0.0,
0-20000-0-11519,RGLB_D,SUM,2015-10-26T00:00Z,5623.0,,0.0,
0-20000-0-11519,RGLB_D,SUM,2015-10-27T00:00Z,1514.0,,0.0,
0-20000-0-11519,RGLB_D,SUM,2015-10-28T00:00Z,1870.0,,0.0,
0-20000-0-11519,RGLB_D,SUM,2015-10-29T00:00Z,1143.0,,0.0,
0-20000-0-11519,RGLB_D,SUM,2015-10-30T00:00Z,1598.0,,0.0,
0-20000-0-11519,RGLB_D,SUM,2015-10-31T00:00Z,8897.0,,0.0,
0-20000-0-11519,RGLB_D,SUM,2015-11-01T00:00Z,9180.0,,0.0,
0-20000-0-11519,RGLB_D,SUM,2015-11-02T00:00Z,8957.0,,0.0,
0-20000-0-11519,RGLB_D,SUM,2015-11-03T00:00Z,7486.0,,0.0,
0-20000-0-11519,RGLB_D,SUM,2015-11-04T00:00Z,5965.0,,0.0,
0-20000-0-11519,RGLB_D,SUM,2015-11-05T00:00Z,6107.0,,0.0,
0-20000-0-11519,RGLB_D,SUM,2015-11-06T00:00Z,6637.0,,0.0,
0-20000-0-11519,RGLB_D,SUM,2015-11-07T00:00Z,3121.0,,0.0,
0-20000-0-11519,RGLB_D,SUM,2015-11-08T00:00Z,7562.0,,0.0,
0-20000-0-11519,RGLB_D,SUM,2015-11-09T00:00Z,2416.0,,0.0,
0-20000-0-11519,RGLB_D,SUM,2015-11-10T00:00Z,4961.0,,0.0,
0-20000-0-11519,RGLB_D,SUM,2015-11-11T00:00Z,2566.0,,0.0,
0-20000-0-11519,RGLB_D,SUM,2015-11-12T00:00Z,4418.0,,0.0,
0-20000-0-11519,RGLB_D,SUM,2015-11-13T00:00Z,6091.0,,0.0,
0-20000-0-11519,RGLB_D,SUM,2015-11-14T00:00Z,5241.0,,0.0,
0-20000-0-11519,RGLB_D,SUM,2015-11-15T00:00Z,941.0,,0.0,
0-20000-0-11519,RGLB_D,SUM,2015-11-16T00:00Z,6360.0,,0.0,
0-20000-0-11519,RGLB_D,SUM,2015-11-17T00:00Z,1755.0,,0.0,
0-20000-0-11519,RGLB_D,SUM,2015-11-18T00:00Z,2735.0,,0.0,
0-20000-0-11519,RGLB_D,SUM,2015-11-19T00:00Z,2505.0,,0.0,
0-20000-0-11519,RGLB_D,SUM,2015-11-20T00:00Z,1111.0,,0.0,
0-20000-0-11519,RGLB_D,SUM,2015-11-21T00:00Z,3959.0,,0.0,
0-20000-0-11519,RGLB_D,SUM,2015-11-22T00:00Z,2752.0,,0.0,
0-20000-0-11519,RGLB_D,SUM,2015-11-23T00:00Z,2410.0,,0.0,
0-20000-0-11519,RGLB_D,SUM,2015-11-24T00:00Z,4359.0,,0.0,
0-20000-0-11519,RGLB_D,SUM,2015-11-25T00:00Z,1869.0,,0.0,
0-20000-0-11519,RGLB_D,SUM,2015-11-26T00:00Z,1807.0,,0.0,
0-20000-0-11519,RGLB_D,SUM,2015-11-27T00:00Z,1472.0,,0.0,
0-20000-0-11519,RGLB_D,SUM,2015-11-28T00:00Z,2800.0,,0.0,
0-20000-0-11519,RGLB_D,SUM,2015-11-29T00:00Z,991.0,,0.0,
0-20000-0-11519,RGLB_D,SUM,2015-11-30T00:00Z,1653.0,,0.0,
0-20000-0-11519,RGLB_D,SUM,2015-12-01T00:00Z,3949.0,,0.0,
0-20000-0-11519,RGLB_D,SUM,2015-12-02T00:00Z,1132.0,,0.0,
0-20000-0-11519,RGLB_D,SUM,2015-12-03T00:00Z,4940.0,,0.0,
0-20000-0-11519,RGLB_D,SUM,2015-12-04T00:00Z,3172.0,,0.0,
0-20000-0-11519,RGLB_D,SUM,2015-12-05T00:00Z,4835.0,,0.0,
0-20000-0-11519,RGLB_D,SUM,2015-12-06T00:00Z,5044.0,,0.0,
0-20000-0-11519,RGLB_D,SUM,2015-12-07T00:00Z,1667.0,,0.0,
0-20000-0-11519,RGLB_D,SUM,2015-12-08T00:00Z,908.0,,0.0,
0-20000-0-11519,RGLB_D,SUM,2015-12-09T00:00Z,573.0,,0.0,
0-20000-0-11519,RGLB_D,SUM,2015-12-10T00:00Z,2681.0,,0.0,
0-20000-0-11519,RGLB_D,SUM,2015-12-11T00:00Z,3726.0,,0.0,
0-20000-0-11519,RGLB_D,SUM,2015-12-12T00:00Z,1502.0,,0.0,
0-20000-0-11519,RGLB_D,SUM,2015-12-13T00:00Z,1842.0,,0.0,
0-20000-0-11519,RGLB_D,SUM,2015-12-14T00:00Z,1903.0,,0.0,
0-20000-0-11519,RGLB_D,SUM,2015-12-15T00:00Z,1750.0,,0.0,
0-20000-0-11519,RGLB_D,SUM,2015-12-16T00:00Z,1070.0,,0.0,
0-20000-0-11519,RGLB_D,SUM,2015-12-17T00:00Z,1622.0,,0.0,
0-20000-0-11519,RGLB_D,SUM,2015-12-18T00:00Z,1134.0,,0.0,
0-20000-0-11519,RGLB_D,SUM,2015-12-19T00:00Z,3646.0,,0.0,
0-20000-0-11519,RGLB_D,SUM,2015-12-20T00:00Z,850.0,,0.0,
0-20000-0-11519,RGLB_D,SUM,2015-12-21T00:00Z,696.0,,0.0,
0-20000-0-11519,RGLB_D,SUM,2015-12-22T00:00Z,1466.0,,0.0,
0-20000-0-11519,RGLB_D,SUM,2015-12-23T00:00Z,4509.0,,0.0,
0-20000-0-11519,RGLB_D,SUM,2015-12-24T00:00Z,1960.0,,0.0,
0-20000-0-11519,RGLB_D,SUM,2015-12-25T00:00Z,1810.0,,0.0,
0-20000-0-11519,RGLB_D,SUM,2015-12-26T00:00Z,4208.0,,0.0,
0-20000-0-11519,RGLB_D,SUM,2015-12-27T00:00Z,4842.0,,0.0,
0-20000-0-11519,RGLB_D,SUM,2015-12-28T00:00Z,3255.0,,0.0,
0-20000-0-11519,RGLB_D,SUM,2015-12-29T00:00Z,1913.0,,0.0,
0-20000-0-11519,RGLB_D,SUM,2015-12-30T00:00Z,3858.0,,0.0,
0-20000-0-11519,RGLB_D,SUM,2015-12-31T00:00Z,4611.0,,0.0,
0-20000-0-11519,RGLB_D,SUM,2016-01-01T00:00Z,1281.0,,0.0,
0-20000-0-11519,RGLB_D,SUM,2016-01-02T00:00Z,539.0,,0.0,
0-20000-0-11519,RGLB_D,SUM,2016-01-03T00:00Z,754.0,,0.0,
0-20000-0-11519,RGLB_D,SUM,2016-01-04T00:00Z,1151.0,,0.0,
0-20000-0-11519,RGLB_D,SUM,2016-01-05T00:00Z,1468.0,,0.0,
0-20000-0-11519,RGLB_D,SUM,2016-01-06T00:00Z,1196.0,,0.0,
0-20000-0-11519,RGLB_D,SUM,2016-01-07T00:00Z,1412.0,,0.0,
0-20000-0-11519,RGLB_D,SUM,2016-01-08T00:00Z,5338.0,,0.0,
0-20000-0-11519,RGLB_D,SUM,2016-01-09T00:00Z,3628.0,,0.0,
0-20000-0-11519,RGLB_D,SUM,2016-01-10T00:00Z,1452.0,,0.0,
0-20000-0-11519,RGLB_D,SUM,2016-01-11T00:00Z,902.0,,0.0,
0-20000-0-11519,RGLB_D,SUM,2016-01-12T00:00Z,3238.0,,0.0,
0-20000-0-11519,RGLB_D,SUM,2016-01-13T00:00Z,1487.0,,0.0,
0-20000-0-11519,RGLB_D,SUM,2016-01-14T00:00Z,5012.0,,0.0,
0-20000-0-11519,RGLB_D,SUM,2016-01-15T00:00Z,3194.0,,0.0,
0-20000-0-11519,RGLB_D,SUM,2016-01-16T00:00Z,1543.0,,0.0,
0-20000-0-11519,RGLB_D,SUM,2016-01-17T00:00Z,1565.0,,0.0,
0-20000-0-11519,RGLB_D,SUM,2016-01-18T00:00Z,1551.0,,0.0,
0-20000-0-11519,RGLB_D,SUM,2016-01-19T00:00Z,5005.0,,0.0,
0-20000-0-11519,RGLB_D,SUM,2016-01-20T00:00Z,1688.0,,0.0,
0-20000-0-11519,RGLB_D,SUM,2016-01-21T00:00Z,5268.0,,0.0,
0-20000-0-11519,RGLB_D,SUM,2016-01-22T00:00Z,5902.0,,0.0,
0-20000-0-11519,RGLB_D,SUM,2016-01-23T00:00Z,1565.0,,0.0,
0-20000-0-11519,RGLB_D,SUM,2016-01-24T00:00Z,3048.0,,0.0,
0-20000-0-11519,RGLB_D,SUM,2016-01-25T00:00Z,1104.0,,0.0,
0-20000-0-11519,RGLB_D,SUM,2016-01-26T00:00Z,4088.0,,0.0,
0-20000-0-11519,RGLB_D,SUM,2016-01-27T00:00Z,2338.0,,0.0,
0-20000-0-11519,RGLB_D,SUM,2016-01-28T00:00Z,1431.0,,0.0,
0-20000-0-11519,RGLB_D,SUM,2016-01-29T00:00Z,7215.0,,0.0,
0-20000-0-11519,RGLB_D,SUM,2016-01-30T00:00Z,1958.0,,0.0,
0-20000-0-11519,RGLB_D,SUM,2016-01-31T00:00Z,4001.0,,0.0,
0-20000-0-11519,RGLB_D,SUM,2016-02-01T00:00Z,1807.0,,0.0,
0-20000-0-11519,RGLB_D,SUM,2016-02-02T00:00Z,2258.0,,0.0,
0-20000-0-11519,RGLB_D,SUM,2016-02-03T00:00Z,2452.0,,0.0,
0-20000-0-11519,RGLB_D,SUM,2016-02-04T00:00Z,3620.0,,0.0,
0-20000-0-11519,RGLB_D,SUM,2016-02-05T00:00Z,5520.0,,0.0,
0-20000-0-11519,RGLB_D,SUM,2016-02-06T00:00Z,6659.0,,0.0,
0-20000-0-11519,RGLB_D,SUM,2016-02-07T00:00Z,4318.0,,0.0,
0-20000-0-11519,RGLB_D,SUM,2016-02-08T00:00Z,5728.0,,0.0,
0-20000-0-11519,RGLB_D,SUM,2016-02-09T00:00Z,4210.0,,0.0,
0-20000-0-11519,RGLB_D,SUM,2016-02-10T00:00Z,4125.0,,0.0,
0-20000-0-11519,RGLB_D,SUM,2016-02-11T00:00Z,4892.0,,0.0,
0-20000-0-11519,RGLB_D,SUM,2016-02-12T00:00Z,6487.0,,0.0,
0-20000-0-11519,RGLB_D,SUM,2016-02-13T00:00Z,4823.0,,0.0,
0-20000-0-11519,RGLB_D,SUM,2016-02-14T00:00Z,5090.0,,0.0,
0-20000-0-11519,RGLB_D,SUM,2016-02-15T00:00Z,5111.0,,0.0,
0-20000-0-11519,RGLB_D,SUM,2016-02-16T00:00Z,1558.0,,0.0,
0-20000-0-11519,RGLB_D,SUM,2016-02-17T00:00Z,921.0,,0.0,
0-20000-0-11519,RGLB_D,SUM,2016-02-18T00:00Z,10272.0,,0.0,
0-20000-0-11519,RGLB_D,SUM,2016-02-19T00:00Z,4361.0,,0.0,
0-20000-0-11519,RGLB_D,SUM,2016-02-20T00:00Z,6136.0,,0.0,
0-20000-0-11519,RGLB_D,SUM,2016-02-21T00:00Z,3162.0,,0.0,
0-20000-0-11519,RGLB_D,SUM,2016-02-22T00:00Z,8684.0,,0.0,
0-20000-0-11519,RGLB_D,SUM,2016-02-23T00:00Z,2021.0,,0.0,
0-20000-0-11519,RGLB_D,SUM,2016-02-24T00:00Z,8684.0,,0.0,
0-20000-0-11519,RGLB_D,SUM,2016-02-25T00:00Z,9573.0,,0.0,
0-20000-0-11519,RGLB_D,SUM,2016-02-26T00:00Z,7147.0,,0.0,
0-20000-0-11519,RGLB_D,SUM,2016-02-27T00:00Z,7405.0,,0.0,
0-20000-0-11519,RGLB_D,SUM,2016-02-28T00:00Z,2400.0,,0.0,
0-20000-0-11519,RGLB_D,SUM,2016-02-29T00:00Z,1047.0,,0.0,
0-20000-0-11519,RGLB_D,SUM,2016-03-01T00:00Z,2887.0,,0.0,
0-20000-0-11519,RGLB_D,SUM,2016-03-02T00:00Z,5649.0,,0.0,
0-20000-0-11519,RGLB_D,SUM,2016-03-03T00:00Z,4496.0,,0.0,
0-20000-0-11519,RGLB_D,SUM,2016-03-04T00:00Z,12682.0,,0.0,
0-20000-0-11519,RGLB_D,SUM,2016-03-05T00:00Z,8280.0,,0.0,
0-20000-0-11519,RGLB_D,SUM,2016-03-06T00:00Z,4201.0,,0.0,
0-20000-0-11519,RGLB_D,SUM,2016-03-07T00:00Z,7137.0,,0.0,
0-20000-0-11519,RGLB_D,SUM,2016-03-08T00:00Z,5547.0,,0.0,
0-20000-0-11519,RGLB_D,SUM,2016-03-09T00:00Z,5968.0,,0.0,
0-20000-0-11519,RGLB_D,SUM,2016-03-10T00:00Z,8701.0,,0.0,
0-20000-0-11519,RGLB_D,SUM,2016-03-11T00:00Z,7241.0,,0.0,
0-20000-0-11519,RGLB_D,SUM,2016-03-12T00:00Z,4134.0,,0.0,
0-20000-0-11519,RGLB_D,SUM,2016-03-13T00:00Z,3605.0,,0.0,
0-20000-0-11519,RGLB_D,SUM,2016-03-14T00:00Z,14391.0,,0.0,
0-20000-0-11519,RGLB_D,SUM,2016-03-15T00:00Z,4607.0,,0.0,
0-20000-0-11519,RGLB_D,SUM,2016-03-16T00:00Z,6593.0,,0.0,
0-20000-0-11519,RGLB_D,SUM,2016-03-17T00:00Z,15423.0,,0.0,
0-20000-0-11519,RGLB_D,SUM,2016-03-18T00:00Z,15190.0,,0.0,
0-20000-0-11519,RGLB_D,SUM,2016-03-19T00:00Z,5879.0,,0.0,
0-20000-0-11519,RGLB_D,SUM,2016-03-20T00:00Z,3391.0,,0.0,
0-20000-0-11519,RGLB_D,SUM,2016-03-21T00:00Z,5078.0,,0.0,
0-20000-0-11519,RGLB_D,SUM,2016-03-22T00:00Z,7865.0,,0.0,
0-20000-0-11519,RGLB_D,SUM,2016-03-23T00:00Z,8944.0,,0.0,
0-20000-0-11519,RGLB_D,SUM,2016-03-24T00:00Z,6416.0,,0.0,
0-20000-0-11519,RGLB_D,SUM,2016-03-25T00:00Z,4867.0,,0.0,
0-20000-0-11519,RGLB_D,SUM,2016-03-26T00:00Z,7836.0,,0.0,
0-20000-0-11519,RGLB_D,SUM,2016-03-27T00:00Z,16847.0,,0.0,
0-20000-0-11519,RGLB_D,SUM,2016-03-28T00:00Z,13299.0,,0.0,
0-20000-0-11519,RGLB_D,SUM,2016-03-29T00:00Z,14275.0,,0.0,
0-20000-0-11519,RGLB_D,SUM,2016-03-30T00:00Z,5639.0,,0.0,
0-20000-0-11519,RGLB_D,SUM,2016-03-31T00:00Z,15541.0,,0.0,
0-20000-0-11519,RGLB_D,SUM,2016-04-01T00:00Z,5978.0,,0.0,
0-20000-0-11519,RGLB_D,SUM,2016-04-02T00:00Z,18758.0,,0.0,
0-20000-0-11519,RGLB_D,SUM,2016-04-03T00:00Z,16136.0,,0.0,
0-20000-0-11519,RGLB_D,SUM,2016-04-04T00:00Z,14959.0,,0.0,
0-20000-0-11519,RGLB_D,SUM,2016-04-05T00:00Z,17437.0,,0.0,
0-20000-0-11519,RGLB_D,SUM,2016-04-06T00:00Z,13070.0,,0.0,
0-20000-0-11519,RGLB_D,SUM,2016-04-07T00:00Z,11174.0,,0.0,
0-20000-0-11519,RGLB_D,SUM,2016-04-08T00:00Z,6471.0,,0.0,
0-20000-0-11519,RGLB_D,SUM,2016-04-09T00:00Z,4942.0,,0.0,
0-20000-0-11519,RGLB_D,SUM,2016-04-10T00:00Z,3175.0,,0.0,
0-20000-0-11519,RGLB_D,SUM,2016-04-11T00:00Z,7031.0,,0.0,
0-20000-0-11519,RGLB_D,SUM,2016-04-12T00:00Z,16138.0,,0.0,
0-20000-0-11519,RGLB_D,SUM,2016-04-13T00:00Z,11266.0,,0.0,
0-20000-0-11519,RGLB_D,SUM,2016-04-14T00:00Z,12532.0,,0.0,
0-20000-0-11519,RGLB_D,SUM,2016-04-15T00:00Z,7867.0,,0.0,
0-20000-0-11519,RGLB_D,SUM,2016-04-16T00:00Z,7134.0,,0.0,
0-20000-0-11519,RGLB_D,SUM,2016-04-17T00:00Z,5181.0,,0.0,
0-20000-0-11519,RGLB_D,SUM,2016-04-18T00:00Z,11794.0,,0.0,
0-20000-0-11519,RGLB_D,SUM,2016-04-19T00:00Z,9939.0,,0.0,
0-20000-0-11519,RGLB_D,SUM,2016-04-20T00:00Z,19228.0,,0.0,
0-20000-0-11519,RGLB_D,SUM,2016-04-21T00:00Z,23384.0,,0.0,
0-20000-0-11519,RGLB_D,SUM,2016-04-22T00:00Z,20491.0,,0.0,
0-20000-0-11519,RGLB_D,SUM,2016-04-23T00:00Z,9433.0,,0.0,
0-20000-0-11519,RGLB_D,SUM,2016-04-24T00:00Z,14461.0,,0.0,
0-20000-0-11519,RGLB_D,SUM,2016-04-25T00:00Z,18054.0,,0.0,
0-20000-0-11519,RGLB_D,SUM,2016-04-26T00:00Z,12348.0,,0.0,
0-20000-0-11519,RGLB_D,SUM,2016-04-27T00:00Z,13308.0,,0.0,
0-20000-0-11519,RGLB_D,SUM,2016-04-28T00:00Z,17063.0,,0.0,
0-20000-0-11519,RGLB_D,SUM,2016-04-29T00:00Z,24844.0,,0.0,
0-20000-0-11519,RGLB_D,SUM,2016-04-30T00:00Z,24313.0,,0.0,
0-20000-0-11519,RGLB_D,SUM,2016-05-01T00:00Z,15635.0,,0.0,
0-20000-0-11519,RGLB_D,SUM,2016-05-02T00:00Z,22039.0,,0.0,
0-20000-0-11519,RGLB_D,SUM,2016-05-03T00:00Z,17012.0,,0.0,
0-20000-0-11519,RGLB_D,SUM,2016-05-04T00:00Z,3872.0,,0.0,
0-20000-0-11519,RGLB_D,SUM,2016-05-05T00:00Z,22548.0,,0.0,
0-20000-0-11519,RGLB_D,SUM,2016-05-06T00:00Z,24879.0,,0.0,
0-20000-0-11519,RGLB_D,SUM,2016-05-07T00:00Z,24630.0,,0.0,
0-20000-0-11519,RGLB_D,SUM,2016-05-08T00:00Z,22433.0,,0.0,
0-20000-0-11519,RGLB_D,SUM,2016-05-09T00:00Z,23783.0,,0.0,
0-20000-0-11519,RGLB_D,SUM,2016-05-10T00:00Z,21502.0,,0.0,
0-20000-0-11519,RGLB_D,SUM,2016-05-11T00:00Z,17641.0,,0.0,
0-20000-0-11519,RGLB_D,SUM,2016-05-12T00:00Z,11862.0,,0.0,
0-20000-0-11519,RGLB_D,SUM,2016-05-13T00:00Z,14369.0,,0.0,
0-20000-0-11519,RGLB_D,SUM,2016-05-14T00:00Z,24228.0,,0.0,
0-20000-0-11519,RGLB_D,SUM,2016-05-15T00:00Z,14219.0,,0.0,
0-20000-0-11519,RGLB_D,SUM,2016-05-16T00:00Z,13264.0,,0.0,
0-20000-0-11519,RGLB_D,SUM,2016-05-17T00:00Z,11062.0,,0.0,
0-20000-0-11519,RGLB_D,SUM,2016-05-18T00:00Z,14205.0,,0.0,
0-20000-0-11519,RGLB_D,SUM,2016-05-19T00:00Z,19403.0,,0.0,
0-20000-0-11519,RGLB_D,SUM,2016-05-20T00:00Z,18221.0,,0.0,
0-20000-0-11519,RGLB_D,SUM,2016-05-21T00:00Z,21191.0,,0.0,
0-20000-0-11519,RGLB_D,SUM,2016-05-22T00:00Z,26417.0,,0.0,
0-20000-0-11519,RGLB_D,SUM,2016-05-23T00:00Z,17385.0,,0.0,
0-20000-0-11519,RGLB_D,SUM,2016-05-24T00:00Z,9537.0,,0.0,
0-20000-0-11519,RGLB_D,SUM,2016-05-25T00:00Z,11799.0,,0.0,
0-20000-0-11519,RGLB_D,SUM,2016-05-26T00:00Z,17690.0,,0.0,
0-20000-0-11519,RGLB_D,SUM,2016-05-27T00:00Z,16675.0,,0.0,
0-20000-0-11519,RGLB_D,SUM,2016-05-28T00:00Z,17171.0,,0.0,
0-20000-0-11519,RGLB_D,SUM,2016-05-29T00:00Z,16295.0,,0.0,
0-20000-0-11519,RGLB_D,SUM,2016-05-30T00:00Z,23056.0,,0.0,
0-20000-0-11519,RGLB_D,SUM,2016-05-31T00:00Z,17551.0,,0.0,
0-20000-0-11519,RGLB_D,SUM,2016-06-01T00:00Z,18652.0,,0.0,
0-20000-0-11519,RGLB_D,SUM,2016-06-02T00:00Z,17797.0,,0.0,
0-20000-0-11519,RGLB_D,SUM,2016-06-03T00:00Z,8364.0,,0.0,
0-20000-0-11519,RGLB_D,SUM,2016-06-04T00:00Z,17990.0,,0.0,
0-20000-0-11519,RGLB_D,SUM,2016-06-05T00:00Z,22569.0,,0.0,
0-20000-0-11519,RGLB_D,SUM,2016-06-06T00:00Z,24126.0,,0.0,
0-20000-0-11519,RGLB_D,SUM,2016-06-07T00:00Z,27775.0,,0.0,
0-20000-0-11519,RGLB_D,SUM,2016-06-08T00:00Z,27420.0,,0.0,
0-20000-0-11519,RGLB_D,SUM,2016-06-09T00:00Z,22186.0,,0.0,
0-20000-0-11519,RGLB_D,SUM,2016-06-10T00:00Z,18476.0,,0.0,
0-20000-0-11519,RGLB_D,SUM,2016-06-11T00:00Z,13637.0,,0.0,
0-20000-0-11519,RGLB_D,SUM,2016-06-12T00:00Z,12807.0,,0.0,
0-20000-0-11519,RGLB_D,SUM,2016-06-13T00:00Z,15620.0,,0.0,
0-20000-0-11519,RGLB_D,SUM,2016-06-14T00:00Z,16593.0,,0.0,
0-20000-0-11519,RGLB_D,SUM,2016-06-15T00:00Z,13118.0,,0.0,
0-20000-0-11519,RGLB_D,SUM,2016-06-16T00:00Z,23290.0,,0.0,
0-20000-0-11519,RGLB_D,SUM,2016-06-17T00:00Z,8676.0,,0.0,
0-20000-0-11519,RGLB_D,SUM,2016-06-18T00:00Z,23859.0,,0.0,
0-20000-0-11519,RGLB_D,SUM,2016-06-19T00:00Z,19115.0,,0.0,
0-20000-0-11519,RGLB_D,SUM,2016-06-20T00:00Z,13615.0,,0.0,
0-20000-0-11519,RGLB_D,SUM,2016-06-21T00:00Z,15925.0,,0.0,
0-20000-0-11519,RGLB_D,SUM,2016-06-22T00:00Z,20208.0,,0.0,
0-20000-0-11519,RGLB_D,SUM,2016-06-23T00:00Z,28796.0,,0.0,
0-20000-0-11519,RGLB_D,SUM,2016-06-24T00:00Z,26559.0,,0.0,
0-20000-0-11519,RGLB_D,SUM,2016-06-25T00:00Z,19665.0,,0.0,
0-20000-0-11519,RGLB_D,SUM,2016-06-26T00:00Z,14594.0,,0.0,
0-20000-0-11519,RGLB_D,SUM,2016-06-27T00:00Z,15724.0,,0.0,
0-20000-0-11519,RGLB_D,SUM,2016-06-28T00:00Z,20340.0,,0.0,
0-20000-0-11519,RGLB_D,SUM,2016-06-29T00:00Z,23385.0,,0.0,
0-20000-0-11519,RGLB_D,SUM,2016-06-30T00:00Z,17534.0,,0.0,
0-20000-0-11519,RGLB_D,SUM,2016-07-01T00:00Z,27791.0,,0.0,
0-20000-0-11519,RGLB_D,SUM,2016-07-02T00:00Z,14468.0,,0.0,
0-20000-0-11519,RGLB_D,SUM,2016-07-03T00:00Z,21094.0,,0.0,
0-20000-0-11519,RGLB_D,SUM,2016-07-04T00:00Z,25772.0,,0.0,
0-20000-0-11519,RGLB_D,SUM,2016-07-05T00:00Z,18673.0,,0.0,
0-20000-0-11519,RGLB_D,SUM,2016-07-06T00:00Z,20651.0,,0.0,
0-20000-0-11519,RGLB_D,SUM,2016-07-07T00:00Z,25483.0,,0.0,
0-20000-0-11519,RGLB_D,SUM,2016-07-08T00:00Z,23546.0,,0.0,
0-20000-0-11519,RGLB_D,SUM,2016-07-09T00:00Z,22182.0,,0.0,
0-20000-0-11519,RGLB_D,SUM,2016-07-10T00:00Z,23669.0,,0.0,
0-20000-0-11519,RGLB_D,SUM,2016-07-11T00:00Z,24036.0,,0.0,
0-20000-0-11519,RGLB_D,SUM,2016-07-12T00:00Z,12672.0,,0.0,
0-20000-0-11519,RGLB_D,SUM,2016-07-13T00:00Z,15154.0,,0.0,
0-20000-0-11519,RGLB_D,SUM,2016-07-14T00:00Z,7012.0,,0.0,
0-20000-0-11519,RGLB_D,SUM,2016-07-15T00:00Z,9271.0,,0.0,
0-20000-0-11519,RGLB_D,SUM,2016-07-16T00:00Z,25599.0,,0.0,
0-20000-0-11519,RGLB_D,SUM,2016-07-17T00:00Z,9410.0,,0.0,
0-20000-0-11519,RGLB_D,SUM,2016-07-18T00:00Z,24246.0,,0.0,
0-20000-0-11519,RGLB_D,SUM,2016-07-19T00:00Z,23036.0,,0.0,
0-20000-0-11519,RGLB_D,SUM,2016-07-20T00:00Z,25684.0,,0.0,
0-20000-0-11519,RGLB_D,SUM,2016-07-21T00:00Z,15112.0,,0.0,
0-20000-0-11519,RGLB_D,SUM,2016-07-22T00:00Z,20123.0,,0.0,
0-20000-0-11519,RGLB_D,SUM,2016-07-23T00:00Z,17246.0,,0.0,
0-20000-0-11519,RGLB_D,SUM,2016-07-24T00:00Z,13235.0,,0.0,
0-20000-0-11519,RGLB_D,SUM,2016-07-25T00:00Z,21006.0,,0.0,
0-20000-0-11519,RGLB_D,SUM,2016-07-26T00:00Z,16097.0,,0.0,
0-20000-0-11519,RGLB_D,SUM,2016-07-27T00:00Z,13954.0,,0.0,
0-20000-0-11519,RGLB_D,SUM,2016-07-28T00:00Z,17722.0,,0.0,
0-20000-0-11519,RGLB_D,SUM,2016-07-29T00:00Z,15726.0,,0.0,
0-20000-0-11519,RGLB_D,SUM,2016-07-30T00:00Z,21296.0,,0.0,
0-20000-0-11519,RGLB_D,SUM,2016-07-31T00:00Z,7619.0,,0.0,
0-20000-0-11519,RGLB_D,SUM,2016-08-01T00:00Z,18698.0,,0.0,
0-20000-0-11519,RGLB_D,SUM,2016-08-02T00:00Z,11374.0,,0.0,
0-20000-0-11519,RGLB_D,SUM,2016-08-03T00:00Z,8276.0,,0.0,
0-20000-0-11519,RGLB_D,SUM,2016-08-04T00:00Z,22303.0,,0.0,
0-20000-0-11519,RGLB_D,SUM,2016-08-05T00:00Z,5242.0,,0.0,
0-20000-0-11519,RGLB_D,SUM,2016-08-06T00:00Z,16891.0,,0.0,
0-20000-0-11519,RGLB_D,SUM,2016-08-07T00:00Z,21945.0,,0.0,
0-20000-0-11519,RGLB_D,SUM,2016-08-08T00:00Z,24463.0,,0.0,
0-20000-0-11519,RGLB_D,SUM,2016-08-09T00:00Z,6354.0,,0.0,
0-20000-0-11519,RGLB_D,SUM,2016-08-10T00:00Z,9423.0,,0.0,
0-20000-0-11519,RGLB_D,SUM,2016-08-11T00:00Z,19041.0,,0.0,
0-20000-0-11519,RGLB_D,SUM,2016-08-12T00:00Z,7609.0,,0.0,
0-20000-0-11519,RGLB_D,SUM,2016-08-13T00:00Z,16141.0,,0.0,
0-20000-0-11519,RGLB_D,SUM,2016-08-14T00:00Z,17771.0,,0.0,
0-20000-0-11519,RGLB_D,SUM,2016-08-15T00:00Z,18361.0,,0.0,
0-20000-0-11519,RGLB_D,SUM,2016-08-16T00:00Z,18589.0,,0.0,
0-20000-0-11519,RGLB_D,SUM,2016-08-17T00:00Z,18296.0,,0.0,
0-20000-0-11519,RGLB_D,SUM,2016-08-18T00:00Z,23202.0,,0.0,
0-20000-0-11519,RGLB_D,SUM,2016-08-19T00:00Z,22963.0,,0.0,
0-20000-0-11519,RGLB_D,SUM,2016-08-20T00:00Z,17032.0,,0.0,
0-20000-0-11519,RGLB_D,SUM,2016-08-21T00:00Z,11401.0,,0.0,
0-20000-0-11519,RGLB_D,SUM,2016-08-22T00:00Z,13366.0,,0.0,
0-20000-0-11519,RGLB_D,SUM,2016-08-23T00:00Z,16835.0,,0.0,
0-20000-0-11519,RGLB_D,SUM,2016-08-24T00:00Z,21646.0,,0.0,
0-20000-0-11519,RGLB_D,SUM,2016-08-25T00:00Z,21763.0,,0.0,
0-20000-0-11519,RGLB_D,SUM,2016-08-26T00:00Z,21886.0,,0.0,
0-20000-0-11519,RGLB_D,SUM,2016-08-27T00:00Z,21691.0,,0.0,
0-20000-0-11519,RGLB_D,SUM,2016-08-28T00:00Z,20618.0,,0.0,
0-20000-0-11519,RGLB_D,SUM,2016-08-29T00:00Z,6628.0,,0.0,
0-20000-0-11519,RGLB_D,SUM,2016-08-30T00:00Z,21100.0,,0.0,
0-20000-0-11519,RGLB_D,SUM,2016-08-31T00:00Z,21008.0,,0.0,
0-20000-0-11519,RGLB_D,SUM,2016-09-01T00:00Z,19756.0,,0.0,
0-20000-0-11519,RGLB_D,SUM,2016-09-02T00:00Z,15244.0,,0.0,
0-20000-0-11519,RGLB_D,SUM,2016-09-03T00:00Z,12288.0,,0.0,
0-20000-0-11519,RGLB_D,SUM,2016-09-04T00:00Z,12173.0,,0.0,
0-20000-0-11519,RGLB_D,SUM,2016-09-05T00:00Z,8507.0,,0.0,
0-20000-0-11519,RGLB_D,SUM,2016-09-06T00:00Z,15370.0,,0.0,
0-20000-0-11519,RGLB_D,SUM,2016-09-07T00:00Z,18181.0,,0.0,
0-20000-0-11519,RGLB_D,SUM,2016-09-08T00:00Z,18503.0,,0.0,
0-20000-0-11519,RGLB_D,SUM,2016-09-09T00:00Z,16114.0,,0.0,
0-20000-0-11519,RGLB_D,SUM,2016-09-10T00:00Z,15499.0,,0.0,
0-20000-0-11519,RGLB_D,SUM,2016-09-11T00:00Z,17632.0,,0.0,
0-20000-0-11519,RGLB_D,SUM,2016-09-12T00:00Z,16993.0,,0.0,
0-20000-0-11519,RGLB_D,SUM,2016-09-13T00:00Z,16108.0,,0.0,
0-20000-0-11519,RGLB_D,SUM,2016-09-14T00:00Z,15585.0,,0.0,
0-20000-0-11519,RGLB_D,SUM,2016-09-15T00:00Z,16811.0,,0.0,
0-20000-0-11519,RGLB_D,SUM,2016-09-16T00:00Z,14343.0,,0.0,
0-20000-0-11519,RGLB_D,SUM,2016-09-17T00:00Z,3019.0,,0.0,
0-20000-0-11519,RGLB_D,SUM,2016-09-18T00:00Z,6482.0,,0.0,
0-20000-0-11519,RGLB_D,SUM,2016-09-19T00:00Z,2095.0,,0.0,
0-20000-0-11519,RGLB_D,SUM,2016-09-20T00:00Z,9477.0,,0.0,
0-20000-0-11519,RGLB_D,SUM,2016-09-21T00:00Z,9223.0,,0.0,
0-20000-0-11519,RGLB_D,SUM,2016-09-22T00:00Z,15390.0,,0.0,
0-20000-0-11519,RGLB_D,SUM,2016-09-23T00:00Z,9839.0,,0.0,
0-20000-0-11519,RGLB_D,SUM,2016-09-24T00:00Z,13321.0,,0.0,
0-20000-0-11519,RGLB_D,SUM,2016-09-25T00:00Z,13833.0,,0.0,
0-20000-0-11519,RGLB_D,SUM,2016-09-26T00:00Z,11976.0,,0.0,
0-20000-0-11519,RGLB_D,SUM,2016-09-27T00:00Z,14199.0,,0.0,
0-20000-0-11519,RGLB_D,SUM,2016-09-28T00:00Z,10946.0,,0.0,
0-20000-0-11519,RGLB_D,SUM,2016-09-29T00:00Z,12330.0,,0.0,
0-20000-0-11519,RGLB_D,SUM,2016-09-30T00:00Z,9845.0,,0.0,
0-20000-0-11519,RGLB_D,SUM,2016-10-01T00:00Z,11759.0,,0.0,
0-20000-0-11519,RGLB_D,SUM,2016-10-02T00:00Z,3620.0,,0.0,
0-20000-0-11519,RGLB_D,SUM,2016-10-03T00:00Z,3868.0,,0.0,
0-20000-0-11519,RGLB_D,SUM,2016-10-04T00:00Z,5571.0,,0.0,
0-20000-0-11519,RGLB_D,SUM,2016-10-05T00:00Z,5588.0,,0.0,
0-20000-0-11519,RGLB_D,SUM,2016-10-06T00:00Z,3399.0,,0.0,
0-20000-0-11519,RGLB_D,SUM,2016-10-07T00:00Z,7860.0,,0.0,
0-20000-0-11519,RGLB_D,SUM,2016-10-08T00:00Z,4016.0,,0.0,
0-20000-0-11519,RGLB_D,SUM,2016-10-09T00:00Z,6596.0,,0.0,
0-20000-0-11519,RGLB_D,SUM,2016-10-10T00:00Z,6191.0,,0.0,
0-20000-0-11519,RGLB_D,SUM,2016-10-11T00:00Z,4240.0,,0.0,
0-20000-0-11519,RGLB_D,SUM,2016-10-12T00:00Z,2259.0,,0.0,
0-20000-0-11519,RGLB_D,SUM,2016-10-13T00:00Z,2854.0,,0.0,
0-20000-0-11519,RGLB_D,SUM,2016-10-14T00:00Z,1926.0,,0.0,
0-20000-0-11519,RGLB_D,SUM,2016-10-15T00:00Z,6771.0,,0.0,
0-20000-0-11519,RGLB_D,SUM,2016-10-16T00:00Z,6527.0,,0.0,
0-20000-0-11519,RGLB_D,SUM,2016-10-17T00:00Z,1966.0,,0.0,
0-20000-0-11519,RGLB_D,SUM,2016-10-18T00:00Z,2688.0,,0.0,
0-20000-0-11519,RGLB_D,SUM,2016-10-19T00:00Z,6148.0,,0.0,
0-20000-0-11519,RGLB_D,SUM,2016-10-20T00:00Z,6432.0,,0.0,
0-20000-0-11519,RGLB_D,SUM,2016-10-21T00:00Z,4556.0,,0.0,
0-20000-0-11519,RGLB_D,SUM,2016-10-22T00:00Z,5506.0,,0.0,
0-20000-0-11519,RGLB_D,SUM,2016-10-23T00:00Z,6474.0,,0.0,
0-20000-0-11519,RGLB_D,SUM,2016-10-24T00:00Z,3724.0,,0.0,
0-20000-0-11519,RGLB_D,SUM,2016-10-25T00:00Z,2269.0,,0.0,
0-20000-0-11519,RGLB_D,SUM,2016-10-26T00:00Z,3554.0,,0.0,
0-20000-0-11519,RGLB_D,SUM,2016-10-27T00:00Z,5335.0,,0.0,
0-20000-0-11519,RGLB_D,SUM,2016-10-28T00:00Z,5231.0,,0.0,
0-20000-0-11519,RGLB_D,SUM,2016-10-29T00:00Z,3493.0,,0.0,
0-20000-0-11519,RGLB_D,SUM,2016-10-30T00:00Z,3551.0,,0.0,
0-20000-0-11519,RGLB_D,SUM,2016-10-31T00:00Z,8357.0,,0.0,
0-20000-0-11519,RGLB_D,SUM,2016-11-01T00:00Z,7734.0,,0.0,
0-20000-0-11519,RGLB_D,SUM,2016-11-02T00:00Z,6618.0,,0.0,
0-20000-0-11519,RGLB_D,SUM,2016-11-03T00:00Z,7813.0,,0.0,
0-20000-0-11519,RGLB_D,SUM,2016-11-04T00:00Z,6026.0,,0.0,
0-20000-0-11519,RGLB_D,SUM,2016-11-05T00:00Z,2860.0,,0.0,
0-20000-0-11519,RGLB_D,SUM,2016-11-06T00:00Z,1641.0,,0.0,
0-20000-0-11519,RGLB_D,SUM,2016-11-07T00:00Z,5334.0,,0.0,
0-20000-0-11519,RGLB_D,SUM,2016-11-08T00:00Z,5441.0,,0.0,
0-20000-0-11519,RGLB_D,SUM,2016-11-09T00:00Z,5430.0,,0.0,
0-20000-0-11519,RGLB_D,SUM,2016-11-10T00:00Z,2287.0,,0.0,
0-20000-0-11519,RGLB_D,SUM,2016-11-11T00:00Z,2852.0,,0.0,
0-20000-0-11519,RGLB_D,SUM,2016-11-12T00:00Z,1084.0,,0.0,
0-20000-0-11519,RGLB_D,SUM,2016-11-13T00:00Z,6565.0,,0.0,
0-20000-0-11519,RGLB_D,SUM,2016-11-14T00:00Z,6342.0,,0.0,
0-20000-0-11519,RGLB_D,SUM,2016-11-15T00:00Z,2931.0,,0.0,
0-20000-0-11519,RGLB_D,SUM,2016-11-16T00:00Z,1438.0,,0.0,
0-20000-0-11519,RGLB_D,SUM,2016-11-17T00:00Z,1984.0,,0.0,
0-20000-0-11519,RGLB_D,SUM,2016-11-18T00:00Z,5590.0,,0.0,
0-20000-0-11519,RGLB_D,SUM,2016-11-19T00:00Z,930.0,,0.0,
0-20000-0-11519,RGLB_D,SUM,2016-11-20T00:00Z,4093.0,,0.0,
0-20000-0-11519,RGLB_D,SUM,2016-11-21T00:00Z,2191.0,,0.0,
0-20000-0-11519,RGLB_D,SUM,2016-11-22T00:00Z,1479.0,,0.0,
0-20000-0-11519,RGLB_D,SUM,2016-11-23T00:00Z,535.0,,0.0,
0-20000-0-11519,RGLB_D,SUM,2016-11-24T00:00Z,687.0,,0.0,
0-20000-0-11519,RGLB_D,SUM,2016-11-25T00:00Z,1144.0,,0.0,
0-20000-0-11519,RGLB_D,SUM,2016-11-26T00:00Z,827.0,,0.0,
0-20000-0-11519,RGLB_D,SUM,2016-11-27T00:00Z,1907.0,,0.0,
0-20000-0-11519,RGLB_D,SUM,2016-11-28T00:00Z,3378.0,,0.0,
0-20000-0-11519,RGLB_D,SUM,2016-11-29T00:00Z,5354.0,,0.0,
0-20000-0-11519,RGLB_D,SUM,2016-11-30T00:00Z,1829.0,,0.0,
0-20000-0-11519,RGLB_D,SUM,2016-12-01T00:00Z,1249.0,,0.0,
0-20000-0-11519,RGLB_D,SUM,2016-12-02T00:00Z,3977.0,,0.0,
0-20000-0-11519,RGLB_D,SUM,2016-12-03T00:00Z,4938.0,,0.0,
0-20000-0-11519,RGLB_D,SUM,2016-12-04T00:00Z,4154.0,,0.0,
0-20000-0-11519,RGLB_D,SUM,2016-12-05T00:00Z,1163.0,,0.0,
0-20000-0-11519,RGLB_D,SUM,2016-12-06T00:00Z,3806.0,,0.0,
0-20000-0-11519,RGLB_D,SUM,2016-12-07T00:00Z,3642.0,,0.0,
0-20000-0-11519,RGLB_D,SUM,2016-12-08T00:00Z,3917.0,,0.0,
0-20000-0-11519,RGLB_D,SUM,2016-12-09T00:00Z,2156.0,,0.0,
0-20000-0-11519,RGLB_D,SUM,2016-12-10T00:00Z,3610.0,,0.0,
0-20000-0-11519,RGLB_D,SUM,2016-12-11T00:00Z,1375.0,,0.0,
0-20000-0-11519,RGLB_D,SUM,2016-12-12T00:00Z,1628.0,,0.0,
0-20000-0-11519,RGLB_D,SUM,2016-12-13T00:00Z,1153.0,,0.0,
0-20000-0-11519,RGLB_D,SUM,2016-12-14T00:00Z,976.0,,0.0,
0-20000-0-11519,RGLB_D,SUM,2016-12-15T00:00Z,595.0,,0.0,
0-20000-0-11519,RGLB_D,SUM,2016-12-16T00:00Z,3147.0,,0.0,
0-20000-0-11519,RGLB_D,SUM,2016-12-17T00:00Z,1070.0,,0.0,
0-20000-0-11519,RGLB_D,SUM,2016-12-18T00:00Z,977.0,,0.0,
0-20000-0-11519,RGLB_D,SUM,2016-12-19T00:00Z,1351.0,,0.0,
0-20000-0-11519,RGLB_D,SUM,2016-12-20T00:00Z,1020.0,,0.0,
0-20000-0-11519,RGLB_D,SUM,2016-12-21T00:00Z,837.0,,0.0,
0-20000-0-11519,RGLB_D,SUM,2016-12-22T00:00Z,780.0,,0.0,
0-20000-0-11519,RGLB_D,SUM,2016-12-23T00:00Z,1682.0,,0.0,
0-20000-0-11519,RGLB_D,SUM,2016-12-24T00:00Z,956.0,,0.0,
0-20000-0-11519,RGLB_D,SUM,2016-12-25T00:00Z,832.0,,0.0,
0-20000-0-11519,RGLB_D,SUM,2016-12-26T00:00Z,1247.0,,0.0,
0-20000-0-11519,RGLB_D,SUM,2016-12-27T00:00Z,1173.0,,0.0,
0-20000-0-11519,RGLB_D,SUM,2016-12-28T00:00Z,473.0,,0.0,
0-20000-0-11519,RGLB_D,SUM,2016-12-29T00:00Z,3558.0,,0.0,
0-20000-0-11519,RGLB_D,SUM,2016-12-30T00:00Z,2868.0,,0.0,
0-20000-0-11519,RGLB_D,SUM,2016-12-31T00:00Z,4410.0,,0.0,
0-20000-0-11519,RGLB_D,SUM,2017-01-01T00:00Z,3714.0,,0.0,
0-20000-0-11519,RGLB_D,SUM,2017-01-02T00:00Z,1010.0,,0.0,
0-20000-0-11519,RGLB_D,SUM,2017-01-03T00:00Z,2594.0,,0.0,
0-20000-0-11519,RGLB_D,SUM,2017-01-04T00:00Z,1948.0,,0.0,
0-20000-0-11519,RGLB_D,SUM,2017-01-05T00:00Z,3039.0,,0.0,
0-20000-0-11519,RGLB_D,SUM,2017-01-06T00:00Z,3370.0,,0.0,
0-20000-0-11519,RGLB_D,SUM,2017-01-07T00:00Z,2659.0,,0.0,
0-20000-0-11519,RGLB_D,SUM,2017-01-08T00:00Z,1167.0,,0.0,
0-20000-0-11519,RGLB_D,SUM,2017-01-09T00:00Z,645.0,,0.0,
0-20000-0-11519,RGLB_D,SUM,2017-01-10T00:00Z,2420.0,,0.0,
0-20000-0-11519,RGLB_D,SUM,2017-01-11T00:00Z,3929.0,,0.0,
0-20000-0-11519,RGLB_D,SUM,2017-01-12T00:00Z,2494.0,,0.0,
0-20000-0-11519,RGLB_D,SUM,2017-01-13T00:00Z,1145.0,,0.0,
0-20000-0-11519,RGLB_D,SUM,2017-01-14T00:00Z,1403.0,,0.0,
0-20000-0-11519,RGLB_D,SUM,2017-01-15T00:00Z,3700.0,,0.0,
0-20000-0-11519,RGLB_D,SUM,2017-01-16T00:00Z,1608.0,,0.0,
0-20000-0-11519,RGLB_D,SUM,2017-01-17T00:00Z,1806.0,,0.0,
0-20000-0-11519,RGLB_D,SUM,2017-01-18T00:00Z,5341.0,,0.0,
0-20000-0-11519,RGLB_D,SUM,2017-01-19T00:00Z,4647.0,,0.0,
0-20000-0-11519,RGLB_D,SUM,2017-01-20T00:00Z,3952.0,,0.0,
0-20000-0-11519,RGLB_D,SUM,2017-01-21T00:00Z,5503.0,,0.0,
0-20000-0-11519,RGLB_D,SUM,2017-01-22T00:00Z,5897.0,,0.0,
0-20000-0-11519,RGLB_D,SUM,2017-01-23T00:00Z,4681.0,,0.0,
0-20000-0-11519,RGLB_D,SUM,2017-01-24T00:00Z,1256.0,,0.0,
0-20000-0-11519,RGLB_D,SUM,2017-01-25T00:00Z,1365.0,,0.0,
0-20000-0-11519,RGLB_D,SUM,2017-01-26T00:00Z,5333.0,,0.0,
0-20000-0-11519,RGLB_D,SUM,2017-01-27T00:00Z,6492.0,,0.0,
0-20000-0-11519,RGLB_D,SUM,2017-01-28T00:00Z,1541.0,,0.0,
0-20000-0-11519,RGLB_D,SUM,2017-01-29T00:00Z,2435.0,,0.0,
0-20000-0-11519,RGLB_D,SUM,2017-01-30T00:00Z,6024.0,,0.0,
0-20000-0-11519,RGLB_D,SUM,2017-01-31T00:00Z,1597.0,,0.0,
0-20000-0-11519,RGLB_D,SUM,2017-02-01T00:00Z,2626.0,,0.0,
0-20000-0-11519,RGLB_D,SUM,2017-02-02T00:00Z,2077.0,,0.0,
0-20000-0-11519,RGLB_D,SUM,2017-02-03T00:00Z,1697.0,,0.0,
0-20000-0-11519,RGLB_D,SUM,2017-02-04T00:00Z,3256.0,,0.0,
0-20000-0-11519,RGLB_D,SUM,2017-02-05T00:00Z,5063.0,,0.0,
0-20000-0-11519,RGLB_D,SUM,2017-02-06T00:00Z,2273.0,,0.0,
0-20000-0-11519,RGLB_D,SUM,2017-02-07T00:00Z,1882.0,,0.0,
0-20000-0-11519,RGLB_D,SUM,2017-02-08T00:00Z,1791.0,,0.0,
0-20000-0-11519,RGLB_D,SUM,2017-02-09T00:00Z,2858.0,,0.0,
0-20000-0-11519,RGLB_D,SUM,2017-02-10T00:00Z,1755.0,,0.0,
0-20000-0-11519,RGLB_D,SUM,2017-02-11T00:00Z,1324.0,,0.0,
0-20000-0-11519,RGLB_D,SUM,2017-02-12T00:00Z,1469.0,,0.0,
0-20000-0-11519,RGLB_D,SUM,2017-02-13T00:00Z,9272.0,,0.0,
0-20000-0-11519,RGLB_D,SUM,2017-02-14T00:00Z,9213.0,,0.0,
0-20000-0-11519,RGLB_D,SUM,2017-02-15T00:00Z,9428.0,,0.0,
0-20000-0-11519,RGLB_D,SUM,2017-02-16T00:00Z,9239.0,,0.0,
0-20000-0-11519,RGLB_D,SUM,2017-02-17T00:00Z,6389.0,,0.0,
0-20000-0-11519,RGLB_D,SUM,2017-02-18T00:00Z,2567.0,,0.0,
0-20000-0-11519,RGLB_D,SUM,2017-02-19T00:00Z,7802.0,,0.0,
0-20000-0-11519,RGLB_D,SUM,2017-02-20T00:00Z,6541.0,,0.0,
0-20000-0-11519,RGLB_D,SUM,2017-02-21T00:00Z,5227.0,,0.0,
0-20000-0-11519,RGLB_D,SUM,2017-02-22T00:00Z,3158.0,,0.0,
0-20000-0-11519,RGLB_D,SUM,2017-02-23T00:00Z,2563.0,,0.0,
0-20000-0-11519,RGLB_D,SUM,2017-02-24T00:00Z,9270.0,,0.0,
0-20000-0-11519,RGLB_D,SUM,2017-02-25T00:00Z,11543.0,,0.0,
0-20000-0-11519,RGLB_D,SUM,2017-02-26T00:00Z,3746.0,,0.0,
0-20000-0-11519,RGLB_D,SUM,2017-02-27T00:00Z,11537.0,,0.0,
0-20000-0-11519,RGLB_D,SUM,2017-02-28T00:00Z,4255.0,,0.0,
0-20000-0-11519,RGLB_D,SUM,2017-03-01T00:00Z,8285.0,,0.0,
0-20000-0-11519,RGLB_D,SUM,2017-03-02T00:00Z,9279.0,,0.0,
0-20000-0-11519,RGLB_D,SUM,2017-03-03T00:00Z,10468.0,,0.0,
0-20000-0-11519,RGLB_D,SUM,2017-03-04T00:00Z,11728.0,,0.0,
0-20000-0-11519,RGLB_D,SUM,2017-03-05T00:00Z,6646.0,,0.0,
0-20000-0-11519,RGLB_D,SUM,2017-03-06T00:00Z,6286.0,,0.0,
0-20000-0-11519,RGLB_D,SUM,2017-03-07T00:00Z,3586.0,,0.0,
0-20000-0-11519,RGLB_D,SUM,2017-03-08T00:00Z,7119.0,,0.0,
0-20000-0-11519,RGLB_D,SUM,2017-03-09T00:00Z,7640.0,,0.0,
0-20000-0-11519,RGLB_D,SUM,2017-03-10T00:00Z,3040.0,,0.0,
0-20000-0-11519,RGLB_D,SUM,2017-03-11T00:00Z,9856.0,,0.0,
0-20000-0-11519,RGLB_D,SUM,2017-03-12T00:00Z,9102.0,,0.0,
0-20000-0-11519,RGLB_D,SUM,2017-03-13T00:00Z,12764.0,,0.0,
0-20000-0-11519,RGLB_D,SUM,2017-03-14T00:00Z,7710.0,,0.0,
0-20000-0-11519,RGLB_D,SUM,2017-03-15T00:00Z,8977.0,,0.0,
0-20000-0-11519,RGLB_D,SUM,2017-03-16T00:00Z,15175.0,,0.0,
0-20000-0-11519,RGLB_D,SUM,2017-03-17T00:00Z,10953.0,,0.0,
0-20000-0-11519,RGLB_D,SUM,2017-03-18T00:00Z,3832.0,,0.0,
0-20000-0-11519,RGLB_D,SUM,2017-03-19T00:00Z,4514.0,,0.0,
0-20000-0-11519,RGLB_D,SUM,2017-03-20T00:00Z,9471.0,,0.0,
0-20000-0-11519,RGLB_D,SUM,2017-03-21T00:00Z,8239.0,,0.0,
0-20000-0-11519,RGLB_D,SUM,2017-03-22T00:00Z,3616.0,,0.0,
0-20000-0-11519,RGLB_D,SUM,2017-03-23T00:00Z,3154.0,,0.0,
0-20000-0-11519,RGLB_D,SUM,2017-03-24T00:00Z,7551.0,,0.0,
0-20000-0-11519,RGLB_D,SUM,2017-03-25T00:00Z,15285.0,,0.0,
0-20000-0-11519,RGLB_D,SUM,2017-03-26T00:00Z,18624.0,,0.0,
0-20000-0-11519,RGLB_D,SUM,2017-03-27T00:00Z,18052.0,,0.0,
0-20000-0-11519,RGLB_D,SUM,2017-03-28T00:00Z,18137.0,,0.0,
0-20000-0-11519,RGLB_D,SUM,2017-03-29T00:00Z,15157.0,,0.0,
0-20000-0-11519,RGLB_D,SUM,2017-03-30T00:00Z,9409.0,,0.0,
0-20000-0-11519,RGLB_D,SUM,2017-03-31T00:00Z,18060.0,,0.0,
0-20000-0-11519,RGLB_D,SUM,2017-04-01T00:00Z,18243.0,,0.0,
0-20000-0-11519,RGLB_D,SUM,2017-04-02T00:00Z,15436.0,,0.0,
0-20000-0-11519,RGLB_D,SUM,2017-04-03T00:00Z,6452.0,,0.0,
0-20000-0-11519,RGLB_D,SUM,2017-04-04T00:00Z,7141.0,,0.0,
0-20000-0-11519,RGLB_D,SUM,2017-04-05T00:00Z,14216.0,,0.0,
0-20000-0-11519,RGLB_D,SUM,2017-04-06T00:00Z,11027.0,,0.0,
0-20000-0-11519,RGLB_D,SUM,2017-04-07T00:00Z,3525.0,,0.0,
0-20000-0-11519,RGLB_D,SUM,2017-04-08T00:00Z,10515.0,,0.0,
0-20000-0-11519,RGLB_D,SUM,2017-04-09T00:00Z,13308.0,,0.0,
0-20000-0-11519,RGLB_D,SUM,2017-04-10T00:00Z,19225.0,,0.0,
0-20000-0-11519,RGLB_D,SUM,2017-04-11T00:00Z,12136.0,,0.0,
0-20000-0-11519,RGLB_D,SUM,2017-04-12T00:00Z,7518.0,,0.0,
0-20000-0-11519,RGLB_D,SUM,2017-04-13T00:00Z,10302.0,,0.0,
0-20000-0-11519,RGLB_D,SUM,2017-04-14T00:00Z,14347.0,,0.0,
0-20000-0-11519,RGLB_D,SUM,2017-04-15T00:00Z,10590.0,,0.0,
0-20000-0-11519,RGLB_D,SUM,2017-04-16T00:00Z,15073.0,,0.0,
0-20000-0-11519,RGLB_D,SUM,2017-04-17T00:00Z,5604.0,,0.0,
0-20000-0-11519,RGLB_D,SUM,2017-04-18T00:00Z,10460.0,,0.0,
0-20000-0-11519,RGLB_D,SUM,2017-04-19T00:00Z,12328.0,,0.0,
0-20000-0-11519,RGLB_D,SUM,2017-04-20T00:00Z,17705.0,,0.0,
0-20000-0-11519,RGLB_D,SUM,2017-04-21T00:00Z,17427.0,,0.0,
0-20000-0-11519,RGLB_D,SUM,2017-04-22T00:00Z,6373.0,,0.0,
0-20000-0-11519,RGLB_D,SUM,2017-04-23T00:00Z,14162.0,,0.0,
0-20000-0-11519,RGLB_D,SUM,2017-04-24T00:00Z,23415.0,,0.0,
0-20000-0-11519,RGLB_D,SUM,2017-04-25T00:00Z,16188.0,,0.0,
0-20000-0-11519,RGLB_D,SUM,2017-04-26T00:00Z,4366.0,,0.0,
0-20000-0-11519,RGLB_D,SUM,2017-04-27T00:00Z,9516.0,,0.0,
0-20000-0-11519,RGLB_D,SUM,2017-04-28T00:00Z,3801.0,,0.0,
0-20000-0-11519,RGLB_D,SUM,2017-04-29T00:00Z,15534.0,,0.0,
0-20000-0-11519,RGLB_D,SUM,2017-04-30T00:00Z,20495.0,,0.0,
0-20000-0-11519,RGLB_D,SUM,2017-05-01T00:00Z,18995.0,,0.0,
0-20000-0-11519,RGLB_D,SUM,2017-05-02T00:00Z,18919.0,,0.0,
0-20000-0-11519,RGLB_D,SUM,2017-05-03T00:00Z,21300.0,,0.0,
0-20000-0-11519,RGLB_D,SUM,2017-05-04T00:00Z,12183.0,,0.0,
0-20000-0-11519,RGLB_D,SUM,2017-05-05T00:00Z,6934.0,,0.0,
0-20000-0-11519,RGLB_D,SUM,2017-05-06T00:00Z,13221.0,,0.0,
0-20000-0-11519,RGLB_D,SUM,2017-05-07T00:00Z,18513.0,,0.0,
0-20000-0-11519,RGLB_D,SUM,2017-05-08T00:00Z,10816.0,,0.0,
0-20000-0-11519,RGLB_D,SUM,2017-05-09T00:00Z,17885.0,,0.0,
0-20000-0-11519,RGLB_D,SUM,2017-05-10T00:00Z,24479.0,,0.0,
0-20000-0-11519,RGLB_D,SUM,2017-05-11T00:00Z,27204.0,,0.0,
0-20000-0-11519,RGLB_D,SUM,2017-05-12T00:00Z,17848.0,,0.0,
0-20000-0-11519,RGLB_D,SUM,2017-05-13T00:00Z,14621.0,,0.0,
0-20000-0-11519,RGLB_D,SUM,2017-05-14T00:00Z,13744.0,,0.0,
0-20000-0-11519,RGLB_D,SUM,2017-05-15T00:00Z,17773.0,,0.0,
0-20000-0-11519,RGLB_D,SUM,2017-05-16T00:00Z,27219.0,,0.0,
0-20000-0-11519,RGLB_D,SUM,2017-05-17T00:00Z,25609.0,,0.0,
0-20000-0-11519,RGLB_D,SUM,2017-05-18T00:00Z,28341.0,,0.0,
0-20000-0-11519,RGLB_D,SUM,2017-05-19T00:00Z,28121.0,,0.0,
0-20000-0-11519,RGLB_D,SUM,2017-05-20T00:00Z,8401.0,,0.0,
0-20000-0-11519,RGLB_D,SUM,2017-05-21T00:00Z,21487.0,,0.0,
0-20000-0-11519,RGLB_D,SUM,2017-05-22T00:00Z,24316.0,,0.0,
0-20000-0-11519,RGLB_D,SUM,2017-05-23T00:00Z,23375.0,,0.0,
0-20000-0-11519,RGLB_D,SUM,2017-05-24T00:00Z,19848.0,,0.0,
0-20000-0-11519,RGLB_D,SUM,2017-05-25T00:00Z,16143.0,,0.0,
0-20000-0-11519,RGLB_D,SUM,2017-05-26T00:00Z,26550.0,,0.0,
0-20000-0-11519,RGLB_D,SUM,2017-05-27T00:00Z,28883.0,,0.0,
0-20000-0-11519,RGLB_D,SUM,2017-05-28T00:00Z,29703.0,,0.0,
0-20000-0-11519,RGLB_D,SUM,2017-05-29T00:00Z,26410.0,,0.0,
0-20000-0-11519,RGLB_D,SUM,2017-05-30T00:00Z,21060.0,,0.0,
0-20000-0-11519,RGLB_D,SUM,2017-05-31T00:00Z,22057.0,,0.0,
0-20000-0-11519,RGLB_D,SUM,2017-06-01T00:00Z,29079.0,,0.0,
0-20000-0-11519,RGLB_D,SUM,2017-06-02T00:00Z,28924.0,,0.0,
0-20000-0-11519,RGLB_D,SUM,2017-06-03T00:00Z,25413.0,,0.0,
0-20000-0-11519,RGLB_D,SUM,2017-06-04T00:00Z,11212.0,,0.0,
0-20000-0-11519,RGLB_D,SUM,2017-06-05T00:00Z,23968.0,,0.0,
0-20000-0-11519,RGLB_D,SUM,2017-06-06T00:00Z,15572.0,,0.0,
0-20000-0-11519,RGLB_D,SUM,2017-06-07T00:00Z,23357.0,,0.0,
0-20000-0-11519,RGLB_D,SUM,2017-06-08T00:00Z,28657.0,,0.0,
0-20000-0-11519,RGLB_D,SUM,2017-06-09T00:00Z,27458.0,,0.0,
0-20000-0-11519,RGLB_D,SUM,2017-06-10T00:00Z,26039.0,,0.0,
0-20000-0-11519,RGLB_D,SUM,2017-06-11T00:00Z,30053.0,,0.0,
0-20000-0-11519,RGLB_D,SUM,2017-06-12T00:00Z,22706.0,,0.0,
0-20000-0-11519,RGLB_D,SUM,2017-06-13T00:00Z,22664.0,,0.0,
0-20000-0-11519,RGLB_D,SUM,2017-06-14T00:00Z,29295.0,,0.0,
0-20000-0-11519,RGLB_D,SUM,2017-06-15T00:00Z,28829.0,,0.0,
0-20000-0-11519,RGLB_D,SUM,2017-06-16T00:00Z,19631.0,,0.0,
0-20000-0-11519,RGLB_D,SUM,2017-06-17T00:00Z,20529.0,,0.0,
0-20000-0-11519,RGLB_D,SUM,2017-06-18T00:00Z,25336.0,,0.0,
0-20000-0-11519,RGLB_D,SUM,2017-06-19T00:00Z,29684.0,,0.0,
0-20000-0-11519,RGLB_D,SUM,2017-06-20T00:00Z,28076.0,,0.0,
0-20000-0-11519,RGLB_D,SUM,2017-06-21T00:00Z,25472.0,,0.0,
0-20000-0-11519,RGLB_D,SUM,2017-06-22T00:00Z,27641.0,,0.0,
0-20000-0-11519,RGLB_D,SUM,2017-06-23T00:00Z,22279.0,,0.0,
0-20000-0-11519,RGLB_D,SUM,2017-06-24T00:00Z,29045.0,,0.0,
0-20000-0-11519,RGLB_D,SUM,2017-06-25T00:00Z,18430.0,,0.0,
0-20000-0-11519,RGLB_D,SUM,2017-06-26T00:00Z,17580.0,,0.0,
0-20000-0-11519,RGLB_D,SUM,2017-06-27T00:00Z,12087.0,,0.0,
0-20000-0-11519,RGLB_D,SUM,2017-06-28T00:00Z,19177.0,,0.0,
0-20000-0-11519,RGLB_D,SUM,2017-06-29T00:00Z,4842.0,,0.0,
0-20000-0-11519,RGLB_D,SUM,2017-06-30T00:00Z,24420.0,,0.0,
0-20000-0-11519,RGLB_D,SUM,2017-07-01T00:00Z,21629.0,,0.0,
0-20000-0-11519,RGLB_D,SUM,2017-07-02T00:00Z,19235.0,,0.0,
0-20000-0-11519,RGLB_D,SUM,2017-07-03T00:00Z,24217.0,,0.0,
0-20000-0-11519,RGLB_D,SUM,2017-07-04T00:00Z,12026.0,,0.0,
0-20000-0-11519,RGLB_D,SUM,2017-07-05T00:00Z,21837.0,,0.0,
0-20000-0-11519,RGLB_D,SUM,2017-07-06T00:00Z,27198.0,,0.0,
0-20000-0-11519,RGLB_D,SUM,2017-07-07T00:00Z,19099.0,,0.0,
0-20000-0-11519,RGLB_D,SUM,2017-07-08T00:00Z,22561.0,,0.0,
0-20000-0-11519,RGLB_D,SUM,2017-07-09T00:00Z,17440.0,,0.0,
0-20000-0-11519,RGLB_D,SUM,2017-07-10T00:00Z,21573.0,,0.0,
0-20000-0-11519,RGLB_D,SUM,2017-07-11T00:00Z,12411.0,,0.0,
0-20000-0-11519,RGLB_D,SUM,2017-07-12T00:00Z,15657.0,,0.0,
0-20000-0-11519,RGLB_D,SUM,2017-07-13T00:00Z,22272.0,,0.0,
0-20000-0-11519,RGLB_D,SUM,2017-07-14T00:00Z,17165.0,,0.0,
0-20000-0-11519,RGLB_D,SUM,2017-07-15T00:00Z,15352.0,,0.0,
0-20000-0-11519,RGLB_D,SUM,2017-07-16T00:00Z,23179.0,,0.0,
0-20000-0-11519,RGLB_D,SUM,2017-07-17T00:00Z,15197.0,,0.0,
0-20000-0-11519,RGLB_D,SUM,2017-07-18T00:00Z,22863.0,,0.0,
0-20000-0-11519,RGLB_D,SUM,2017-07-19T00:00Z,26969.0,,0.0,
0-20000-0-11519,RGLB_D,SUM,2017-07-20T00:00Z,18187.0,,0.0,
0-20000-0-11519,RGLB_D,SUM,2017-07-21T00:00Z,23927.0,,0.0,
0-20000-0-11519,RGLB_D,SUM,2017-07-22T00:00Z,20795.0,,0.0,
0-20000-0-11519,RGLB_D,SUM,2017-07-23T00:00Z,15513.0,,0.0,
0-20000-0-11519,RGLB_D,SUM,2017-07-24T00:00Z,9127.0,,0.0,
0-20000-0-11519,RGLB_D,SUM,2017-07-25T00:00Z,17441.0,,0.0,
0-20000-0-11519,RGLB_D,SUM,2017-07-26T00:00Z,13663.0,,0.0,
0-20000-0-11519,RGLB_D,SUM,2017-07-27T00:00Z,13669.0,,0.0,
0-20000-0-11519,RGLB_D,SUM,2017-07-28T00:00Z,18503.0,,0.0,
0-20000-0-11519,RGLB_D,SUM,2017-07-29T00:00Z,23485.0,,0.0,
0-20000-0-11519,RGLB_D,SUM,2017-07-30T00:00Z,23924.0,,0.0,
0-20000-0-11519,RGLB_D,SUM,2017-07-31T00:00Z,25163.0,,0.0,
0-20000-0-11519,RGLB_D,SUM,2017-08-01T00:00Z,24009.0,,0.0,
0-20000-0-11519,RGLB_D,SUM,2017-08-02T00:00Z,20560.0,,0.0,
0-20000-0-11519,RGLB_D,SUM,2017-08-03T00:00Z,8712.0,,0.0,
0-20000-0-11519,RGLB_D,SUM,2017-08-04T00:00Z,14321.0,,0.0,
0-20000-0-11519,RGLB_D,SUM,2017-08-05T00:00Z,25005.0,,0.0,
0-20000-0-11519,RGLB_D,SUM,2017-08-06T00:00Z,16374.0,,0.0,
0-20000-0-11519,RGLB_D,SUM,2017-08-07T00:00Z,26285.0,,0.0,
0-20000-0-11519,RGLB_D,SUM,2017-08-08T00:00Z,22415.0,,0.0,
0-20000-0-11519,RGLB_D,SUM,2017-08-09T00:00Z,19760.0,,0.0,
0-20000-0-11519,RGLB_D,SUM,2017-08-10T00:00Z,21349.0,,0.0,
0-20000-0-11519,RGLB_D,SUM,2017-08-11T00:00Z,3117.0,,0.0,
0-20000-0-11519,RGLB_D,SUM,2017-08-12T00:00Z,14022.0,,0.0,
0-20000-0-11519,RGLB_D,SUM,2017-08-13T00:00Z,19459.0,,0.0,
0-20000-0-11519,RGLB_D,SUM,2017-08-14T00:00Z,23542.0,,0.0,
0-20000-0-11519,RGLB_D,SUM,2017-08-15T00:00Z,23398.0,,0.0,
0-20000-0-11519,RGLB_D,SUM,2017-08-16T00:00Z,7817.0,,0.0,
0-20000-0-11519,RGLB_D,SUM,2017-08-17T00:00Z,18973.0,,0.0,
0-20000-0-11519,RGLB_D,SUM,2017-08-18T00:00Z,20958.0,,0.0,
0-20000-0-11519,RGLB_D,SUM,2017-08-19T00:00Z,9873.0,,0.0,
0-20000-0-11519,RGLB_D,SUM,2017-08-20T00:00Z,15188.0,,0.0,
0-20000-0-11519,RGLB_D,SUM,2017-08-21T00:00Z,15866.0,,0.0,
0-20000-0-11519,RGLB_D,SUM,2017-08-22T00:00Z,16857.0,,0.0,
0-20000-0-11519,RGLB_D,SUM,2017-08-23T00:00Z,22913.0,,0.0,
0-20000-0-11519,RGLB_D,SUM,2017-08-24T00:00Z,16353.0,,0.0,
0-20000-0-11519,RGLB_D,SUM,2017-08-25T00:00Z,18586.0,,0.0,
0-20000-0-11519,RGLB_D,SUM,2017-08-26T00:00Z,19130.0,,0.0,
0-20000-0-11519,RGLB_D,SUM,2017-08-27T00:00Z,16335.0,,0.0,
0-20000-0-11519,RGLB_D,SUM,2017-08-28T00:00Z,18547.0,,0.0,
0-20000-0-11519,RGLB_D,SUM,2017-08-29T00:00Z,21609.0,,0.0,
0-20000-0-11519,RGLB_D,SUM,2017-08-30T00:00Z,21011.0,,0.0,
0-20000-0-11519,RGLB_D,SUM,2017-08-31T00:00Z,10153.0,,0.0,
0-20000-0-11519,RGLB_D,SUM,2017-09-01T00:00Z,3077.0,,0.0,
0-20000-0-11519,RGLB_D,SUM,2017-09-02T00:00Z,9617.0,,0.0,
0-20000-0-11519,RGLB_D,SUM,2017-09-03T00:00Z,12210.0,,0.0,
0-20000-0-11519,RGLB_D,SUM,2017-09-04T00:00Z,18014.0,,0.0,
0-20000-0-11519,RGLB_D,SUM,2017-09-05T00:00Z,18396.0,,0.0,
0-20000-0-11519,RGLB_D,SUM,2017-09-06T00:00Z,10378.0,,0.0,
0-20000-0-11519,RGLB_D,SUM,2017-09-07T00:00Z,12778.0,,0.0,
0-20000-0-11519,RGLB_D,SUM,2017-09-08T00:00Z,15587.0,,0.0,
0-20000-0-11519,RGLB_D,SUM,2017-09-09T00:00Z,14697.0,,0.0,
0-20000-0-11519,RGLB_D,SUM,2017-09-10T00:00Z,5766.0,,0.0,
0-20000-0-11519,RGLB_D,SUM,2017-09-11T00:00Z,10410.0,,0.0,
0-20000-0-11519,RGLB_D,SUM,2017-09-12T00:00Z,10260.0,,0.0,
0-20000-0-11519,RGLB_D,SUM,2017-09-13T00:00Z,7834.0,,0.0,
0-20000-0-11519,RGLB_D,SUM,2017-09-14T00:00Z,2440.0,,0.0,
0-20000-0-11519,RGLB_D,SUM,2017-09-15T00:00Z,12244.0,,0.0,
0-20000-0-11519,RGLB_D,SUM,2017-09-16T00:00Z,5177.0,,0.0,
0-20000-0-11519,RGLB_D,SUM,2017-09-17T00:00Z,10906.0,,0.0,
0-20000-0-11519,RGLB_D,SUM,2017-09-18T00:00Z,9861.0,,0.0,
0-20000-0-11519,RGLB_D,SUM,2017-09-19T00:00Z,10592.0,,0.0,
0-20000-0-11519,RGLB_D,SUM,2017-09-20T00:00Z,9965.0,,0.0,
0-20000-0-11519,RGLB_D,SUM,2017-09-21T00:00Z,8150.0,,0.0,
0-20000-0-11519,RGLB_D,SUM,2017-09-22T00:00Z,7540.0,,0.0,
0-20000-0-11519,RGLB_D,SUM,2017-09-23T00:00Z,11078.0,,0.0,
0-20000-0-11519,RGLB_D,SUM,2017-09-24T00:00Z,2313.0,,0.0,
0-20000-0-11519,RGLB_D,SUM,2017-09-25T00:00Z,5342.0,,0.0,
0-20000-0-11519,RGLB_D,SUM,2017-09-26T00:00Z,6817.0,,0.0,
0-20000-0-11519,RGLB_D,SUM,2017-09-27T00:00Z,13504.0,,0.0,
0-20000-0-11519,RGLB_D,SUM,2017-09-28T00:00Z,10487.0,,0.0,
0-20000-0-11519,RGLB_D,SUM,2017-09-29T00:00Z,14361.0,,0.0,
0-20000-0-11519,RGLB_D,SUM,2017-09-30T00:00Z,14469.0,,0.0,
0-20000-0-11519,RGLB_D,SUM,2017-10-01T00:00Z,8747.0,,0.0,
0-20000-0-11519,RGLB_D,SUM,2017-10-02T00:00Z,9598.0,,0.0,
0-20000-0-11519,RGLB_D,SUM,2017-10-03T00:00Z,4269.0,,0.0,
0-20000-0-11519,RGLB_D,SUM,2017-10-04T00:00Z,8753.0,,0.0,
0-20000-0-11519,RGLB_D,SUM,2017-10-05T00:00Z,4463.0,,0.0,
0-20000-0-11519,RGLB_D,SUM,2017-10-06T00:00Z,9652.0,,0.0,
0-20000-0-11519,RGLB_D,SUM,2017-10-07T00:00Z,7559.0,,0.0,
0-20000-0-11519,RGLB_D,SUM,2017-10-08T00:00Z,5798.0,,0.0,
0-20000-0-11519,RGLB_D,SUM,2017-10-09T00:00Z,8849.0,,0.0,
0-20000-0-11519,RGLB_D,SUM,2017-10-10T00:00Z,5196.0,,0.0,
0-20000-0-11519,RGLB_D,SUM,2017-10-11T00:00Z,7036.0,,0.0,
0-20000-0-11519,RGLB_D,SUM,2017-10-12T00:00Z,7077.0,,0.0,
0-20000-0-11519,RGLB_D,SUM,2017-10-13T00:00Z,8313.0,,0.0,
0-20000-0-11519,RGLB_D,SUM,2017-10-14T00:00Z,11545.0,,0.0,
0-20000-0-11519,RGLB_D,SUM,2017-10-15T00:00Z,11611.0,,0.0,
0-20000-0-11519,RGLB_D,SUM,2017-10-16T00:00Z,11463.0,,0.0,
0-20000-0-11519,RGLB_D,SUM,2017-10-17T00:00Z,10758.0,,0.0,
0-20000-0-11519,RGLB_D,SUM,2017-10-18T00:00Z,3060.0,,0.0,
0-20000-0-11519,RGLB_D,SUM,2017-10-19T00:00Z,3051.0,,0.0,
0-20000-0-11519,RGLB_D,SUM,2017-10-20T00:00Z,4793.0,,0.0,
0-20000-0-11519,RGLB_D,SUM,2017-10-21T00:00Z,5427.0,,0.0,
0-20000-0-11519,RGLB_D,SUM,2017-10-22T00:00Z,4713.0,,0.0,
0-20000-0-11519,RGLB_D,SUM,2017-10-23T00:00Z,2518.0,,0.0,
0-20000-0-11519,RGLB_D,SUM,2017-10-24T00:00Z,5401.0,,0.0,
0-20000-0-11519,RGLB_D,SUM,2017-10-25T00:00Z,5287.0,,0.0,
0-20000-0-11519,RGLB_D,SUM,2017-10-26T00:00Z,5531.0,,0.0,
0-20000-0-11519,RGLB_D,SUM,2017-10-27T00:00Z,5029.0,,0.0,
0-20000-0-11519,RGLB_D,SUM,2017-10-28T00:00Z,2973.0,,0.0,
0-20000-0-11519,RGLB_D,SUM,2017-10-29T00:00Z,5357.0,,0.0,
0-20000-0-11519,RGLB_D,SUM,2017-10-30T00:00Z,6750.0,,0.0,
0-20000-0-11519,RGLB_D,SUM,2017-10-31T00:00Z,3913.0,,0.0,
0-20000-0-11519,RGLB_D,SUM,2017-11-01T00:00Z,2016.0,,0.0,
0-20000-0-11519,RGLB_D,SUM,2017-11-02T00:00Z,3633.0,,0.0,
0-20000-0-11519,RGLB_D,SUM,2017-11-03T00:00Z,5343.0,,0.0,
0-20000-0-11519,RGLB_D,SUM,2017-11-04T00:00Z,6360.0,,0.0,
0-20000-0-11519,RGLB_D,SUM,2017-11-05T00:00Z,6196.0,,0.0,
0-20000-0-11519,RGLB_D,SUM,2017-11-06T00:00Z,1263.0,,0.0,
0-20000-0-11519,RGLB_D,SUM,2017-11-07T00:00Z,1689.0,,0.0,
0-20000-0-11519,RGLB_D,SUM,2017-11-08T00:00Z,962.0,,0.0,
0-20000-0-11519,RGLB_D,SUM,2017-11-09T00:00Z,1576.0,,0.0,
0-20000-0-11519,RGLB_D,SUM,2017-11-10T00:00Z,1990.0,,0.0,
0-20000-0-11519,RGLB_D,SUM,2017-11-11T00:00Z,6633.0,,0.0,
0-20000-0-11519,RGLB_D,SUM,2017-11-12T00:00Z,3056.0,,0.0,
0-20000-0-11519,RGLB_D,SUM,2017-11-13T00:00Z,1769.0,,0.0,
0-20000-0-11519,RGLB_D,SUM,2017-11-14T00:00Z,5639.0,,0.0,
0-20000-0-11519,RGLB_D,SUM,2017-11-15T00:00Z,4915.0,,0.0,
0-20000-0-11519,RGLB_D,SUM,2017-11-16T00:00Z,2228.0,,0.0,
0-20000-0-11519,RGLB_D,SUM,2017-11-17T00:00Z,1189.0,,0.0,
0-20000-0-11519,RGLB_D,SUM,2017-11-18T00:00Z,2723.0,,0.0,
0-20000-0-11519,RGLB_D,SUM,2017-11-19T00:00Z,3339.0,,0.0,
0-20000-0-11519,RGLB_D,SUM,2017-11-20T00:00Z,3022.0,,0.0,
0-20000-0-11519,RGLB_D,SUM,2017-11-21T00:00Z,1695.0,,0.0,
0-20000-0-11519,RGLB_D,SUM,2017-11-22T00:00Z,3872.0,,0.0,
0-20000-0-11519,RGLB_D,SUM,2017-11-23T00:00Z,4958.0,,0.0,
0-20000-0-11519,RGLB_D,SUM,2017-11-24T00:00Z,4173.0,,0.0,
0-20000-0-11519,RGLB_D,SUM,2017-11-25T00:00Z,2275.0,,0.0,
0-20000-0-11519,RGLB_D,SUM,2017-11-26T00:00Z,3730.0,,0.0,
0-20000-0-11519,RGLB_D,SUM,2017-11-27T00:00Z,4582.0,,0.0,
0-20000-0-11519,RGLB_D,SUM,2017-11-28T00:00Z,2249.0,,0.0,
0-20000-0-11519,RGLB_D,SUM,2017-11-29T00:00Z,654.0,,0.0,
0-20000-0-11519,RGLB_D,SUM,2017-11-30T00:00Z,805.0,,0.0,
0-20000-0-11519,RGLB_D,SUM,2017-12-01T00:00Z,3375.0,,0.0,
0-20000-0-11519,RGLB_D,SUM,2017-12-02T00:00Z,2635.0,,0.0,
0-20000-0-11519,RGLB_D,SUM,2017-12-03T00:00Z,2144.0,,0.0,
0-20000-0-11519,RGLB_D,SUM,2017-12-04T00:00Z,1732.0,,0.0,
0-20000-0-11519,RGLB_D,SUM,2017-12-05T00:00Z,1450.0,,0.0,
0-20000-0-11519,RGLB_D,SUM,2017-12-06T00:00Z,899.0,,0.0,
0-20000-0-11519,RGLB_D,SUM,2017-12-07T00:00Z,4882.0,,0.0,
0-20000-0-11519,RGLB_D,SUM,2017-12-08T00:00Z,1943.0,,0.0,
0-20000-0-11519,RGLB_D,SUM,2017-12-09T00:00Z,3370.0,,0.0,
0-20000-0-11519,RGLB_D,SUM,2017-12-10T00:00Z,3324.0,,0.0,
0-20000-0-11519,RGLB_D,SUM,2017-12-11T00:00Z,1608.0,,0.0,
0-20000-0-11519,RGLB_D,SUM,2017-12-12T00:00Z,1612.0,,0.0,
0-20000-0-11519,RGLB_D,SUM,2017-12-13T00:00Z,4589.0,,0.0,
0-20000-0-11519,RGLB_D,SUM,2017-12-14T00:00Z,2916.0,,0.0,
0-20000-0-11519,RGLB_D,SUM,2017-12-15T00:00Z,3086.0,,0.0,
0-20000-0-11519,RGLB_D,SUM,2017-12-16T00:00Z,1431.0,,0.0,
0-20000-0-11519,RGLB_D,SUM,2017-12-17T00:00Z,2121.0,,0.0,
0-20000-0-11519,RGLB_D,SUM,2017-12-18T00:00Z,4314.0,,0.0,
0-20000-0-11519,RGLB_D,SUM,2017-12-19T00:00Z,1377.0,,0.0,
0-20000-0-11519,RGLB_D,SUM,2017-12-20T00:00Z,1430.0,,0.0,
0-20000-0-11519,RGLB_D,SUM,2017-12-21T00:00Z,459.0,,0.0,
0-20000-0-11519,RGLB_D,SUM,2017-12-22T00:00Z,1887.0,,0.0,
0-20000-0-11519,RGLB_D,SUM,2017-12-23T00:00Z,2369.0,,0.0,
0-20000-0-11519,RGLB_D,SUM,2017-12-24T00:00Z,1497.0,,0.0,
0-20000-0-11519,RGLB_D,SUM,2017-12-25T00:00Z,912.0,,0.0,
0-20000-0-11519,RGLB_D,SUM,2017-12-26T00:00Z,3198.0,,0.0,
0-20000-0-11519,RGLB_D,SUM,2017-12-27T00:00Z,2897.0,,0.0,
0-20000-0-11519,RGLB_D,SUM,2017-12-28T00:00Z,765.0,,0.0,
0-20000-0-11519,RGLB_D,SUM,2017-12-29T00:00Z,2531.0,,0.0,
0-20000-0-11519,RGLB_D,SUM,2017-12-30T00:00Z,1770.0,,0.0,
0-20000-0-11519,RGLB_D,SUM,2017-12-31T00:00Z,2416.0,,0.0,
0-20000-0-11519,RGLB_D,SUM,2018-01-01T00:00Z,1620.0,,0.0,
0-20000-0-11519,RGLB_D,SUM,2018-01-02T00:00Z,2144.0,,0.0,
0-20000-0-11519,RGLB_D,SUM,2018-01-03T00:00Z,1546.0,,0.0,
0-20000-0-11519,RGLB_D,SUM,2018-01-04T00:00Z,2125.0,,0.0,
0-20000-0-11519,RGLB_D,SUM,2018-01-05T00:00Z,1107.0,,0.0,
0-20000-0-11519,RGLB_D,SUM,2018-01-06T00:00Z,4125.0,,0.0,
0-20000-0-11519,RGLB_D,SUM,2018-01-07T00:00Z,615.0,,0.0,
0-20000-0-11519,RGLB_D,SUM,2018-01-08T00:00Z,795.0,,0.0,
0-20000-0-11519,RGLB_D,SUM,2018-01-09T00:00Z,2847.0,,0.0,
0-20000-0-11519,RGLB_D,SUM,2018-01-10T00:00Z,676.0,,0.0,
0-20000-0-11519,RGLB_D,SUM,2018-01-11T00:00Z,1606.0,,0.0,
0-20000-0-11519,RGLB_D,SUM,2018-01-12T00:00Z,1053.0,,0.0,
0-20000-0-11519,RGLB_D,SUM,2018-01-13T00:00Z,764.0,,0.0,
0-20000-0-11519,RGLB_D,SUM,2018-01-14T00:00Z,1056.0,,0.0,
0-20000-0-11519,RGLB_D,SUM,2018-01-15T00:00Z,1670.0,,0.0,
0-20000-0-11519,RGLB_D,SUM,2018-01-16T00:00Z,2118.0,,0.0,
0-20000-0-11519,RGLB_D,SUM,2018-01-17T00:00Z,2953.0,,0.0,
0-20000-0-11519,RGLB_D,SUM,2018-01-18T00:00Z,1580.0,,0.0,
0-20000-0-11519,RGLB_D,SUM,2018-01-19T00:00Z,2367.0,,3.0,
0-20000-0-11519,RGLB_D,SUM,2018-01-20T00:00Z,2455.0,,0.0,
0-20000-0-11519,RGLB_D,SUM,2018-01-21T00:00Z,3606.0,,0.0,
0-20000-0-11519,RGLB_D,SUM,2018-01-22T00:00Z,2711.0,,0.0,
0-20000-0-11519,RGLB_D,SUM,2018-01-23T00:00Z,2998.0,,0.0,
0-20000-0-11519,RGLB_D,SUM,2018-01-24T00:00Z,3225.0,,0.0,
0-20000-0-11519,RGLB_D,SUM,2018-01-25T00:00Z,2932.0,,0.0,
0-20000-0-11519,RGLB_D,SUM,2018-01-26T00:00Z,3781.0,,0.0,
0-20000-0-11519,RGLB_D,SUM,2018-01-27T00:00Z,1546.0,,0.0,
0-20000-0-11519,RGLB_D,SUM,2018-01-28T00:00Z,2574.0,,0.0,
0-20000-0-11519,RGLB_D,SUM,2018-01-29T00:00Z,3762.0,,0.0,
0-20000-0-11519,RGLB_D,SUM,2018-01-30T00:00Z,6145.0,,0.0,
0-20000-0-11519,RGLB_D,SUM,2018-01-31T00:00Z,5281.0,,0.0,
0-20000-0-11519,RGLB_D,SUM,2018-02-01T00:00Z,1829.0,,0.0,
0-20000-0-11519,RGLB_D,SUM,2018-02-02T00:00Z,4019.0,,0.0,
0-20000-0-11519,RGLB_D,SUM,2018-02-03T00:00Z,3429.0,,0.0,
0-20000-0-11519,RGLB_D,SUM,2018-02-04T00:00Z,5609.0,,0.0,
0-20000-0-11519,RGLB_D,SUM,2018-02-05T00:00Z,1887.0,,0.0,
0-20000-0-11519,RGLB_D,SUM,2018-02-06T00:00Z,7459.0,,0.0,
0-20000-0-11519,RGLB_D,SUM,2018-02-07T00:00Z,1559.0,,0.0,
0-20000-0-11519,RGLB_D,SUM,2018-02-08T00:00Z,2697.0,,0.0,
0-20000-0-11519,RGLB_D,SUM,2018-02-09T00:00Z,2284.0,,0.0,
0-20000-0-11519,RGLB_D,SUM,2018-02-10T00:00Z,2123.0,,0.0,
0-20000-0-11519,RGLB_D,SUM,2018-02-11T00:00Z,4302.0,,0.0,
0-20000-0-11519,RGLB_D,SUM,2018-02-12T00:00Z,4440.0,,0.0,
0-20000-0-11519,RGLB_D,SUM,2018-02-13T00:00Z,8711.0,,0.0,
0-20000-0-11519,RGLB_D,SUM,2018-02-14T00:00Z,6730.0,,0.0,
0-20000-0-11519,RGLB_D,SUM,2018-02-15T00:00Z,6172.0,,0.0,
0-20000-0-11519,RGLB_D,SUM,2018-02-16T00:00Z,8480.0,,0.0,
0-20000-0-11519,RGLB_D,SUM,2018-02-17T00:00Z,2396.0,,0.0,
0-20000-0-11519,RGLB_D,SUM,2018-02-18T00:00Z,3635.0,,0.0,
0-20000-0-11519,RGLB_D,SUM,2018-02-19T00:00Z,9035.0,,0.0,
0-20000-0-11519,RGLB_D,SUM,2018-02-20T00:00Z,6840.0,,0.0,
0-20000-0-11519,RGLB_D,SUM,2018-02-21T00:00Z,10792.0,,0.0,
0-20000-0-11519,RGLB_D,SUM,2018-02-22T00:00Z,11001.0,,0.0,
0-20000-0-11519,RGLB_D,SUM,2018-02-23T00:00Z,9377.0,,0.0,
0-20000-0-11519,RGLB_D,SUM,2018-02-24T00:00Z,10248.0,,0.0,
0-20000-0-11519,RGLB_D,SUM,2018-02-25T00:00Z,12527.0,,0.0,
0-20000-0-11519,RGLB_D,SUM,2018-02-26T00:00Z,10284.0,,0.0,
0-20000-0-11519,RGLB_D,SUM,2018-02-27T00:00Z,9945.0,,0.0,
0-20000-0-11519,RGLB_D,SUM,2018-02-28T00:00Z,11518.0,,0.0,
0-20000-0-11519,RGLB_D,SUM,2018-03-01T00:00Z,11960.0,,0.0,
0-20000-0-11519,RGLB_D,SUM,2018-03-02T00:00Z,5286.0,,0.0,
0-20000-0-11519,RGLB_D,SUM,2018-03-03T00:00Z,11501.0,,0.0,
0-20000-0-11519,RGLB_D,SUM,2018-03-04T00:00Z,8804.0,,0.0,
0-20000-0-11519,RGLB_D,SUM,2018-03-05T00:00Z,2940.0,,0.0,
0-20000-0-11519,RGLB_D,SUM,2018-03-06T00:00Z,2789.0,,0.0,
0-20000-0-11519,RGLB_D,SUM,2018-03-07T00:00Z,6898.0,,0.0,
0-20000-0-11519,RGLB_D,SUM,2018-03-08T00:00Z,11217.0,,0.0,
0-20000-0-11519,RGLB_D,SUM,2018-03-09T00:00Z,7288.0,,0.0,
0-20000-0-11519,RGLB_D,SUM,2018-03-10T00:00Z,9231.0,,3.0,
0-20000-0-11519,RGLB_D,SUM,2018-03-11T00:00Z,10926.0,,0.0,
0-20000-0-11519,RGLB_D,SUM,2018-03-12T00:00Z,1885.0,,0.0,
0-20000-0-11519,RGLB_D,SUM,2018-03-13T00:00Z,8665.0,,0.0,
0-20000-0-11519,RGLB_D,SUM,2018-03-14T00:00Z,4738.0,,0.0,
0-20000-0-11519,RGLB_D,SUM,2018-03-15T00:00Z,12510.0,,0.0,
0-20000-0-11519,RGLB_D,SUM,2018-03-16T00:00Z,2320.0,,3.0,
0-20000-0-11519,RGLB_D,SUM,2018-03-17T00:00Z,3504.0,,0.0,
0-20000-0-11519,RGLB_D,SUM,2018-03-18T00:00Z,10538.0,,0.0,
0-20000-0-11519,RGLB_D,SUM,2018-03-19T00:00Z,11417.0,,0.0,
0-20000-0-11519,RGLB_D,SUM,2018-03-20T00:00Z,16742.0,,0.0,
0-20000-0-11519,RGLB_D,SUM,2018-03-21T00:00Z,15975.0,,0.0,
0-20000-0-11519,RGLB_D,SUM,2018-03-22T00:00Z,8211.0,,0.0,
0-20000-0-11519,RGLB_D,SUM,2018-03-23T00:00Z,2593.0,,0.0,
0-20000-0-11519,RGLB_D,SUM,2018-03-24T00:00Z,8979.0,,0.0,
0-20000-0-11519,RGLB_D,SUM,2018-03-25T00:00Z,9436.0,,0.0,
0-20000-0-11519,RGLB_D,SUM,2018-03-26T00:00Z,6978.0,,0.0,
0-20000-0-11519,RGLB_D,SUM,2018-03-27T00:00Z,10069.0,,0.0,
0-20000-0-11519,RGLB_D,SUM,2018-03-28T00:00Z,5203.0,,0.0,
0-20000-0-11519,RGLB_D,SUM,2018-03-29T00:00Z,10747.0,,0.0,
0-20000-0-11519,RGLB_D,SUM,2018-03-30T00:00Z,14960.0,,0.0,
0-20000-0-11519,RGLB_D,SUM,2018-03-31T00:00Z,4604.0,,0.0,
0-20000-0-11519,RGLB_D,SUM,2018-04-01T00:00Z,9481.0,,3.0,
0-20000-0-11519,RGLB_D,SUM,2018-04-02T00:00Z,16607.0,,0.0,
0-20000-0-11519,RGLB_D,SUM,2018-04-03T00:00Z,17463.0,,0.0,
0-20000-0-11519,RGLB_D,SUM,2018-04-04T00:00Z,13890.0,,0.0,
0-20000-0-11519,RGLB_D,SUM,2018-04-05T00:00Z,15709.0,,0.0,
0-20000-0-11519,RGLB_D,SUM,2018-04-06T00:00Z,21522.0,,0.0,
0-20000-0-11519,RGLB_D,SUM,2018-04-07T00:00Z,20936.0,,0.0,
0-20000-0-11519,RGLB_D,SUM,2018-04-08T00:00Z,6102.0,,0.0,
0-20000-0-11519,RGLB_D,SUM,2018-04-09T00:00Z,18417.0,,0.0,
0-20000-0-11519,RGLB_D,SUM,2018-04-10T00:00Z,19049.0,,0.0,
0-20000-0-11519,RGLB_D,SUM,2018-04-11T00:00Z,18180.0,,0.0,
0-20000-0-11519,RGLB_D,SUM,2018-04-12T00:00Z,16027.0,,0.0,
0-20000-0-11519,RGLB_D,SUM,2018-04-13T00:00Z,7634.0,,0.0,
0-20000-0-11519,RGLB_D,SUM,2018-04-14T00:00Z,18429.0,,0.0,
0-20000-0-11519,RGLB_D,SUM,2018-04-15T00:00Z,14837.0,,0.0,
0-20000-0-11519,RGLB_D,SUM,2018-04-16T00:00Z,2158.0,,0.0,
0-20000-0-11519,RGLB_D,SUM,2018-04-17T00:00Z,18052.0,,0.0,
0-20000-0-11519,RGLB_D,SUM,2018-04-18T00:00Z,22439.0,,0.0,
0-20000-0-11519,RGLB_D,SUM,2018-04-19T00:00Z,21669.0,,0.0,
0-20000-0-11519,RGLB_D,SUM,2018-04-20T00:00Z,22511.0,,0.0,
0-20000-0-11519,RGLB_D,SUM,2018-04-21T00:00Z,22019.0,,0.0,
0-20000-0-11519,RGLB_D,SUM,2018-04-22T00:00Z,21414.0,,0.0,
0-20000-0-11519,RGLB_D,SUM,2018-04-23T00:00Z,13479.0,,0.0,
0-20000-0-11519,RGLB_D,SUM,2018-04-24T00:00Z,17211.0,,0.0,
0-20000-0-11519,RGLB_D,SUM,2018-04-25T00:00Z,18974.0,,0.0,
0-20000-0-11519,RGLB_D,SUM,2018-04-26T00:00Z,16794.0,,0.0,
0-20000-0-11519,RGLB_D,SUM,2018-04-27T00:00Z,22645.0,,0.0,
0-20000-0-11519,RGLB_D,SUM,2018-04-28T00:00Z,22891.0,,0.0,
0-20000-0-11519,RGLB_D,SUM,2018-04-29T00:00Z,21822.0,,0.0,
0-20000-0-11519,RGLB_D,SUM,2018-04-30T00:00Z,24738.0,,0.0,
0-20000-0-11519,RGLB_D,SUM,2018-05-01T00:00Z,13555.0,,0.0,
0-20000-0-11519,RGLB_D,SUM,2018-05-02T00:00Z,20198.0,,0.0,
0-20000-0-11519,RGLB_D,SUM,2018-05-03T00:00Z,17085.0,,3.0,
0-20000-0-11519,RGLB_D,SUM,2018-05-04T00:00Z,20588.0,,0.0,
0-20000-0-11519,RGLB_D,SUM,2018-05-05T00:00Z,24513.0,,0.0,
0-20000-0-11519,RGLB_D,SUM,2018-05-06T00:00Z,25926.0,,3.0,
0-20000-0-11519,RGLB_D,SUM,2018-05-07T00:00Z,26412.0,,0.0,
0-20000-0-11519,RGLB_D,SUM,2018-05-08T00:00Z,23600.0,,0.0,
0-20000-0-11519,RGLB_D,SUM,2018-05-09T00:00Z,21546.0,,0.0,
0-20000-0-11519,RGLB_D,SUM,2018-05-10T00:00Z,23619.0,,0.0,
0-20000-0-11519,RGLB_D,SUM,2018-05-11T00:00Z,13781.0,,3.0,
0-20000-0-11519,RGLB_D,SUM,2018-05-12T00:00Z,20935.0,,0.0,
0-20000-0-11519,RGLB_D,SUM,2018-05-13T00:00Z,27316.0,,0.0,
0-20000-0-11519,RGLB_D,SUM,2018-05-14T00:00Z,26110.0,,0.0,
0-20000-0-11519,RGLB_D,SUM,2018-05-15T00:00Z,21273.0,,0.0,
0-20000-0-11519,RGLB_D,SUM,2018-05-16T00:00Z,8695.0,,3.0,
0-20000-0-11519,RGLB_D,SUM,2018-05-17T00:00Z,8974.0,,0.0,
0-20000-0-11519,RGLB_D,SUM,2018-05-18T00:00Z,26662.0,,0.0,
0-20000-0-11519,RGLB_D,SUM,2018-05-19T00:00Z,25417.0,,0.0,
0-20000-0-11519,RGLB_D,SUM,2018-05-20T00:00Z,29148.0,,0.0,
0-20000-0-11519,RGLB_D,SUM,2018-05-21T00:00Z,27465.0,,0.0,
0-20000-0-11519,RGLB_D,SUM,2018-05-22T00:00Z,24249.0,,0.0,
0-20000-0-11519,RGLB_D,SUM,2018-05-23T00:00Z,19913.0,,3.0,
0-20000-0-11519,RGLB_D,SUM,2018-05-24T00:00Z,18041.0,,3.0,
0-20000-0-11519,RGLB_D,SUM,2018-05-25T00:00Z,20676.0,,3.0,
0-20000-0-11519,RGLB_D,SUM,2018-05-26T00:00Z,26550.0,,0.0,
0-20000-0-11519,RGLB_D,SUM,2018-05-27T00:00Z,24196.0,,0.0,
0-20000-0-11519,RGLB_D,SUM,2018-05-28T00:00Z,21384.0,,0.0,
0-20000-0-11519,RGLB_D,SUM,2018-05-29T00:00Z,22529.0,,0.0,
0-20000-0-11519,RGLB_D,SUM,2018-05-30T00:00Z,15130.0,,0.0,
0-20000-0-11519,RGLB_D,SUM,2018-05-31T00:00Z,24455.0,,0.0,
0-20000-0-11519,RGLB_D,SUM,2018-06-01T00:00Z,14462.0,,0.0,
0-20000-0-11519,RGLB_D,SUM,2018-06-02T00:00Z,23766.0,,0.0,
0-20000-0-11519,RGLB_D,SUM,2018-06-03T00:00Z,24420.0,,0.0,
0-20000-0-11519,RGLB_D,SUM,2018-06-04T00:00Z,25659.0,,3.0,
0-20000-0-11519,RGLB_D,SUM,2018-06-05T00:00Z,27419.0,,0.0,
0-20000-0-11519,RGLB_D,SUM,2018-06-06T00:00Z,24926.0,,0.0,
0-20000-0-11519,RGLB_D,SUM,2018-06-07T00:00Z,29011.0,,0.0,
0-20000-0-11519,RGLB_D,SUM,2018-06-08T00:00Z,22250.0,,0.0,
0-20000-0-11519,RGLB_D,SUM,2018-06-09T00:00Z,18669.0,,0.0,
0-20000-0-11519,RGLB_D,SUM,2018-06-10T00:00Z,20849.0,,0.0,
0-20000-0-11519,RGLB_D,SUM,2018-06-11T00:00Z,17491.0,,0.0,
0-20000-0-11519,RGLB_D,SUM,2018-06-12T00:00Z,16866.0,,0.0,
0-20000-0-11519,RGLB_D,SUM,2018-06-13T00:00Z,4779.0,,0.0,
0-20000-0-11519,RGLB_D,SUM,2018-06-14T00:00Z,10580.0,,0.0,
0-20000-0-11519,RGLB_D,SUM,2018-06-15T00:00Z,26943.0,,0.0,
0-20000-0-11519,RGLB_D,SUM,2018-06-16T00:00Z,27300.0,,0.0,
0-20000-0-11519,RGLB_D,SUM,2018-06-17T00:00Z,22168.0,,0.0,
0-20000-0-11519,RGLB_D,SUM,2018-06-18T00:00Z,21616.0,,0.0,
0-20000-0-11519,RGLB_D,SUM,2018-06-19T00:00Z,14959.0,,0.0,
0-20000-0-11519,RGLB_D,SUM,2018-06-20T00:00Z,25655.0,,0.0,
0-20000-0-11519,RGLB_D,SUM,2018-06-21T00:00Z,24108.0,,0.0,
0-20000-0-11519,RGLB_D,SUM,2018-06-22T00:00Z,15935.0,,0.0,
0-20000-0-11519,RGLB_D,SUM,2018-06-23T00:00Z,13902.0,,0.0,
0-20000-0-11519,RGLB_D,SUM,2018-06-24T00:00Z,14576.0,,0.0,
0-20000-0-11519,RGLB_D,SUM,2018-06-25T00:00Z,16197.0,,3.0,
0-20000-0-11519,RGLB_D,SUM,2018-06-26T00:00Z,24815.0,,0.0,
0-20000-0-11519,RGLB_D,SUM,2018-06-27T00:00Z,21000.0,,0.0,
0-20000-0-11519,RGLB_D,SUM,2018-06-28T00:00Z,4084.0,,0.0,
0-20000-0-11519,RGLB_D,SUM,2018-06-29T00:00Z,25700.0,,0.0,
0-20000-0-11519,RGLB_D,SUM,2018-06-30T00:00Z,30821.0,,0.0,
0-20000-0-11519,RGLB_D,SUM,2018-07-01T00:00Z,24044.0,,0.0,
0-20000-0-11519,RGLB_D,SUM,2018-07-02T00:00Z,30701.0,,0.0,
0-20000-0-11519,RGLB_D,SUM,2018-07-03T00:00Z,30435.0,,0.0,
0-20000-0-11519,RGLB_D,SUM,2018-07-04T00:00Z,28044.0,,0.0,
0-20000-0-11519,RGLB_D,SUM,2018-07-05T00:00Z,20402.0,,0.0,
0-20000-0-11519,RGLB_D,SUM,2018-07-06T00:00Z,15369.0,,3.0,
0-20000-0-11519,RGLB_D,SUM,2018-07-07T00:00Z,29553.0,,0.0,
0-20000-0-11519,RGLB_D,SUM,2018-07-08T00:00Z,26029.0,,0.0,
0-20000-0-11519,RGLB_D,SUM,2018-07-09T00:00Z,20374.0,,0.0,
0-20000-0-11519,RGLB_D,SUM,2018-07-10T00:00Z,13694.0,,0.0,
0-20000-0-11519,RGLB_D,SUM,2018-07-11T00:00Z,15330.0,,0.0,
0-20000-0-11519,RGLB_D,SUM,2018-07-12T00:00Z,10019.0,,0.0,
0-20000-0-11519,RGLB_D,SUM,2018-07-13T00:00Z,19756.0,,0.0,
0-20000-0-11519,RGLB_D,SUM,2018-07-14T00:00Z,26960.0,,0.0,
0-20000-0-11519,RGLB_D,SUM,2018-07-15T00:00Z,24762.0,,0.0,
0-20000-0-11519,RGLB_D,SUM,2018-07-16T00:00Z,17938.0,,0.0,
0-20000-0-11519,RGLB_D,SUM,2018-07-17T00:00Z,15808.0,,0.0,
0-20000-0-11519,RGLB_D,SUM,2018-07-18T00:00Z,23332.0,,0.0,
0-20000-0-11519,RGLB_D,SUM,2018-07-19T00:00Z,25463.0,,0.0,
0-20000-0-11519,RGLB_D,SUM,2018-07-20T00:00Z,28357.0,,0.0,
0-20000-0-11519,RGLB_D,SUM,2018-07-21T00:00Z,22305.0,,0.0,
0-20000-0-11519,RGLB_D,SUM,2018-07-22T00:00Z,21867.0,,0.0,
0-20000-0-11519,RGLB_D,SUM,2018-07-23T00:00Z,21369.0,,0.0,
0-20000-0-11519,RGLB_D,SUM,2018-07-24T00:00Z,27463.0,,3.0,
0-20000-0-11519,RGLB_D,SUM,2018-07-25T00:00Z,23043.0,,0.0,
0-20000-0-11519,RGLB_D,SUM,2018-07-26T00:00Z,20615.0,,0.0,
0-20000-0-11519,RGLB_D,SUM,2018-07-27T00:00Z,24452.0,,0.0,
0-20000-0-11519,RGLB_D,SUM,2018-07-28T00:00Z,22367.0,,0.0,
0-20000-0-11519,RGLB_D,SUM,2018-07-29T00:00Z,25723.0,,3.0,
0-20000-0-11519,RGLB_D,SUM,2018-07-30T00:00Z,18907.0,,0.0,
0-20000-0-11519,RGLB_D,SUM,2018-07-31T00:00Z,25670.0,,0.0,
0-20000-0-11519,RGLB_D,SUM,2018-08-01T00:00Z,25285.0,,0.0,
0-20000-0-11519,RGLB_D,SUM,2018-08-02T00:00Z,21363.0,,0.0,
0-20000-0-11519,RGLB_D,SUM,2018-08-03T00:00Z,22423.0,,0.0,
0-20000-0-11519,RGLB_D,SUM,2018-08-04T00:00Z,18735.0,,0.0,
0-20000-0-11519,RGLB_D,SUM,2018-08-05T00:00Z,19325.0,,0.0,
0-20000-0-11519,RGLB_D,SUM,2018-08-06T00:00Z,26576.0,,0.0,
0-20000-0-11519,RGLB_D,SUM,2018-08-07T00:00Z,24809.0,,3.0,
0-20000-0-11519,RGLB_D,SUM,2018-08-08T00:00Z,17166.0,,0.0,
0-20000-0-11519,RGLB_D,SUM,2018-08-09T00:00Z,21822.0,,3.0,
0-20000-0-11519,RGLB_D,SUM,2018-08-10T00:00Z,6794.0,,0.0,
0-20000-0-11519,RGLB_D,SUM,2018-08-11T00:00Z,21462.0,,0.0,
0-20000-0-11519,RGLB_D,SUM,2018-08-12T00:00Z,23963.0,,0.0,
0-20000-0-11519,RGLB_D,SUM,2018-08-13T00:00Z,19859.0,,0.0,
0-20000-0-11519,RGLB_D,SUM,2018-08-14T00:00Z,15522.0,,0.0,
0-20000-0-11519,RGLB_D,SUM,2018-08-15T00:00Z,20428.0,,0.0,
0-20000-0-11519,RGLB_D,SUM,2018-08-16T00:00Z,20122.0,,0.0,
0-20000-0-11519,RGLB_D,SUM,2018-08-17T00:00Z,23255.0,,3.0,
0-20000-0-11519,RGLB_D,SUM,2018-08-18T00:00Z,22546.0,,3.0,
0-20000-0-11519,RGLB_D,SUM,2018-08-19T00:00Z,21158.0,,0.0,
0-20000-0-11519,RGLB_D,SUM,2018-08-20T00:00Z,22313.0,,0.0,
0-20000-0-11519,RGLB_D,SUM,2018-08-21T00:00Z,18687.0,,0.0,
0-20000-0-11519,RGLB_D,SUM,2018-08-22T00:00Z,20080.0,,0.0,
0-20000-0-11519,RGLB_D,SUM,2018-08-23T00:00Z,17364.0,,0.0,
0-20000-0-11519,RGLB_D,SUM,2018-08-24T00:00Z,8254.0,,0.0,
0-20000-0-11519,RGLB_D,SUM,2018-08-25T00:00Z,11524.0,,0.0,
0-20000-0-11519,RGLB_D,SUM,2018-08-26T00:00Z,21097.0,,0.0,
0-20000-0-11519,RGLB_D,SUM,2018-08-27T00:00Z,20122.0,,0.0,
0-20000-0-11519,RGLB_D,SUM,2018-08-28T00:00Z,15867.0,,0.0,
0-20000-0-11519,RGLB_D,SUM,2018-08-29T00:00Z,19608.0,,0.0,
0-20000-0-11519,RGLB_D,SUM,2018-08-30T00:00Z,7542.0,,0.0,
0-20000-0-11519,RGLB_D,SUM,2018-08-31T00:00Z,11157.0,,3.0,
0-20000-0-11519,RGLB_D,SUM,2018-09-01T00:00Z,2411.0,,0.0,
0-20000-0-11519,RGLB_D,SUM,2018-09-02T00:00Z,5708.0,,3.0,
0-20000-0-11519,RGLB_D,SUM,2018-09-03T00:00Z,9295.0,,3.0,
0-20000-0-11519,RGLB_D,SUM,2018-09-04T00:00Z,13019.0,,3.0,
0-20000-0-11519,RGLB_D,SUM,2018-09-05T00:00Z,19495.0,,0.0,
0-20000-0-11519,RGLB_D,SUM,2018-09-06T00:00Z,17727.0,,0.0,
0-20000-0-11519,RGLB_D,SUM,2018-09-07T00:00Z,8403.0,,3.0,
0-20000-0-11519,RGLB_D,SUM,2018-09-08T00:00Z,15233.0,,0.0,
0-20000-0-11519,RGLB_D,SUM,2018-09-09T00:00Z,13562.0,,0.0,
0-20000-0-11519,RGLB_D,SUM,2018-09-10T00:00Z,17700.0,,0.0,
0-20000-0-11519,RGLB_D,SUM,2018-09-11T00:00Z,16053.0,,0.0,
0-20000-0-11519,RGLB_D,SUM,2018-09-12T00:00Z,18832.0,,0.0,
0-20000-0-11519,RGLB_D,SUM,2018-09-13T00:00Z,5137.0,,0.0,
0-20000-0-11519,RGLB_D,SUM,2018-09-14T00:00Z,7843.0,,0.0,
0-20000-0-11519,RGLB_D,SUM,2018-09-15T00:00Z,13802.0,,0.0,
0-20000-0-11519,RGLB_D,SUM,2018-09-16T00:00Z,17838.0,,0.0,
0-20000-0-11519,RGLB_D,SUM,2018-09-17T00:00Z,16709.0,,0.0,
0-20000-0-11519,RGLB_D,SUM,2018-09-18T00:00Z,16696.0,,0.0,
0-20000-0-11519,RGLB_D,SUM,2018-09-19T00:00Z,14600.0,,0.0,
0-20000-0-11519,RGLB_D,SUM,2018-09-20T00:00Z,15894.0,,0.0,
0-20000-0-11519,RGLB_D,SUM,2018-09-21T00:00Z,14993.0,,0.0,
0-20000-0-11519,RGLB_D,SUM,2018-09-22T00:00Z,12114.0,,0.0,
0-20000-0-11519,RGLB_D,SUM,2018-09-23T00:00Z,3524.0,,0.0,
0-20000-0-11519,RGLB_D,SUM,2018-09-24T00:00Z,11675.0,,0.0,
0-20000-0-11519,RGLB_D,SUM,2018-09-25T00:00Z,13854.0,,0.0,
0-20000-0-11519,RGLB_D,SUM,2018-09-26T00:00Z,15048.0,,0.0,
0-20000-0-11519,RGLB_D,SUM,2018-09-27T00:00Z,11825.0,,0.0,
0-20000-0-11519,RGLB_D,SUM,2018-09-28T00:00Z,14160.0,,0.0,
0-20000-0-11519,RGLB_D,SUM,2018-09-29T00:00Z,15115.0,,0.0,
0-20000-0-11519,RGLB_D,SUM,2018-09-30T00:00Z,15422.0,,0.0,
0-20000-0-11519,RGLB_D,SUM,2018-10-01T00:00Z,3315.0,,0.0,
0-20000-0-11519,RGLB_D,SUM,2018-10-02T00:00Z,7828.0,,0.0,
0-20000-0-11519,RGLB_D,SUM,2018-10-03T00:00Z,8858.0,,0.0,
0-20000-0-11519,RGLB_D,SUM,2018-10-04T00:00Z,13823.0,,0.0,
0-20000-0-11519,RGLB_D,SUM,2018-10-05T00:00Z,13874.0,,0.0,
0-20000-0-11519,RGLB_D,SUM,2018-10-06T00:00Z,12388.0,,0.0,
0-20000-0-11519,RGLB_D,SUM,2018-10-07T00:00Z,10073.0,,0.0,
0-20000-0-11519,RGLB_D,SUM,2018-10-08T00:00Z,7520.0,,0.0,
0-20000-0-11519,RGLB_D,SUM,2018-10-09T00:00Z,9878.0,,0.0,
0-20000-0-11519,RGLB_D,SUM,2018-10-10T00:00Z,12168.0,,0.0,
0-20000-0-11519,RGLB_D,SUM,2018-10-11T00:00Z,12503.0,,0.0,
0-20000-0-11519,RGLB_D,SUM,2018-10-12T00:00Z,11992.0,,0.0,
0-20000-0-11519,RGLB_D,SUM,2018-10-13T00:00Z,11899.0,,0.0,
0-20000-0-11519,RGLB_D,SUM,2018-10-14T00:00Z,11634.0,,0.0,
0-20000-0-11519,RGLB_D,SUM,2018-10-15T00:00Z,7372.0,,0.0,
0-20000-0-11519,RGLB_D,SUM,2018-10-16T00:00Z,10963.0,,0.0,
0-20000-0-11519,RGLB_D,SUM,2018-10-17T00:00Z,9601.0,,0.0,
0-20000-0-11519,RGLB_D,SUM,2018-10-18T00:00Z,9310.0,,0.0,
0-20000-0-11519,RGLB_D,SUM,2018-10-19T00:00Z,4822.0,,0.0,
0-20000-0-11519,RGLB_D,SUM,2018-10-20T00:00Z,7168.0,,0.0,
0-20000-0-11519,RGLB_D,SUM,2018-10-21T00:00Z,7595.0,,0.0,
0-20000-0-11519,RGLB_D,SUM,2018-10-22T00:00Z,9373.0,,3.0,
0-20000-0-11519,RGLB_D,SUM,2018-10-23T00:00Z,3024.0,,0.0,
0-20000-0-11519,RGLB_D,SUM,2018-10-24T00:00Z,4331.0,,3.0,
0-20000-0-11519,RGLB_D,SUM,2018-10-25T00:00Z,2803.0,,0.0,
0-20000-0-11519,RGLB_D,SUM,2018-10-26T00:00Z,5809.0,,0.0,
0-20000-0-11519,RGLB_D,SUM,2018-10-27T00:00Z,1763.0,,0.0,
0-20000-0-11519,RGLB_D,SUM,2018-10-28T00:00Z,803.0,,0.0,
0-20000-0-11519,RGLB_D,SUM,2018-10-29T00:00Z,1441.0,,0.0,
0-20000-0-11519,RGLB_D,SUM,2018-10-30T00:00Z,7848.0,,0.0,
0-20000-0-11519,RGLB_D,SUM,2018-10-31T00:00Z,8635.0,,0.0,
0-20000-0-11519,RGLB_D,SUM,2018-11-01T00:00Z,5337.0,,0.0,
0-20000-0-11519,RGLB_D,SUM,2018-11-02T00:00Z,4609.0,,0.0,
0-20000-0-11519,RGLB_D,SUM,2018-11-03T00:00Z,1766.0,,0.0,
0-20000-0-11519,RGLB_D,SUM,2018-11-04T00:00Z,2427.0,,0.0,
0-20000-0-11519,RGLB_D,SUM,2018-11-05T00:00Z,4044.0,,0.0,
0-20000-0-11519,RGLB_D,SUM,2018-11-06T00:00Z,7280.0,,0.0,
0-20000-0-11519,RGLB_D,SUM,2018-11-07T00:00Z,6194.0,,0.0,
0-20000-0-11519,RGLB_D,SUM,2018-11-08T00:00Z,4249.0,,0.0,
0-20000-0-11519,RGLB_D,SUM,2018-11-09T00:00Z,985.0,,0.0,
0-20000-0-11519,RGLB_D,SUM,2018-11-10T00:00Z,1028.0,,0.0,
0-20000-0-11519,RGLB_D,SUM,2018-11-11T00:00Z,3372.0,,0.0,
0-20000-0-11519,RGLB_D,SUM,2018-11-12T00:00Z,1671.0,,0.0,
0-20000-0-11519,RGLB_D,SUM,2018-11-13T00:00Z,2075.0,,0.0,
0-20000-0-11519,RGLB_D,SUM,2018-11-14T00:00Z,6328.0,,0.0,
0-20000-0-11519,RGLB_D,SUM,2018-11-15T00:00Z,6031.0,,0.0,
0-20000-0-11519,RGLB_D,SUM,2018-11-16T00:00Z,6378.0,,0.0,
0-20000-0-11519,RGLB_D,SUM,2018-11-17T00:00Z,6345.0,,0.0,
0-20000-0-11519,RGLB_D,SUM,2018-11-18T00:00Z,5835.0,,0.0,
0-20000-0-11519,RGLB_D,SUM,2018-11-19T00:00Z,3212.0,,0.0,
0-20000-0-11519,RGLB_D,SUM,2018-11-20T00:00Z,989.0,,0.0,
0-20000-0-11519,RGLB_D,SUM,2018-11-21T00:00Z,1121.0,,0.0,
0-20000-0-11519,RGLB_D,SUM,2018-11-22T00:00Z,1006.0,,0.0,
0-20000-0-11519,RGLB_D,SUM,2018-11-23T00:00Z,1114.0,,3.0,
0-20000-0-11519,RGLB_D,SUM,2018-11-24T00:00Z,1263.0,,0.0,
0-20000-0-11519,RGLB_D,SUM,2018-11-25T00:00Z,1090.0,,0.0,
0-20000-0-11519,RGLB_D,SUM,2018-11-26T00:00Z,1850.0,,0.0,
0-20000-0-11519,RGLB_D,SUM,2018-11-27T00:00Z,2524.0,,0.0,
0-20000-0-11519,RGLB_D,SUM,2018-11-28T00:00Z,5074.0,,0.0,
0-20000-0-11519,RGLB_D,SUM,2018-11-29T00:00Z,5010.0,,3.0,
0-20000-0-11519,RGLB_D,SUM,2018-11-30T00:00Z,1705.0,,0.0,
0-20000-0-11519,RGLB_D,SUM,2018-12-01T00:00Z,1435.0,,0.0,
0-20000-0-11519,RGLB_D,SUM,2018-12-02T00:00Z,1127.0,,0.0,
0-20000-0-11519,RGLB_D,SUM,2018-12-03T00:00Z,2805.0,,0.0,
0-20000-0-11519,RGLB_D,SUM,2018-12-04T00:00Z,2075.0,,0.0,
0-20000-0-11519,RGLB_D,SUM,2018-12-05T00:00Z,4953.0,,0.0,
0-20000-0-11519,RGLB_D,SUM,2018-12-06T00:00Z,1086.0,,0.0,
0-20000-0-11519,RGLB_D,SUM,2018-12-07T00:00Z,920.0,,0.0,
0-20000-0-11519,RGLB_D,SUM,2018-12-08T00:00Z,3351.0,,0.0,
0-20000-0-11519,RGLB_D,SUM,2018-12-09T00:00Z,2034.0,,0.0,
0-20000-0-11519,RGLB_D,SUM,2018-12-10T00:00Z,2361.0,,0.0,
0-20000-0-11519,RGLB_D,SUM,2018-12-11T00:00Z,922.0,,0.0,
0-20000-0-11519,RGLB_D,SUM,2018-12-12T00:00Z,831.0,,0.0,
0-20000-0-11519,RGLB_D,SUM,2018-12-13T00:00Z,4348.0,,0.0,
0-20000-0-11519,RGLB_D,SUM,2018-12-14T00:00Z,2808.0,,0.0,
0-20000-0-11519,RGLB_D,SUM,2018-12-15T00:00Z,1016.0,,0.0,
0-20000-0-11519,RGLB_D,SUM,2018-12-16T00:00Z,1499.0,,0.0,
0-20000-0-11519,RGLB_D,SUM,2018-12-17T00:00Z,2307.0,,0.0,
0-20000-0-11519,RGLB_D,SUM,2018-12-18T00:00Z,2407.0,,0.0,
0-20000-0-11519,RGLB_D,SUM,2018-12-19T00:00Z,1260.0,,0.0,
0-20000-0-11519,RGLB_D,SUM,2018-12-20T00:00Z,1078.0,,0.0,
0-20000-0-11519,RGLB_D,SUM,2018-12-21T00:00Z,1338.0,,0.0,
0-20000-0-11519,RGLB_D,SUM,2018-12-22T00:00Z,1574.0,,3.0,
0-20000-0-11519,RGLB_D,SUM,2018-12-23T00:00Z,2017.0,,0.0,
0-20000-0-11519,RGLB_D,SUM,2018-12-24T00:00Z,1351.0,,0.0,
0-20000-0-11519,RGLB_D,SUM,2018-12-25T00:00Z,1302.0,,0.0,
0-20000-0-11519,RGLB_D,SUM,2018-12-26T00:00Z,1469.0,,0.0,
0-20000-0-11519,RGLB_D,SUM,2018-12-27T00:00Z,1930.0,,0.0,
0-20000-0-11519,RGLB_D,SUM,2018-12-28T00:00Z,3188.0,,0.0,
0-20000-0-11519,RGLB_D,SUM,2018-12-29T00:00Z,1613.0,,0.0,
0-20000-0-11519,RGLB_D,SUM,2018-12-30T00:00Z,1034.0,,0.0,
0-20000-0-11519,RGLB_D,SUM,2018-12-31T00:00Z,2177.0,,0.0,
0-20000-0-11519,RGLB_D,SUM,2019-01-01T00:00Z,1227.0,,0.0,
0-20000-0-11519,RGLB_D,SUM,2019-01-02T00:00Z,2191.0,,0.0,
0-20000-0-11519,RGLB_D,SUM,2019-01-03T00:00Z,1324.0,,0.0,
0-20000-0-11519,RGLB_D,SUM,2019-01-04T00:00Z,1479.0,,0.0,
0-20000-0-11519,RGLB_D,SUM,2019-01-05T00:00Z,868.0,,0.0,
0-20000-0-11519,RGLB_D,SUM,2019-01-06T00:00Z,1418.0,,0.0,
0-20000-0-11519,RGLB_D,SUM,2019-01-07T00:00Z,1279.0,,0.0,
0-20000-0-11519,RGLB_D,SUM,2019-01-08T00:00Z,2575.0,,3.0,
0-20000-0-11519,RGLB_D,SUM,2019-01-09T00:00Z,1338.0,,0.0,
0-20000-0-11519,RGLB_D,SUM,2019-01-10T00:00Z,1926.0,,0.0,
0-20000-0-11519,RGLB_D,SUM,2019-01-11T00:00Z,2415.0,,0.0,
0-20000-0-11519,RGLB_D,SUM,2019-01-12T00:00Z,2522.0,,0.0,
0-20000-0-11519,RGLB_D,SUM,2019-01-13T00:00Z,1783.0,,0.0,
0-20000-0-11519,RGLB_D,SUM,2019-01-14T00:00Z,1884.0,,0.0,
0-20000-0-11519,RGLB_D,SUM,2019-01-15T00:00Z,3206.0,,0.0,
0-20000-0-11519,RGLB_D,SUM,2019-01-16T00:00Z,3139.0,,0.0,
0-20000-0-11519,RGLB_D,SUM,2019-01-17T00:00Z,2990.0,,0.0,
0-20000-0-11519,RGLB_D,SUM,2019-01-18T00:00Z,4472.0,,0.0,
0-20000-0-11519,RGLB_D,SUM,2019-01-19T00:00Z,5825.0,,0.0,
0-20000-0-11519,RGLB_D,SUM,2019-01-20T00:00Z,1139.0,,0.0,
0-20000-0-11519,RGLB_D,SUM,2019-01-21T00:00Z,5750.0,,0.0,
0-20000-0-11519,RGLB_D,SUM,2019-01-22T00:00Z,2752.0,,0.0,
0-20000-0-11519,RGLB_D,SUM,2019-01-23T00:00Z,5572.0,,0.0,
0-20000-0-11519,RGLB_D,SUM,2019-01-24T00:00Z,1062.0,,0.0,
0-20000-0-11519,RGLB_D,SUM,2019-01-25T00:00Z,2715.0,,0.0,
0-20000-0-11519,RGLB_D,SUM,2019-01-26T00:00Z,1455.0,,0.0,
0-20000-0-11519,RGLB_D,SUM,2019-01-27T00:00Z,2916.0,,3.0,
0-20000-0-11519,RGLB_D,SUM,2019-01-28T00:00Z,2616.0,,0.0,
0-20000-0-11519,RGLB_D,SUM,2019-01-29T00:00Z,3933.0,,0.0,
0-20000-0-11519,RGLB_D,SUM,2019-01-30T00:00Z,6773.0,,0.0,
0-20000-0-11519,RGLB_D,SUM,2019-01-31T00:00Z,6110.0,,0.0,
0-20000-0-11519,RGLB_D,SUM,2019-02-01T00:00Z,2927.0,,3.0,
0-20000-0-11519,RGLB_D,SUM,2019-02-02T00:00Z,1702.0,,0.0,
0-20000-0-11519,RGLB_D,SUM,2019-02-03T00:00Z,738.0,,0.0,
0-20000-0-11519,RGLB_D,SUM,2019-02-04T00:00Z,6839.0,,0.0,
0-20000-0-11519,RGLB_D,SUM,2019-02-05T00:00Z,8351.0,,0.0,
0-20000-0-11519,RGLB_D,SUM,2019-02-06T00:00Z,2023.0,,0.0,
0-20000-0-11519,RGLB_D,SUM,2019-02-07T00:00Z,3378.0,,0.0,
0-20000-0-11519,RGLB_D,SUM,2019-02-08T00:00Z,6716.0,,0.0,
0-20000-0-11519,RGLB_D,SUM,2019-02-09T00:00Z,6493.0,,0.0,
0-20000-0-11519,RGLB_D,SUM,2019-02-10T00:00Z,2462.0,,0.0,
0-20000-0-11519,RGLB_D,SUM,2019-02-11T00:00Z,2710.0,,0.0,
0-20000-0-11519,RGLB_D,SUM,2019-02-12T00:00Z,3866.0,,0.0,
0-20000-0-11519,RGLB_D,SUM,2019-02-13T00:00Z,3625.0,,0.0,
0-20000-0-11519,RGLB_D,SUM,2019-02-14T00:00Z,9062.0,,0.0,
0-20000-0-11519,RGLB_D,SUM,2019-02-15T00:00Z,10144.0,,0.0,
0-20000-0-11519,RGLB_D,SUM,2019-02-16T00:00Z,9996.0,,0.0,
0-20000-0-11519,RGLB_D,SUM,2019-02-17T00:00Z,10292.0,,0.0,
0-20000-0-11519,RGLB_D,SUM,2019-02-18T00:00Z,10575.0,,0.0,
0-20000-0-11519,RGLB_D,SUM,2019-02-19T00:00Z,9388.0,,0.0,
0-20000-0-11519,RGLB_D,SUM,2019-02-20T00:00Z,7183.0,,0.0,
0-20000-0-11519,RGLB_D,SUM,2019-02-21T00:00Z,4021.0,,0.0,
0-20000-0-11519,RGLB_D,SUM,2019-02-22T00:00Z,4246.0,,0.0,
0-20000-0-11519,RGLB_D,SUM,2019-02-23T00:00Z,10146.0,,0.0,
0-20000-0-11519,RGLB_D,SUM,2019-02-24T00:00Z,7966.0,,0.0,
0-20000-0-11519,RGLB_D,SUM,2019-02-25T00:00Z,11329.0,,0.0,
0-20000-0-11519,RGLB_D,SUM,2019-02-26T00:00Z,6390.0,,0.0,
0-20000-0-11519,RGLB_D,SUM,2019-02-27T00:00Z,12159.0,,0.0,
0-20000-0-11519,RGLB_D,SUM,2019-02-28T00:00Z,11580.0,,3.0,
0-20000-0-11519,RGLB_D,SUM,2019-03-01T00:00Z,3599.0,,0.0,
0-20000-0-11519,RGLB_D,SUM,2019-03-02T00:00Z,2194.0,,0.0,
0-20000-0-11519,RGLB_D,SUM,2019-03-03T00:00Z,5672.0,,0.0,
0-20000-0-11519,RGLB_D,SUM,2019-03-04T00:00Z,8088.0,,0.0,
0-20000-0-11519,RGLB_D,SUM,2019-03-05T00:00Z,8203.0,,0.0,
0-20000-0-11519,RGLB_D,SUM,2019-03-06T00:00Z,13136.0,,0.0,
0-20000-0-11519,RGLB_D,SUM,2019-03-07T00:00Z,8432.0,,0.0,
0-20000-0-11519,RGLB_D,SUM,2019-03-08T00:00Z,10680.0,,0.0,
0-20000-0-11519,RGLB_D,SUM,2019-03-09T00:00Z,6951.0,,0.0,
0-20000-0-11519,RGLB_D,SUM,2019-03-10T00:00Z,2567.0,,0.0,
0-20000-0-11519,RGLB_D,SUM,2019-03-11T00:00Z,7003.0,,0.0,
0-20000-0-11519,RGLB_D,SUM,2019-03-12T00:00Z,9379.0,,0.0,
0-20000-0-11519,RGLB_D,SUM,2019-03-13T00:00Z,12807.0,,0.0,
0-20000-0-11519,RGLB_D,SUM,2019-03-14T00:00Z,6503.0,,0.0,
0-20000-0-11519,RGLB_D,SUM,2019-03-15T00:00Z,7622.0,,0.0,
0-20000-0-11519,RGLB_D,SUM,2019-03-16T00:00Z,3544.0,,3.0,
0-20000-0-11519,RGLB_D,SUM,2019-03-17T00:00Z,14170.0,,0.0,
0-20000-0-11519,RGLB_D,SUM,2019-03-18T00:00Z,9401.0,,0.0,
0-20000-0-11519,RGLB_D,SUM,2019-03-19T00:00Z,11419.0,,0.0,
0-20000-0-11519,RGLB_D,SUM,2019-03-20T00:00Z,14906.0,,0.0,
0-20000-0-11519,RGLB_D,SUM,2019-03-21T00:00Z,16545.0,,0.0,
0-20000-0-11519,RGLB_D,SUM,2019-03-22T00:00Z,16478.0,,0.0,
0-20000-0-11519,RGLB_D,SUM,2019-03-23T00:00Z,17323.0,,0.0,
0-20000-0-11519,RGLB_D,SUM,2019-03-24T00:00Z,4288.0,,0.0,
0-20000-0-11519,RGLB_D,SUM,2019-03-25T00:00Z,11331.0,,3.0,
0-20000-0-11519,RGLB_D,SUM,2019-03-26T00:00Z,7713.0,,3.0,
0-20000-0-11519,RGLB_D,SUM,2019-03-27T00:00Z,6969.0,,0.0,
0-20000-0-11519,RGLB_D,SUM,2019-03-28T00:00Z,3266.0,,0.0,
0-20000-0-11519,RGLB_D,SUM,2019-03-29T00:00Z,10029.0,,3.0,
0-20000-0-11519,RGLB_D,SUM,2019-03-30T00:00Z,18726.0,,0.0,
0-20000-0-11519,RGLB_D,SUM,2019-03-31T00:00Z,16006.0,,0.0,
0-20000-0-11519,RGLB_D,SUM,2019-04-01T00:00Z,18433.0,,0.0,
0-20000-0-11519,RGLB_D,SUM,2019-04-02T00:00Z,17486.0,,0.0,
0-20000-0-11519,RGLB_D,SUM,2019-04-03T00:00Z,15560.0,,0.0,
0-20000-0-11519,RGLB_D,SUM,2019-04-04T00:00Z,18289.0,,0.0,
0-20000-0-11519,RGLB_D,SUM,2019-04-05T00:00Z,17013.0,,0.0,
0-20000-0-11519,RGLB_D,SUM,2019-04-06T00:00Z,15783.0,,3.0,
0-20000-0-11519,RGLB_D,SUM,2019-04-07T00:00Z,15636.0,,0.0,
0-20000-0-11519,RGLB_D,SUM,2019-04-08T00:00Z,16027.0,,0.0,
0-20000-0-11519,RGLB_D,SUM,2019-04-09T00:00Z,17243.0,,0.0,
0-20000-0-11519,RGLB_D,SUM,2019-04-10T00:00Z,15693.0,,0.0,
0-20000-0-11519,RGLB_D,SUM,2019-04-11T00:00Z,13887.0,,0.0,
0-20000-0-11519,RGLB_D,SUM,2019-04-12T00:00Z,7078.0,,3.0,
0-20000-0-11519,RGLB_D,SUM,2019-04-13T00:00Z,8485.0,,0.0,
0-20000-0-11519,RGLB_D,SUM,2019-04-14T00:00Z,5124.0,,0.0,
0-20000-0-11519,RGLB_D,SUM,2019-04-15T00:00Z,22357.0,,0.0,
0-20000-0-11519,RGLB_D,SUM,2019-04-16T00:00Z,22829.0,,0.0,
0-20000-0-11519,RGLB_D,SUM,2019-04-17T00:00Z,20338.0,,0.0,
0-20000-0-11519,RGLB_D,SUM,2019-04-18T00:00Z,22788.0,,0.0,
0-20000-0-11519,RGLB_D,SUM,2019-04-19T00:00Z,23617.0,,0.0,
0-20000-0-11519,RGLB_D,SUM,2019-04-20T00:00Z,23599.0,,0.0,
0-20000-0-11519,RGLB_D,SUM,2019-04-21T00:00Z,23905.0,,0.0,
0-20000-0-11519,RGLB_D,SUM,2019-04-22T00:00Z,24333.0,,0.0,
0-20000-0-11519,RGLB_D,SUM,2019-04-23T00:00Z,13344.0,,0.0,
0-20000-0-11519,RGLB_D,SUM,2019-04-24T00:00Z,20957.0,,0.0,
0-20000-0-11519,RGLB_D,SUM,2019-04-25T00:00Z,22965.0,,0.0,
0-20000-0-11519,RGLB_D,SUM,2019-04-26T00:00Z,18783.0,,0.0,
0-20000-0-11519,RGLB_D,SUM,2019-04-27T00:00Z,11490.0,,3.0,
0-20000-0-11519,RGLB_D,SUM,2019-04-28T00:00Z,14927.0,,0.0,
0-20000-0-11519,RGLB_D,SUM,2019-04-29T00:00Z,3710.0,,0.0,
0-20000-0-11519,RGLB_D,SUM,2019-04-30T00:00Z,21677.0,,0.0,
0-20000-0-11519,RGLB_D,SUM,2019-05-01T00:00Z,14088.0,,0.0,
0-20000-0-11519,RGLB_D,SUM,2019-05-02T00:00Z,18831.0,,3.0,
0-20000-0-11519,RGLB_D,SUM,2019-05-03T00:00Z,8963.0,,0.0,
0-20000-0-11519,RGLB_D,SUM,2019-05-04T00:00Z,8455.0,,0.0,
0-20000-0-11519,RGLB_D,SUM,2019-05-05T00:00Z,17886.0,,0.0,
0-20000-0-11519,RGLB_D,SUM,2019-05-06T00:00Z,18231.0,,0.0,
0-20000-0-11519,RGLB_D,SUM,2019-05-07T00:00Z,15792.0,,0.0,
0-20000-0-11519,RGLB_D,SUM,2019-05-08T00:00Z,22808.0,,0.0,
0-20000-0-11519,RGLB_D,SUM,2019-05-09T00:00Z,12828.0,,0.0,
0-20000-0-11519,RGLB_D,SUM,2019-05-10T00:00Z,16507.0,,0.0,
0-20000-0-11519,RGLB_D,SUM,2019-05-11T00:00Z,8890.0,,0.0,
0-20000-0-11519,RGLB_D,SUM,2019-05-12T00:00Z,8283.0,,0.0,
0-20000-0-11519,RGLB_D,SUM,2019-05-13T00:00Z,22567.0,,0.0,
0-20000-0-11519,RGLB_D,SUM,2019-05-14T00:00Z,16393.0,,0.0,
0-20000-0-11519,RGLB_D,SUM,2019-05-15T00:00Z,5062.0,,0.0,
0-20000-0-11519,RGLB_D,SUM,2019-05-16T00:00Z,4918.0,,0.0,
0-20000-0-11519,RGLB_D,SUM,2019-05-17T00:00Z,14839.0,,0.0,
0-20000-0-11519,RGLB_D,SUM,2019-05-18T00:00Z,19995.0,,0.0,
0-20000-0-11519,RGLB_D,SUM,2019-05-19T00:00Z,20986.0,,0.0,
0-20000-0-11519,RGLB_D,SUM,2019-05-20T00:00Z,7142.0,,0.0,
0-20000-0-11519,RGLB_D,SUM,2019-05-21T00:00Z,17561.0,,0.0,
0-20000-0-11519,RGLB_D,SUM,2019-05-22T00:00Z,3489.0,,0.0,
0-20000-0-11519,RGLB_D,SUM,2019-05-23T00:00Z,17459.0,,0.0,
0-20000-0-11519,RGLB_D,SUM,2019-05-24T00:00Z,25876.0,,0.0,
0-20000-0-11519,RGLB_D,SUM,2019-05-25T00:00Z,22441.0,,0.0,
0-20000-0-11519,RGLB_D,SUM,2019-05-26T00:00Z,25566.0,,0.0,
0-20000-0-11519,RGLB_D,SUM,2019-05-27T00:00Z,22614.0,,0.0,
0-20000-0-11519,RGLB_D,SUM,2019-05-28T00:00Z,6395.0,,0.0,
0-20000-0-11519,RGLB_D,SUM,2019-05-29T00:00Z,12787.0,,3.0,
0-20000-0-11519,RGLB_D,SUM,2019-05-30T00:00Z,29012.0,,0.0,
0-20000-0-11519,RGLB_D,SUM,2019-05-31T00:00Z,19483.0,,0.0,
0-20000-0-11519,RGLB_D,SUM,2019-06-01T00:00Z,27808.0,,0.0,
0-20000-0-11519,RGLB_D,SUM,2019-06-02T00:00Z,27107.0,,0.0,
0-20000-0-11519,RGLB_D,SUM,2019-06-03T00:00Z,29139.0,,0.0,
0-20000-0-11519,RGLB_D,SUM,2019-06-04T00:00Z,28298.0,,0.0,
0-20000-0-11519,RGLB_D,SUM,2019-06-05T00:00Z,27702.0,,0.0,
0-20000-0-11519,RGLB_D,SUM,2019-06-06T00:00Z,16074.0,,0.0,
0-20000-0-11519,RGLB_D,SUM,2019-06-07T00:00Z,20417.0,,0.0,
0-20000-0-11519,RGLB_D,SUM,2019-06-08T00:00Z,20483.0,,0.0,
0-20000-0-11519,RGLB_D,SUM,2019-06-09T00:00Z,27918.0,,0.0,
0-20000-0-11519,RGLB_D,SUM,2019-06-10T00:00Z,23263.0,,0.0,
0-20000-0-11519,RGLB_D,SUM,2019-06-11T00:00Z,25849.0,,0.0,
0-20000-0-11519,RGLB_D,SUM,2019-06-12T00:00Z,27009.0,,0.0,
0-20000-0-11519,RGLB_D,SUM,2019-06-13T00:00Z,25142.0,,3.0,
0-20000-0-11519,RGLB_D,SUM,2019-06-14T00:00Z,28272.0,,0.0,
0-20000-0-11519,RGLB_D,SUM,2019-06-15T00:00Z,21244.0,,0.0,
0-20000-0-11519,RGLB_D,SUM,2019-06-16T00:00Z,18107.0,,0.0,
0-20000-0-11519,RGLB_D,SUM,2019-06-17T00:00Z,27832.0,,0.0,
0-20000-0-11519,RGLB_D,SUM,2019-06-18T00:00Z,28716.0,,0.0,
0-20000-0-11519,RGLB_D,SUM,2019-06-19T00:00Z,21669.0,,3.0,
0-20000-0-11519,RGLB_D,SUM,2019-06-20T00:00Z,23037.0,,3.0,
0-20000-0-11519,RGLB_D,SUM,2019-06-21T00:00Z,22996.0,,0.0,
0-20000-0-11519,RGLB_D,SUM,2019-06-22T00:00Z,10934.0,,0.0,
0-20000-0-11519,RGLB_D,SUM,2019-06-23T00:00Z,16118.0,,0.0,
0-20000-0-11519,RGLB_D,SUM,2019-06-24T00:00Z,29976.0,,0.0,
0-20000-0-11519,RGLB_D,SUM,2019-06-25T00:00Z,28439.0,,0.0,
0-20000-0-11519,RGLB_D,SUM,2019-06-26T00:00Z,27894.0,,0.0,
0-20000-0-11519,RGLB_D,SUM,2019-06-27T00:00Z,29324.0,,0.0,
0-20000-0-11519,RGLB_D,SUM,2019-06-28T00:00Z,28549.0,,0.0,
0-20000-0-11519,RGLB_D,SUM,2019-06-29T00:00Z,29661.0,,0.0,
0-20000-0-11519,RGLB_D,SUM,2019-06-30T00:00Z,30195.0,,0.0,
0-20000-0-11519,RGLB_D,SUM,2019-07-01T00:00Z,18118.0,,0.0,
0-20000-0-11519,RGLB_D,SUM,2019-07-02T00:00Z,27352.0,,0.0,
0-20000-0-11519,RGLB_D,SUM,2019-07-03T00:00Z,25497.0,,0.0,
0-20000-0-11519,RGLB_D,SUM,2019-07-04T00:00Z,29938.0,,0.0,
0-20000-0-11519,RGLB_D,SUM,2019-07-05T00:00Z,17672.0,,0.0,
0-20000-0-11519,RGLB_D,SUM,2019-07-06T00:00Z,26185.0,,0.0,
0-20000-0-11519,RGLB_D,SUM,2019-07-07T00:00Z,9604.0,,0.0,
0-20000-0-11519,RGLB_D,SUM,2019-07-08T00:00Z,23209.0,,0.0,
0-20000-0-11519,RGLB_D,SUM,2019-07-09T00:00Z,11703.0,,0.0,
0-20000-0-11519,RGLB_D,SUM,2019-07-10T00:00Z,28012.0,,0.0,
0-20000-0-11519,RGLB_D,SUM,2019-07-11T00:00Z,12649.0,,0.0,
0-20000-0-11519,RGLB_D,SUM,2019-07-12T00:00Z,11940.0,,0.0,
0-20000-0-11519,RGLB_D,SUM,2019-07-13T00:00Z,14277.0,,0.0,
0-20000-0-11519,RGLB_D,SUM,2019-07-14T00:00Z,16644.0,,0.0,
0-20000-0-11519,RGLB_D,SUM,2019-07-15T00:00Z,23096.0,,3.0,
0-20000-0-11519,RGLB_D,SUM,2019-07-16T00:00Z,21880.0,,0.0,
0-20000-0-11519,RGLB_D,SUM,2019-07-17T00:00Z,19439.0,,0.0,
0-20000-0-11519,RGLB_D,SUM,2019-07-18T00:00Z,24863.0,,0.0,
0-20000-0-11519,RGLB_D,SUM,2019-07-19T00:00Z,13079.0,,3.0,
0-20000-0-11519,RGLB_D,SUM,2019-07-20T00:00Z,23524.0,,0.0,
0-20000-0-11519,RGLB_D,SUM,2019-07-21T00:00Z,12137.0,,3.0,
0-20000-0-11519,RGLB_D,SUM,2019-07-22T00:00Z,21025.0,,0.0,
0-20000-0-11519,RGLB_D,SUM,2019-07-23T00:00Z,27352.0,,3.0,
0-20000-0-11519,RGLB_D,SUM,2019-07-24T00:00Z,27661.0,,0.0,
0-20000-0-11519,RGLB_D,SUM,2019-07-25T00:00Z,27446.0,,0.0,
0-20000-0-11519,RGLB_D,SUM,2019-07-26T00:00Z,26634.0,,0.0,
0-20000-0-11519,RGLB_D,SUM,2019-07-27T00:00Z,19883.0,,0.0,
0-20000-0-11519,RGLB_D,SUM,2019-07-28T00:00Z,11234.0,,3.0,
0-20000-0-11519,RGLB_D,SUM,2019-07-29T00:00Z,16973.0,,0.0,
0-20000-0-11519,RGLB_D,SUM,2019-07-30T00:00Z,16449.0,,0.0,
0-20000-0-11519,RGLB_D,SUM,2019-07-31T00:00Z,10589.0,,0.0,
0-20000-0-11519,RGLB_D,SUM,2019-08-01T00:00Z,20704.0,,3.0,
0-20000-0-11519,RGLB_D,SUM,2019-08-02T00:00Z,14644.0,,0.0,
0-20000-0-11519,RGLB_D,SUM,2019-08-03T00:00Z,18532.0,,0.0,
0-20000-0-11519,RGLB_D,SUM,2019-08-04T00:00Z,21081.0,,0.0,
0-20000-0-11519,RGLB_D,SUM,2019-08-05T00:00Z,15406.0,,3.0,
0-20000-0-11519,RGLB_D,SUM,2019-08-06T00:00Z,15549.0,,0.0,
0-20000-0-11519,RGLB_D,SUM,2019-08-07T00:00Z,16938.0,,0.0,
0-20000-0-11519,RGLB_D,SUM,2019-08-08T00:00Z,23426.0,,0.0,
0-20000-0-11519,RGLB_D,SUM,2019-08-09T00:00Z,23463.0,,3.0,
0-20000-0-11519,RGLB_D,SUM,2019-08-10T00:00Z,4794.0,,3.0,
0-20000-0-11519,RGLB_D,SUM,2019-08-11T00:00Z,24809.0,,0.0,
0-20000-0-11519,RGLB_D,SUM,2019-08-12T00:00Z,4977.0,,3.0,
0-20000-0-11519,RGLB_D,SUM,2019-08-13T00:00Z,19222.0,,0.0,
0-20000-0-11519,RGLB_D,SUM,2019-08-14T00:00Z,16375.0,,0.0,
0-20000-0-11519,RGLB_D,SUM,2019-08-15T00:00Z,17152.0,,0.0,
0-20000-0-11519,RGLB_D,SUM,2019-08-16T00:00Z,13107.0,,0.0,
0-20000-0-11519,RGLB_D,SUM,2019-08-17T00:00Z,10375.0,,0.0,
0-20000-0-11519,RGLB_D,SUM,2019-08-18T00:00Z,21076.0,,3.0,
0-20000-0-11519,RGLB_D,SUM,2019-08-19T00:00Z,10125.0,,0.0,
0-20000-0-11519,RGLB_D,SUM,2019-08-20T00:00Z,10112.0,,0.0,
0-20000-0-11519,RGLB_D,SUM,2019-08-21T00:00Z,18324.0,,0.0,
0-20000-0-11519,RGLB_D,SUM,2019-08-22T00:00Z,19730.0,,0.0,
0-20000-0-11519,RGLB_D,SUM,2019-08-23T00:00Z,22755.0,,0.0,
0-20000-0-11519,RGLB_D,SUM,2019-08-24T00:00Z,16873.0,,0.0,
0-20000-0-11519,RGLB_D,SUM,2019-08-25T00:00Z,16579.0,,0.0,
0-20000-0-11519,RGLB_D,SUM,2019-08-26T00:00Z,16244.0,,0.0,
0-20000-0-11519,RGLB_D,SUM,2019-08-27T00:00Z,17966.0,,0.0,
0-20000-0-11519,RGLB_D,SUM,2019-08-28T00:00Z,15937.0,,0.0,
0-20000-0-11519,RGLB_D,SUM,2019-08-29T00:00Z,14088.0,,0.0,
0-20000-0-11519,RGLB_D,SUM,2019-08-30T00:00Z,19339.0,,3.0,
0-20000-0-11519,RGLB_D,SUM,2019-08-31T00:00Z,19108.0,,0.0,
0-20000-0-11519,RGLB_D,SUM,2019-09-01T00:00Z,11607.0,,0.0,
0-20000-0-11519,RGLB_D,SUM,2019-09-02T00:00Z,7599.0,,0.0,
0-20000-0-11519,RGLB_D,SUM,2019-09-03T00:00Z,21191.0,,0.0,
0-20000-0-11519,RGLB_D,SUM,2019-09-04T00:00Z,20952.0,,0.0,
0-20000-0-11519,RGLB_D,SUM,2019-09-05T00:00Z,13023.0,,0.0,
0-20000-0-11519,RGLB_D,SUM,2019-09-06T00:00Z,12814.0,,0.0,
0-20000-0-11519,RGLB_D,SUM,2019-09-07T00:00Z,3676.0,,0.0,
0-20000-0-11519,RGLB_D,SUM,2019-09-08T00:00Z,12942.0,,0.0,
0-20000-0-11519,RGLB_D,SUM,2019-09-09T00:00Z,4275.0,,0.0,
0-20000-0-11519,RGLB_D,SUM,2019-09-10T00:00Z,14611.0,,0.0,
0-20000-0-11519,RGLB_D,SUM,2019-09-11T00:00Z,14487.0,,0.0,
0-20000-0-11519,RGLB_D,SUM,2019-09-12T00:00Z,13957.0,,0.0,
0-20000-0-11519,RGLB_D,SUM,2019-09-13T00:00Z,9085.0,,0.0,
0-20000-0-11519,RGLB_D,SUM,2019-09-14T00:00Z,18409.0,,3.0,
0-20000-0-11519,RGLB_D,SUM,2019-09-15T00:00Z,17189.0,,0.0,
0-20000-0-11519,RGLB_D,SUM,2019-09-16T00:00Z,8681.0,,0.0,
0-20000-0-11519,RGLB_D,SUM,2019-09-17T00:00Z,12985.0,,0.0,
0-20000-0-11519,RGLB_D,SUM,2019-09-18T00:00Z,14190.0,,0.0,
0-20000-0-11519,RGLB_D,SUM,2019-09-19T00:00Z,11547.0,,0.0,
0-20000-0-11519,RGLB_D,SUM,2019-09-20T00:00Z,14719.0,,0.0,
0-20000-0-11519,RGLB_D,SUM,2019-09-21T00:00Z,17046.0,,3.0,
0-20000-0-11519,RGLB_D,SUM,2019-09-22T00:00Z,16836.0,,0.0,
0-20000-0-11519,RGLB_D,SUM,2019-09-23T00:00Z,9256.0,,0.0,
0-20000-0-11519,RGLB_D,SUM,2019-09-24T00:00Z,7855.0,,0.0,
0-20000-0-11519,RGLB_D,SUM,2019-09-25T00:00Z,6913.0,,0.0,
0-20000-0-11519,RGLB_D,SUM,2019-09-26T00:00Z,10855.0,,0.0,
0-20000-0-11519,RGLB_D,SUM,2019-09-27T00:00Z,6754.0,,0.0,
0-20000-0-11519,RGLB_D,SUM,2019-09-28T00:00Z,11474.0,,0.0,
0-20000-0-11519,RGLB_D,SUM,2019-09-29T00:00Z,11489.0,,0.0,
0-20000-0-11519,RGLB_D,SUM,2019-09-30T00:00Z,9552.0,,0.0,
0-20000-0-11519,RGLB_D,SUM,2019-10-01T00:00Z,10094.0,,0.0,
0-20000-0-11519,RGLB_D,SUM,2019-10-02T00:00Z,4202.0,,0.0,
0-20000-0-11519,RGLB_D,SUM,2019-10-03T00:00Z,5617.0,,0.0,
0-20000-0-11519,RGLB_D,SUM,2019-10-04T00:00Z,7432.0,,3.0,
0-20000-0-11519,RGLB_D,SUM,2019-10-05T00:00Z,2290.0,,0.0,
0-20000-0-11519,RGLB_D,SUM,2019-10-06T00:00Z,10862.0,,0.0,
0-20000-0-11519,RGLB_D,SUM,2019-10-07T00:00Z,13868.0,,0.0,
0-20000-0-11519,RGLB_D,SUM,2019-10-08T00:00Z,2867.0,,0.0,
0-20000-0-11519,RGLB_D,SUM,2019-10-09T00:00Z,5639.0,,0.0,
0-20000-0-11519,RGLB_D,SUM,2019-10-10T00:00Z,7154.0,,0.0,
0-20000-0-11519,RGLB_D,SUM,2019-10-11T00:00Z,8045.0,,0.0,
0-20000-0-11519,RGLB_D,SUM,2019-10-12T00:00Z,12439.0,,0.0,
0-20000-0-11519,RGLB_D,SUM,2019-10-13T00:00Z,11494.0,,0.0,
0-20000-0-11519,RGLB_D,SUM,2019-10-14T00:00Z,11573.0,,0.0,
0-20000-0-11519,RGLB_D,SUM,2019-10-15T00:00Z,2234.0,,0.0,
0-20000-0-11519,RGLB_D,SUM,2019-10-16T00:00Z,7732.0,,0.0,
0-20000-0-11519,RGLB_D,SUM,2019-10-17T00:00Z,9223.0,,0.0,
0-20000-0-11519,RGLB_D,SUM,2019-10-18T00:00Z,10482.0,,0.0,
0-20000-0-11519,RGLB_D,SUM,2019-10-19T00:00Z,8182.0,,0.0,
0-20000-0-11519,RGLB_D,SUM,2019-10-20T00:00Z,5317.0,,0.0,
0-20000-0-11519,RGLB_D,SUM,2019-10-21T00:00Z,6714.0,,0.0,
0-20000-0-11519,RGLB_D,SUM,2019-10-22T00:00Z,4043.0,,0.0,
0-20000-0-11519,RGLB_D,SUM,2019-10-23T00:00Z,3302.0,,0.0,
0-20000-0-11519,RGLB_D,SUM,2019-10-24T00:00Z,4124.0,,0.0,
0-20000-0-11519,RGLB_D,SUM,2019-10-25T00:00Z,7783.0,,0.0,
0-20000-0-11519,RGLB_D,SUM,2019-10-26T00:00Z,9553.0,,0.0,
0-20000-0-11519,RGLB_D,SUM,2019-10-27T00:00Z,9209.0,,0.0,
0-20000-0-11519,RGLB_D,SUM,2019-10-28T00:00Z,9375.0,,0.0,
0-20000-0-11519,RGLB_D,SUM,2019-10-29T00:00Z,5426.0,,3.0,
0-20000-0-11519,RGLB_D,SUM,2019-10-30T00:00Z,7462.0,,0.0,
0-20000-0-11519,RGLB_D,SUM,2019-10-31T00:00Z,8438.0,,0.0,
0-20000-0-11519,RGLB_D,SUM,2019-11-01T00:00Z,3981.0,,0.0,
0-20000-0-11519,RGLB_D,SUM,2019-11-02T00:00Z,3493.0,,0.0,
0-20000-0-11519,RGLB_D,SUM,2019-11-03T00:00Z,1421.0,,0.0,
0-20000-0-11519,RGLB_D,SUM,2019-11-04T00:00Z,5587.0,,0.0,
0-20000-0-11519,RGLB_D,SUM,2019-11-05T00:00Z,2692.0,,0.0,
0-20000-0-11519,RGLB_D,SUM,2019-11-06T00:00Z,4301.0,,0.0,
0-20000-0-11519,RGLB_D,SUM,2019-11-07T00:00Z,7382.0,,0.0,
0-20000-0-11519,RGLB_D,SUM,2019-11-08T00:00Z,2532.0,,0.0,
0-20000-0-11519,RGLB_D,SUM,2019-11-09T00:00Z,1638.0,,0.0,
0-20000-0-11519,RGLB_D,SUM,2019-11-10T00:00Z,2598.0,,0.0,
0-20000-0-11519,RGLB_D,SUM,2019-11-11T00:00Z,1728.0,,0.0,
0-20000-0-11519,RGLB_D,SUM,2019-11-12T00:00Z,1258.0,,0.0,
0-20000-0-11519,RGLB_D,SUM,2019-11-13T00:00Z,1158.0,,0.0,
0-20000-0-11519,RGLB_D,SUM,2019-11-14T00:00Z,6209.0,,0.0,
0-20000-0-11519,RGLB_D,SUM,2019-11-15T00:00Z,3870.0,,0.0,
0-20000-0-11519,RGLB_D,SUM,2019-11-16T00:00Z,6060.0,,0.0,
0-20000-0-11519,RGLB_D,SUM,2019-11-17T00:00Z,3320.0,,0.0,
0-20000-0-11519,RGLB_D,SUM,2019-11-18T00:00Z,1787.0,,0.0,
0-20000-0-11519,RGLB_D,SUM,2019-11-19T00:00Z,4560.0,,0.0,
0-20000-0-11519,RGLB_D,SUM,2019-11-20T00:00Z,1586.0,,0.0,
0-20000-0-11519,RGLB_D,SUM,2019-11-21T00:00Z,1068.0,,0.0,
0-20000-0-11519,RGLB_D,SUM,2019-11-22T00:00Z,2043.0,,0.0,
0-20000-0-11519,RGLB_D,SUM,2019-11-23T00:00Z,1214.0,,0.0,
0-20000-0-11519,RGLB_D,SUM,2019-11-24T00:00Z,813.0,,0.0,
0-20000-0-11519,RGLB_D,SUM,2019-11-25T00:00Z,500.0,,0.0,
0-20000-0-11519,RGLB_D,SUM,2019-11-26T00:00Z,947.0,,0.0,
0-20000-0-11519,RGLB_D,SUM,2019-11-27T00:00Z,868.0,,0.0,
0-20000-0-11519,RGLB_D,SUM,2019-11-28T00:00Z,3890.0,,0.0,
0-20000-0-11519,RGLB_D,SUM,2019-11-29T00:00Z,1913.0,,0.0,
0-20000-0-11519,RGLB_D,SUM,2019-11-30T00:00Z,3868.0,,0.0,
0-20000-0-11519,RGLB_D,SUM,2019-12-01T00:00Z,3864.0,,0.0,
0-20000-0-11519,RGLB_D,SUM,2019-12-02T00:00Z,1800.0,,0.0,
0-20000-0-11519,RGLB_D,SUM,2019-12-03T00:00Z,2586.0,,0.0,
0-20000-0-11519,RGLB_D,SUM,2019-12-04T00:00Z,4841.0,,0.0,
0-20000-0-11519,RGLB_D,SUM,2019-12-05T00:00Z,1020.0,,0.0,
0-20000-0-11519,RGLB_D,SUM,2019-12-06T00:00Z,4586.0,,0.0,
0-20000-0-11519,RGLB_D,SUM,2019-12-07T00:00Z,2434.0,,0.0,
0-20000-0-11519,RGLB_D,SUM,2019-12-08T00:00Z,2175.0,,0.0,
0-20000-0-11519,RGLB_D,SUM,2019-12-09T00:00Z,1809.0,,0.0,
0-20000-0-11519,RGLB_D,SUM,2019-12-10T00:00Z,3550.0,,0.0,
0-20000-0-11519,RGLB_D,SUM,2019-12-11T00:00Z,4432.0,,0.0,
0-20000-0-11519,RGLB_D,SUM,2019-12-12T00:00Z,1338.0,,0.0,
0-20000-0-11519,RGLB_D,SUM,2019-12-13T00:00Z,1918.0,,0.0,
0-20000-0-11519,RGLB_D,SUM,2019-12-14T00:00Z,1602.0,,0.0,
0-20000-0-11519,RGLB_D,SUM,2019-12-15T00:00Z,2187.0,,0.0,
0-20000-0-11519,RGLB_D,SUM,2019-12-16T00:00Z,3812.0,,0.0,
0-20000-0-11519,RGLB_D,SUM,2019-12-17T00:00Z,2524.0,,0.0,
0-20000-0-11519,RGLB_D,SUM,2019-12-18T00:00Z,2186.0,,0.0,
0-20000-0-11519,RGLB_D,SUM,2019-12-19T00:00Z,643.0,,0.0,
0-20000-0-11519,RGLB_D,SUM,2019-12-20T00:00Z,3215.0,,0.0,
0-20000-0-11519,RGLB_D,SUM,2019-12-21T00:00Z,1601.0,,0.0,
0-20000-0-11519,RGLB_D,SUM,2019-12-22T00:00Z,1251.0,,0.0,
0-20000-0-11519,RGLB_D,SUM,2019-12-23T00:00Z,1401.0,,0.0,
0-20000-0-11519,RGLB_D,SUM,2019-12-24T00:00Z,3006.0,,0.0,
0-20000-0-11519,RGLB_D,SUM,2019-12-25T00:00Z,2614.0,,0.0,
0-20000-0-11519,RGLB_D,SUM,2019-12-26T00:00Z,2312.0,,0.0,
0-20000-0-11519,RGLB_D,SUM,2019-12-27T00:00Z,1250.0,,0.0,
0-20000-0-11519,RGLB_D,SUM,2019-12-28T00:00Z,1188.0,,0.0,
0-20000-0-11519,RGLB_D,SUM,2019-12-29T00:00Z,3800.0,,0.0,
0-20000-0-11519,RGLB_D,SUM,2019-12-30T00:00Z,3891.0,,0.0,
0-20000-0-11519,RGLB_D,SUM,2019-12-31T00:00Z,2739.0,,0.0,
0-20000-0-11519,RGLB_D,SUM,2020-01-01T00:00Z,4585.0,,3.0,
0-20000-0-11519,RGLB_D,SUM,2020-01-02T00:00Z,5286.0,,3.0,
0-20000-0-11519,RGLB_D,SUM,2020-01-03T00:00Z,1664.0,,0.0,
0-20000-0-11519,RGLB_D,SUM,2020-01-04T00:00Z,1425.0,,0.0,
0-20000-0-11519,RGLB_D,SUM,2020-01-05T00:00Z,4458.0,,3.0,
0-20000-0-11519,RGLB_D,SUM,2020-01-06T00:00Z,2144.0,,0.0,
0-20000-0-11519,RGLB_D,SUM,2020-01-07T00:00Z,2513.0,,0.0,
0-20000-0-11519,RGLB_D,SUM,2020-01-08T00:00Z,1470.0,,0.0,
0-20000-0-11519,RGLB_D,SUM,2020-01-09T00:00Z,1511.0,,0.0,
0-20000-0-11519,RGLB_D,SUM,2020-01-10T00:00Z,3086.0,,0.0,
0-20000-0-11519,RGLB_D,SUM,2020-01-11T00:00Z,1896.0,,0.0,
0-20000-0-11519,RGLB_D,SUM,2020-01-12T00:00Z,4669.0,,0.0,
0-20000-0-11519,RGLB_D,SUM,2020-01-13T00:00Z,2718.0,,0.0,
0-20000-0-11519,RGLB_D,SUM,2020-01-14T00:00Z,4332.0,,0.0,
0-20000-0-11519,RGLB_D,SUM,2020-01-15T00:00Z,5112.0,,0.0,
0-20000-0-11519,RGLB_D,SUM,2020-01-16T00:00Z,3482.0,,0.0,
0-20000-0-11519,RGLB_D,SUM,2020-01-17T00:00Z,5282.0,,0.0,
0-20000-0-11519,RGLB_D,SUM,2020-01-18T00:00Z,1409.0,,0.0,
0-20000-0-11519,RGLB_D,SUM,2020-01-19T00:00Z,2715.0,,0.0,
0-20000-0-11519,RGLB_D,SUM,2020-01-20T00:00Z,2157.0,,0.0,
0-20000-0-11519,RGLB_D,SUM,2020-01-21T00:00Z,4621.0,,0.0,
0-20000-0-11519,RGLB_D,SUM,2020-01-22T00:00Z,4311.0,,0.0,
0-20000-0-11519,RGLB_D,SUM,2020-01-23T00:00Z,2980.0,,0.0,
0-20000-0-11519,RGLB_D,SUM,2020-01-24T00:00Z,1083.0,,0.0,
0-20000-0-11519,RGLB_D,SUM,2020-01-25T00:00Z,1522.0,,0.0,
0-20000-0-11519,RGLB_D,SUM,2020-01-26T00:00Z,1175.0,,0.0,
0-20000-0-11519,RGLB_D,SUM,2020-01-27T00:00Z,5359.0,,0.0,
0-20000-0-11519,RGLB_D,SUM,2020-01-28T00:00Z,3289.0,,0.0,
0-20000-0-11519,RGLB_D,SUM,2020-01-29T00:00Z,3070.0,,0.0,
0-20000-0-11519,RGLB_D,SUM,2020-01-30T00:00Z,4078.0,,0.0,
0-20000-0-11519,RGLB_D,SUM,2020-01-31T00:00Z,2608.0,,0.0,
0-20000-0-11519,RGLB_D,SUM,2020-02-01T00:00Z,3291.0,,3.0,
0-20000-0-11519,RGLB_D,SUM,2020-02-02T00:00Z,2761.0,,0.0,
0-20000-0-11519,RGLB_D,SUM,2020-02-03T00:00Z,4741.0,,0.0,
0-20000-0-11519,RGLB_D,SUM,2020-02-04T00:00Z,4622.0,,0.0,
0-20000-0-11519,RGLB_D,SUM,2020-02-05T00:00Z,4562.0,,0.0,
0-20000-0-11519,RGLB_D,SUM,2020-02-06T00:00Z,2690.0,,3.0,
0-20000-0-11519,RGLB_D,SUM,2020-02-07T00:00Z,2971.0,,3.0,
0-20000-0-11519,RGLB_D,SUM,2020-02-08T00:00Z,8429.0,,0.0,
0-20000-0-11519,RGLB_D,SUM,2020-02-09T00:00Z,8098.0,,3.0,
0-20000-0-11519,RGLB_D,SUM,2020-02-10T00:00Z,6220.0,,0.0,
0-20000-0-11519,RGLB_D,SUM,2020-02-11T00:00Z,7944.0,,3.0,
0-20000-0-11519,RGLB_D,SUM,2020-02-12T00:00Z,5633.0,,0.0,
0-20000-0-11519,RGLB_D,SUM,2020-02-13T00:00Z,6466.0,,3.0,
0-20000-0-11519,RGLB_D,SUM,2020-02-14T00:00Z,4638.0,,0.0,
0-20000-0-11519,RGLB_D,SUM,2020-02-15T00:00Z,6665.0,,0.0,
0-20000-0-11519,RGLB_D,SUM,2020-02-16T00:00Z,3150.0,,0.0,
0-20000-0-11519,RGLB_D,SUM,2020-02-17T00:00Z,1650.0,,0.0,
0-20000-0-11519,RGLB_D,SUM,2020-02-18T00:00Z,8693.0,,0.0,
0-20000-0-11519,RGLB_D,SUM,2020-02-19T00:00Z,3201.0,,0.0,
0-20000-0-11519,RGLB_D,SUM,2020-02-20T00:00Z,5247.0,,0.0,
0-20000-0-11519,RGLB_D,SUM,2020-02-21T00:00Z,4305.0,,3.0,
0-20000-0-11519,RGLB_D,SUM,2020-02-22T00:00Z,6959.0,,3.0,
0-20000-0-11519,RGLB_D,SUM,2020-02-23T00:00Z,1803.0,,0.0,
0-20000-0-11519,RGLB_D,SUM,2020-02-24T00:00Z,6600.0,,0.0,
0-20000-0-11519,RGLB_D,SUM,2020-02-25T00:00Z,2690.0,,0.0,
0-20000-0-11519,RGLB_D,SUM,2020-02-26T00:00Z,7157.0,,0.0,
0-20000-0-11519,RGLB_D,SUM,2020-02-27T00:00Z,7804.0,,0.0,
0-20000-0-11519,RGLB_D,SUM,2020-02-28T00:00Z,4475.0,,0.0,
0-20000-0-11519,RGLB_D,SUM,2020-02-29T00:00Z,5153.0,,0.0,
0-20000-0-11519,RGLB_D,SUM,2020-03-01T00:00Z,9835.0,,0.0,
0-20000-0-11519,RGLB_D,SUM,2020-03-02T00:00Z,11219.0,,0.0,
0-20000-0-11519,RGLB_D,SUM,2020-03-03T00:00Z,1685.0,,0.0,
0-20000-0-11519,RGLB_D,SUM,2020-03-04T00:00Z,8984.0,,0.0,
0-20000-0-11519,RGLB_D,SUM,2020-03-05T00:00Z,13304.0,,0.0,
0-20000-0-11519,RGLB_D,SUM,2020-03-06T00:00Z,8187.0,,0.0,
0-20000-0-11519,RGLB_D,SUM,2020-03-07T00:00Z,4660.0,,0.0,
0-20000-0-11519,RGLB_D,SUM,2020-03-08T00:00Z,12991.0,,0.0,
0-20000-0-11519,RGLB_D,SUM,2020-03-09T00:00Z,4560.0,,0.0,
0-20000-0-11519,RGLB_D,SUM,2020-03-10T00:00Z,6511.0,,0.0,
0-20000-0-11519,RGLB_D,SUM,2020-03-11T00:00Z,2759.0,,0.0,
0-20000-0-11519,RGLB_D,SUM,2020-03-12T00:00Z,6904.0,,0.0,
0-20000-0-11519,RGLB_D,SUM,2020-03-13T00:00Z,14625.0,,0.0,
0-20000-0-11519,RGLB_D,SUM,2020-03-14T00:00Z,14263.0,,0.0,
0-20000-0-11519,RGLB_D,SUM,2020-03-15T00:00Z,16537.0,,0.0,
0-20000-0-11519,RGLB_D,SUM,2020-03-16T00:00Z,15310.0,,0.0,
0-20000-0-11519,RGLB_D,SUM,2020-03-17T00:00Z,9649.0,,0.0,
0-20000-0-11519,RGLB_D,SUM,2020-03-18T00:00Z,15440.0,,0.0,
0-20000-0-11519,RGLB_D,SUM,2020-03-19T00:00Z,8584.0,,0.0,
0-20000-0-11519,RGLB_D,SUM,2020-03-20T00:00Z,11078.0,,0.0,
0-20000-0-11519,RGLB_D,SUM,2020-03-21T00:00Z,2562.0,,0.0,
0-20000-0-11519,RGLB_D,SUM,2020-03-22T00:00Z,12482.0,,0.0,
0-20000-0-11519,RGLB_D,SUM,2020-03-23T00:00Z,18725.0,,0.0,
0-20000-0-11519,RGLB_D,SUM,2020-03-24T00:00Z,18799.0,,0.0,
0-20000-0-11519,RGLB_D,SUM,2020-03-25T00:00Z,18696.0,,0.0,
0-20000-0-11519,RGLB_D,SUM,2020-03-26T00:00Z,10953.0,,0.0,
0-20000-0-11519,RGLB_D,SUM,2020-03-27T00:00Z,17684.0,,0.0,
0-20000-0-11519,RGLB_D,SUM,2020-03-28T00:00Z,17652.0,,0.0,
0-20000-0-11519,RGLB_D,SUM,2020-03-29T00:00Z,12595.0,,0.0,
0-20000-0-11519,RGLB_D,SUM,2020-03-30T00:00Z,20518.0,,3.0,
0-20000-0-11519,RGLB_D,SUM,2020-03-31T00:00Z,13602.0,,0.0,
0-20000-0-11519,RGLB_D,SUM,2020-04-01T00:00Z,20489.0,,0.0,
0-20000-0-11519,RGLB_D,SUM,2020-04-02T00:00Z,20179.0,,0.0,
0-20000-0-11519,RGLB_D,SUM,2020-04-03T00:00Z,5222.0,,0.0,
0-20000-0-11519,RGLB_D,SUM,2020-04-04T00:00Z,12861.0,,0.0,
0-20000-0-11519,RGLB_D,SUM,2020-04-05T00:00Z,20933.0,,0.0,
0-20000-0-11519,RGLB_D,SUM,2020-04-06T00:00Z,21030.0,,3.0,
0-20000-0-11519,RGLB_D,SUM,2020-04-07T00:00Z,20614.0,,0.0,
0-20000-0-11519,RGLB_D,SUM,2020-04-08T00:00Z,22022.0,,0.0,
0-20000-0-11519,RGLB_D,SUM,2020-04-09T00:00Z,20523.0,,0.0,
0-20000-0-11519,RGLB_D,SUM,2020-04-10T00:00Z,18966.0,,0.0,
0-20000-0-11519,RGLB_D,SUM,2020-04-11T00:00Z,21709.0,,0.0,
0-20000-0-11519,RGLB_D,SUM,2020-04-12T00:00Z,22195.0,,0.0,
0-20000-0-11519,RGLB_D,SUM,2020-04-13T00:00Z,11072.0,,0.0,
0-20000-0-11519,RGLB_D,SUM,2020-04-14T00:00Z,16671.0,,0.0,
0-20000-0-11519,RGLB_D,SUM,2020-04-15T00:00Z,20006.0,,0.0,
0-20000-0-11519,RGLB_D,SUM,2020-04-16T00:00Z,22884.0,,0.0,
0-20000-0-11519,RGLB_D,SUM,2020-04-17T00:00Z,22039.0,,0.0,
0-20000-0-11519,RGLB_D,SUM,2020-04-18T00:00Z,21219.0,,0.0,
0-20000-0-11519,RGLB_D,SUM,2020-04-19T00:00Z,13447.0,,0.0,
0-20000-0-11519,RGLB_D,SUM,2020-04-20T00:00Z,24897.0,,0.0,
0-20000-0-11519,RGLB_D,SUM,2020-04-21T00:00Z,24621.0,,0.0,
0-20000-0-11519,RGLB_D,SUM,2020-04-22T00:00Z,24899.0,,0.0,
0-20000-0-11519,RGLB_D,SUM,2020-04-23T00:00Z,24648.0,,0.0,
0-20000-0-11519,RGLB_D,SUM,2020-04-24T00:00Z,19427.0,,0.0,
0-20000-0-11519,RGLB_D,SUM,2020-04-25T00:00Z,15717.0,,0.0,
0-20000-0-11519,RGLB_D,SUM,2020-04-26T00:00Z,22136.0,,0.0,
0-20000-0-11519,RGLB_D,SUM,2020-04-27T00:00Z,25154.0,,0.0,
0-20000-0-11519,RGLB_D,SUM,2020-04-28T00:00Z,18368.0,,0.0,
0-20000-0-11519,RGLB_D,SUM,2020-04-29T00:00Z,8804.0,,0.0,
0-20000-0-11519,RGLB_D,SUM,2020-04-30T00:00Z,15873.0,,0.0,
0-20000-0-11519,RGLB_D,SUM,2020-05-01T00:00Z,20021.0,,0.0,
0-20000-0-11519,RGLB_D,SUM,2020-05-02T00:00Z,15718.0,,0.0,
0-20000-0-11519,RGLB_D,SUM,2020-05-03T00:00Z,12219.0,,3.0,
0-20000-0-11519,RGLB_D,SUM,2020-05-04T00:00Z,14313.0,,0.0,
0-20000-0-11519,RGLB_D,SUM,2020-05-05T00:00Z,15263.0,,0.0,
0-20000-0-11519,RGLB_D,SUM,2020-05-06T00:00Z,16777.0,,0.0,
0-20000-0-11519,RGLB_D,SUM,2020-05-07T00:00Z,26625.0,,0.0,
0-20000-0-11519,RGLB_D,SUM,2020-05-08T00:00Z,23905.0,,0.0,
0-20000-0-11519,RGLB_D,SUM,2020-05-09T00:00Z,20905.0,,0.0,
0-20000-0-11519,RGLB_D,SUM,2020-05-10T00:00Z,14923.0,,0.0,
0-20000-0-11519,RGLB_D,SUM,2020-05-11T00:00Z,4776.0,,0.0,
0-20000-0-11519,RGLB_D,SUM,2020-05-12T00:00Z,27449.0,,0.0,
0-20000-0-11519,RGLB_D,SUM,2020-05-13T00:00Z,17814.0,,3.0,
0-20000-0-11519,RGLB_D,SUM,2020-05-14T00:00Z,14829.0,,3.0,
0-20000-0-11519,RGLB_D,SUM,2020-05-15T00:00Z,18108.0,,0.0,
0-20000-0-11519,RGLB_D,SUM,2020-05-16T00:00Z,27313.0,,0.0,
0-20000-0-11519,RGLB_D,SUM,2020-05-17T00:00Z,25719.0,,3.0,
0-20000-0-11519,RGLB_D,SUM,2020-05-18T00:00Z,27805.0,,0.0,
0-20000-0-11519,RGLB_D,SUM,2020-05-19T00:00Z,23554.0,,0.0,
0-20000-0-11519,RGLB_D,SUM,2020-05-20T00:00Z,12224.0,,0.0,
0-20000-0-11519,RGLB_D,SUM,2020-05-21T00:00Z,23539.0,,0.0,
0-20000-0-11519,RGLB_D,SUM,2020-05-22T00:00Z,18769.0,,3.0,
0-20000-0-11519,RGLB_D,SUM,2020-05-23T00:00Z,5675.0,,0.0,
0-20000-0-11519,RGLB_D,SUM,2020-05-24T00:00Z,21847.0,,0.0,
0-20000-0-11519,RGLB_D,SUM,2020-05-25T00:00Z,10162.0,,3.0,
0-20000-0-11519,RGLB_D,SUM,2020-05-26T00:00Z,17978.0,,3.0,
0-20000-0-11519,RGLB_D,SUM,2020-05-27T00:00Z,25774.0,,0.0,
0-20000-0-11519,RGLB_D,SUM,2020-05-28T00:00Z,13772.0,,0.0,
0-20000-0-11519,RGLB_D,SUM,2020-05-29T00:00Z,27396.0,,0.0,
0-20000-0-11519,RGLB_D,SUM,2020-05-30T00:00Z,20752.0,,0.0,
0-20000-0-11519,RGLB_D,SUM,2020-05-31T00:00Z,8834.0,,0.0,
0-20000-0-11519,RGLB_D,SUM,2020-06-01T00:00Z,28601.0,,3.0,
0-20000-0-11519,RGLB_D,SUM,2020-06-02T00:00Z,21490.0,,0.0,
0-20000-0-11519,RGLB_D,SUM,2020-06-03T00:00Z,22908.0,,0.0,
0-20000-0-11519,RGLB_D,SUM,2020-06-04T00:00Z,15612.0,,0.0,
0-20000-0-11519,RGLB_D,SUM,2020-06-05T00:00Z,14876.0,,0.0,
0-20000-0-11519,RGLB_D,SUM,2020-06-06T00:00Z,10893.0,,0.0,
0-20000-0-11519,RGLB_D,SUM,2020-06-07T00:00Z,9146.0,,0.0,
0-20000-0-11519,RGLB_D,SUM,2020-06-08T00:00Z,14482.0,,3.0,
0-20000-0-11519,RGLB_D,SUM,2020-06-09T00:00Z,15691.0,,3.0,
0-20000-0-11519,RGLB_D,SUM,2020-06-10T00:00Z,4339.0,,0.0,
0-20000-0-11519,RGLB_D,SUM,2020-06-11T00:00Z,18614.0,,3.0,
0-20000-0-11519,RGLB_D,SUM,2020-06-12T00:00Z,26725.0,,3.0,
0-20000-0-11519,RGLB_D,SUM,2020-06-13T00:00Z,21072.0,,0.0,
0-20000-0-11519,RGLB_D,SUM,2020-06-14T00:00Z,6162.0,,0.0,
0-20000-0-11519,RGLB_D,SUM,2020-06-15T00:00Z,25123.0,,3.0,
0-20000-0-11519,RGLB_D,SUM,2020-06-16T00:00Z,26755.0,,0.0,
0-20000-0-11519,RGLB_D,SUM,2020-06-17T00:00Z,15369.0,,3.0,
0-20000-0-11519,RGLB_D,SUM,2020-06-18T00:00Z,8806.0,,0.0,
0-20000-0-11519,RGLB_D,SUM,2020-06-19T00:00Z,7918.0,,3.0,
0-20000-0-11519,RGLB_D,SUM,2020-06-20T00:00Z,4323.0,,0.0,
0-20000-0-11519,RGLB_D,SUM,2020-06-21T00:00Z,10977.0,,3.0,
0-20000-0-11519,RGLB_D,SUM,2020-06-22T00:00Z,27911.0,,0.0,
0-20000-0-11519,RGLB_D,SUM,2020-06-23T00:00Z,27113.0,,0.0,
0-20000-0-11519,RGLB_D,SUM,2020-06-24T00:00Z,16205.0,,0.0,
0-20000-0-11519,RGLB_D,SUM,2020-06-25T00:00Z,23612.0,,3.0,
0-20000-0-11519,RGLB_D,SUM,2020-06-26T00:00Z,18836.0,,3.0,
0-20000-0-11519,RGLB_D,SUM,2020-06-27T00:00Z,27333.0,,0.0,
0-20000-0-11519,RGLB_D,SUM,2020-06-28T00:00Z,24670.0,,0.0,
0-20000-0-11519,RGLB_D,SUM,2020-06-29T00:00Z,12710.0,,0.0,
0-20000-0-11519,RGLB_D,SUM,2020-06-30T00:00Z,26933.0,,0.0,
0-20000-0-11519,RGLB_D,SUM,2020-07-01T00:00Z,30056.0,,0.0,
0-20000-0-11519,RGLB_D,SUM,2020-07-02T00:00Z,15994.0,,0.0,
0-20000-0-11519,RGLB_D,SUM,2020-07-03T00:00Z,17140.0,,0.0,
0-20000-0-11519,RGLB_D,SUM,2020-07-04T00:00Z,28802.0,,0.0,
0-20000-0-11519,RGLB_D,SUM,2020-07-05T00:00Z,25216.0,,0.0,
0-20000-0-11519,RGLB_D,SUM,2020-07-06T00:00Z,15622.0,,0.0,
0-20000-0-11519,RGLB_D,SUM,2020-07-07T00:00Z,16447.0,,0.0,
0-20000-0-11519,RGLB_D,SUM,2020-07-08T00:00Z,8740.0,,0.0,
0-20000-0-11519,RGLB_D,SUM,2020-07-09T00:00Z,12151.0,,0.0,
0-20000-0-11519,RGLB_D,SUM,2020-07-10T00:00Z,24991.0,,0.0,
0-20000-0-11519,RGLB_D,SUM,2020-07-11T00:00Z,11674.0,,0.0,
0-20000-0-11519,RGLB_D,SUM,2020-07-12T00:00Z,23149.0,,0.0,
0-20000-0-11519,RGLB_D,SUM,2020-07-13T00:00Z,27464.0,,0.0,
0-20000-0-11519,RGLB_D,SUM,2020-07-14T00:00Z,29091.0,,0.0,
0-20000-0-11519,RGLB_D,SUM,2020-07-15T00:00Z,15070.0,,0.0,
0-20000-0-11519,RGLB_D,SUM,2020-07-16T00:00Z,10907.0,,0.0,
0-20000-0-11519,RGLB_D,SUM,2020-07-17T00:00Z,18224.0,,0.0,
0-20000-0-11519,RGLB_D,SUM,2020-07-18T00:00Z,15499.0,,0.0,
0-20000-0-11519,RGLB_D,SUM,2020-07-19T00:00Z,23713.0,,0.0,
0-20000-0-11519,RGLB_D,SUM,2020-07-20T00:00Z,22756.0,,0.0,
0-20000-0-11519,RGLB_D,SUM,2020-07-21T00:00Z,19378.0,,0.0,
0-20000-0-11519,RGLB_D,SUM,2020-07-22T00:00Z,27676.0,,0.0,
0-20000-0-11519,RGLB_D,SUM,2020-07-23T00:00Z,24725.0,,0.0,
0-20000-0-11519,RGLB_D,SUM,2020-07-24T00:00Z,21458.0,,0.0,
0-20000-0-11519,RGLB_D,SUM,2020-07-25T00:00Z,19582.0,,0.0,
0-20000-0-11519,RGLB_D,SUM,2020-07-26T00:00Z,15391.0,,3.0,
0-20000-0-11519,RGLB_D,SUM,2020-07-27T00:00Z,25051.0,,0.0,
0-20000-0-11519,RGLB_D,SUM,2020-07-28T00:00Z,24591.0,,0.0,
0-20000-0-11519,RGLB_D,SUM,2020-07-29T00:00Z,25982.0,,0.0,
0-20000-0-11519,RGLB_D,SUM,2020-07-30T00:00Z,26305.0,,0.0,
0-20000-0-11519,RGLB_D,SUM,2020-07-31T00:00Z,26395.0,,0.0,
0-20000-0-11519,RGLB_D,SUM,2020-08-01T00:00Z,26377.0,,0.0,
0-20000-0-11519,RGLB_D,SUM,2020-08-02T00:00Z,7653.0,,0.0,
0-20000-0-11519,RGLB_D,SUM,2020-08-03T00:00Z,5184.0,,0.0,
0-20000-0-11519,RGLB_D,SUM,2020-08-04T00:00Z,7219.0,,0.0,
0-20000-0-11519,RGLB_D,SUM,2020-08-05T00:00Z,26038.0,,0.0,
0-20000-0-11519,RGLB_D,SUM,2020-08-06T00:00Z,25135.0,,0.0,
0-20000-0-11519,RGLB_D,SUM,2020-08-07T00:00Z,23227.0,,0.0,
0-20000-0-11519,RGLB_D,SUM,2020-08-08T00:00Z,22756.0,,0.0,
0-20000-0-11519,RGLB_D,SUM,2020-08-09T00:00Z,23490.0,,0.0,
0-20000-0-11519,RGLB_D,SUM,2020-08-10T00:00Z,12776.0,,0.0,
0-20000-0-11519,RGLB_D,SUM,2020-08-11T00:00Z,18961.0,,3.0,
0-20000-0-11519,RGLB_D,SUM,2020-08-12T00:00Z,22630.0,,0.0,
0-20000-0-11519,RGLB_D,SUM,2020-08-13T00:00Z,23124.0,,0.0,
0-20000-0-11519,RGLB_D,SUM,2020-08-14T00:00Z,16823.0,,0.0,
0-20000-0-11519,RGLB_D,SUM,2020-08-15T00:00Z,13461.0,,3.0,
0-20000-0-11519,RGLB_D,SUM,2020-08-16T00:00Z,23322.0,,3.0,
0-20000-0-11519,RGLB_D,SUM,2020-08-17T00:00Z,20874.0,,0.0,
0-20000-0-11519,RGLB_D,SUM,2020-08-18T00:00Z,12800.0,,0.0,
0-20000-0-11519,RGLB_D,SUM,2020-08-19T00:00Z,19481.0,,3.0,
0-20000-0-11519,RGLB_D,SUM,2020-08-20T00:00Z,22857.0,,0.0,
0-20000-0-11519,RGLB_D,SUM,2020-08-21T00:00Z,22876.0,,3.0,
0-20000-0-11519,RGLB_D,SUM,2020-08-22T00:00Z,9608.0,,0.0,
0-20000-0-11519,RGLB_D,SUM,2020-08-23T00:00Z,15687.0,,0.0,
0-20000-0-11519,RGLB_D,SUM,2020-08-24T00:00Z,18705.0,,0.0,
0-20000-0-11519,RGLB_D,SUM,2020-08-25T00:00Z,21021.0,,0.0,
0-20000-0-11519,RGLB_D,SUM,2020-08-26T00:00Z,19489.0,,0.0,
0-20000-0-11519,RGLB_D,SUM,2020-08-27T00:00Z,10280.0,,0.0,
0-20000-0-11519,RGLB_D,SUM,2020-08-28T00:00Z,14115.0,,3.0,
0-20000-0-11519,RGLB_D,SUM,2020-08-29T00:00Z,7222.0,,0.0,
0-20000-0-11519,RGLB_D,SUM,2020-08-30T00:00Z,4111.0,,0.0,
0-20000-0-11519,RGLB_D,SUM,2020-08-31T00:00Z,12750.0,,0.0,
0-20000-0-11519,RGLB_D,SUM,2020-09-01T00:00Z,8642.0,,0.0,
0-20000-0-11519,RGLB_D,SUM,2020-09-02T00:00Z,16206.0,,3.0,
0-20000-0-11519,RGLB_D,SUM,2020-09-03T00:00Z,18956.0,,0.0,
0-20000-0-11519,RGLB_D,SUM,2020-09-04T00:00Z,11780.0,,0.0,
0-20000-0-11519,RGLB_D,SUM,2020-09-05T00:00Z,13457.0,,0.0,
0-20000-0-11519,RGLB_D,SUM,2020-09-06T00:00Z,15404.0,,0.0,
0-20000-0-11519,RGLB_D,SUM,2020-09-07T00:00Z,15618.0,,0.0,
0-20000-0-11519,RGLB_D,SUM,2020-09-08T00:00Z,19021.0,,0.0,
0-20000-0-11519,RGLB_D,SUM,2020-09-09T00:00Z,19044.0,,0.0,
0-20000-0-11519,RGLB_D,SUM,2020-09-10T00:00Z,9502.0,,0.0,
0-20000-0-11519,RGLB_D,SUM,2020-09-11T00:00Z,10848.0,,0.0,
0-20000-0-11519,RGLB_D,SUM,2020-09-12T00:00Z,16970.0,,0.0,
0-20000-0-11519,RGLB_D,SUM,2020-09-13T00:00Z,16764.0,,0.0,
0-20000-0-11519,RGLB_D,SUM,2020-09-14T00:00Z,16645.0,,0.0,
0-20000-0-11519,RGLB_D,SUM,2020-09-15T00:00Z,16925.0,,0.0,
0-20000-0-11519,RGLB_D,SUM,2020-09-16T00:00Z,16061.0,,0.0,
0-20000-0-11519,RGLB_D,SUM,2020-09-17T00:00Z,14314.0,,0.0,
0-20000-0-11519,RGLB_D,SUM,2020-09-18T00:00Z,17776.0,,3.0,
0-20000-0-11519,RGLB_D,SUM,2020-09-19T00:00Z,15468.0,,0.0,
0-20000-0-11519,RGLB_D,SUM,2020-09-20T00:00Z,16726.0,,0.0,
0-20000-0-11519,RGLB_D,SUM,2020-09-21T00:00Z,15529.0,,0.0,
0-20000-0-11519,RGLB_D,SUM,2020-09-22T00:00Z,15323.0,,0.0,
0-20000-0-11519,RGLB_D,SUM,2020-09-23T00:00Z,11633.0,,0.0,
0-20000-0-11519,RGLB_D,SUM,2020-09-24T00:00Z,11258.0,,0.0,
0-20000-0-11519,RGLB_D,SUM,2020-09-25T00:00Z,3622.0,,0.0,
0-20000-0-11519,RGLB_D,SUM,2020-09-26T00:00Z,1709.0,,0.0,
0-20000-0-11519,RGLB_D,SUM,2020-09-27T00:00Z,5829.0,,3.0,
0-20000-0-11519,RGLB_D,SUM,2020-09-28T00:00Z,2758.0,,0.0,
0-20000-0-11519,RGLB_D,SUM,2020-09-29T00:00Z,2554.0,,0.0,
0-20000-0-11519,RGLB_D,SUM,2020-09-30T00:00Z,11602.0,,0.0,
0-20000-0-11519,RGLB_D,SUM,2020-10-01T00:00Z,13376.0,,3.0,
0-20000-0-11519,RGLB_D,SUM,2020-10-02T00:00Z,11287.0,,3.0,
0-20000-0-11519,RGLB_D,SUM,2020-10-03T00:00Z,9310.0,,0.0,
0-20000-0-11519,RGLB_D,SUM,2020-10-04T00:00Z,13702.0,,3.0,
0-20000-0-11519,RGLB_D,SUM,2020-10-05T00:00Z,5230.0,,3.0,
0-20000-0-11519,RGLB_D,SUM,2020-10-06T00:00Z,7175.0,,0.0,
0-20000-0-11519,RGLB_D,SUM,2020-10-07T00:00Z,8753.0,,0.0,
0-20000-0-11519,RGLB_D,SUM,2020-10-08T00:00Z,11095.0,,3.0,
0-20000-0-11519,RGLB_D,SUM,2020-10-09T00:00Z,7667.0,,0.0,
0-20000-0-11519,RGLB_D,SUM,2020-10-10T00:00Z,2022.0,,3.0,
0-20000-0-11519,RGLB_D,SUM,2020-10-11T00:00Z,6012.0,,3.0,
0-20000-0-11519,RGLB_D,SUM,2020-10-12T00:00Z,7682.0,,3.0,
0-20000-0-11519,RGLB_D,SUM,2020-10-13T00:00Z,3017.0,,3.0,
0-20000-0-11519,RGLB_D,SUM,2020-10-14T00:00Z,1522.0,,3.0,
0-20000-0-11519,RGLB_D,SUM,2020-10-15T00:00Z,3899.0,,3.0,
0-20000-0-11519,RGLB_D,SUM,2020-10-16T00:00Z,1904.0,,3.0,
0-20000-0-11519,RGLB_D,SUM,2020-10-17T00:00Z,3772.0,,3.0,
0-20000-0-11519,RGLB_D,SUM,2020-10-18T00:00Z,5152.0,,3.0,
0-20000-0-11519,RGLB_D,SUM,2020-10-19T00:00Z,4926.0,,3.0,
0-20000-0-11519,RGLB_D,SUM,2020-10-20T00:00Z,7802.0,,3.0,
0-20000-0-11519,RGLB_D,SUM,2020-10-21T00:00Z,6938.0,,0.0,
0-20000-0-11519,RGLB_D,SUM,2020-10-22T00:00Z,6361.0,,0.0,
0-20000-0-11519,RGLB_D,SUM,2020-10-23T00:00Z,3542.0,,0.0,
0-20000-0-11519,RGLB_D,SUM,2020-10-24T00:00Z,8892.0,,0.0,
0-20000-0-11519,RGLB_D,SUM,2020-10-25T00:00Z,9459.0,,0.0,
0-20000-0-11519,RGLB_D,SUM,2020-10-26T00:00Z,2486.0,,0.0,
0-20000-0-11519,RGLB_D,SUM,2020-10-27T00:00Z,4204.0,,0.0,
0-20000-0-11519,RGLB_D,SUM,2020-10-28T00:00Z,4429.0,,0.0,
0-20000-0-11519,RGLB_D,SUM,2020-10-29T00:00Z,3134.0,,0.0,
0-20000-0-11519,RGLB_D,SUM,2020-10-30T00:00Z,1786.0,,3.0,
0-20000-0-11519,RGLB_D,SUM,2020-10-31T00:00Z,2377.0,,0.0,
0-20000-0-11519,RGLB_D,SUM,2020-11-01T00:00Z,1784.0,,0.0,
0-20000-0-11519,RGLB_D,SUM,2020-11-02T00:00Z,2537.0,,0.0,
0-20000-0-11519,RGLB_D,SUM,2020-11-03T00:00Z,2246.0,,3.0,
0-20000-0-11519,RGLB_D,SUM,2020-11-04T00:00Z,2376.0,,0.0,
0-20000-0-11519,RGLB_D,SUM,2020-11-05T00:00Z,5434.0,,0.0,
0-20000-0-11519,RGLB_D,SUM,2020-11-06T00:00Z,7401.0,,0.0,
0-20000-0-11519,RGLB_D,SUM,2020-11-07T00:00Z,2297.0,,0.0,
0-20000-0-11519,RGLB_D,SUM,2020-11-08T00:00Z,1533.0,,0.0,
0-20000-0-11519,RGLB_D,SUM,2020-11-09T00:00Z,1061.0,,0.0,
0-20000-0-11519,RGLB_D,SUM,2020-11-10T00:00Z,813.0,,0.0,
0-20000-0-11519,RGLB_D,SUM,2020-11-11T00:00Z,1364.0,,0.0,
0-20000-0-11519,RGLB_D,SUM,2020-11-12T00:00Z,1902.0,,0.0,
0-20000-0-11519,RGLB_D,SUM,2020-11-13T00:00Z,4129.0,,0.0,
0-20000-0-11519,RGLB_D,SUM,2020-11-14T00:00Z,5368.0,,0.0,
0-20000-0-11519,RGLB_D,SUM,2020-11-15T00:00Z,2543.0,,0.0,
0-20000-0-11519,RGLB_D,SUM,2020-11-16T00:00Z,3357.0,,0.0,
0-20000-0-11519,RGLB_D,SUM,2020-11-17T00:00Z,4197.0,,0.0,
0-20000-0-11519,RGLB_D,SUM,2020-11-18T00:00Z,5830.0,,0.0,
0-20000-0-11519,RGLB_D,SUM,2020-11-19T00:00Z,2703.0,,0.0,
0-20000-0-11519,RGLB_D,SUM,2020-11-20T00:00Z,5125.0,,0.0,
0-20000-0-11519,RGLB_D,SUM,2020-11-21T00:00Z,6063.0,,0.0,
0-20000-0-11519,RGLB_D,SUM,2020-11-22T00:00Z,4100.0,,0.0,
0-20000-0-11519,RGLB_D,SUM,2020-11-23T00:00Z,1783.0,,0.0,
0-20000-0-11519,RGLB_D,SUM,2020-11-24T00:00Z,2213.0,,0.0,
0-20000-0-11519,RGLB_D,SUM,2020-11-25T00:00Z,711.0,,0.0,
0-20000-0-11519,RGLB_D,SUM,2020-11-26T00:00Z,1049.0,,0.0,
0-20000-0-11519,RGLB_D,SUM,2020-11-27T00:00Z,1196.0,,0.0,
0-20000-0-11519,RGLB_D,SUM,2020-11-28T00:00Z,683.0,,0.0,
0-20000-0-11519,RGLB_D,SUM,2020-11-29T00:00Z,4399.0,,0.0,
0-20000-0-11519,RGLB_D,SUM,2020-11-30T00:00Z,4059.0,,0.0,
0-20000-0-11519,RGLB_D,SUM,2020-12-01T00:00Z,2181.0,,0.0,
0-20000-0-11519,RGLB_D,SUM,2020-12-02T00:00Z,2764.0,,0.0,
0-20000-0-11519,RGLB_D,SUM,2020-12-03T00:00Z,1271.0,,0.0,
0-20000-0-11519,RGLB_D,SUM,2020-12-04T00:00Z,2738.0,,0.0,
0-20000-0-11519,RGLB_D,SUM,2020-12-05T00:00Z,2993.0,,0.0,
0-20000-0-11519,RGLB_D,SUM,2020-12-06T00:00Z,3438.0,,0.0,
0-20000-0-11519,RGLB_D,SUM,2020-12-07T00:00Z,984.0,,0.0,
0-20000-0-11519,RGLB_D,SUM,2020-12-08T00:00Z,3448.0,,0.0,
0-20000-0-11519,RGLB_D,SUM,2020-12-09T00:00Z,806.0,,0.0,
0-20000-0-11519,RGLB_D,SUM,2020-12-10T00:00Z,1090.0,,0.0,
0-20000-0-11519,RGLB_D,SUM,2020-12-11T00:00Z,1644.0,,0.0,
0-20000-0-11519,RGLB_D,SUM,2020-12-12T00:00Z,1190.0,,0.0,
0-20000-0-11519,RGLB_D,SUM,2020-12-13T00:00Z,1335.0,,0.0,
0-20000-0-11519,RGLB_D,SUM,2020-12-14T00:00Z,3970.0,,0.0,
0-20000-0-11519,RGLB_D,SUM,2020-12-15T00:00Z,1214.0,,0.0,
0-20000-0-11519,RGLB_D,SUM,2020-12-16T00:00Z,916.0,,0.0,
0-20000-0-11519,RGLB_D,SUM,2020-12-17T00:00Z,743.0,,0.0,
0-20000-0-11519,RGLB_D,SUM,2020-12-18T00:00Z,838.0,,3.0,
0-20000-0-11519,RGLB_D,SUM,2020-12-19T00:00Z,591.0,,0.0,
0-20000-0-11519,RGLB_D,SUM,2020-12-20T00:00Z,605.0,,0.0,
0-20000-0-11519,RGLB_D,SUM,2020-12-21T00:00Z,1830.0,,3.0,
0-20000-0-11519,RGLB_D,SUM,2020-12-22T00:00Z,1901.0,,0.0,
0-20000-0-11519,RGLB_D,SUM,2020-12-23T00:00Z,1804.0,,0.0,
0-20000-0-11519,RGLB_D,SUM,2020-12-24T00:00Z,1730.0,,0.0,
0-20000-0-11519,RGLB_D,SUM,2020-12-25T00:00Z,1102.0,,0.0,
0-20000-0-11519,RGLB_D,SUM,2020-12-26T00:00Z,3644.0,,0.0,
0-20000-0-11519,RGLB_D,SUM,2020-12-27T00:00Z,4314.0,,0.0,
0-20000-0-11519,RGLB_D,SUM,2020-12-28T00:00Z,1865.0,,0.0,
0-20000-0-11519,RGLB_D,SUM,2020-12-29T00:00Z,3025.0,,0.0,
0-20000-0-11519,RGLB_D,SUM,2020-12-30T00:00Z,4012.0,,0.0,
0-20000-0-11519,RGLB_D,SUM,2020-12-31T00:00Z,4480.0,,0.0,
0-20000-0-11519,RGLB_D,SUM,2021-01-01T00:00Z,2622.0,,0.0,
0-20000-0-11519,RGLB_D,SUM,2021-01-02T00:00Z,643.0,,0.0,
0-20000-0-11519,RGLB_D,SUM,2021-01-03T00:00Z,571.0,,0.0,
0-20000-0-11519,RGLB_D,SUM,2021-01-04T00:00Z,793.0,,0.0,
0-20000-0-11519,RGLB_D,SUM,2021-01-05T00:00Z,702.0,,0.0,
0-20000-0-11519,RGLB_D,SUM,2021-01-06T00:00Z,806.0,,3.0,
0-20000-0-11519,RGLB_D,SUM,2021-01-07T00:00Z,1124.0,,0.0,
0-20000-0-11519,RGLB_D,SUM,2021-01-08T00:00Z,2725.0,,0.0,
0-20000-0-11519,RGLB_D,SUM,2021-01-09T00:00Z,4047.0,,0.0,
0-20000-0-11519,RGLB_D,SUM,2021-01-10T00:00Z,1183.0,,0.0,
0-20000-0-11519,RGLB_D,SUM,2021-01-11T00:00Z,4145.0,,0.0,
0-20000-0-11519,RGLB_D,SUM,2021-01-12T00:00Z,992.0,,0.0,
0-20000-0-11519,RGLB_D,SUM,2021-01-13T00:00Z,3083.0,,0.0,
0-20000-0-11519,RGLB_D,SUM,2021-01-14T00:00Z,1954.0,,0.0,
0-20000-0-11519,RGLB_D,SUM,2021-01-15T00:00Z,2022.0,,0.0,
0-20000-0-11519,RGLB_D,SUM,2021-01-16T00:00Z,2987.0,,0.0,
0-20000-0-11519,RGLB_D,SUM,2021-01-17T00:00Z,2318.0,,0.0,
0-20000-0-11519,RGLB_D,SUM,2021-01-18T00:00Z,2224.0,,0.0,
0-20000-0-11519,RGLB_D,SUM,2021-01-19T00:00Z,2595.0,,3.0,
0-20000-0-11519,RGLB_D,SUM,2021-01-20T00:00Z,4606.0,,3.0,
0-20000-0-11519,RGLB_D,SUM,2021-01-21T00:00Z,4396.0,,0.0,
0-20000-0-11519,RGLB_D,SUM,2021-01-22T00:00Z,5378.0,,0.0,
0-20000-0-11519,RGLB_D,SUM,2021-01-23T00:00Z,1070.0,,0.0,
0-20000-0-11519,RGLB_D,SUM,2021-01-24T00:00Z,2634.0,,0.0,
0-20000-0-11519,RGLB_D,SUM,2021-01-25T00:00Z,5014.0,,0.0,
0-20000-0-11519,RGLB_D,SUM,2021-01-26T00:00Z,1857.0,,0.0,
0-20000-0-11519,RGLB_D,SUM,2021-01-27T00:00Z,4665.0,,0.0,
0-20000-0-11519,RGLB_D,SUM,2021-01-28T00:00Z,1348.0,,0.0,
0-20000-0-11519,RGLB_D,SUM,2021-01-29T00:00Z,1010.0,,0.0,
0-20000-0-11519,RGLB_D,SUM,2021-01-30T00:00Z,1581.0,,0.0,
0-20000-0-11519,RGLB_D,SUM,2021-01-31T00:00Z,7605.0,,3.0,
0-20000-0-11519,RGLB_D,SUM,2021-02-01T00:00Z,7007.0,,0.0,
0-20000-0-11519,RGLB_D,SUM,2021-02-02T00:00Z,2921.0,,3.0,
0-20000-0-11519,RGLB_D,SUM,2021-02-03T00:00Z,1694.0,,3.0,
0-20000-0-11519,RGLB_D,SUM,2021-02-04T00:00Z,3515.0,,0.0,
0-20000-0-11519,RGLB_D,SUM,2021-02-05T00:00Z,3692.0,,0.0,
0-20000-0-11519,RGLB_D,SUM,2021-02-06T00:00Z,814.0,,0.0,
0-20000-0-11519,RGLB_D,SUM,2021-02-07T00:00Z,1464.0,,0.0,
0-20000-0-11519,RGLB_D,SUM,2021-02-08T00:00Z,2784.0,,3.0,
0-20000-0-11519,RGLB_D,SUM,2021-02-09T00:00Z,4567.0,,0.0,
0-20000-0-11519,RGLB_D,SUM,2021-02-10T00:00Z,2454.0,,3.0,
0-20000-0-11519,RGLB_D,SUM,2021-02-11T00:00Z,4651.0,,3.0,
0-20000-0-11519,RGLB_D,SUM,2021-02-12T00:00Z,8031.0,,0.0,
0-20000-0-11519,RGLB_D,SUM,2021-02-13T00:00Z,9096.0,,0.0,
0-20000-0-11519,RGLB_D,SUM,2021-02-14T00:00Z,10682.0,,0.0,
0-20000-0-11519,RGLB_D,SUM,2021-02-15T00:00Z,8875.0,,0.0,
0-20000-0-11519,RGLB_D,SUM,2021-02-16T00:00Z,6327.0,,3.0,
0-20000-0-11519,RGLB_D,SUM,2021-02-17T00:00Z,6151.0,,3.0,
0-20000-0-11519,RGLB_D,SUM,2021-02-18T00:00Z,9351.0,,3.0,
0-20000-0-11519,RGLB_D,SUM,2021-02-19T00:00Z,9027.0,,0.0,
0-20000-0-11519,RGLB_D,SUM,2021-02-20T00:00Z,10683.0,,0.0,
0-20000-0-11519,RGLB_D,SUM,2021-02-21T00:00Z,1903.0,,0.0,
0-20000-0-11519,RGLB_D,SUM,2021-02-22T00:00Z,5183.0,,0.0,
0-20000-0-11519,RGLB_D,SUM,2021-02-23T00:00Z,8525.0,,0.0,
0-20000-0-11519,RGLB_D,SUM,2021-02-24T00:00Z,9187.0,,0.0,
0-20000-0-11519,RGLB_D,SUM,2021-02-25T00:00Z,10329.0,,0.0,
0-20000-0-11519,RGLB_D,SUM,2021-02-26T00:00Z,9365.0,,3.0,
0-20000-0-11519,RGLB_D,SUM,2021-02-27T00:00Z,5124.0,,0.0,
0-20000-0-11519,RGLB_D,SUM,2021-02-28T00:00Z,11957.0,,0.0,
0-20000-0-11519,RGLB_D,SUM,2021-03-01T00:00Z,5224.0,,3.0,
0-20000-0-11519,RGLB_D,SUM,2021-03-02T00:00Z,4102.0,,3.0,
0-20000-0-11519,RGLB_D,SUM,2021-03-03T00:00Z,4319.0,,0.0,
0-20000-0-11519,RGLB_D,SUM,2021-03-04T00:00Z,6465.0,,0.0,
0-20000-0-11519,RGLB_D,SUM,2021-03-05T00:00Z,4560.0,,0.0,
0-20000-0-11519,RGLB_D,SUM,2021-03-06T00:00Z,14337.0,,0.0,
0-20000-0-11519,RGLB_D,SUM,2021-03-07T00:00Z,14398.0,,0.0,
0-20000-0-11519,RGLB_D,SUM,2021-03-08T00:00Z,8430.0,,0.0,
0-20000-0-11519,RGLB_D,SUM,2021-03-09T00:00Z,9957.0,,0.0,
0-20000-0-11519,RGLB_D,SUM,2021-03-10T00:00Z,8083.0,,0.0,
0-20000-0-11519,RGLB_D,SUM,2021-03-11T00:00Z,3025.0,,0.0,
0-20000-0-11519,RGLB_D,SUM,2021-03-12T00:00Z,8902.0,,0.0,
0-20000-0-11519,RGLB_D,SUM,2021-03-13T00:00Z,6212.0,,3.0,
0-20000-0-11519,RGLB_D,SUM,2021-03-14T00:00Z,7156.0,,0.0,
0-20000-0-11519,RGLB_D,SUM,2021-03-15T00:00Z,10127.0,,0.0,
0-20000-0-11519,RGLB_D,SUM,2021-03-16T00:00Z,4977.0,,0.0,
0-20000-0-11519,RGLB_D,SUM,2021-03-17T00:00Z,5395.0,,0.0,
0-20000-0-11519,RGLB_D,SUM,2021-03-18T00:00Z,11830.0,,0.0,
0-20000-0-11519,RGLB_D,SUM,2021-03-19T00:00Z,7703.0,,0.0,
0-20000-0-11519,RGLB_D,SUM,2021-03-20T00:00Z,11046.0,,0.0,
0-20000-0-11519,RGLB_D,SUM,2021-03-21T00:00Z,3237.0,,0.0,
0-20000-0-11519,RGLB_D,SUM,2021-03-22T00:00Z,11740.0,,0.0,
0-20000-0-11519,RGLB_D,SUM,2021-03-23T00:00Z,3579.0,,0.0,
0-20000-0-11519,RGLB_D,SUM,2021-03-24T00:00Z,11778.0,,0.0,
0-20000-0-11519,RGLB_D,SUM,2021-03-25T00:00Z,17012.0,,0.0,
0-20000-0-11519,RGLB_D,SUM,2021-03-26T00:00Z,14841.0,,3.0,
0-20000-0-11519,RGLB_D,SUM,2021-03-27T00:00Z,7893.0,,0.0,
0-20000-0-11519,RGLB_D,SUM,2021-03-28T00:00Z,12327.0,,0.0,
0-20000-0-11519,RGLB_D,SUM,2021-03-29T00:00Z,13005.0,,0.0,
0-20000-0-11519,RGLB_D,SUM,2021-03-30T00:00Z,18633.0,,0.0,
0-20000-0-11519,RGLB_D,SUM,2021-03-31T00:00Z,19040.0,,0.0,
0-20000-0-11519,RGLB_D,SUM,2021-04-01T00:00Z,14286.0,,3.0,
0-20000-0-11519,RGLB_D,SUM,2021-04-02T00:00Z,6322.0,,0.0,
0-20000-0-11519,RGLB_D,SUM,2021-04-03T00:00Z,11110.0,,0.0,
0-20000-0-11519,RGLB_D,SUM,2021-04-04T00:00Z,18942.0,,0.0,
0-20000-0-11519,RGLB_D,SUM,2021-04-05T00:00Z,8066.0,,0.0,
0-20000-0-11519,RGLB_D,SUM,2021-04-06T00:00Z,11144.0,,3.0,
0-20000-0-11519,RGLB_D,SUM,2021-04-07T00:00Z,13998.0,,0.0,
0-20000-0-11519,RGLB_D,SUM,2021-04-08T00:00Z,12677.0,,0.0,
0-20000-0-11519,RGLB_D,SUM,2021-04-09T00:00Z,18322.0,,0.0,
0-20000-0-11519,RGLB_D,SUM,2021-04-10T00:00Z,7133.0,,3.0,
0-20000-0-11519,RGLB_D,SUM,2021-04-11T00:00Z,16918.0,,0.0,
0-20000-0-11519,RGLB_D,SUM,2021-04-12T00:00Z,3628.0,,0.0,
0-20000-0-11519,RGLB_D,SUM,2021-04-13T00:00Z,11728.0,,0.0,
0-20000-0-11519,RGLB_D,SUM,2021-04-14T00:00Z,14831.0,,0.0,
0-20000-0-11519,RGLB_D,SUM,2021-04-15T00:00Z,10558.0,,0.0,
0-20000-0-11519,RGLB_D,SUM,2021-04-16T00:00Z,3577.0,,0.0,
0-20000-0-11519,RGLB_D,SUM,2021-04-17T00:00Z,3760.0,,0.0,
0-20000-0-11519,RGLB_D,SUM,2021-04-18T00:00Z,10014.0,,0.0,
0-20000-0-11519,RGLB_D,SUM,2021-04-19T00:00Z,8198.0,,0.0,
0-20000-0-11519,RGLB_D,SUM,2021-04-20T00:00Z,20378.0,,0.0,
0-20000-0-11519,RGLB_D,SUM,2021-04-21T00:00Z,16472.0,,0.0,
0-20000-0-11519,RGLB_D,SUM,2021-04-22T00:00Z,17855.0,,0.0,
0-20000-0-11519,RGLB_D,SUM,2021-04-23T00:00Z,22201.0,,0.0,
0-20000-0-11519,RGLB_D,SUM,2021-04-24T00:00Z,19382.0,,0.0,
0-20000-0-11519,RGLB_D,SUM,2021-04-25T00:00Z,17546.0,,0.0,
0-20000-0-11519,RGLB_D,SUM,2021-04-26T00:00Z,24002.0,,3.0,
0-20000-0-11519,RGLB_D,SUM,2021-04-27T00:00Z,24638.0,,3.0,
0-20000-0-11519,RGLB_D,SUM,2021-04-28T00:00Z,23310.0,,0.0,
0-20000-0-11519,RGLB_D,SUM,2021-04-29T00:00Z,12177.0,,0.0,
0-20000-0-11519,RGLB_D,SUM,2021-04-30T00:00Z,23139.0,,0.0,
0-20000-0-11519,RGLB_D,SUM,2021-05-01T00:00Z,9080.0,,0.0,
0-20000-0-11519,RGLB_D,SUM,2021-05-02T00:00Z,8856.0,,0.0,
0-20000-0-11519,RGLB_D,SUM,2021-05-03T00:00Z,15590.0,,0.0,
0-20000-0-11519,RGLB_D,SUM,2021-05-04T00:00Z,12942.0,,0.0,
0-20000-0-11519,RGLB_D,SUM,2021-05-05T00:00Z,14923.0,,0.0,
0-20000-0-11519,RGLB_D,SUM,2021-05-06T00:00Z,12096.0,,0.0,
0-20000-0-11519,RGLB_D,SUM,2021-05-07T00:00Z,16282.0,,0.0,
0-20000-0-11519,RGLB_D,SUM,2021-05-08T00:00Z,25529.0,,0.0,
0-20000-0-11519,RGLB_D,SUM,2021-05-09T00:00Z,26321.0,,0.0,
0-20000-0-11519,RGLB_D,SUM,2021-05-10T00:00Z,25862.0,,3.0,
0-20000-0-11519,RGLB_D,SUM,2021-05-11T00:00Z,25451.0,,0.0,
0-20000-0-11519,RGLB_D,SUM,2021-05-12T00:00Z,6833.0,,0.0,
0-20000-0-11519,RGLB_D,SUM,2021-05-13T00:00Z,2086.0,,0.0,
0-20000-0-11519,RGLB_D,SUM,2021-05-14T00:00Z,9280.0,,0.0,
0-20000-0-11519,RGLB_D,SUM,2021-05-15T00:00Z,16414.0,,0.0,
0-20000-0-11519,RGLB_D,SUM,2021-05-16T00:00Z,20310.0,,0.0,
0-20000-0-11519,RGLB_D,SUM,2021-05-17T00:00Z,15336.0,,0.0,
0-20000-0-11519,RGLB_D,SUM,2021-05-18T00:00Z,18212.0,,0.0,
0-20000-0-11519,RGLB_D,SUM,2021-05-19T00:00Z,17842.0,,0.0,
0-20000-0-11519,RGLB_D,SUM,2021-05-20T00:00Z,15694.0,,0.0,
0-20000-0-11519,RGLB_D,SUM,2021-05-21T00:00Z,12571.0,,0.0,
0-20000-0-11519,RGLB_D,SUM,2021-05-22T00:00Z,17358.0,,0.0,
0-20000-0-11519,RGLB_D,SUM,2021-05-23T00:00Z,16136.0,,0.0,
0-20000-0-11519,RGLB_D,SUM,2021-05-24T00:00Z,17297.0,,0.0,
0-20000-0-11519,RGLB_D,SUM,2021-05-25T00:00Z,13885.0,,0.0,
0-20000-0-11519,RGLB_D,SUM,2021-05-26T00:00Z,9775.0,,3.0,
0-20000-0-11519,RGLB_D,SUM,2021-05-27T00:00Z,16774.0,,3.0,
0-20000-0-11519,RGLB_D,SUM,2021-05-28T00:00Z,16074.0,,0.0,
0-20000-0-11519,RGLB_D,SUM,2021-05-29T00:00Z,21013.0,,0.0,
0-20000-0-11519,RGLB_D,SUM,2021-05-30T00:00Z,18752.0,,0.0,
0-20000-0-11519,RGLB_D,SUM,2021-05-31T00:00Z,24537.0,,0.0,
0-20000-0-11519,RGLB_D,SUM,2021-06-01T00:00Z,26803.0,,3.0,
0-20000-0-11519,RGLB_D,SUM,2021-06-02T00:00Z,23988.0,,0.0,
0-20000-0-11519,RGLB_D,SUM,2021-06-03T00:00Z,26034.0,,0.0,
0-20000-0-11519,RGLB_D,SUM,2021-06-04T00:00Z,28128.0,,0.0,
0-20000-0-11519,RGLB_D,SUM,2021-06-05T00:00Z,21321.0,,0.0,
0-20000-0-11519,RGLB_D,SUM,2021-06-06T00:00Z,18724.0,,0.0,
0-20000-0-11519,RGLB_D,SUM,2021-06-07T00:00Z,25744.0,,3.0,
0-20000-0-11519,RGLB_D,SUM,2021-06-08T00:00Z,26826.0,,3.0,
0-20000-0-11519,RGLB_D,SUM,2021-06-09T00:00Z,15580.0,,0.0,
0-20000-0-11519,RGLB_D,SUM,2021-06-10T00:00Z,21264.0,,0.0,
0-20000-0-11519,RGLB_D,SUM,2021-06-11T00:00Z,18869.0,,0.0,
0-20000-0-11519,RGLB_D,SUM,2021-06-12T00:00Z,14652.0,,0.0,
0-20000-0-11519,RGLB_D,SUM,2021-06-13T00:00Z,15876.0,,0.0,
0-20000-0-11519,RGLB_D,SUM,2021-06-14T00:00Z,29551.0,,3.0,
0-20000-0-11519,RGLB_D,SUM,2021-06-15T00:00Z,26009.0,,0.0,
0-20000-0-11519,RGLB_D,SUM,2021-06-16T00:00Z,23662.0,,0.0,
0-20000-0-11519,RGLB_D,SUM,2021-06-17T00:00Z,29226.0,,0.0,
0-20000-0-11519,RGLB_D,SUM,2021-06-18T00:00Z,28716.0,,0.0,
0-20000-0-11519,RGLB_D,SUM,2021-06-19T00:00Z,24298.0,,0.0,
0-20000-0-11519,RGLB_D,SUM,2021-06-20T00:00Z,24174.0,,0.0,
0-20000-0-11519,RGLB_D,SUM,2021-06-21T00:00Z,24426.0,,0.0,
0-20000-0-11519,RGLB_D,SUM,2021-06-22T00:00Z,8953.0,,0.0,
0-20000-0-11519,RGLB_D,SUM,2021-06-23T00:00Z,9922.0,,0.0,
0-20000-0-11519,RGLB_D,SUM,2021-06-24T00:00Z,18311.0,,0.0,
0-20000-0-11519,RGLB_D,SUM,2021-06-25T00:00Z,9893.0,,0.0,
0-20000-0-11519,RGLB_D,SUM,2021-06-26T00:00Z,19900.0,,0.0,
0-20000-0-11519,RGLB_D,SUM,2021-06-27T00:00Z,26224.0,,0.0,
0-20000-0-11519,RGLB_D,SUM,2021-06-28T00:00Z,21300.0,,0.0,
0-20000-0-11519,RGLB_D,SUM,2021-06-29T00:00Z,23784.0,,0.0,
0-20000-0-11519,RGLB_D,SUM,2021-06-30T00:00Z,21339.0,,0.0,
0-20000-0-11519,RGLB_D,SUM,2021-07-01T00:00Z,19115.0,,0.0,
0-20000-0-11519,RGLB_D,SUM,2021-07-02T00:00Z,5274.0,,0.0,
0-20000-0-11519,RGLB_D,SUM,2021-07-03T00:00Z,21739.0,,0.0,
0-20000-0-11519,RGLB_D,SUM,2021-07-04T00:00Z,22866.0,,0.0,
0-20000-0-11519,RGLB_D,SUM,2021-07-05T00:00Z,17507.0,,0.0,
0-20000-0-11519,RGLB_D,SUM,2021-07-06T00:00Z,28606.0,,0.0,
0-20000-0-11519,RGLB_D,SUM,2021-07-07T00:00Z,15476.0,,3.0,
0-20000-0-11519,RGLB_D,SUM,2021-07-08T00:00Z,15837.0,,0.0,
0-20000-0-11519,RGLB_D,SUM,2021-07-09T00:00Z,19294.0,,3.0,
0-20000-0-11519,RGLB_D,SUM,2021-07-10T00:00Z,27774.0,,0.0,
0-20000-0-11519,RGLB_D,SUM,2021-07-11T00:00Z,17704.0,,0.0,
0-20000-0-11519,RGLB_D,SUM,2021-07-12T00:00Z,22227.0,,3.0,
0-20000-0-11519,RGLB_D,SUM,2021-07-13T00:00Z,22878.0,,0.0,
0-20000-0-11519,RGLB_D,SUM,2021-07-14T00:00Z,15743.0,,0.0,
0-20000-0-11519,RGLB_D,SUM,2021-07-15T00:00Z,21246.0,,3.0,
0-20000-0-11519,RGLB_D,SUM,2021-07-16T00:00Z,23930.0,,0.0,
0-20000-0-11519,RGLB_D,SUM,2021-07-17T00:00Z,10324.0,,0.0,
0-20000-0-11519,RGLB_D,SUM,2021-07-18T00:00Z,23800.0,,0.0,
0-20000-0-11519,RGLB_D,SUM,2021-07-19T00:00Z,19853.0,,0.0,
0-20000-0-11519,RGLB_D,SUM,2021-07-20T00:00Z,13346.0,,0.0,
0-20000-0-11519,RGLB_D,SUM,2021-07-21T00:00Z,18701.0,,0.0,
0-20000-0-11519,RGLB_D,SUM,2021-07-22T00:00Z,20430.0,,3.0,
0-20000-0-11519,RGLB_D,SUM,2021-07-23T00:00Z,26224.0,,0.0,
0-20000-0-11519,RGLB_D,SUM,2021-07-24T00:00Z,22768.0,,0.0,
0-20000-0-11519,RGLB_D,SUM,2021-07-25T00:00Z,19278.0,,0.0,
0-20000-0-11519,RGLB_D,SUM,2021-07-26T00:00Z,20963.0,,0.0,
0-20000-0-11519,RGLB_D,SUM,2021-07-27T00:00Z,21830.0,,0.0,
0-20000-0-11519,RGLB_D,SUM,2021-07-28T00:00Z,8384.0,,0.0,
0-20000-0-11519,RGLB_D,SUM,2021-07-29T00:00Z,23711.0,,0.0,
0-20000-0-11519,RGLB_D,SUM,2021-07-30T00:00Z,26198.0,,0.0,
0-20000-0-11519,RGLB_D,SUM,2021-07-31T00:00Z,23879.0,,0.0,
0-20000-0-11519,RGLB_D,SUM,2021-08-01T00:00Z,7932.0,,0.0,
0-20000-0-11519,RGLB_D,SUM,2021-08-02T00:00Z,16748.0,,0.0,
0-20000-0-11519,RGLB_D,SUM,2021-08-03T00:00Z,23252.0,,0.0,
0-20000-0-11519,RGLB_D,SUM,2021-08-04T00:00Z,16448.0,,0.0,
0-20000-0-11519,RGLB_D,SUM,2021-08-05T00:00Z,7382.0,,0.0,
0-20000-0-11519,RGLB_D,SUM,2021-08-06T00:00Z,18481.0,,0.0,
0-20000-0-11519,RGLB_D,SUM,2021-08-07T00:00Z,19931.0,,0.0,
0-20000-0-11519,RGLB_D,SUM,2021-08-08T00:00Z,21292.0,,3.0,
0-20000-0-11519,RGLB_D,SUM,2021-08-09T00:00Z,22648.0,,0.0,
0-20000-0-11519,RGLB_D,SUM,2021-08-10T00:00Z,22149.0,,0.0,
0-20000-0-11519,RGLB_D,SUM,2021-08-11T00:00Z,18886.0,,0.0,
0-20000-0-11519,RGLB_D,SUM,2021-08-12T00:00Z,20346.0,,0.0,
0-20000-0-11519,RGLB_D,SUM,2021-08-13T00:00Z,20887.0,,0.0,
0-20000-0-11519,RGLB_D,SUM,2021-08-14T00:00Z,23396.0,,0.0,
0-20000-0-11519,RGLB_D,SUM,2021-08-15T00:00Z,23267.0,,0.0,
0-20000-0-11519,RGLB_D,SUM,2021-08-16T00:00Z,16399.0,,0.0,
0-20000-0-11519,RGLB_D,SUM,2021-08-17T00:00Z,13571.0,,0.0,
0-20000-0-11519,RGLB_D,SUM,2021-08-18T00:00Z,12005.0,,0.0,
0-20000-0-11519,RGLB_D,SUM,2021-08-19T00:00Z,7506.0,,0.0,
0-20000-0-11519,RGLB_D,SUM,2021-08-20T00:00Z,9835.0,,0.0,
0-20000-0-11519,RGLB_D,SUM,2021-08-21T00:00Z,21517.0,,0.0,
0-20000-0-11519,RGLB_D,SUM,2021-08-22T00:00Z,8905.0,,0.0,
0-20000-0-11519,RGLB_D,SUM,2021-08-23T00:00Z,12246.0,,0.0,
0-20000-0-11519,RGLB_D,SUM,2021-08-24T00:00Z,8776.0,,0.0,
0-20000-0-11519,RGLB_D,SUM,2021-08-25T00:00Z,21133.0,,0.0,
0-20000-0-11519,RGLB_D,SUM,2021-08-26T00:00Z,12397.0,,0.0,
0-20000-0-11519,RGLB_D,SUM,2021-08-27T00:00Z,9089.0,,0.0,
0-20000-0-11519,RGLB_D,SUM,2021-08-28T00:00Z,9532.0,,0.0,
0-20000-0-11519,RGLB_D,SUM,2021-08-29T00:00Z,12836.0,,0.0,
0-20000-0-11519,RGLB_D,SUM,2021-08-30T00:00Z,13232.0,,0.0,
0-20000-0-11519,RGLB_D,SUM,2021-08-31T00:00Z,4090.0,,0.0,
0-20000-0-11519,RGLB_D,SUM,2021-09-01T00:00Z,13489.0,,0.0,
0-20000-0-11519,RGLB_D,SUM,2021-09-02T00:00Z,18500.0,,3.0,
0-20000-0-11519,RGLB_D,SUM,2021-09-03T00:00Z,16641.0,,0.0,
0-20000-0-11519,RGLB_D,SUM,2021-09-04T00:00Z,19706.0,,0.0,
0-20000-0-11519,RGLB_D,SUM,2021-09-05T00:00Z,16630.0,,0.0,
0-20000-0-11519,RGLB_D,SUM,2021-09-06T00:00Z,18685.0,,0.0,
0-20000-0-11519,RGLB_D,SUM,2021-09-07T00:00Z,13120.0,,0.0,
0-20000-0-11519,RGLB_D,SUM,2021-09-08T00:00Z,18913.0,,0.0,
0-20000-0-11519,RGLB_D,SUM,2021-09-09T00:00Z,19235.0,,0.0,
0-20000-0-11519,RGLB_D,SUM,2021-09-10T00:00Z,17324.0,,0.0,
0-20000-0-11519,RGLB_D,SUM,2021-09-11T00:00Z,9417.0,,3.0,
0-20000-0-11519,RGLB_D,SUM,2021-09-12T00:00Z,12088.0,,0.0,
0-20000-0-11519,RGLB_D,SUM,2021-09-13T00:00Z,15684.0,,0.0,
0-20000-0-11519,RGLB_D,SUM,2021-09-14T00:00Z,17977.0,,3.0,
0-20000-0-11519,RGLB_D,SUM,2021-09-15T00:00Z,10466.0,,0.0,
0-20000-0-11519,RGLB_D,SUM,2021-09-16T00:00Z,7112.0,,0.0,
0-20000-0-11519,RGLB_D,SUM,2021-09-17T00:00Z,6085.0,,0.0,
0-20000-0-11519,RGLB_D,SUM,2021-09-18T00:00Z,7823.0,,0.0,
0-20000-0-11519,RGLB_D,SUM,2021-09-19T00:00Z,6510.0,,0.0,
0-20000-0-11519,RGLB_D,SUM,2021-09-20T00:00Z,6895.0,,0.0,
0-20000-0-11519,RGLB_D,SUM,2021-09-21T00:00Z,7263.0,,0.0,
0-20000-0-11519,RGLB_D,SUM,2021-09-22T00:00Z,9526.0,,0.0,
0-20000-0-11519,RGLB_D,SUM,2021-09-23T00:00Z,15261.0,,0.0,
0-20000-0-11519,RGLB_D,SUM,2021-09-24T00:00Z,6109.0,,0.0,
0-20000-0-11519,RGLB_D,SUM,2021-09-25T00:00Z,14395.0,,0.0,
0-20000-0-11519,RGLB_D,SUM,2021-09-26T00:00Z,12853.0,,0.0,
0-20000-0-11519,RGLB_D,SUM,2021-09-27T00:00Z,5760.0,,0.0,
0-20000-0-11519,RGLB_D,SUM,2021-09-28T00:00Z,10514.0,,0.0,
0-20000-0-11519,RGLB_D,SUM,2021-09-29T00:00Z,5975.0,,0.0,
0-20000-0-11519,RGLB_D,SUM,2021-09-30T00:00Z,13436.0,,0.0,
0-20000-0-11519,RGLB_D,SUM,2021-10-01T00:00Z,14697.0,,0.0,
0-20000-0-11519,RGLB_D,SUM,2021-10-02T00:00Z,12879.0,,0.0,
0-20000-0-11519,RGLB_D,SUM,2021-10-03T00:00Z,13262.0,,0.0,
0-20000-0-11519,RGLB_D,SUM,2021-10-04T00:00Z,9570.0,,0.0,
0-20000-0-11519,RGLB_D,SUM,2021-10-05T00:00Z,8025.0,,0.0,
0-20000-0-11519,RGLB_D,SUM,2021-10-06T00:00Z,6121.0,,0.0,
0-20000-0-11519,RGLB_D,SUM,2021-10-07T00:00Z,5827.0,,0.0,
0-20000-0-11519,RGLB_D,SUM,2021-10-08T00:00Z,13387.0,,0.0,
0-20000-0-11519,RGLB_D,SUM,2021-10-09T00:00Z,13725.0,,0.0,
0-20000-0-11519,RGLB_D,SUM,2021-10-10T00:00Z,12952.0,,0.0,
0-20000-0-11519,RGLB_D,SUM,2021-10-11T00:00Z,9093.0,,0.0,
0-20000-0-11519,RGLB_D,SUM,2021-10-12T00:00Z,7405.0,,0.0,
0-20000-0-11519,RGLB_D,SUM,2021-10-13T00:00Z,8416.0,,0.0,
0-20000-0-11519,RGLB_D,SUM,2021-10-14T00:00Z,3074.0,,0.0,
0-20000-0-11519,RGLB_D,SUM,2021-10-15T00:00Z,6879.0,,0.0,
0-20000-0-11519,RGLB_D,SUM,2021-10-16T00:00Z,9461.0,,0.0,
0-20000-0-11519,RGLB_D,SUM,2021-10-17T00:00Z,5569.0,,0.0,
0-20000-0-11519,RGLB_D,SUM,2021-10-18T00:00Z,10520.0,,0.0,
0-20000-0-11519,RGLB_D,SUM,2021-10-19T00:00Z,8733.0,,0.0,
0-20000-0-11519,RGLB_D,SUM,2021-10-20T00:00Z,9249.0,,0.0,
0-20000-0-11519,RGLB_D,SUM,2021-10-21T00:00Z,7938.0,,0.0,
0-20000-0-11519,RGLB_D,SUM,2021-10-22T00:00Z,10785.0,,0.0,
0-20000-0-11519,RGLB_D,SUM,2021-10-23T00:00Z,8075.0,,0.0,
0-20000-0-11519,RGLB_D,SUM,2021-10-24T00:00Z,10521.0,,0.0,
0-20000-0-11519,RGLB_D,SUM,2021-10-25T00:00Z,8555.0,,0.0,
0-20000-0-11519,RGLB_D,SUM,2021-10-26T00:00Z,7655.0,,0.0,
0-20000-0-11519,RGLB_D,SUM,2021-10-27T00:00Z,7527.0,,0.0,
0-20000-0-11519,RGLB_D,SUM,2021-10-28T00:00Z,7189.0,,0.0,
0-20000-0-11519,RGLB_D,SUM,2021-10-29T00:00Z,8514.0,,0.0,
0-20000-0-11519,RGLB_D,SUM,2021-10-30T00:00Z,8403.0,,0.0,
0-20000-0-11519,RGLB_D,SUM,2021-10-31T00:00Z,8270.0,,3.0,
0-20000-0-11519,RGLB_D,SUM,2021-11-01T00:00Z,4165.0,,3.0,
0-20000-0-11519,RGLB_D,SUM,2021-11-02T00:00Z,3522.0,,0.0,
0-20000-0-11519,RGLB_D,SUM,2021-11-03T00:00Z,5863.0,,0.0,
0-20000-0-11519,RGLB_D,SUM,2021-11-04T00:00Z,2732.0,,0.0,
0-20000-0-11519,RGLB_D,SUM,2021-11-05T00:00Z,3369.0,,0.0,
0-20000-0-11519,RGLB_D,SUM,2021-11-06T00:00Z,7019.0,,0.0,
0-20000-0-11519,RGLB_D,SUM,2021-11-07T00:00Z,3629.0,,0.0,
0-20000-0-11519,RGLB_D,SUM,2021-11-08T00:00Z,3173.0,,0.0,
0-20000-0-11519,RGLB_D,SUM,2021-11-09T00:00Z,5648.0,,3.0,
0-20000-0-11519,RGLB_D,SUM,2021-11-10T00:00Z,5416.0,,0.0,
0-20000-0-11519,RGLB_D,SUM,2021-11-11T00:00Z,781.0,,3.0,
0-20000-0-11519,RGLB_D,SUM,2021-11-12T00:00Z,1303.0,,0.0,
0-20000-0-11519,RGLB_D,SUM,2021-11-13T00:00Z,1372.0,,3.0,
0-20000-0-11519,RGLB_D,SUM,2021-11-14T00:00Z,1175.0,,0.0,
0-20000-0-11519,RGLB_D,SUM,2021-11-15T00:00Z,1129.0,,0.0,
0-20000-0-11519,RGLB_D,SUM,2021-11-16T00:00Z,2477.0,,3.0,
0-20000-0-11519,RGLB_D,SUM,2021-11-17T00:00Z,975.0,,0.0,
0-20000-0-11519,RGLB_D,SUM,2021-11-18T00:00Z,5544.0,,0.0,
0-20000-0-11519,RGLB_D,SUM,2021-11-19T00:00Z,1893.0,,0.0,
0-20000-0-11519,RGLB_D,SUM,2021-11-20T00:00Z,1364.0,,0.0,
0-20000-0-11519,RGLB_D,SUM,2021-11-21T00:00Z,1077.0,,0.0,
0-20000-0-11519,RGLB_D,SUM,2021-11-22T00:00Z,2441.0,,0.0,
0-20000-0-11519,RGLB_D,SUM,2021-11-23T00:00Z,5412.0,,3.0,
0-20000-0-11519,RGLB_D,SUM,2021-11-24T00:00Z,1967.0,,0.0,
0-20000-0-11519,RGLB_D,SUM,2021-11-25T00:00Z,1184.0,,0.0,
0-20000-0-11519,RGLB_D,SUM,2021-11-26T00:00Z,1261.0,,0.0,
0-20000-0-11519,RGLB_D,SUM,2021-11-27T00:00Z,2899.0,,0.0,
0-20000-0-11519,RGLB_D,SUM,2021-11-28T00:00Z,965.0,,0.0,
0-20000-0-11519,RGLB_D,SUM,2021-11-29T00:00Z,2617.0,,0.0,
0-20000-0-11519,RGLB_D,SUM,2021-11-30T00:00Z,1302.0,,0.0,
0-20000-0-11519,RGLB_D,SUM,2021-12-01T00:00Z,1261.0,,0.0,
0-20000-0-11519,RGLB_D,SUM,2021-12-02T00:00Z,2327.0,,0.0,
0-20000-0-11519,RGLB_D,SUM,2021-12-03T00:00Z,5405.0,,0.0,
0-20000-0-11519,RGLB_D,SUM,2021-12-04T00:00Z,1482.0,,0.0,
0-20000-0-11519,RGLB_D,SUM,2021-12-05T00:00Z,1705.0,,0.0,
0-20000-0-11519,RGLB_D,SUM,2021-12-06T00:00Z,1125.0,,0.0,
0-20000-0-11519,RGLB_D,SUM,2021-12-07T00:00Z,1088.0,,0.0,
0-20000-0-11519,RGLB_D,SUM,2021-12-08T00:00Z,2345.0,,0.0,
0-20000-0-11519,RGLB_D,SUM,2021-12-09T00:00Z,707.0,,0.0,
0-20000-0-11519,RGLB_D,SUM,2021-12-10T00:00Z,3768.0,,0.0,
0-20000-0-11519,RGLB_D,SUM,2021-12-11T00:00Z,1172.0,,0.0,
0-20000-0-11519,RGLB_D,SUM,2021-12-12T00:00Z,4726.0,,0.0,
0-20000-0-11519,RGLB_D,SUM,2021-12-13T00:00Z,1420.0,,0.0,
0-20000-0-11519,RGLB_D,SUM,2021-12-14T00:00Z,1111.0,,0.0,
0-20000-0-11519,RGLB_D,SUM,2021-12-15T00:00Z,2100.0,,0.0,
0-20000-0-11519,RGLB_D,SUM,2021-12-16T00:00Z,1314.0,,0.0,
0-20000-0-11519,RGLB_D,SUM,2021-12-17T00:00Z,2272.0,,0.0,
0-20000-0-11519,RGLB_D,SUM,2021-12-18T00:00Z,4253.0,,0.0,
0-20000-0-11519,RGLB_D,SUM,2021-12-19T00:00Z,930.0,,0.0,
0-20000-0-11519,RGLB_D,SUM,2021-12-20T00:00Z,2763.0,,0.0,
0-20000-0-11519,RGLB_D,SUM,2021-12-21T00:00Z,2374.0,,3.0,
0-20000-0-11519,RGLB_D,SUM,2021-12-22T00:00Z,4437.0,,3.0,
0-20000-0-11519,RGLB_D,SUM,2021-12-23T00:00Z,1649.0,,0.0,
0-20000-0-11519,RGLB_D,SUM,2021-12-24T00:00Z,1365.0,,0.0,
0-20000-0-11519,RGLB_D,SUM,2021-12-25T00:00Z,1131.0,,0.0,
0-20000-0-11519,RGLB_D,SUM,2021-12-26T00:00Z,1923.0,,0.0,
0-20000-0-11519,RGLB_D,SUM,2021-12-27T00:00Z,2765.0,,0.0,
0-20000-0-11519,RGLB_D,SUM,2021-12-28T00:00Z,1605.0,,0.0,
0-20000-0-11519,RGLB_D,SUM,2021-12-29T00:00Z,1280.0,,0.0,
0-20000-0-11519,RGLB_D,SUM,2021-12-30T00:00Z,1147.0,,0.0,
0-20000-0-11519,RGLB_D,SUM,2021-12-31T00:00Z,2581.0,,0.0,
0-20000-0-11519,RGLB_D,SUM,2022-01-01T00:00Z,1684.0,,0.0,
0-20000-0-11519,RGLB_D,SUM,2022-01-02T00:00Z,2251.0,,0.0,
0-20000-0-11519,RGLB_D,SUM,2022-01-03T00:00Z,3339.0,,0.0,
0-20000-0-11519,RGLB_D,SUM,2022-01-04T00:00Z,1324.0,,0.0,
0-20000-0-11519,RGLB_D,SUM,2022-01-05T00:00Z,1505.0,,3.0,
0-20000-0-11519,RGLB_D,SUM,2022-01-06T00:00Z,4935.0,,0.0,
0-20000-0-11519,RGLB_D,SUM,2022-01-07T00:00Z,3953.0,,0.0,
0-20000-0-11519,RGLB_D,SUM,2022-01-08T00:00Z,2127.0,,0.0,
0-20000-0-11519,RGLB_D,SUM,2022-01-09T00:00Z,1795.0,,0.0,
0-20000-0-11519,RGLB_D,SUM,2022-01-10T00:00Z,786.0,,0.0,
0-20000-0-11519,RGLB_D,SUM,2022-01-11T00:00Z,2008.0,,0.0,
0-20000-0-11519,RGLB_D,SUM,2022-01-12T00:00Z,3463.0,,0.0,
0-20000-0-11519,RGLB_D,SUM,2022-01-13T00:00Z,3163.0,,0.0,
0-20000-0-11519,RGLB_D,SUM,2022-01-14T00:00Z,5668.0,,0.0,
0-20000-0-11519,RGLB_D,SUM,2022-01-15T00:00Z,4059.0,,0.0,
0-20000-0-11519,RGLB_D,SUM,2022-01-16T00:00Z,1653.0,,0.0,
0-20000-0-11519,RGLB_D,SUM,2022-01-17T00:00Z,2550.0,,0.0,
0-20000-0-11519,RGLB_D,SUM,2022-01-18T00:00Z,2426.0,,3.0,
0-20000-0-11519,RGLB_D,SUM,2022-01-19T00:00Z,2874.0,,0.0,
0-20000-0-11519,RGLB_D,SUM,2022-01-20T00:00Z,3361.0,,0.0,
0-20000-0-11519,RGLB_D,SUM,2022-01-21T00:00Z,4615.0,,0.0,
0-20000-0-11519,RGLB_D,SUM,2022-01-22T00:00Z,4752.0,,0.0,
0-20000-0-11519,RGLB_D,SUM,2022-01-23T00:00Z,1976.0,,0.0,
0-20000-0-11519,RGLB_D,SUM,2022-01-24T00:00Z,811.0,,0.0,
0-20000-0-11519,RGLB_D,SUM,2022-01-25T00:00Z,882.0,,0.0,
0-20000-0-11519,RGLB_D,SUM,2022-01-26T00:00Z,965.0,,0.0,
0-20000-0-11519,RGLB_D,SUM,2022-01-27T00:00Z,3783.0,,0.0,
0-20000-0-11519,RGLB_D,SUM,2022-01-28T00:00Z,1545.0,,0.0,
0-20000-0-11519,RGLB_D,SUM,2022-01-29T00:00Z,1319.0,,0.0,
0-20000-0-11519,RGLB_D,SUM,2022-01-30T00:00Z,3139.0,,0.0,
0-20000-0-11519,RGLB_D,SUM,2022-01-31T00:00Z,2094.0,,0.0,
0-20000-0-11519,RGLB_D,SUM,2022-02-01T00:00Z,2966.0,,0.0,
0-20000-0-11519,RGLB_D,SUM,2022-02-02T00:00Z,4097.0,,0.0,
0-20000-0-11519,RGLB_D,SUM,2022-02-03T00:00Z,2913.0,,0.0,
0-20000-0-11519,RGLB_D,SUM,2022-02-04T00:00Z,3268.0,,0.0,
0-20000-0-11519,RGLB_D,SUM,2022-02-05T00:00Z,4926.0,,0.0,
0-20000-0-11519,RGLB_D,SUM,2022-02-06T00:00Z,2380.0,,0.0,
0-20000-0-11519,RGLB_D,SUM,2022-02-07T00:00Z,5117.0,,0.0,
0-20000-0-11519,RGLB_D,SUM,2022-02-08T00:00Z,3594.0,,0.0,
0-20000-0-11519,RGLB_D,SUM,2022-02-09T00:00Z,1440.0,,0.0,
0-20000-0-11519,RGLB_D,SUM,2022-02-10T00:00Z,6627.0,,0.0,
0-20000-0-11519,RGLB_D,SUM,2022-02-11T00:00Z,5436.0,,0.0,
0-20000-0-11519,RGLB_D,SUM,2022-02-12T00:00Z,8368.0,,0.0,
0-20000-0-11519,RGLB_D,SUM,2022-02-13T00:00Z,9997.0,,0.0,
0-20000-0-11519,RGLB_D,SUM,2022-02-14T00:00Z,9781.0,,0.0,
0-20000-0-11519,RGLB_D,SUM,2022-02-15T00:00Z,5760.0,,0.0,
0-20000-0-11519,RGLB_D,SUM,2022-02-16T00:00Z,4253.0,,0.0,
0-20000-0-11519,RGLB_D,SUM,2022-02-17T00:00Z,4171.0,,0.0,
0-20000-0-11519,RGLB_D,SUM,2022-02-18T00:00Z,3486.0,,0.0,
0-20000-0-11519,RGLB_D,SUM,2022-02-19T00:00Z,11129.0,,0.0,
0-20000-0-11519,RGLB_D,SUM,2022-02-20T00:00Z,5527.0,,0.0,
0-20000-0-11519,RGLB_D,SUM,2022-02-21T00:00Z,8896.0,,0.0,
0-20000-0-11519,RGLB_D,SUM,2022-02-22T00:00Z,5724.0,,0.0,
0-20000-0-11519,RGLB_D,SUM,2022-02-23T00:00Z,11139.0,,0.0,
0-20000-0-11519,RGLB_D,SUM,2022-02-24T00:00Z,9495.0,,0.0,
0-20000-0-11519,RGLB_D,SUM,2022-02-25T00:00Z,10155.0,,0.0,
0-20000-0-11519,RGLB_D,SUM,2022-02-26T00:00Z,4224.0,,0.0,
0-20000-0-11519,RGLB_D,SUM,2022-02-27T00:00Z,11506.0,,0.0,
0-20000-0-11519,RGLB_D,SUM,2022-02-28T00:00Z,12492.0,,0.0,
0-20000-0-11519,RGLB_D,SUM,2022-03-01T00:00Z,12728.0,,0.0,
0-20000-0-11519,RGLB_D,SUM,2022-03-02T00:00Z,12685.0,,0.0,
0-20000-0-11519,RGLB_D,SUM,2022-03-03T00:00Z,12265.0,,0.0,
0-20000-0-11519,RGLB_D,SUM,2022-03-04T00:00Z,2595.0,,0.0,
0-20000-0-11519,RGLB_D,SUM,2022-03-05T00:00Z,5705.0,,0.0,
0-20000-0-11519,RGLB_D,SUM,2022-03-06T00:00Z,5838.0,,0.0,
0-20000-0-11519,RGLB_D,SUM,2022-03-07T00:00Z,8664.0,,0.0,
0-20000-0-11519,RGLB_D,SUM,2022-03-08T00:00Z,14893.0,,0.0,
0-20000-0-11519,RGLB_D,SUM,2022-03-09T00:00Z,14814.0,,0.0,
0-20000-0-11519,RGLB_D,SUM,2022-03-10T00:00Z,14904.0,,0.0,
0-20000-0-11519,RGLB_D,SUM,2022-03-11T00:00Z,15979.0,,0.0,
0-20000-0-11519,RGLB_D,SUM,2022-03-12T00:00Z,16264.0,,0.0,
0-20000-0-11519,RGLB_D,SUM,2022-03-13T00:00Z,16236.0,,0.0,
0-20000-0-11519,RGLB_D,SUM,2022-03-14T00:00Z,13817.0,,0.0,
0-20000-0-11519,RGLB_D,SUM,2022-03-15T00:00Z,8759.0,,3.0,
0-20000-0-11519,RGLB_D,SUM,2022-03-16T00:00Z,8522.0,,3.0,
0-20000-0-11519,RGLB_D,SUM,2022-03-17T00:00Z,9803.0,,0.0,
0-20000-0-11519,RGLB_D,SUM,2022-03-18T00:00Z,11535.0,,0.0,
0-20000-0-11519,RGLB_D,SUM,2022-03-19T00:00Z,13225.0,,0.0,
0-20000-0-11519,RGLB_D,SUM,2022-03-20T00:00Z,16955.0,,0.0,
0-20000-0-11519,RGLB_D,SUM,2022-03-21T00:00Z,18106.0,,0.0,
0-20000-0-11519,RGLB_D,SUM,2022-03-22T00:00Z,18072.0,,0.0,
0-20000-0-11519,RGLB_D,SUM,2022-03-23T00:00Z,18569.0,,0.0,
0-20000-0-11519,RGLB_D,SUM,2022-03-24T00:00Z,17643.0,,0.0,
0-20000-0-11519,RGLB_D,SUM,2022-03-25T00:00Z,17333.0,,0.0,
0-20000-0-11519,RGLB_D,SUM,2022-03-26T00:00Z,17830.0,,0.0,
0-20000-0-11519,RGLB_D,SUM,2022-03-27T00:00Z,18637.0,,0.0,
0-20000-0-11519,RGLB_D,SUM,2022-03-28T00:00Z,17359.0,,0.0,
0-20000-0-11519,RGLB_D,SUM,2022-03-29T00:00Z,10748.0,,3.0,
0-20000-0-11519,RGLB_D,SUM,2022-03-30T00:00Z,3114.0,,3.0,
0-20000-0-11519,RGLB_D,SUM,2022-03-31T00:00Z,2577.0,,3.0,
0-20000-0-11519,RGLB_D,SUM,2022-04-01T00:00Z,2109.0,,0.0,
0-20000-0-11519,RGLB_D,SUM,2022-04-02T00:00Z,6578.0,,0.0,
0-20000-0-11519,RGLB_D,SUM,2022-04-03T00:00Z,12270.0,,0.0,
0-20000-0-11519,RGLB_D,SUM,2022-04-04T00:00Z,19102.0,,0.0,
0-20000-0-11519,RGLB_D,SUM,2022-04-05T00:00Z,9298.0,,0.0,
0-20000-0-11519,RGLB_D,SUM,2022-04-06T00:00Z,7857.0,,0.0,
0-20000-0-11519,RGLB_D,SUM,2022-04-07T00:00Z,9875.0,,0.0,
0-20000-0-11519,RGLB_D,SUM,2022-04-08T00:00Z,8132.0,,0.0,
0-20000-0-11519,RGLB_D,SUM,2022-04-09T00:00Z,11362.0,,0.0,
0-20000-0-11519,RGLB_D,SUM,2022-04-10T00:00Z,15678.0,,0.0,
0-20000-0-11519,RGLB_D,SUM,2022-04-11T00:00Z,21429.0,,0.0,
0-20000-0-11519,RGLB_D,SUM,2022-04-12T00:00Z,21815.0,,0.0,
0-20000-0-11519,RGLB_D,SUM,2022-04-13T00:00Z,20986.0,,0.0,
0-20000-0-11519,RGLB_D,SUM,2022-04-14T00:00Z,19481.0,,0.0,
0-20000-0-11519,RGLB_D,SUM,2022-04-15T00:00Z,14675.0,,0.0,
0-20000-0-11519,RGLB_D,SUM,2022-04-16T00:00Z,13889.0,,0.0,
0-20000-0-11519,RGLB_D,SUM,2022-04-17T00:00Z,21272.0,,0.0,
0-20000-0-11519,RGLB_D,SUM,2022-04-18T00:00Z,15010.0,,0.0,
0-20000-0-11519,RGLB_D,SUM,2022-04-19T00:00Z,12660.0,,0.0,
0-20000-0-11519,RGLB_D,SUM,2022-04-20T00:00Z,9306.0,,0.0,
0-20000-0-11519,RGLB_D,SUM,2022-04-21T00:00Z,8772.0,,0.0,
0-20000-0-11519,RGLB_D,SUM,2022-04-22T00:00Z,6072.0,,0.0,
0-20000-0-11519,RGLB_D,SUM,2022-04-23T00:00Z,24519.0,,0.0,
0-20000-0-11519,RGLB_D,SUM,2022-04-24T00:00Z,4897.0,,0.0,
0-20000-0-11519,RGLB_D,SUM,2022-04-25T00:00Z,8345.0,,0.0,
0-20000-0-11519,RGLB_D,SUM,2022-04-26T00:00Z,20036.0,,0.0,
0-20000-0-11519,RGLB_D,SUM,2022-04-27T00:00Z,15180.0,,0.0,
0-20000-0-11519,RGLB_D,SUM,2022-04-28T00:00Z,20843.0,,3.0,
0-20000-0-11519,RGLB_D,SUM,2022-04-29T00:00Z,21072.0,,0.0,
0-20000-0-11519,RGLB_D,SUM,2022-04-30T00:00Z,19574.0,,0.0,
0-20000-0-11519,RGLB_D,SUM,2022-05-01T00:00Z,15660.0,,0.0,
0-20000-0-11519,RGLB_D,SUM,2022-05-02T00:00Z,18101.0,,0.0,
0-20000-0-11519,RGLB_D,SUM,2022-05-03T00:00Z,17390.0,,0.0,
0-20000-0-11519,RGLB_D,SUM,2022-05-04T00:00Z,23390.0,,0.0,
0-20000-0-11519,RGLB_D,SUM,2022-05-05T00:00Z,12006.0,,0.0,
0-20000-0-11519,RGLB_D,SUM,2022-05-06T00:00Z,12495.0,,0.0,
0-20000-0-11519,RGLB_D,SUM,2022-05-07T00:00Z,18789.0,,0.0,
0-20000-0-11519,RGLB_D,SUM,2022-05-08T00:00Z,20927.0,,0.0,
0-20000-0-11519,RGLB_D,SUM,2022-05-09T00:00Z,25498.0,,0.0,
0-20000-0-11519,RGLB_D,SUM,2022-05-10T00:00Z,24476.0,,0.0,
0-20000-0-11519,RGLB_D,SUM,2022-05-11T00:00Z,25715.0,,0.0,
0-20000-0-11519,RGLB_D,SUM,2022-05-12T00:00Z,21627.0,,0.0,
0-20000-0-11519,RGLB_D,SUM,2022-05-13T00:00Z,24792.0,,0.0,
0-20000-0-11519,RGLB_D,SUM,2022-05-14T00:00Z,25288.0,,0.0,
0-20000-0-11519,RGLB_D,SUM,2022-05-15T00:00Z,27756.0,,0.0,
0-20000-0-11519,RGLB_D,SUM,2022-05-16T00:00Z,24951.0,,0.0,
0-20000-0-11519,RGLB_D,SUM,2022-05-17T00:00Z,16914.0,,0.0,
0-20000-0-11519,RGLB_D,SUM,2022-05-18T00:00Z,26651.0,,0.0,
0-20000-0-11519,RGLB_D,SUM,2022-05-19T00:00Z,28535.0,,0.0,
0-20000-0-11519,RGLB_D,SUM,2022-05-20T00:00Z,23946.0,,0.0,
0-20000-0-11519,RGLB_D,SUM,2022-05-21T00:00Z,22641.0,,0.0,
0-20000-0-11519,RGLB_D,SUM,2022-05-22T00:00Z,24842.0,,0.0,
0-20000-0-11519,RGLB_D,SUM,2022-05-23T00:00Z,22186.0,,0.0,
0-20000-0-11519,RGLB_D,SUM,2022-05-24T00:00Z,10210.0,,0.0,
0-20000-0-11519,RGLB_D,SUM,2022-05-25T00:00Z,13549.0,,0.0,
0-20000-0-11519,RGLB_D,SUM,2022-05-26T00:00Z,17316.0,,0.0,
0-20000-0-11519,RGLB_D,SUM,2022-05-27T00:00Z,11156.0,,0.0,
0-20000-0-11519,RGLB_D,SUM,2022-05-28T00:00Z,23478.0,,0.0,
0-20000-0-11519,RGLB_D,SUM,2022-05-29T00:00Z,17399.0,,0.0,
0-20000-0-11519,RGLB_D,SUM,2022-05-30T00:00Z,19007.0,,0.0,
0-20000-0-11519,RGLB_D,SUM,2022-05-31T00:00Z,25073.0,,0.0,
0-20000-0-11519,RGLB_D,SUM,2022-06-01T00:00Z,24803.0,,0.0,
0-20000-0-11519,RGLB_D,SUM,2022-06-02T00:00Z,26749.0,,3.0,
0-20000-0-11519,RGLB_D,SUM,2022-06-03T00:00Z,27796.0,,0.0,
0-20000-0-11519,RGLB_D,SUM,2022-06-04T00:00Z,16103.0,,0.0,
0-20000-0-11519,RGLB_D,SUM,2022-06-05T00:00Z,24468.0,,0.0,
0-20000-0-11519,RGLB_D,SUM,2022-06-06T00:00Z,20448.0,,0.0,
0-20000-0-11519,RGLB_D,SUM,2022-06-07T00:00Z,10424.0,,0.0,
0-20000-0-11519,RGLB_D,SUM,2022-06-08T00:00Z,24455.0,,0.0,
0-20000-0-11519,RGLB_D,SUM,2022-06-09T00:00Z,9075.0,,0.0,
0-20000-0-11519,RGLB_D,SUM,2022-06-10T00:00Z,27044.0,,0.0,
0-20000-0-11519,RGLB_D,SUM,2022-06-11T00:00Z,26521.0,,0.0,
0-20000-0-11519,RGLB_D,SUM,2022-06-12T00:00Z,27265.0,,0.0,
0-20000-0-11519,RGLB_D,SUM,2022-06-13T00:00Z,17238.0,,0.0,
0-20000-0-11519,RGLB_D,SUM,2022-06-14T00:00Z,26612.0,,0.0,
0-20000-0-11519,RGLB_D,SUM,2022-06-15T00:00Z,30040.0,,0.0,
0-20000-0-11519,RGLB_D,SUM,2022-06-16T00:00Z,20283.0,,0.0,
0-20000-0-11519,RGLB_D,SUM,2022-06-17T00:00Z,29770.0,,0.0,
0-20000-0-11519,RGLB_D,SUM,2022-06-18T00:00Z,29061.0,,0.0,
0-20000-0-11519,RGLB_D,SUM,2022-06-19T00:00Z,29348.0,,0.0,
0-20000-0-11519,RGLB_D,SUM,2022-06-20T00:00Z,12714.0,,0.0,
0-20000-0-11519,RGLB_D,SUM,2022-06-21T00:00Z,28164.0,,0.0,
0-20000-0-11519,RGLB_D,SUM,2022-06-22T00:00Z,27960.0,,0.0,
0-20000-0-11519,RGLB_D,SUM,2022-06-23T00:00Z,30421.0,,0.0,
0-20000-0-11519,RGLB_D,SUM,2022-06-24T00:00Z,14968.0,,0.0,
0-20000-0-11519,RGLB_D,SUM,2022-06-25T00:00Z,8533.0,,0.0,
0-20000-0-11519,RGLB_D,SUM,2022-06-26T00:00Z,29748.0,,0.0,
0-20000-0-11519,RGLB_D,SUM,2022-06-27T00:00Z,27365.0,,0.0,
0-20000-0-11519,RGLB_D,SUM,2022-06-28T00:00Z,16264.0,,0.0,
0-20000-0-11519,RGLB_D,SUM,2022-06-29T00:00Z,8867.0,,0.0,
0-20000-0-11519,RGLB_D,SUM,2022-06-30T00:00Z,21507.0,,0.0,
0-20000-0-11519,RGLB_D,SUM,2022-07-01T00:00Z,10623.0,,0.0,
0-20000-0-11519,RGLB_D,SUM,2022-07-02T00:00Z,27327.0,,0.0,
0-20000-0-11519,RGLB_D,SUM,2022-07-03T00:00Z,29522.0,,0.0,
0-20000-0-11519,RGLB_D,SUM,2022-07-04T00:00Z,16067.0,,0.0,
0-20000-0-11519,RGLB_D,SUM,2022-07-05T00:00Z,20061.0,,0.0,
0-20000-0-11519,RGLB_D,SUM,2022-07-06T00:00Z,24200.0,,0.0,
0-20000-0-11519,RGLB_D,SUM,2022-07-07T00:00Z,10361.0,,0.0,
0-20000-0-11519,RGLB_D,SUM,2022-07-08T00:00Z,16248.0,,0.0,
0-20000-0-11519,RGLB_D,SUM,2022-07-09T00:00Z,14103.0,,0.0,
0-20000-0-11519,RGLB_D,SUM,2022-07-10T00:00Z,16312.0,,0.0,
0-20000-0-11519,RGLB_D,SUM,2022-07-11T00:00Z,22957.0,,0.0,
0-20000-0-11519,RGLB_D,SUM,2022-07-12T00:00Z,22013.0,,0.0,
0-20000-0-11519,RGLB_D,SUM,2022-07-13T00:00Z,20197.0,,0.0,
0-20000-0-11519,RGLB_D,SUM,2022-07-14T00:00Z,19649.0,,0.0,
0-20000-0-11519,RGLB_D,SUM,2022-07-15T00:00Z,20837.0,,0.0,
0-20000-0-11519,RGLB_D,SUM,2022-07-16T00:00Z,20391.0,,0.0,
0-20000-0-11519,RGLB_D,SUM,2022-07-17T00:00Z,26730.0,,0.0,
0-20000-0-11519,RGLB_D,SUM,2022-07-18T00:00Z,26076.0,,0.0,
0-20000-0-11519,RGLB_D,SUM,2022-07-19T00:00Z,28119.0,,0.0,
0-20000-0-11519,RGLB_D,SUM,2022-07-20T00:00Z,27330.0,,0.0,
0-20000-0-11519,RGLB_D,SUM,2022-07-21T00:00Z,23133.0,,0.0,
0-20000-0-11519,RGLB_D,SUM,2022-07-22T00:00Z,26396.0,,0.0,
0-20000-0-11519,RGLB_D,SUM,2022-07-23T00:00Z,14366.0,,0.0,
0-20000-0-11519,RGLB_D,SUM,2022-07-24T00:00Z,25950.0,,0.0,
0-20000-0-11519,RGLB_D,SUM,2022-07-25T00:00Z,27316.0,,0.0,
0-20000-0-11519,RGLB_D,SUM,2022-07-26T00:00Z,16919.0,,0.0,
0-20000-0-11519,RGLB_D,SUM,2022-07-27T00:00Z,19815.0,,0.0,
0-20000-0-11519,RGLB_D,SUM,2022-07-28T00:00Z,27041.0,,0.0,
0-20000-0-11519,RGLB_D,SUM,2022-07-29T00:00Z,13631.0,,0.0,
0-20000-0-11519,RGLB_D,SUM,2022-07-30T00:00Z,8794.0,,0.0,
0-20000-0-11519,RGLB_D,SUM,2022-07-31T00:00Z,22567.0,,0.0,
0-20000-0-11519,RGLB_D,SUM,2022-08-01T00:00Z,17476.0,,0.0,
0-20000-0-11519,RGLB_D,SUM,2022-08-02T00:00Z,20498.0,,0.0,
0-20000-0-11519,RGLB_D,SUM,2022-08-03T00:00Z,26104.0,,0.0,
0-20000-0-11519,RGLB_D,SUM,2022-08-04T00:00Z,25682.0,,0.0,
0-20000-0-11519,RGLB_D,SUM,2022-08-05T00:00Z,23901.0,,0.0,
0-20000-0-11519,RGLB_D,SUM,2022-08-06T00:00Z,21548.0,,0.0,
0-20000-0-11519,RGLB_D,SUM,2022-08-07T00:00Z,26157.0,,0.0,
0-20000-0-11519,RGLB_D,SUM,2022-08-08T00:00Z,25529.0,,0.0,
0-20000-0-11519,RGLB_D,SUM,2022-08-09T00:00Z,23598.0,,0.0,
0-20000-0-11519,RGLB_D,SUM,2022-08-10T00:00Z,22143.0,,0.0,
0-20000-0-11519,RGLB_D,SUM,2022-08-11T00:00Z,21066.0,,0.0,
0-20000-0-11519,RGLB_D,SUM,2022-08-12T00:00Z,20133.0,,0.0,
0-20000-0-11519,RGLB_D,SUM,2022-08-13T00:00Z,16468.0,,0.0,
0-20000-0-11519,RGLB_D,SUM,2022-08-14T00:00Z,17258.0,,0.0,
0-20000-0-11519,RGLB_D,SUM,2022-08-15T00:00Z,20832.0,,0.0,
0-20000-0-11519,RGLB_D,SUM,2022-08-16T00:00Z,23540.0,,0.0,
0-20000-0-11519,RGLB_D,SUM,2022-08-17T00:00Z,20962.0,,0.0,
0-20000-0-11519,RGLB_D,SUM,2022-08-18T00:00Z,17293.0,,0.0,
0-20000-0-11519,RGLB_D,SUM,2022-08-19T00:00Z,12622.0,,0.0,
0-20000-0-11519,RGLB_D,SUM,2022-08-20T00:00Z,2532.0,,0.0,
0-20000-0-11519,RGLB_D,SUM,2022-08-21T00:00Z,17562.0,,0.0,
0-20000-0-11519,RGLB_D,SUM,2022-08-22T00:00Z,5599.0,,0.0,
0-20000-0-11519,RGLB_D,SUM,2022-08-23T00:00Z,3351.0,,0.0,
0-20000-0-11519,RGLB_D,SUM,2022-08-24T00:00Z,11149.0,,0.0,
0-20000-0-11519,RGLB_D,SUM,2022-08-25T00:00Z,17140.0,,0.0,
0-20000-0-11519,RGLB_D,SUM,2022-08-26T00:00Z,15873.0,,3.0,
0-20000-0-11519,RGLB_D,SUM,2022-08-27T00:00Z,9712.0,,3.0,
0-20000-0-11519,RGLB_D,SUM,2022-08-28T00:00Z,6302.0,,0.0,
0-20000-0-11519,RGLB_D,SUM,2022-08-29T00:00Z,20437.0,,3.0,
0-20000-0-11519,RGLB_D,SUM,2022-08-30T00:00Z,16502.0,,0.0,
0-20000-0-11519,RGLB_D,SUM,2022-08-31T00:00Z,9482.0,,0.0,
0-20000-0-11519,RGLB_D,SUM,2022-09-01T00:00Z,12833.0,,0.0,
0-20000-0-11519,RGLB_D,SUM,2022-09-02T00:00Z,19740.0,,0.0,
0-20000-0-11519,RGLB_D,SUM,2022-09-03T00:00Z,17975.0,,0.0,
0-20000-0-11519,RGLB_D,SUM,2022-09-04T00:00Z,19854.0,,0.0,
0-20000-0-11519,RGLB_D,SUM,2022-09-05T00:00Z,14449.0,,0.0,
0-20000-0-11519,RGLB_D,SUM,2022-09-06T00:00Z,14760.0,,0.0,
0-20000-0-11519,RGLB_D,SUM,2022-09-07T00:00Z,14168.0,,0.0,
0-20000-0-11519,RGLB_D,SUM,2022-09-08T00:00Z,5709.0,,0.0,
0-20000-0-11519,RGLB_D,SUM,2022-09-09T00:00Z,12337.0,,0.0,
0-20000-0-11519,RGLB_D,SUM,2022-09-10T00:00Z,12549.0,,0.0,
0-20000-0-11519,RGLB_D,SUM,2022-09-11T00:00Z,11958.0,,0.0,
0-20000-0-11519,RGLB_D,SUM,2022-09-12T00:00Z,12624.0,,0.0,
0-20000-0-11519,RGLB_D,SUM,2022-09-13T00:00Z,10659.0,,0.0,
0-20000-0-11519,RGLB_D,SUM,2022-09-14T00:00Z,3469.0,,0.0,
0-20000-0-11519,RGLB_D,SUM,2022-09-15T00:00Z,3420.0,,0.0,
0-20000-0-11519,RGLB_D,SUM,2022-09-16T00:00Z,10221.0,,0.0,
0-20000-0-11519,RGLB_D,SUM,2022-09-17T00:00Z,7134.0,,0.0,
0-20000-0-11519,RGLB_D,SUM,2022-09-18T00:00Z,10628.0,,0.0,
0-20000-0-11519,RGLB_D,SUM,2022-09-19T00:00Z,9022.0,,0.0,
0-20000-0-11519,RGLB_D,SUM,2022-09-20T00:00Z,8248.0,,3.0,
0-20000-0-11519,RGLB_D,SUM,2022-09-21T00:00Z,10946.0,,3.0,
0-20000-0-11519,RGLB_D,SUM,2022-09-22T00:00Z,14713.0,,0.0,
0-20000-0-11519,RGLB_D,SUM,2022-09-23T00:00Z,14516.0,,0.0,
0-20000-0-11519,RGLB_D,SUM,2022-09-24T00:00Z,14667.0,,0.0,
0-20000-0-11519,RGLB_D,SUM,2022-09-25T00:00Z,10580.0,,0.0,
0-20000-0-11519,RGLB_D,SUM,2022-09-26T00:00Z,10191.0,,3.0,
0-20000-0-11519,RGLB_D,SUM,2022-09-27T00:00Z,7679.0,,0.0,
0-20000-0-11519,RGLB_D,SUM,2022-09-28T00:00Z,6968.0,,0.0,
0-20000-0-11519,RGLB_D,SUM,2022-09-29T00:00Z,14329.0,,0.0,
0-20000-0-11519,RGLB_D,SUM,2022-09-30T00:00Z,11822.0,,0.0,
0-20000-0-11519,RGLB_D,SUM,2022-10-01T00:00Z,5466.0,,0.0,
0-20000-0-11519,RGLB_D,SUM,2022-10-02T00:00Z,7278.0,,0.0,
0-20000-0-11519,RGLB_D,SUM,2022-10-03T00:00Z,7027.0,,0.0,
0-20000-0-11519,RGLB_D,SUM,2022-10-04T00:00Z,8453.0,,0.0,
0-20000-0-11519,RGLB_D,SUM,2022-10-05T00:00Z,10137.0,,0.0,
0-20000-0-11519,RGLB_D,SUM,2022-10-06T00:00Z,7678.0,,0.0,
0-20000-0-11519,RGLB_D,SUM,2022-10-07T00:00Z,12281.0,,0.0,
0-20000-0-11519,RGLB_D,SUM,2022-10-08T00:00Z,5016.0,,0.0,
0-20000-0-11519,RGLB_D,SUM,2022-10-09T00:00Z,13598.0,,0.0,
0-20000-0-11519,RGLB_D,SUM,2022-10-10T00:00Z,12063.0,,0.0,
0-20000-0-11519,RGLB_D,SUM,2022-10-11T00:00Z,3988.0,,0.0,
0-20000-0-11519,RGLB_D,SUM,2022-10-12T00:00Z,9952.0,,0.0,
0-20000-0-11519,RGLB_D,SUM,2022-10-13T00:00Z,8757.0,,0.0,
0-20000-0-11519,RGLB_D,SUM,2022-10-14T00:00Z,5553.0,,0.0,
0-20000-0-11519,RGLB_D,SUM,2022-10-15T00:00Z,2859.0,,0.0,
0-20000-0-11519,RGLB_D,SUM,2022-10-16T00:00Z,5995.0,,0.0,
0-20000-0-11519,RGLB_D,SUM,2022-10-17T00:00Z,10684.0,,0.0,
0-20000-0-11519,RGLB_D,SUM,2022-10-18T00:00Z,5255.0,,0.0,
0-20000-0-11519,RGLB_D,SUM,2022-10-19T00:00Z,6625.0,,0.0,
0-20000-0-11519,RGLB_D,SUM,2022-10-20T00:00Z,9986.0,,0.0,
0-20000-0-11519,RGLB_D,SUM,2022-10-21T00:00Z,3950.0,,0.0,
0-20000-0-11519,RGLB_D,SUM,2022-10-22T00:00Z,5156.0,,0.0,
0-20000-0-11519,RGLB_D,SUM,2022-10-23T00:00Z,9188.0,,0.0,
0-20000-0-11519,RGLB_D,SUM,2022-10-24T00:00Z,3236.0,,0.0,
0-20000-0-11519,RGLB_D,SUM,2022-10-25T00:00Z,7705.0,,3.0,
0-20000-0-11519,RGLB_D,SUM,2022-10-26T00:00Z,3728.0,,0.0,
0-20000-0-11519,RGLB_D,SUM,2022-10-27T00:00Z,9308.0,,0.0,
0-20000-0-11519,RGLB_D,SUM,2022-10-28T00:00Z,7725.0,,0.0,
0-20000-0-11519,RGLB_D,SUM,2022-10-29T00:00Z,6694.0,,0.0,
0-20000-0-11519,RGLB_D,SUM,2022-10-30T00:00Z,4699.0,,0.0,
0-20000-0-11519,RGLB_D,SUM,2022-10-31T00:00Z,7351.0,,0.0,
0-20000-0-11519,RGLB_D,SUM,2022-11-01T00:00Z,2777.0,,0.0,
0-20000-0-11519,RGLB_D,SUM,2022-11-02T00:00Z,5795.0,,0.0,
0-20000-0-11519,RGLB_D,SUM,2022-11-03T00:00Z,6892.0,,0.0,
0-20000-0-11519,RGLB_D,SUM,2022-11-04T00:00Z,885.0,,0.0,
0-20000-0-11519,RGLB_D,SUM,2022-11-05T00:00Z,4073.0,,0.0,
0-20000-0-11519,RGLB_D,SUM,2022-11-06T00:00Z,5618.0,,0.0,
0-20000-0-11519,RGLB_D,SUM,2022-11-07T00:00Z,6017.0,,0.0,
0-20000-0-11519,RGLB_D,SUM,2022-11-08T00:00Z,7475.0,,0.0,
0-20000-0-11519,RGLB_D,SUM,2022-11-09T00:00Z,5899.0,,0.0,
0-20000-0-11519,RGLB_D,SUM,2022-11-10T00:00Z,6272.0,,0.0,
0-20000-0-11519,RGLB_D,SUM,2022-11-11T00:00Z,3641.0,,0.0,
0-20000-0-11519,RGLB_D,SUM,2022-11-12T00:00Z,5192.0,,0.0,
0-20000-0-11519,RGLB_D,SUM,2022-11-13T00:00Z,1764.0,,0.0,
0-20000-0-11519,RGLB_D,SUM,2022-11-14T00:00Z,6524.0,,0.0,
0-20000-0-11519,RGLB_D,SUM,2022-11-15T00:00Z,1225.0,,0.0,
0-20000-0-11519,RGLB_D,SUM,2022-11-16T00:00Z,1042.0,,0.0,
0-20000-0-11519,RGLB_D,SUM,2022-11-17T00:00Z,1256.0,,0.0,
0-20000-0-11519,RGLB_D,SUM,2022-11-18T00:00Z,741.0,,0.0,
0-20000-0-11519,RGLB_D,SUM,2022-11-19T00:00Z,3107.0,,0.0,
0-20000-0-11519,RGLB_D,SUM,2022-11-20T00:00Z,1599.0,,0.0,
0-20000-0-11519,RGLB_D,SUM,2022-11-21T00:00Z,1739.0,,0.0,
0-20000-0-11519,RGLB_D,SUM,2022-11-22T00:00Z,1238.0,,0.0,
0-20000-0-11519,RGLB_D,SUM,2022-11-23T00:00Z,2446.0,,3.0,
0-20000-0-11519,RGLB_D,SUM,2022-11-24T00:00Z,1307.0,,3.0,
0-20000-0-11519,RGLB_D,SUM,2022-11-25T00:00Z,4438.0,,0.0,
0-20000-0-11519,RGLB_D,SUM,2022-11-26T00:00Z,3146.0,,0.0,
0-20000-0-11519,RGLB_D,SUM,2022-11-27T00:00Z,3230.0,,0.0,
0-20000-0-11519,RGLB_D,SUM,2022-11-28T00:00Z,1037.0,,0.0,
0-20000-0-11519,RGLB_D,SUM,2022-11-29T00:00Z,1128.0,,0.0,
0-20000-0-11519,RGLB_D,SUM,2022-11-30T00:00Z,2354.0,,0.0,
0-20000-0-11519,RGLB_D,SUM,2022-12-01T00:00Z,3495.0,,0.0,
0-20000-0-11519,RGLB_D,SUM,2022-12-02T00:00Z,1007.0,,0.0,
0-20000-0-11519,RGLB_D,SUM,2022-12-03T00:00Z,755.0,,0.0,
0-20000-0-11519,RGLB_D,SUM,2022-12-04T00:00Z,802.0,,0.0,
0-20000-0-11519,RGLB_D,SUM,2022-12-05T00:00Z,666.0,,0.0,
0-20000-0-11519,RGLB_D,SUM,2022-12-06T00:00Z,935.0,,0.0,
0-20000-0-11519,RGLB_D,SUM,2022-12-07T00:00Z,2684.0,,0.0,
0-20000-0-11519,RGLB_D,SUM,2022-12-08T00:00Z,3181.0,,0.0,
0-20000-0-11519,RGLB_D,SUM,2022-12-09T00:00Z,2251.0,,0.0,
0-20000-0-11519,RGLB_D,SUM,2022-12-10T00:00Z,849.0,,0.0,
0-20000-0-11519,RGLB_D,SUM,2022-12-11T00:00Z,1972.0,,0.0,
0-20000-0-11519,RGLB_D,SUM,2022-12-12T00:00Z,2152.0,,0.0,
0-20000-0-11519,RGLB_D,SUM,2022-12-13T00:00Z,3732.0,,3.0,
0-20000-0-11519,RGLB_D,SUM,2022-12-14T00:00Z,933.0,,0.0,
0-20000-0-11519,RGLB_D,SUM,2022-12-15T00:00Z,4190.0,,0.0,
0-20000-0-11519,RGLB_D,SUM,2022-12-16T00:00Z,1473.0,,0.0,
0-20000-0-11519,RGLB_D,SUM,2022-12-17T00:00Z,2491.0,,0.0,
0-20000-0-11519,RGLB_D,SUM,2022-12-18T00:00Z,1402.0,,0.0,
0-20000-0-11519,RGLB_D,SUM,2022-12-19T00:00Z,2156.0,,0.0,
0-20000-0-11519,RGLB_D,SUM,2022-12-20T00:00Z,2640.0,,0.0,
0-20000-0-11519,RGLB_D,SUM,2022-12-21T00:00Z,626.0,,0.0,
0-20000-0-11519,RGLB_D,SUM,2022-12-22T00:00Z,2360.0,,0.0,
0-20000-0-11519,RGLB_D,SUM,2022-12-23T00:00Z,2299.0,,0.0,
0-20000-0-11519,RGLB_D,SUM,2022-12-24T00:00Z,2858.0,,0.0,
0-20000-0-11519,RGLB_D,SUM,2022-12-25T00:00Z,3533.0,,0.0,
0-20000-0-11519,RGLB_D,SUM,2022-12-26T00:00Z,990.0,,0.0,
0-20000-0-11519,RGLB_D,SUM,2022-12-27T00:00Z,4358.0,,3.0,
0-20000-0-11519,RGLB_D,SUM,2022-12-28T00:00Z,2684.0,,0.0,
0-20000-0-11519,RGLB_D,SUM,2022-12-29T00:00Z,2589.0,,0.0,
0-20000-0-11519,RGLB_D,SUM,2022-12-30T00:00Z,4019.0,,3.0,
0-20000-0-11519,RGLB_D,SUM,2022-12-31T00:00Z,2828.0,,0.0,
0-20000-0-11519,RGLB_D,SUM,2023-01-01T00:00Z,2728.0,,3.0,
0-20000-0-11519,RGLB_D,SUM,2023-01-02T00:00Z,3450.0,,0.0,
0-20000-0-11519,RGLB_D,SUM,2023-01-03T00:00Z,2757.0,,0.0,
0-20000-0-11519,RGLB_D,SUM,2023-01-04T00:00Z,1572.0,,0.0,
0-20000-0-11519,RGLB_D,SUM,2023-01-05T00:00Z,3161.0,,0.0,
0-20000-0-11519,RGLB_D,SUM,2023-01-06T00:00Z,1707.0,,0.0,
0-20000-0-11519,RGLB_D,SUM,2023-01-07T00:00Z,2085.0,,0.0,
0-20000-0-11519,RGLB_D,SUM,2023-01-08T00:00Z,1160.0,,0.0,
0-20000-0-11519,RGLB_D,SUM,2023-01-09T00:00Z,1467.0,,0.0,
0-20000-0-11519,RGLB_D,SUM,2023-01-10T00:00Z,2973.0,,0.0,
0-20000-0-11519,RGLB_D,SUM,2023-01-11T00:00Z,2018.0,,0.0,
0-20000-0-11519,RGLB_D,SUM,2023-01-12T00:00Z,2046.0,,0.0,
0-20000-0-11519,RGLB_D,SUM,2023-01-13T00:00Z,2142.0,,0.0,
0-20000-0-11519,RGLB_D,SUM,2023-01-14T00:00Z,4468.0,,3.0,
0-20000-0-11519,RGLB_D,SUM,2023-01-15T00:00Z,1004.0,,0.0,
0-20000-0-11519,RGLB_D,SUM,2023-01-16T00:00Z,5668.0,,3.0,
0-20000-0-11519,RGLB_D,SUM,2023-01-17T00:00Z,5218.0,,3.0,
0-20000-0-11519,RGLB_D,SUM,2023-01-18T00:00Z,2585.0,,0.0,
0-20000-0-11519,RGLB_D,SUM,2023-01-19T00:00Z,3926.0,,0.0,
0-20000-0-11519,RGLB_D,SUM,2023-01-20T00:00Z,2351.0,,0.0,
0-20000-0-11519,RGLB_D,SUM,2023-01-21T00:00Z,1602.0,,0.0,
0-20000-0-11519,RGLB_D,SUM,2023-01-22T00:00Z,1141.0,,0.0,
0-20000-0-11519,RGLB_D,SUM,2023-01-23T00:00Z,1968.0,,0.0,
0-20000-0-11519,RGLB_D,SUM,2023-01-24T00:00Z,964.0,,0.0,
0-20000-0-11519,RGLB_D,SUM,2023-01-25T00:00Z,831.0,,0.0,
0-20000-0-11519,RGLB_D,SUM,2023-01-26T00:00Z,539.0,,0.0,
0-20000-0-11519,RGLB_D,SUM,2023-01-27T00:00Z,1146.0,,0.0,
0-20000-0-11519,RGLB_D,SUM,2023-01-28T00:00Z,1162.0,,0.0,
0-20000-0-11519,RGLB_D,SUM,2023-01-29T00:00Z,4117.0,,0.0,
0-20000-0-11519,RGLB_D,SUM,2023-01-30T00:00Z,3665.0,,0.0,
0-20000-0-11519,RGLB_D,SUM,2023-01-31T00:00Z,2338.0,,0.0,
0-20000-0-11519,RGLB_D,SUM,2023-02-01T00:00Z,2742.0,,0.0,
0-20000-0-11519,RGLB_D,SUM,2023-02-02T00:00Z,4359.0,,0.0,
0-20000-0-11519,RGLB_D,SUM,2023-02-03T00:00Z,1137.0,,3.0,
0-20000-0-11519,RGLB_D,SUM,2023-02-04T00:00Z,4061.0,,3.0,
0-20000-0-11519,RGLB_D,SUM,2023-02-05T00:00Z,7283.0,,0.0,
0-20000-0-11519,RGLB_D,SUM,2023-02-06T00:00Z,5242.0,,0.0,
0-20000-0-11519,RGLB_D,SUM,2023-02-07T00:00Z,8347.0,,0.0,
0-20000-0-11519,RGLB_D,SUM,2023-02-08T00:00Z,8328.0,,0.0,
0-20000-0-11519,RGLB_D,SUM,2023-02-09T00:00Z,8926.0,,0.0,
0-20000-0-11519,RGLB_D,SUM,2023-02-10T00:00Z,4943.0,,0.0,
0-20000-0-11519,RGLB_D,SUM,2023-02-11T00:00Z,3281.0,,0.0,
0-20000-0-11519,RGLB_D,SUM,2023-02-12T00:00Z,3144.0,,0.0,
0-20000-0-11519,RGLB_D,SUM,2023-02-13T00:00Z,4040.0,,0.0,
0-20000-0-11519,RGLB_D,SUM,2023-02-14T00:00Z,2633.0,,0.0,
0-20000-0-11519,RGLB_D,SUM,2023-02-15T00:00Z,2991.0,,0.0,
0-20000-0-11519,RGLB_D,SUM,2023-02-16T00:00Z,8748.0,,0.0,
0-20000-0-11519,RGLB_D,SUM,2023-02-17T00:00Z,2018.0,,0.0,
0-20000-0-11519,RGLB_D,SUM,2023-02-18T00:00Z,4566.0,,0.0,
0-20000-0-11519,RGLB_D,SUM,2023-02-19T00:00Z,2284.0,,0.0,
0-20000-0-11519,RGLB_D,SUM,2023-02-20T00:00Z,5645.0,,0.0,
0-20000-0-11519,RGLB_D,SUM,2023-02-21T00:00Z,4057.0,,0.0,
0-20000-0-11519,RGLB_D,SUM,2023-02-22T00:00Z,4532.0,,0.0,
0-20000-0-11519,RGLB_D,SUM,2023-02-23T00:00Z,7683.0,,0.0,
0-20000-0-11519,RGLB_D,SUM,2023-02-24T00:00Z,5487.0,,0.0,
0-20000-0-11519,RGLB_D,SUM,2023-02-25T00:00Z,4439.0,,0.0,
0-20000-0-11519,RGLB_D,SUM,2023-02-26T00:00Z,4486.0,,0.0,
0-20000-0-11519,RGLB_D,SUM,2023-02-27T00:00Z,7158.0,,0.0,
0-20000-0-11519,RGLB_D,SUM,2023-02-28T00:00Z,12123.0,,0.0,
0-20000-0-11519,RGLB_D,SUM,2023-03-01T00:00Z,12349.0,,0.0,
0-20000-0-11519,RGLB_D,SUM,2023-03-02T00:00Z,12367.0,,0.0,
0-20000-0-11519,RGLB_D,SUM,2023-03-03T00:00Z,13182.0,,0.0,
0-20000-0-11519,RGLB_D,SUM,2023-03-04T00:00Z,4220.0,,0.0,
0-20000-0-11519,RGLB_D,SUM,2023-03-05T00:00Z,4882.0,,0.0,
0-20000-0-11519,RGLB_D,SUM,2023-03-06T00:00Z,6048.0,,0.0,
0-20000-0-11519,RGLB_D,SUM,2023-03-07T00:00Z,5981.0,,0.0,
0-20000-0-11519,RGLB_D,SUM,2023-03-08T00:00Z,3908.0,,0.0,
0-20000-0-11519,RGLB_D,SUM,2023-03-09T00:00Z,8541.0,,0.0,
0-20000-0-11519,RGLB_D,SUM,2023-03-10T00:00Z,6831.0,,0.0,
0-20000-0-11519,RGLB_D,SUM,2023-03-11T00:00Z,4799.0,,0.0,
0-20000-0-11519,RGLB_D,SUM,2023-03-12T00:00Z,11422.0,,3.0,
0-20000-0-11519,RGLB_D,SUM,2023-03-13T00:00Z,4916.0,,0.0,
0-20000-0-11519,RGLB_D,SUM,2023-03-14T00:00Z,4833.0,,0.0,
0-20000-0-11519,RGLB_D,SUM,2023-03-15T00:00Z,10464.0,,0.0,
0-20000-0-11519,RGLB_D,SUM,2023-03-16T00:00Z,16475.0,,0.0,
0-20000-0-11519,RGLB_D,SUM,2023-03-17T00:00Z,15029.0,,0.0,
0-20000-0-11519,RGLB_D,SUM,2023-03-18T00:00Z,13285.0,,0.0,
0-20000-0-11519,RGLB_D,SUM,2023-03-19T00:00Z,9798.0,,0.0,
0-20000-0-11519,RGLB_D,SUM,2023-03-20T00:00Z,8927.0,,0.0,
0-20000-0-11519,RGLB_D,SUM,2023-03-21T00:00Z,13349.0,,3.0,
0-20000-0-11519,RGLB_D,SUM,2023-03-22T00:00Z,15863.0,,0.0,
0-20000-0-11519,RGLB_D,SUM,2023-03-23T00:00Z,5825.0,,0.0,
0-20000-0-11519,RGLB_D,SUM,2023-03-24T00:00Z,5736.0,,0.0,
0-20000-0-11519,RGLB_D,SUM,2023-03-25T00:00Z,10963.0,,0.0,
0-20000-0-11519,RGLB_D,SUM,2023-03-26T00:00Z,8404.0,,0.0,
0-20000-0-11519,RGLB_D,SUM,2023-03-27T00:00Z,12236.0,,0.0,
0-20000-0-11519,RGLB_D,SUM,2023-03-28T00:00Z,15545.0,,0.0,
0-20000-0-11519,RGLB_D,SUM,2023-03-29T00:00Z,7410.0,,0.0,
0-20000-0-11519,RGLB_D,SUM,2023-03-30T00:00Z,5720.0,,0.0,
0-20000-0-11519,RGLB_D,SUM,2023-03-31T00:00Z,6771.0,,0.0,
0-20000-0-11519,RGLB_D,SUM,2023-04-01T00:00Z,9002.0,,0.0,
0-20000-0-11519,RGLB_D,SUM,2023-04-02T00:00Z,5972.0,,0.0,
0-20000-0-11519,RGLB_D,SUM,2023-04-03T00:00Z,13140.0,,0.0,
0-20000-0-11519,RGLB_D,SUM,2023-04-04T00:00Z,16009.0,,0.0,
0-20000-0-11519,RGLB_D,SUM,2023-04-05T00:00Z,14935.0,,0.0,
0-20000-0-11519,RGLB_D,SUM,2023-04-06T00:00Z,19886.0,,3.0,
0-20000-0-11519,RGLB_D,SUM,2023-04-07T00:00Z,8913.0,,0.0,
0-20000-0-11519,RGLB_D,SUM,2023-04-08T00:00Z,6373.0,,0.0,
0-20000-0-11519,RGLB_D,SUM,2023-04-09T00:00Z,8924.0,,0.0,
0-20000-0-11519,RGLB_D,SUM,2023-04-10T00:00Z,18439.0,,0.0,
0-20000-0-11519,RGLB_D,SUM,2023-04-11T00:00Z,9269.0,,0.0,
0-20000-0-11519,RGLB_D,SUM,2023-04-12T00:00Z,17632.0,,0.0,
0-20000-0-11519,RGLB_D,SUM,2023-04-13T00:00Z,8310.0,,0.0,
0-20000-0-11519,RGLB_D,SUM,2023-04-14T00:00Z,2828.0,,0.0,
0-20000-0-11519,RGLB_D,SUM,2023-04-15T00:00Z,7098.0,,0.0,
0-20000-0-11519,RGLB_D,SUM,2023-04-16T00:00Z,16007.0,,3.0,
0-20000-0-11519,RGLB_D,SUM,2023-04-17T00:00Z,10357.0,,0.0,
0-20000-0-11519,RGLB_D,SUM,2023-04-18T00:00Z,7294.0,,0.0,
0-20000-0-11519,RGLB_D,SUM,2023-04-19T00:00Z,16963.0,,0.0,
0-20000-0-11519,RGLB_D,SUM,2023-04-20T00:00Z,8885.0,,0.0,
0-20000-0-11519,RGLB_D,SUM,2023-04-21T00:00Z,19645.0,,0.0,
0-20000-0-11519,RGLB_D,SUM,2023-04-22T00:00Z,23516.0,,0.0,
0-20000-0-11519,RGLB_D,SUM,2023-04-23T00:00Z,7384.0,,0.0,
0-20000-0-11519,RGLB_D,SUM,2023-04-24T00:00Z,11159.0,,0.0,
0-20000-0-11519,RGLB_D,SUM,2023-04-25T00:00Z,11238.0,,0.0,
0-20000-0-11519,RGLB_D,SUM,2023-04-26T00:00Z,15213.0,,0.0,
0-20000-0-11519,RGLB_D,SUM,2023-04-27T00:00Z,19469.0,,0.0,
0-20000-0-11519,RGLB_D,SUM,2023-04-28T00:00Z,11175.0,,0.0,
0-20000-0-11519,RGLB_D,SUM,2023-04-29T00:00Z,12784.0,,0.0,
0-20000-0-11519,RGLB_D,SUM,2023-04-30T00:00Z,25513.0,,0.0,
0-20000-0-11519,RGLB_D,SUM,2023-05-01T00:00Z,22398.0,,3.0,
0-20000-0-11519,RGLB_D,SUM,2023-05-02T00:00Z,12799.0,,3.0,
0-20000-0-11519,RGLB_D,SUM,2023-05-03T00:00Z,22134.0,,3.0,
0-20000-0-11519,RGLB_D,SUM,2023-05-04T00:00Z,24270.0,,0.0,
0-20000-0-11519,RGLB_D,SUM,2023-05-05T00:00Z,24686.0,,0.0,
0-20000-0-11519,RGLB_D,SUM,2023-05-06T00:00Z,18239.0,,0.0,
0-20000-0-11519,RGLB_D,SUM,2023-05-07T00:00Z,11444.0,,0.0,
0-20000-0-11519,RGLB_D,SUM,2023-05-08T00:00Z,26850.0,,0.0,
0-20000-0-11519,RGLB_D,SUM,2023-05-09T00:00Z,27531.0,,0.0,
0-20000-0-11519,RGLB_D,SUM,2023-05-10T00:00Z,19118.0,,0.0,
0-20000-0-11519,RGLB_D,SUM,2023-05-11T00:00Z,14773.0,,0.0,
0-20000-0-11519,RGLB_D,SUM,2023-05-12T00:00Z,20337.0,,0.0,
0-20000-0-11519,RGLB_D,SUM,2023-05-13T00:00Z,8139.0,,0.0,
0-20000-0-11519,RGLB_D,SUM,2023-05-14T00:00Z,12930.0,,0.0,
0-20000-0-11519,RGLB_D,SUM,2023-05-15T00:00Z,14360.0,,0.0,
0-20000-0-11519,RGLB_D,SUM,2023-05-16T00:00Z,14974.0,,3.0,
0-20000-0-11519,RGLB_D,SUM,2023-05-17T00:00Z,14330.0,,0.0,
0-20000-0-11519,RGLB_D,SUM,2023-05-18T00:00Z,17276.0,,0.0,
0-20000-0-11519,RGLB_D,SUM,2023-05-19T00:00Z,19752.0,,0.0,
0-20000-0-11519,RGLB_D,SUM,2023-05-20T00:00Z,21736.0,,0.0,
0-20000-0-11519,RGLB_D,SUM,2023-05-21T00:00Z,26350.0,,0.0,
0-20000-0-11519,RGLB_D,SUM,2023-05-22T00:00Z,25596.0,,0.0,
0-20000-0-11519,RGLB_D,SUM,2023-05-23T00:00Z,14236.0,,0.0,
0-20000-0-11519,RGLB_D,SUM,2023-05-24T00:00Z,17435.0,,0.0,
0-20000-0-11519,RGLB_D,SUM,2023-05-25T00:00Z,28450.0,,0.0,
0-20000-0-11519,RGLB_D,SUM,2023-05-26T00:00Z,21098.0,,0.0,
0-20000-0-11519,RGLB_D,SUM,2023-05-27T00:00Z,28477.0,,0.0,
0-20000-0-11519,RGLB_D,SUM,2023-05-28T00:00Z,28453.0,,0.0,
0-20000-0-11519,RGLB_D,SUM,2023-05-29T00:00Z,28774.0,,0.0,
0-20000-0-11519,RGLB_D,SUM,2023-05-30T00:00Z,26984.0,,0.0,
0-20000-0-11519,RGLB_D,SUM,2023-05-31T00:00Z,29502.0,,0.0,
0-20000-0-11519,RGLB_D,SUM,2023-06-01T00:00Z,25457.0,,0.0,
0-20000-0-11519,RGLB_D,SUM,2023-06-02T00:00Z,24248.0,,0.0,
0-20000-0-11519,RGLB_D,SUM,2023-06-03T00:00Z,30305.0,,0.0,
0-20000-0-11519,RGLB_D,SUM,2023-06-04T00:00Z,30059.0,,0.0,
0-20000-0-11519,RGLB_D,SUM,2023-06-05T00:00Z,10516.0,,0.0,
0-20000-0-11519,RGLB_D,SUM,2023-06-06T00:00Z,8853.0,,0.0,
0-20000-0-11519,RGLB_D,SUM,2023-06-07T00:00Z,21687.0,,0.0,
0-20000-0-11519,RGLB_D,SUM,2023-06-08T00:00Z,21070.0,,0.0,
0-20000-0-11519,RGLB_D,SUM,2023-06-09T00:00Z,18768.0,,0.0,
0-20000-0-11519,RGLB_D,SUM,2023-06-10T00:00Z,16689.0,,0.0,
0-20000-0-11519,RGLB_D,SUM,2023-06-11T00:00Z,26128.0,,0.0,
0-20000-0-11519,RGLB_D,SUM,2023-06-12T00:00Z,27675.0,,0.0,
0-20000-0-11519,RGLB_D,SUM,2023-06-13T00:00Z,22143.0,,0.0,
0-20000-0-11519,RGLB_D,SUM,2023-06-14T00:00Z,18021.0,,0.0,
0-20000-0-11519,RGLB_D,SUM,2023-06-15T00:00Z,23480.0,,0.0,
0-20000-0-11519,RGLB_D,SUM,2023-06-16T00:00Z,19240.0,,0.0,
0-20000-0-11519,RGLB_D,SUM,2023-06-17T00:00Z,18591.0,,0.0,
0-20000-0-11519,RGLB_D,SUM,2023-06-18T00:00Z,27924.0,,0.0,
0-20000-0-11519,RGLB_D,SUM,2023-06-19T00:00Z,18364.0,,0.0,
0-20000-0-11519,RGLB_D,SUM,2023-06-20T00:00Z,22431.0,,0.0,
0-20000-0-11519,RGLB_D,SUM,2023-06-21T00:00Z,19522.0,,0.0,
0-20000-0-11519,RGLB_D,SUM,2023-06-22T00:00Z,25566.0,,0.0,
0-20000-0-11519,RGLB_D,SUM,2023-06-23T00:00Z,12276.0,,0.0,
0-20000-0-11519,RGLB_D,SUM,2023-06-24T00:00Z,24055.0,,0.0,
0-20000-0-11519,RGLB_D,SUM,2023-06-25T00:00Z,26335.0,,0.0,
0-20000-0-11519,RGLB_D,SUM,2023-06-26T00:00Z,24312.0,,0.0,
0-20000-0-11519,RGLB_D,SUM,2023-06-27T00:00Z,19044.0,,0.0,
0-20000-0-11519,RGLB_D,SUM,2023-06-28T00:00Z,24692.0,,0.0,
0-20000-0-11519,RGLB_D,SUM,2023-06-29T00:00Z,29846.0,,0.0,
0-20000-0-11519,RGLB_D,SUM,2023-06-30T00:00Z,8073.0,,0.0,
0-20000-0-11519,RGLB_D,SUM,2023-07-01T00:00Z,24810.0,,0.0,
0-20000-0-11519,RGLB_D,SUM,2023-07-02T00:00Z,19806.0,,0.0,
0-20000-0-11519,RGLB_D,SUM,2023-07-03T00:00Z,24722.0,,0.0,
0-20000-0-11519,RGLB_D,SUM,2023-07-04T00:00Z,24791.0,,0.0,
0-20000-0-11519,RGLB_D,SUM,2023-07-05T00:00Z,21194.0,,0.0,
0-20000-0-11519,RGLB_D,SUM,2023-07-06T00:00Z,25429.0,,0.0,
0-20000-0-11519,RGLB_D,SUM,2023-07-07T00:00Z,28681.0,,0.0,
0-20000-0-11519,RGLB_D,SUM,2023-07-08T00:00Z,29139.0,,0.0,
0-20000-0-11519,RGLB_D,SUM,2023-07-09T00:00Z,28254.0,,0.0,
0-20000-0-11519,RGLB_D,SUM,2023-07-10T00:00Z,16744.0,,0.0,
0-20000-0-11519,RGLB_D,SUM,2023-07-11T00:00Z,26292.0,,0.0,
0-20000-0-11519,RGLB_D,SUM,2023-07-12T00:00Z,19418.0,,0.0,
0-20000-0-11519,RGLB_D,SUM,2023-07-13T00:00Z,21782.0,,0.0,
0-20000-0-11519,RGLB_D,SUM,2023-07-14T00:00Z,24521.0,,0.0,
0-20000-0-11519,RGLB_D,SUM,2023-07-15T00:00Z,28263.0,,0.0,
0-20000-0-11519,RGLB_D,SUM,2023-07-16T00:00Z,14570.0,,0.0,
0-20000-0-11519,RGLB_D,SUM,2023-07-17T00:00Z,24562.0,,0.0,
0-20000-0-11519,RGLB_D,SUM,2023-07-18T00:00Z,26265.0,,0.0,
0-20000-0-11519,RGLB_D,SUM,2023-07-19T00:00Z,21117.0,,0.0,
0-20000-0-11519,RGLB_D,SUM,2023-07-20T00:00Z,18394.0,,0.0,
0-20000-0-11519,RGLB_D,SUM,2023-07-21T00:00Z,18044.0,,0.0,
0-20000-0-11519,RGLB_D,SUM,2023-07-22T00:00Z,17709.0,,0.0,
0-20000-0-11519,RGLB_D,SUM,2023-07-23T00:00Z,20586.0,,0.0,
0-20000-0-11519,RGLB_D,SUM,2023-07-24T00:00Z,11185.0,,0.0,
0-20000-0-11519,RGLB_D,SUM,2023-07-25T00:00Z,12439.0,,0.0,
0-20000-0-11519,RGLB_D,SUM,2023-07-26T00:00Z,15856.0,,0.0,
0-20000-0-11519,RGLB_D,SUM,2023-07-27T00:00Z,18093.0,,3.0,
0-20000-0-11519,RGLB_D,SUM,2023-07-28T00:00Z,16028.0,,3.0,
0-20000-0-11519,RGLB_D,SUM,2023-07-29T00:00Z,16395.0,,0.0,
0-20000-0-11519,RGLB_D,SUM,2023-07-30T00:00Z,12912.0,,0.0,
0-20000-0-11519,RGLB_D,SUM,2023-07-31T00:00Z,11254.0,,0.0,
0-20000-0-11519,RGLB_D,SUM,2023-08-01T00:00Z,10578.0,,0.0,
0-20000-0-11519,RGLB_D,SUM,2023-08-02T00:00Z,13161.0,,0.0,
0-20000-0-11519,RGLB_D,SUM,2023-08-03T00:00Z,19969.0,,0.0,
0-20000-0-11519,RGLB_D,SUM,2023-08-04T00:00Z,18298.0,,0.0,
0-20000-0-11519,RGLB_D,SUM,2023-08-05T00:00Z,6079.0,,0.0,
0-20000-0-11519,RGLB_D,SUM,2023-08-06T00:00Z,7486.0,,0.0,
0-20000-0-11519,RGLB_D,SUM,2023-08-07T00:00Z,15127.0,,0.0,
0-20000-0-11519,RGLB_D,SUM,2023-08-08T00:00Z,20179.0,,0.0,
0-20000-0-11519,RGLB_D,SUM,2023-08-09T00:00Z,16583.0,,0.0,
0-20000-0-11519,RGLB_D,SUM,2023-08-10T00:00Z,20730.0,,0.0,
0-20000-0-11519,RGLB_D,SUM,2023-08-11T00:00Z,22854.0,,0.0,
0-20000-0-11519,RGLB_D,SUM,2023-08-12T00:00Z,22680.0,,0.0,
0-20000-0-11519,RGLB_D,SUM,2023-08-13T00:00Z,16540.0,,0.0,
0-20000-0-11519,RGLB_D,SUM,2023-08-14T00:00Z,19805.0,,0.0,
0-20000-0-11519,RGLB_D,SUM,2023-08-15T00:00Z,22786.0,,0.0,
0-20000-0-11519,RGLB_D,SUM,2023-08-16T00:00Z,20064.0,,0.0,
0-20000-0-11519,RGLB_D,SUM,2023-08-17T00:00Z,18461.0,,0.0,
0-20000-0-11519,RGLB_D,SUM,2023-08-18T00:00Z,21446.0,,0.0,
0-20000-0-11519,RGLB_D,SUM,2023-08-19T00:00Z,23221.0,,0.0,
0-20000-0-11519,RGLB_D,SUM,2023-08-20T00:00Z,15789.0,,0.0,
0-20000-0-11519,RGLB_D,SUM,2023-08-21T00:00Z,15516.0,,0.0,
0-20000-0-11519,RGLB_D,SUM,2023-08-22T00:00Z,17458.0,,0.0,
0-20000-0-11519,RGLB_D,SUM,2023-08-23T00:00Z,21249.0,,0.0,
0-20000-0-11519,RGLB_D,SUM,2023-08-24T00:00Z,21711.0,,0.0,
0-20000-0-11519,RGLB_D,SUM,2023-08-25T00:00Z,14928.0,,0.0,
0-20000-0-11519,RGLB_D,SUM,2023-08-26T00:00Z,13009.0,,0.0,
0-20000-0-11519,RGLB_D,SUM,2023-08-27T00:00Z,3789.0,,0.0,
0-20000-0-11519,RGLB_D,SUM,2023-08-28T00:00Z,2647.0,,0.0,
0-20000-0-11519,RGLB_D,SUM,2023-08-29T00:00Z,3600.0,,0.0,
0-20000-0-11519,RGLB_D,SUM,2023-08-30T00:00Z,7846.0,,0.0,
0-20000-0-11519,RGLB_D,SUM,2023-08-31T00:00Z,16528.0,,0.0,
0-20000-0-11519,RGLB_D,SUM,2023-09-01T00:00Z,7745.0,,0.0,
0-20000-0-11519,RGLB_D,SUM,2023-09-02T00:00Z,13178.0,,0.0,
0-20000-0-11519,RGLB_D,SUM,2023-09-03T00:00Z,14217.0,,0.0,
0-20000-0-11519,RGLB_D,SUM,2023-09-04T00:00Z,20737.0,,0.0,
0-20000-0-11519,RGLB_D,SUM,2023-09-05T00:00Z,20341.0,,0.0,
0-20000-0-11519,RGLB_D,SUM,2023-09-06T00:00Z,20357.0,,3.0,
0-20000-0-11519,RGLB_D,SUM,2023-09-07T00:00Z,20050.0,,0.0,
0-20000-0-11519,RGLB_D,SUM,2023-09-08T00:00Z,19912.0,,0.0,
0-20000-0-11519,RGLB_D,SUM,2023-09-09T00:00Z,19625.0,,3.0,
0-20000-0-11519,RGLB_D,SUM,2023-09-10T00:00Z,19117.0,,0.0,
0-20000-0-11519,RGLB_D,SUM,2023-09-11T00:00Z,16213.0,,0.0,
0-20000-0-11519,RGLB_D,SUM,2023-09-12T00:00Z,16311.0,,3.0,
0-20000-0-11519,RGLB_D,SUM,2023-09-13T00:00Z,12699.0,,3.0,
0-20000-0-11519,RGLB_D,SUM,2023-09-14T00:00Z,11539.0,,3.0,
0-20000-0-11519,RGLB_D,SUM,2023-09-15T00:00Z,15419.0,,3.0,
0-20000-0-11519,RGLB_D,SUM,2023-09-16T00:00Z,16308.0,,3.0,
0-20000-0-11519,RGLB_D,SUM,2023-09-17T00:00Z,17730.0,,3.0,
0-20000-0-11519,RGLB_D,SUM,2023-09-18T00:00Z,15777.0,,3.0,
0-20000-0-11519,RGLB_D,SUM,2023-09-19T00:00Z,11556.0,,3.0,
0-20000-0-11519,RGLB_D,SUM,2023-09-20T00:00Z,16512.0,,3.0,
0-20000-0-11519,RGLB_D,SUM,2023-09-21T00:00Z,11731.0,,3.0,
0-20000-0-11519,RGLB_D,SUM,2023-09-22T00:00Z,5002.0,,3.0,
0-20000-0-11519,RGLB_D,SUM,2023-09-23T00:00Z,8261.0,,3.0,
0-20000-0-11519,RGLB_D,SUM,2023-09-24T00:00Z,14513.0,,3.0,
0-20000-0-11519,RGLB_D,SUM,2023-09-25T00:00Z,12856.0,,3.0,
0-20000-0-11519,RGLB_D,SUM,2023-09-26T00:00Z,14693.0,,3.0,
0-20000-0-11519,RGLB_D,SUM,2023-09-27T00:00Z,15431.0,,3.0,
0-20000-0-11519,RGLB_D,SUM,2023-09-28T00:00Z,15162.0,,3.0,
0-20000-0-11519,RGLB_D,SUM,2023-09-29T00:00Z,14087.0,,3.0,
0-20000-0-11519,RGLB_D,SUM,2023-09-30T00:00Z,12092.0,,3.0,
0-20000-0-11519,RGLB_D,SUM,2023-10-01T00:00Z,11778.0,,3.0,
0-20000-0-11519,RGLB_D,SUM,2023-10-02T00:00Z,14127.0,,3.0,
0-20000-0-11519,RGLB_D,SUM,2023-10-03T00:00Z,13082.0,,3.0,
0-20000-0-11519,RGLB_D,SUM,2023-10-04T00:00Z,11360.0,,3.0,
0-20000-0-11519,RGLB_D,SUM,2023-10-05T00:00Z,11124.0,,3.0,
0-20000-0-11519,RGLB_D,SUM,2023-10-06T00:00Z,12960.0,,3.0,
0-20000-0-11519,RGLB_D,SUM,2023-10-07T00:00Z,6587.0,,3.0,
0-20000-0-11519,RGLB_D,SUM,2023-10-08T00:00Z,5332.0,,3.0,
0-20000-0-11519,RGLB_D,SUM,2023-10-09T00:00Z,3259.0,,3.0,
0-20000-0-11519,RGLB_D,SUM,2023-10-10T00:00Z,8161.0,,3.0,
0-20000-0-11519,RGLB_D,SUM,2023-10-11T00:00Z,11378.0,,3.0,
0-20000-0-11519,RGLB_D,SUM,2023-10-12T00:00Z,3309.0,,0.0,
0-20000-0-11519,RGLB_D,SUM,2023-10-13T00:00Z,5911.0,,0.0,
0-20000-0-11519,RGLB_D,SUM,2023-10-14T00:00Z,4970.0,,3.0,
0-20000-0-11519,RGLB_D,SUM,2023-10-15T00:00Z,11303.0,,3.0,
0-20000-0-11519,RGLB_D,SUM,2023-10-16T00:00Z,10270.0,,3.0,
0-20000-0-11519,RGLB_D,SUM,2023-10-17T00:00Z,8680.0,,3.0,
0-20000-0-11519,RGLB_D,SUM,2023-10-18T00:00Z,9679.0,,3.0,
0-20000-0-11519,RGLB_D,SUM,2023-10-19T00:00Z,5600.0,,3.0,
0-20000-0-11519,RGLB_D,SUM,2023-10-20T00:00Z,3978.0,,3.0,
0-20000-0-11519,RGLB_D,SUM,2023-10-21T00:00Z,10760.0,,3.0,
0-20000-0-11519,RGLB_D,SUM,2023-10-22T00:00Z,10187.0,,3.0,
0-20000-0-11519,RGLB_D,SUM,2023-10-23T00:00Z,9386.0,,3.0,
0-20000-0-11519,RGLB_D,SUM,2023-10-24T00:00Z,2221.0,,3.0,
0-20000-0-11519,RGLB_D,SUM,2023-10-25T00:00Z,7976.0,,0.0,
0-20000-0-11519,RGLB_D,SUM,2023-10-26T00:00Z,5476.0,,3.0,
0-20000-0-11519,RGLB_D,SUM,2023-10-27T00:00Z,2955.0,,3.0,
0-20000-0-11519,RGLB_D,SUM,2023-10-28T00:00Z,5358.0,,3.0,
0-20000-0-11519,RGLB_D,SUM,2023-10-29T00:00Z,5228.0,,3.0,
0-20000-0-11519,RGLB_D,SUM,2023-10-30T00:00Z,6237.0,,3.0,
0-20000-0-11519,RGLB_D,SUM,2023-10-31T00:00Z,2196.0,,0.0,
0-20000-0-11519,RGLB_D,SUM,2023-11-01T00:00Z,6237.0,,0.0,
0-20000-0-11519,RGLB_D,SUM,2023-11-02T00:00Z,5465.0,,0.0,
0-20000-0-11519,RGLB_D,SUM,2023-11-03T00:00Z,1517.0,,0.0,
0-20000-0-11519,RGLB_D,SUM,2023-11-04T00:00Z,7963.0,,0.0,
0-20000-0-11519,RGLB_D,SUM,2023-11-05T00:00Z,4543.0,,0.0,
0-20000-0-11519,RGLB_D,SUM,2023-11-06T00:00Z,5529.0,,0.0,
0-20000-0-11519,RGLB_D,SUM,2023-11-07T00:00Z,6187.0,,0.0,
0-20000-0-11519,RGLB_D,SUM,2023-11-08T00:00Z,2281.0,,0.0,
0-20000-0-11519,RGLB_D,SUM,2023-11-09T00:00Z,6097.0,,0.0,
0-20000-0-11519,RGLB_D,SUM,2023-11-10T00:00Z,2684.0,,0.0,
0-20000-0-11519,RGLB_D,SUM,2023-11-11T00:00Z,2033.0,,0.0,
0-20000-0-11519,RGLB_D,SUM,2023-11-12T00:00Z,6097.0,,0.0,
0-20000-0-11519,RGLB_D,SUM,2023-11-13T00:00Z,1696.0,,0.0,
0-20000-0-11519,RGLB_D,SUM,2023-11-14T00:00Z,2330.0,,0.0,
0-20000-0-11519,RGLB_D,SUM,2023-11-15T00:00Z,2359.0,,0.0,
0-20000-0-11519,RGLB_D,SUM,2023-11-16T00:00Z,5143.0,,0.0,
0-20000-0-11519,RGLB_D,SUM,2023-11-17T00:00Z,4967.0,,0.0,
0-20000-0-11519,RGLB_D,SUM,2023-11-18T00:00Z,2612.0,,0.0,
0-20000-0-11519,RGLB_D,SUM,2023-11-19T00:00Z,3785.0,,0.0,
0-20000-0-11519,RGLB_D,SUM,2023-11-20T00:00Z,3489.0,,0.0,
0-20000-0-11519,RGLB_D,SUM,2023-11-21T00:00Z,2129.0,,0.0,
0-20000-0-11519,RGLB_D,SUM,2023-11-22T00:00Z,760.0,,0.0,
0-20000-0-11519,RGLB_D,SUM,2023-11-23T00:00Z,2248.0,,0.0,
0-20000-0-11519,RGLB_D,SUM,2023-11-24T00:00Z,3824.0,,0.0,
0-20000-0-11519,RGLB_D,SUM,2023-11-25T00:00Z,2985.0,,0.0,
0-20000-0-11519,RGLB_D,SUM,2023-11-26T00:00Z,2696.0,,0.0,
0-20000-0-11519,RGLB_D,SUM,2023-11-27T00:00Z,2141.0,,0.0,
0-20000-0-11519,RGLB_D,SUM,2023-11-28T00:00Z,971.0,,3.0,
0-20000-0-11519,RGLB_D,SUM,2023-11-29T00:00Z,4930.0,,0.0,
0-20000-0-11519,RGLB_D,SUM,2023-11-30T00:00Z,2895.0,,0.0,
0-20000-0-11519,RGLB_D,SUM,2023-12-01T00:00Z,712.0,,0.0,
0-20000-0-11519,RGLB_D,SUM,2023-12-02T00:00Z,1475.0,,0.0,
0-20000-0-11519,RGLB_D,SUM,2023-12-03T00:00Z,2982.0,,3.0,
0-20000-0-11519,RGLB_D,SUM,2023-12-04T00:00Z,4252.0,,0.0,
0-20000-0-11519,RGLB_D,SUM,2023-12-05T00:00Z,2329.0,,0.0,
0-20000-0-11519,RGLB_D,SUM,2023-12-06T00:00Z,2436.0,,0.0,
0-20000-0-11519,RGLB_D,SUM,2023-12-07T00:00Z,958.0,,0.0,
0-20000-0-11519,RGLB_D,SUM,2023-12-08T00:00Z,3545.0,,0.0,
0-20000-0-11519,RGLB_D,SUM,2023-12-09T00:00Z,1635.0,,0.0,
0-20000-0-11519,RGLB_D,SUM,2023-12-10T00:00Z,2454.0,,3.0,
0-20000-0-11519,RGLB_D,SUM,2023-12-11T00:00Z,2865.0,,0.0,
0-20000-0-11519,RGLB_D,SUM,2023-12-12T00:00Z,3656.0,,3.0,
0-20000-0-11519,RGLB_D,SUM,2023-12-13T00:00Z,2139.0,,0.0,
0-20000-0-11519,RGLB_D,SUM,2023-12-14T00:00Z,1360.0,,0.0,
0-20000-0-11519,RGLB_D,SUM,2023-12-15T00:00Z,3131.0,,0.0,
0-20000-0-11519,RGLB_D,SUM,2023-12-16T00:00Z,1692.0,,0.0,
0-20000-0-11519,RGLB_D,SUM,2023-12-17T00:00Z,4373.0,,3.0,
0-20000-0-11519,RGLB_D,SUM,2023-12-18T00:00Z,4776.0,,3.0,
0-20000-0-11519,RGLB_D,SUM,2023-12-19T00:00Z,3418.0,,0.0,
0-20000-0-11519,RGLB_D,SUM,2023-12-20T00:00Z,2809.0,,0.0,
0-20000-0-11519,RGLB_D,SUM,2023-12-21T00:00Z,589.0,,0.0,
0-20000-0-11519,RGLB_D,SUM,2023-12-22T00:00Z,1434.0,,0.0,
0-20000-0-11519,RGLB_D,SUM,2023-12-23T00:00Z,576.0,,0.0,
0-20000-0-11519,RGLB_D,SUM,2023-12-24T00:00Z,1318.0,,0.0,
0-20000-0-11519,RGLB_D,SUM,2023-12-25T00:00Z,1192.0,,0.0,
0-20000-0-11519,RGLB_D,SUM,2023-12-26T00:00Z,1781.0,,0.0,
0-20000-0-11519,RGLB_D,SUM,2023-12-27T00:00Z,4230.0,,3.0,
0-20000-0-11519,RGLB_D,SUM,2023-12-28T00:00Z,1155.0,,0.0,
0-20000-0-11519,RGLB_D,SUM,2023-12-29T00:00Z,3440.0,,3.0,
0-20000-0-11519,RGLB_D,SUM,2023-12-30T00:00Z,2995.0,,3.0,
0-20000-0-11519,RGLB_D,SUM,2023-12-31T00:00Z,2618.0,,3.0,
0-20000-0-11519,RGLB_D,SUM,2024-01-01T00:00Z,3586.0,,3.0,
0-20000-0-11519,RGLB_D,SUM,2024-01-02T00:00Z,920.0,,0.0,
0-20000-0-11519,RGLB_D,SUM,2024-01-03T00:00Z,2250.0,,0.0,
0-20000-0-11519,RGLB_D,SUM,2024-01-04T00:00Z,2624.0,,0.0,
0-20000-0-11519,RGLB_D,SUM,2024-01-05T00:00Z,2669.0,,0.0,
0-20000-0-11519,RGLB_D,SUM,2024-01-06T00:00Z,939.0,,0.0,
0-20000-0-11519,RGLB_D,SUM,2024-01-07T00:00Z,2277.0,,0.0,
0-20000-0-11519,RGLB_D,SUM,2024-01-08T00:00Z,3904.0,,0.0,
0-20000-0-11519,RGLB_D,SUM,2024-01-09T00:00Z,5370.0,,3.0,
0-20000-0-11519,RGLB_D,SUM,2024-01-10T00:00Z,5259.0,,3.0,
0-20000-0-11519,RGLB_D,SUM,2024-01-11T00:00Z,4203.0,,3.0,
0-20000-0-11519,RGLB_D,SUM,2024-01-12T00:00Z,1842.0,,0.0,
0-20000-0-11519,RGLB_D,SUM,2024-01-13T00:00Z,1373.0,,0.0,
0-20000-0-11519,RGLB_D,SUM,2024-01-14T00:00Z,3017.0,,0.0,
0-20000-0-11519,RGLB_D,SUM,2024-01-15T00:00Z,3512.0,,0.0,
0-20000-0-11519,RGLB_D,SUM,2024-01-16T00:00Z,3137.0,,0.0,
0-20000-0-11519,RGLB_D,SUM,2024-01-17T00:00Z,2068.0,,0.0,
0-20000-0-11519,RGLB_D,SUM,2024-01-18T00:00Z,938.0,,0.0,
0-20000-0-11519,RGLB_D,SUM,2024-01-19T00:00Z,6161.0,,3.0,
0-20000-0-11519,RGLB_D,SUM,2024-01-20T00:00Z,6452.0,,3.0,
0-20000-0-11519,RGLB_D,SUM,2024-01-21T00:00Z,4563.0,,3.0,
0-20000-0-11519,RGLB_D,SUM,2024-01-22T00:00Z,1295.0,,0.0,
0-20000-0-11519,RGLB_D,SUM,2024-01-23T00:00Z,2198.0,,0.0,
0-20000-0-11519,RGLB_D,SUM,2024-01-24T00:00Z,3537.0,,0.0,
0-20000-0-11519,RGLB_D,SUM,2024-01-25T00:00Z,5413.0,,0.0,
0-20000-0-11519,RGLB_D,SUM,2024-01-26T00:00Z,2504.0,,0.0,
0-20000-0-11519,RGLB_D,SUM,2024-01-27T00:00Z,4965.0,,0.0,
0-20000-0-11519,RGLB_D,SUM,2024-01-28T00:00Z,7318.0,,3.0,
0-20000-0-11519,RGLB_D,SUM,2024-01-29T00:00Z,7010.0,,3.0,
0-20000-0-11519,RGLB_D,SUM,2024-01-30T00:00Z,1899.0,,0.0,
0-20000-0-11519,RGLB_D,SUM,2024-01-31T00:00Z,3233.0,,0.0,
0-20000-0-11519,RGLB_D,SUM,2024-02-01T00:00Z,4280.0,,0.0,
0-20000-0-11519,RGLB_D,SUM,2024-02-02T00:00Z,2818.0,,0.0,
0-20000-0-11519,RGLB_D,SUM,2024-02-03T00:00Z,3240.0,,0.0,
0-20000-0-11519,RGLB_D,SUM,2024-02-04T00:00Z,2273.0,,0.0,
0-20000-0-11519,RGLB_D,SUM,2024-02-05T00:00Z,6686.0,,0.0,
0-20000-0-11519,RGLB_D,SUM,2024-02-06T00:00Z,1828.0,,0.0,
0-20000-0-11519,RGLB_D,SUM,2024-02-07T00:00Z,2482.0,,0.0,
0-20000-0-11519,RGLB_D,SUM,2024-02-08T00:00Z,2364.0,,3.0,
0-20000-0-11519,RGLB_D,SUM,2024-02-09T00:00Z,3417.0,,0.0,
0-20000-0-11519,RGLB_D,SUM,2024-02-10T00:00Z,6831.0,,0.0,
0-20000-0-11519,RGLB_D,SUM,2024-02-11T00:00Z,1398.0,,0.0,
0-20000-0-11519,RGLB_D,SUM,2024-02-12T00:00Z,6361.0,,0.0,
0-20000-0-11519,RGLB_D,SUM,2024-02-13T00:00Z,7234.0,,0.0,
0-20000-0-11519,RGLB_D,SUM,2024-02-14T00:00Z,4900.0,,0.0,
0-20000-0-11519,RGLB_D,SUM,2024-02-15T00:00Z,4838.0,,0.0,
0-20000-0-11519,RGLB_D,SUM,2024-02-16T00:00Z,6224.0,,0.0,
0-20000-0-11519,RGLB_D,SUM,2024-02-17T00:00Z,4392.0,,0.0,
0-20000-0-11519,RGLB_D,SUM,2024-02-18T00:00Z,9292.0,,0.0,
0-20000-0-11519,RGLB_D,SUM,2024-02-19T00:00Z,3680.0,,0.0,
0-20000-0-11519,RGLB_D,SUM,2024-02-20T00:00Z,4289.0,,3.0,
0-20000-0-11519,RGLB_D,SUM,2024-02-21T00:00Z,5906.0,,0.0,
0-20000-0-11519,RGLB_D,SUM,2024-02-22T00:00Z,2452.0,,0.0,
0-20000-0-11519,RGLB_D,SUM,2024-02-23T00:00Z,3479.0,,0.0,
0-20000-0-11519,RGLB_D,SUM,2024-02-24T00:00Z,11718.0,,3.0,
0-20000-0-11519,RGLB_D,SUM,2024-02-25T00:00Z,6639.0,,0.0,
0-20000-0-11519,RGLB_D,SUM,2024-02-26T00:00Z,3674.0,,0.0,
0-20000-0-11519,RGLB_D,SUM,2024-02-27T00:00Z,4509.0,,0.0,
0-20000-0-11519,RGLB_D,SUM,2024-02-28T00:00Z,2763.0,,0.0,
0-20000-0-11519,RGLB_D,SUM,2024-02-29T00:00Z,2947.0,,0.0,
0-20000-0-11519,RGLB_D,SUM,2024-03-01T00:00Z,4844.0,,0.0,
0-20000-0-11519,RGLB_D,SUM,2024-03-02T00:00Z,6533.0,,0.0,
0-20000-0-11519,RGLB_D,SUM,2024-03-03T00:00Z,6669.0,,0.0,
0-20000-0-11519,RGLB_D,SUM,2024-03-04T00:00Z,10115.0,,0.0,
0-20000-0-11519,RGLB_D,SUM,2024-03-05T00:00Z,3176.0,,0.0,
0-20000-0-11519,RGLB_D,SUM,2024-03-06T00:00Z,7077.0,,0.0,
0-20000-0-11519,RGLB_D,SUM,2024-03-07T00:00Z,4332.0,,0.0,
0-20000-0-11519,RGLB_D,SUM,2024-03-08T00:00Z,10489.0,,0.0,
0-20000-0-11519,RGLB_D,SUM,2024-03-09T00:00Z,9453.0,,0.0,
0-20000-0-11519,RGLB_D,SUM,2024-03-10T00:00Z,9291.0,,0.0,
0-20000-0-11519,RGLB_D,SUM,2024-03-11T00:00Z,12635.0,,0.0,
0-20000-0-11519,RGLB_D,SUM,2024-03-12T00:00Z,5628.0,,3.0,
0-20000-0-11519,RGLB_D,SUM,2024-03-13T00:00Z,13046.0,,0.0,
0-20000-0-11519,RGLB_D,SUM,2024-03-14T00:00Z,7608.0,,0.0,
0-20000-0-11519,RGLB_D,SUM,2024-03-15T00:00Z,10724.0,,0.0,
0-20000-0-11519,RGLB_D,SUM,2024-03-16T00:00Z,9346.0,,0.0,
0-20000-0-11519,RGLB_D,SUM,2024-03-17T00:00Z,13704.0,,0.0,
0-20000-0-11519,RGLB_D,SUM,2024-03-18T00:00Z,15898.0,,0.0,
0-20000-0-11519,RGLB_D,SUM,2024-03-19T00:00Z,17641.0,,0.0,
0-20000-0-11519,RGLB_D,SUM,2024-03-20T00:00Z,14769.0,,0.0,
0-20000-0-11519,RGLB_D,SUM,2024-03-21T00:00Z,9163.0,,0.0,
0-20000-0-11519,RGLB_D,SUM,2024-03-22T00:00Z,13146.0,,0.0,
0-20000-0-11519,RGLB_D,SUM,2024-03-23T00:00Z,7901.0,,0.0,
0-20000-0-11519,RGLB_D,SUM,2024-03-24T00:00Z,9246.0,,0.0,
0-20000-0-11519,RGLB_D,SUM,2024-03-25T00:00Z,8577.0,,0.0,
0-20000-0-11519,RGLB_D,SUM,2024-03-26T00:00Z,16397.0,,0.0,
0-20000-0-11519,RGLB_D,SUM,2024-03-27T00:00Z,14831.0,,0.0,
0-20000-0-11519,RGLB_D,SUM,2024-03-28T00:00Z,12665.0,,0.0,
0-20000-0-11519,RGLB_D,SUM,2024-03-29T00:00Z,15986.0,,0.0,
0-20000-0-11519,RGLB_D,SUM,2024-03-30T00:00Z,14598.0,,0.0,
0-20000-0-11519,RGLB_D,SUM,2024-03-31T00:00Z,13336.0,,0.0,
0-20000-0-11519,RGLB_D,SUM,2024-04-01T00:00Z,10089.0,,0.0,
0-20000-0-11519,RGLB_D,SUM,2024-04-02T00:00Z,17596.0,,0.0,
0-20000-0-11519,RGLB_D,SUM,2024-04-03T00:00Z,11222.0,,0.0,
0-20000-0-11519,RGLB_D,SUM,2024-04-04T00:00Z,10753.0,,0.0,
0-20000-0-11519,RGLB_D,SUM,2024-04-05T00:00Z,15094.0,,0.0,
0-20000-0-11519,RGLB_D,SUM,2024-04-06T00:00Z,18387.0,,0.0,
0-20000-0-11519,RGLB_D,SUM,2024-04-07T00:00Z,19278.0,,0.0,
0-20000-0-11519,RGLB_D,SUM,2024-04-08T00:00Z,16405.0,,0.0,
0-20000-0-11519,RGLB_D,SUM,2024-04-09T00:00Z,17527.0,,0.0,
0-20000-0-11519,RGLB_D,SUM,2024-04-10T00:00Z,6478.0,,0.0,
0-20000-0-11519,RGLB_D,SUM,2024-04-11T00:00Z,20765.0,,0.0,
0-20000-0-11519,RGLB_D,SUM,2024-04-12T00:00Z,20231.0,,0.0,
0-20000-0-11519,RGLB_D,SUM,2024-04-13T00:00Z,19097.0,,0.0,
0-20000-0-11519,RGLB_D,SUM,2024-04-14T00:00Z,16642.0,,0.0,
0-20000-0-11519,RGLB_D,SUM,2024-04-15T00:00Z,12597.0,,0.0,
0-20000-0-11519,RGLB_D,SUM,2024-04-16T00:00Z,19499.0,,0.0,
0-20000-0-11519,RGLB_D,SUM,2024-04-17T00:00Z,15668.0,,0.0,
0-20000-0-11519,RGLB_D,SUM,2024-04-18T00:00Z,14558.0,,0.0,
0-20000-0-11519,RGLB_D,SUM,2024-04-19T00:00Z,8808.0,,0.0,
0-20000-0-11519,RGLB_D,SUM,2024-04-20T00:00Z,9893.0,,0.0,
0-20000-0-11519,RGLB_D,SUM,2024-04-21T00:00Z,20342.0,,0.0,
0-20000-0-11519,RGLB_D,SUM,2024-04-22T00:00Z,18029.0,,0.0,
0-20000-0-11519,RGLB_D,SUM,2024-04-23T00:00Z,16575.0,,0.0,
0-20000-0-11519,RGLB_D,SUM,2024-04-24T00:00Z,13907.0,,0.0,
0-20000-0-11519,RGLB_D,SUM,2024-04-25T00:00Z,15050.0,,0.0,
0-20000-0-11519,RGLB_D,SUM,2024-04-26T00:00Z,20240.0,,0.0,
0-20000-0-11519,RGLB_D,SUM,2024-04-27T00:00Z,24412.0,,0.0,
0-20000-0-11519,RGLB_D,SUM,2024-04-28T00:00Z,22199.0,,0.0,
0-20000-0-11519,RGLB_D,SUM,2024-04-29T00:00Z,23095.0,,0.0,
0-20000-0-11519,RGLB_D,SUM,2024-04-30T00:00Z,25386.0,,0.0,
0-20000-0-11519,RGLB_D,SUM,2024-05-01T00:00Z,22302.0,,0.0,
0-20000-0-11519,RGLB_D,SUM,2024-05-02T00:00Z,20597.0,,0.0,
0-20000-0-11519,RGLB_D,SUM,2024-05-03T00:00Z,9053.0,,0.0,
0-20000-0-11519,RGLB_D,SUM,2024-05-04T00:00Z,19931.0,,0.0,
0-20000-0-11519,RGLB_D,SUM,2024-05-05T00:00Z,16917.0,,0.0,
0-20000-0-11519,RGLB_D,SUM,2024-05-06T00:00Z,12395.0,,0.0,
0-20000-0-11519,RGLB_D,SUM,2024-05-07T00:00Z,4544.0,,0.0,
0-20000-0-11519,RGLB_D,SUM,2024-05-08T00:00Z,12360.0,,0.0,
0-20000-0-11519,RGLB_D,SUM,2024-05-09T00:00Z,25198.0,,0.0,
0-20000-0-11519,RGLB_D,SUM,2024-05-10T00:00Z,24329.0,,3.0,
0-20000-0-11519,RGLB_D,SUM,2024-05-11T00:00Z,20652.0,,0.0,
0-20000-0-11519,RGLB_D,SUM,2024-05-12T00:00Z,19140.0,,0.0,
0-20000-0-11519,RGLB_D,SUM,2024-05-13T00:00Z,25962.0,,0.0,
0-20000-0-11519,RGLB_D,SUM,2024-05-14T00:00Z,28407.0,,0.0,
0-20000-0-11519,RGLB_D,SUM,2024-05-15T00:00Z,27920.0,,0.0,
0-20000-0-11519,RGLB_D,SUM,2024-05-16T00:00Z,14822.0,,0.0,
0-20000-0-11519,RGLB_D,SUM,2024-05-17T00:00Z,5220.0,,0.0,
0-20000-0-11519,RGLB_D,SUM,2024-05-18T00:00Z,9066.0,,0.0,
0-20000-0-11519,RGLB_D,SUM,2024-05-19T00:00Z,18324.0,,0.0,
0-20000-0-11519,RGLB_D,SUM,2024-05-20T00:00Z,24176.0,,0.0,
0-20000-0-11519,RGLB_D,SUM,2024-05-21T00:00Z,11758.0,,0.0,
0-20000-0-11519,RGLB_D,SUM,2024-05-22T00:00Z,9774.0,,0.0,
0-20000-0-11519,RGLB_D,SUM,2024-05-23T00:00Z,21593.0,,0.0,
0-20000-0-11519,RGLB_D,SUM,2024-05-24T00:00Z,14111.0,,0.0,
0-20000-0-11519,RGLB_D,SUM,2024-05-25T00:00Z,19549.0,,0.0,
0-20000-0-11519,RGLB_D,SUM,2024-05-26T00:00Z,19831.0,,0.0,
0-20000-0-11519,RGLB_D,SUM,2024-05-27T00:00Z,16594.0,,0.0,
0-20000-0-11519,RGLB_D,SUM,2024-05-28T00:00Z,9608.0,,0.0,
0-20000-0-11519,RGLB_D,SUM,2024-05-29T00:00Z,24811.0,,0.0,
0-20000-0-11519,RGLB_D,SUM,2024-05-30T00:00Z,12830.0,,0.0,
0-20000-0-11519,RGLB_D,SUM,2024-05-31T00:00Z,14957.0,,0.0,
0-20000-0-11519,RGLB_D,SUM,2024-06-01T00:00Z,6597.0,,3.0,
0-20000-0-11519,RGLB_D,SUM,2024-06-02T00:00Z,10991.0,,3.0,
0-20000-0-11519,RGLB_D,SUM,2024-06-03T00:00Z,8036.0,,0.0,
0-20000-0-11519,RGLB_D,SUM,2024-06-04T00:00Z,15996.0,,0.0,
0-20000-0-11519,RGLB_D,SUM,2024-06-05T00:00Z,23670.0,,0.0,
0-20000-0-11519,RGLB_D,SUM,2024-06-06T00:00Z,20651.0,,0.0,
0-20000-0-11519,RGLB_D,SUM,2024-06-07T00:00Z,21694.0,,0.0,
0-20000-0-11519,RGLB_D,SUM,2024-06-08T00:00Z,28039.0,,0.0,
0-20000-0-11519,RGLB_D,SUM,2024-06-09T00:00Z,26709.0,,0.0,
0-20000-0-11519,RGLB_D,SUM,2024-06-10T00:00Z,19900.0,,0.0,
0-20000-0-11519,RGLB_D,SUM,2024-06-11T00:00Z,20935.0,,0.0,
0-20000-0-11519,RGLB_D,SUM,2024-06-12T00:00Z,21580.0,,0.0,
0-20000-0-11519,RGLB_D,SUM,2024-06-13T00:00Z,15926.0,,0.0,
0-20000-0-11519,RGLB_D,SUM,2024-06-14T00:00Z,12527.0,,0.0,
0-20000-0-11519,RGLB_D,SUM,2024-06-15T00:00Z,13268.0,,0.0,
0-20000-0-11519,RGLB_D,SUM,2024-06-16T00:00Z,23029.0,,0.0,
0-20000-0-11519,RGLB_D,SUM,2024-06-17T00:00Z,20426.0,,0.0,
0-20000-0-11519,RGLB_D,SUM,2024-06-18T00:00Z,28135.0,,0.0,
0-20000-0-11519,RGLB_D,SUM,2024-06-19T00:00Z,17293.0,,0.0,
0-20000-0-11519,RGLB_D,SUM,2024-06-20T00:00Z,18996.0,,0.0,
0-20000-0-11519,RGLB_D,SUM,2024-06-21T00:00Z,20848.0,,0.0,
0-20000-0-11519,RGLB_D,SUM,2024-06-22T00:00Z,24988.0,,0.0,
0-20000-0-11519,RGLB_D,SUM,2024-06-23T00:00Z,26034.0,,0.0,
0-20000-0-11519,RGLB_D,SUM,2024-06-24T00:00Z,25632.0,,0.0,
0-20000-0-11519,RGLB_D,SUM,2024-06-25T00:00Z,28111.0,,0.0,
0-20000-0-11519,RGLB_D,SUM,2024-06-26T00:00Z,24974.0,,0.0,
0-20000-0-11519,RGLB_D,SUM,2024-06-27T00:00Z,19278.0,,0.0,
0-20000-0-11519,RGLB_D,SUM,2024-06-28T00:00Z,20113.0,,0.0,
0-20000-0-11519,RGLB_D,SUM,2024-06-29T00:00Z,26033.0,,0.0,
0-20000-0-11519,RGLB_D,SUM,2024-06-30T00:00Z,19759.0,,0.0,
0-20000-0-11519,RGLB_D,SUM,2024-07-01T00:00Z,18625.0,,0.0,
0-20000-0-11519,RGLB_D,SUM,2024-07-02T00:00Z,13312.0,,0.0,
0-20000-0-11519,RGLB_D,SUM,2024-07-03T00:00Z,11290.0,,0.0,
0-20000-0-11519,RGLB_D,SUM,2024-07-04T00:00Z,18581.0,,0.0,
0-20000-0-11519,RGLB_D,SUM,2024-07-05T00:00Z,16188.0,,0.0,
0-20000-0-11519,RGLB_D,SUM,2024-07-06T00:00Z,24588.0,,0.0,
0-20000-0-11519,RGLB_D,SUM,2024-07-07T00:00Z,9855.0,,0.0,
0-20000-0-11519,RGLB_D,SUM,2024-07-08T00:00Z,20414.0,,0.0,
0-20000-0-11519,RGLB_D,SUM,2024-07-09T00:00Z,26652.0,,0.0,
0-20000-0-11519,RGLB_D,SUM,2024-07-10T00:00Z,16815.0,,0.0,
0-20000-0-11519,RGLB_D,SUM,2024-07-11T00:00Z,20790.0,,0.0,
0-20000-0-11519,RGLB_D,SUM,2024-07-12T00:00Z,14860.0,,0.0,
0-20000-0-11519,RGLB_D,SUM,2024-07-13T00:00Z,19005.0,,0.0,
0-20000-0-11519,RGLB_D,SUM,2024-07-14T00:00Z,25188.0,,0.0,
0-20000-0-11519,RGLB_D,SUM,2024-07-15T00:00Z,27271.0,,0.0,
0-20000-0-11519,RGLB_D,SUM,2024-07-16T00:00Z,14351.0,,0.0,
0-20000-0-11519,RGLB_D,SUM,2024-07-17T00:00Z,16445.0,,0.0,
0-20000-0-11519,RGLB_D,SUM,2024-07-18T00:00Z,23577.0,,0.0,
0-20000-0-11519,RGLB_D,SUM,2024-07-19T00:00Z,25413.0,,0.0,
0-20000-0-11519,RGLB_D,SUM,2024-07-20T00:00Z,20635.0,,0.0,
0-20000-0-11519,RGLB_D,SUM,2024-07-21T00:00Z,26543.0,,3.0,
0-20000-0-11519,RGLB_D,SUM,2024-07-22T00:00Z,15822.0,,0.0,
0-20000-0-11519,RGLB_D,SUM,2024-07-23T00:00Z,16560.0,,0.0,
0-20000-0-11519,RGLB_D,SUM,2024-07-24T00:00Z,22198.0,,3.0,
0-20000-0-11519,RGLB_D,SUM,2024-07-25T00:00Z,22112.0,,0.0,
0-20000-0-11519,RGLB_D,SUM,2024-07-26T00:00Z,19435.0,,0.0,
0-20000-0-11519,RGLB_D,SUM,2024-07-27T00:00Z,18009.0,,0.0,
0-20000-0-11519,RGLB_D,SUM,2024-07-28T00:00Z,20349.0,,3.0,
0-20000-0-11519,RGLB_D,SUM,2024-07-29T00:00Z,26367.0,,0.0,
0-20000-0-11519,RGLB_D,SUM,2024-07-30T00:00Z,27390.0,,0.0,
0-20000-0-11519,RGLB_D,SUM,2024-07-31T00:00Z,25134.0,,0.0,
0-20000-0-11519,RGLB_D,SUM,2024-08-01T00:00Z,24231.0,,0.0,
0-20000-0-11519,RGLB_D,SUM,2024-08-02T00:00Z,7100.0,,0.0,
0-20000-0-11519,RGLB_D,SUM,2024-08-03T00:00Z,16861.0,,0.0,
0-20000-0-11519,RGLB_D,SUM,2024-08-04T00:00Z,13661.0,,0.0,
0-20000-0-11519,RGLB_D,SUM,2024-08-05T00:00Z,16527.0,,3.0,
0-20000-0-11519,RGLB_D,SUM,2024-08-06T00:00Z,25522.0,,3.0,
0-20000-0-11519,RGLB_D,SUM,2024-08-07T00:00Z,22089.0,,0.0,
0-20000-0-11519,RGLB_D,SUM,2024-08-08T00:00Z,11908.0,,0.0,
0-20000-0-11519,RGLB_D,SUM,2024-08-09T00:00Z,19691.0,,0.0,
0-20000-0-11519,RGLB_D,SUM,2024-08-10T00:00Z,20031.0,,0.0,
0-20000-0-11519,RGLB_D,SUM,2024-08-11T00:00Z,24430.0,,0.0,
0-20000-0-11519,RGLB_D,SUM,2024-08-12T00:00Z,23939.0,,0.0,
0-20000-0-11519,RGLB_D,SUM,2024-08-13T00:00Z,22708.0,,0.0,
0-20000-0-11519,RGLB_D,SUM,2024-08-14T00:00Z,23159.0,,0.0,
0-20000-0-11519,RGLB_D,SUM,2024-08-15T00:00Z,18262.0,,0.0,
0-20000-0-11519,RGLB_D,SUM,2024-08-16T00:00Z,18977.0,,0.0,
0-20000-0-11519,RGLB_D,SUM,2024-08-17T00:00Z,15154.0,,0.0,
0-20000-0-11519,RGLB_D,SUM,2024-08-18T00:00Z,11171.0,,0.0,
0-20000-0-11519,RGLB_D,SUM,2024-08-19T00:00Z,6760.0,,3.0,
0-20000-0-11519,RGLB_D,SUM,2024-08-20T00:00Z,21415.0,,3.0,
0-20000-0-11519,RGLB_D,SUM,2024-08-21T00:00Z,16853.0,,0.0,
0-20000-0-11519,RGLB_D,SUM,2024-08-22T00:00Z,18684.0,,0.0,
0-20000-0-11519,RGLB_D,SUM,2024-08-23T00:00Z,20691.0,,0.0,
0-20000-0-11519,RGLB_D,SUM,2024-08-24T00:00Z,22032.0,,0.0,
0-20000-0-11519,RGLB_D,SUM,2024-08-25T00:00Z,9347.0,,0.0,
0-20000-0-11519,RGLB_D,SUM,2024-08-26T00:00Z,16906.0,,0.0,
0-20000-0-11519,RGLB_D,SUM,2024-08-27T00:00Z,21081.0,,0.0,
0-20000-0-11519,RGLB_D,SUM,2024-08-28T00:00Z,19531.0,,0.0,
0-20000-0-11519,RGLB_D,SUM,2024-08-29T00:00Z,20431.0,,0.0,
0-20000-0-11519,RGLB_D,SUM,2024-08-30T00:00Z,19896.0,,0.0,
0-20000-0-11519,RGLB_D,SUM,2024-08-31T00:00Z,18873.0,,0.0,
0-20000-0-11519,RGLB_D,SUM,2024-09-01T00:00Z,19522.0,,0.0,
0-20000-0-11519,RGLB_D,SUM,2024-09-02T00:00Z,17416.0,,0.0,
0-20000-0-11519,RGLB_D,SUM,2024-09-03T00:00Z,17566.0,,0.0,
0-20000-0-11519,RGLB_D,SUM,2024-09-04T00:00Z,17637.0,,0.0,
0-20000-0-11519,RGLB_D,SUM,2024-09-05T00:00Z,17376.0,,0.0,
0-20000-0-11519,RGLB_D,SUM,2024-09-06T00:00Z,18547.0,,0.0,
0-20000-0-11519,RGLB_D,SUM,2024-09-07T00:00Z,18240.0,,0.0,
0-20000-0-11519,RGLB_D,SUM,2024-09-08T00:00Z,17627.0,,0.0,
0-20000-0-11519,RGLB_D,SUM,2024-09-09T00:00Z,5373.0,,0.0,
0-20000-0-11519,RGLB_D,SUM,2024-09-10T00:00Z,12335.0,,0.0,
0-20000-0-11519,RGLB_D,SUM,2024-09-11T00:00Z,7630.0,,0.0,
0-20000-0-11519,RGLB_D,SUM,2024-09-12T00:00Z,5669.0,,0.0,
0-20000-0-11519,RGLB_D,SUM,2024-09-13T00:00Z,2118.0,,0.0,
0-20000-0-11519,RGLB_D,SUM,2024-09-14T00:00Z,1822.0,,0.0,
0-20000-0-11519,RGLB_D,SUM,2024-09-15T00:00Z,912.0,,0.0,
0-20000-0-11519,RGLB_D,SUM,2024-09-16T00:00Z,4988.0,,0.0,
0-20000-0-11519,RGLB_D,SUM,2024-09-17T00:00Z,13552.0,,0.0,
0-20000-0-11519,RGLB_D,SUM,2024-09-18T00:00Z,15904.0,,0.0,
0-20000-0-11519,RGLB_D,SUM,2024-09-19T00:00Z,15302.0,,0.0,
0-20000-0-11519,RGLB_D,SUM,2024-09-20T00:00Z,15363.0,,0.0,
0-20000-0-11519,RGLB_D,SUM,2024-09-21T00:00Z,16863.0,,0.0,
0-20000-0-11519,RGLB_D,SUM,2024-09-22T00:00Z,16284.0,,0.0,
0-20000-0-11519,RGLB_D,SUM,2024-09-23T00:00Z,15368.0,,0.0,
0-20000-0-11519,RGLB_D,SUM,2024-09-24T00:00Z,7927.0,,0.0,
0-20000-0-11519,RGLB_D,SUM,2024-09-25T00:00Z,13586.0,,0.0,
0-20000-0-11519,RGLB_D,SUM,2024-09-26T00:00Z,3296.0,,0.0,
0-20000-0-11519,RGLB_D,SUM,2024-09-27T00:00Z,10751.0,,0.0,
0-20000-0-11519,RGLB_D,SUM,2024-09-28T00:00Z,8325.0,,0.0,
0-20000-0-11519,RGLB_D,SUM,2024-09-29T00:00Z,11909.0,,0.0,
0-20000-0-11519,RGLB_D,SUM,2024-09-30T00:00Z,10345.0,,0.0,
0-20000-0-11519,RGLB_D,SUM,2024-10-01T00:00Z,8548.0,,0.0,
0-20000-0-11519,RGLB_D,SUM,2024-10-02T00:00Z,1856.0,,0.0,
0-20000-0-11519,RGLB_D,SUM,2024-10-03T00:00Z,5038.0,,0.0,
0-20000-0-11519,RGLB_D,SUM,2024-10-04T00:00Z,2844.0,,0.0,
0-20000-0-11519,RGLB_D,SUM,2024-10-05T00:00Z,2398.0,,0.0,
0-20000-0-11519,RGLB_D,SUM,2024-10-06T00:00Z,10118.0,,0.0,
0-20000-0-11519,RGLB_D,SUM,2024-10-07T00:00Z,6480.0,,0.0,
0-20000-0-11519,RGLB_D,SUM,2024-10-08T00:00Z,10334.0,,0.0,
0-20000-0-11519,RGLB_D,SUM,2024-10-09T00:00Z,11418.0,,0.0,
0-20000-0-11519,RGLB_D,SUM,2024-10-10T00:00Z,4462.0,,0.0,
0-20000-0-11519,RGLB_D,SUM,2024-10-11T00:00Z,2680.0,,0.0,
0-20000-0-11519,RGLB_D,SUM,2024-10-12T00:00Z,8285.0,,0.0,
0-20000-0-11519,RGLB_D,SUM,2024-10-13T00:00Z,8116.0,,0.0,
0-20000-0-11519,RGLB_D,SUM,2024-10-14T00:00Z,10208.0,,0.0,
0-20000-0-11519,RGLB_D,SUM,2024-10-15T00:00Z,11097.0,,0.0,
0-20000-0-11519,RGLB_D,SUM,2024-10-16T00:00Z,11588.0,,0.0,
0-20000-0-11519,RGLB_D,SUM,2024-10-17T00:00Z,8182.0,,0.0,
0-20000-0-11519,RGLB_D,SUM,2024-10-18T00:00Z,6496.0,,0.0,
0-20000-0-11519,RGLB_D,SUM,2024-10-19T00:00Z,4500.0,,0.0,
0-20000-0-11519,RGLB_D,SUM,2024-10-20T00:00Z,9225.0,,0.0,
0-20000-0-11519,RGLB_D,SUM,2024-10-21T00:00Z,5889.0,,0.0,
0-20000-0-11519,RGLB_D,SUM,2024-10-22T00:00Z,7832.0,,0.0,
0-20000-0-11519,RGLB_D,SUM,2024-10-23T00:00Z,7673.0,,0.0,
0-20000-0-11519,RGLB_D,SUM,2024-10-24T00:00Z,6801.0,,0.0,
0-20000-0-11519,RGLB_D,SUM,2024-10-25T00:00Z,4881.0,,0.0,
0-20000-0-11519,RGLB_D,SUM,2024-10-26T00:00Z,3819.0,,0.0,
0-20000-0-11519,RGLB_D,SUM,2024-10-27T00:00Z,2227.0,,3.0,
0-20000-0-11519,RGLB_D,SUM,2024-10-28T00:00Z,7123.0,,0.0,
0-20000-0-11519,RGLB_D,SUM,2024-10-29T00:00Z,7231.0,,0.0,
0-20000-0-11519,RGLB_D,SUM,2024-10-30T00:00Z,3747.0,,3.0,
0-20000-0-11519,RGLB_D,SUM,2024-10-31T00:00Z,2655.0,,0.0,
0-20000-0-11519,RGLB_D,SUM,2024-11-01T00:00Z,7513.0,,0.0,
0-20000-0-11519,RGLB_D,SUM,2024-11-02T00:00Z,3386.0,,0.0,
0-20000-0-11519,RGLB_D,SUM,2024-11-03T00:00Z,6736.0,,0.0,
0-20000-0-11519,RGLB_D,SUM,2024-11-04T00:00Z,3283.0,,0.0,
0-20000-0-11519,RGLB_D,SUM,2024-11-05T00:00Z,3415.0,,0.0,
0-20000-0-11519,RGLB_D,SUM,2024-11-06T00:00Z,1189.0,,0.0,
0-20000-0-11519,RGLB_D,SUM,2024-11-07T00:00Z,1062.0,,0.0,
0-20000-0-11519,RGLB_D,SUM,2024-11-08T00:00Z,3616.0,,0.0,
0-20000-0-11519,RGLB_D,SUM,2024-11-09T00:00Z,5768.0,,0.0,
0-20000-0-11519,RGLB_D,SUM,2024-11-10T00:00Z,2122.0,,0.0,
0-20000-0-11519,RGLB_D,SUM,2024-11-11T00:00Z,1482.0,,0.0,
0-20000-0-11519,RGLB_D,SUM,2024-11-12T00:00Z,1371.0,,0.0,
0-20000-0-11519,RGLB_D,SUM,2024-11-13T00:00Z,1024.0,,0.0,
0-20000-0-11519,RGLB_D,SUM,2024-11-14T00:00Z,2542.0,,0.0,
0-20000-0-11519,RGLB_D,SUM,2024-11-15T00:00Z,1944.0,,0.0,
0-20000-0-11519,RGLB_D,SUM,2024-11-16T00:00Z,2962.0,,0.0,
0-20000-0-11519,RGLB_D,SUM,2024-11-17T00:00Z,2910.0,,0.0,
0-20000-0-11519,RGLB_D,SUM,2024-11-18T00:00Z,2481.0,,0.0,
0-20000-0-11519,RGLB_D,SUM,2024-11-19T00:00Z,2669.0,,0.0,
0-20000-0-11519,RGLB_D,SUM,2024-11-20T00:00Z,3279.0,,0.0,
0-20000-0-11519,RGLB_D,SUM,2024-11-21T00:00Z,2926.0,,0.0,
0-20000-0-11519,RGLB_D,SUM,2024-11-22T00:00Z,4072.0,,3.0,
0-20000-0-11519,RGLB_D,SUM,2024-11-23T00:00Z,5689.0,,3.0,
0-20000-0-11519,RGLB_D,SUM,2024-11-24T00:00Z,1718.0,,0.0,
0-20000-0-11519,RGLB_D,SUM,2024-11-25T00:00Z,5403.0,,0.0,
0-20000-0-11519,RGLB_D,SUM,2024-11-26T00:00Z,1994.0,,0.0,
0-20000-0-11519,RGLB_D,SUM,2024-11-27T00:00Z,4444.0,,0.0,
0-20000-0-11519,RGLB_D,SUM,2024-11-28T00:00Z,3431.0,,3.0,
0-20000-0-11519,RGLB_D,SUM,2024-11-29T00:00Z,2371.0,,0.0,
0-20000-0-11519,RGLB_D,SUM,2024-11-30T00:00Z,5176.0,,0.0,
0-20000-0-11519,RGLB_D,SUM,2024-12-01T00:00Z,1055.0,,0.0,
0-20000-0-11519,RGLB_D,SUM,2024-12-02T00:00Z,1520.0,,0.0,
0-20000-0-11519,RGLB_D,SUM,2024-12-03T00:00Z,1477.0,,0.0,
0-20000-0-11519,RGLB_D,SUM,2024-12-04T00:00Z,3408.0,,3.0,
0-20000-0-11519,RGLB_D,SUM,2024-12-05T00:00Z,5023.0,,3.0,
0-20000-0-11519,RGLB_D,SUM,2024-12-06T00:00Z,585.0,,0.0,
0-20000-0-11519,RGLB_D,SUM,2024-12-07T00:00Z,3264.0,,3.0,
0-20000-0-11519,RGLB_D,SUM,2024-12-08T00:00Z,874.0,,0.0,
0-20000-0-11519,RGLB_D,SUM,2024-12-09T00:00Z,1405.0,,0.0,
0-20000-0-11519,RGLB_D,SUM,2024-12-10T00:00Z,517.0,,0.0,
0-20000-0-11519,RGLB_D,SUM,2024-12-11T00:00Z,620.0,,0.0,
0-20000-0-11519,RGLB_D,SUM,2024-12-12T00:00Z,666.0,,0.0,
0-20000-0-11519,RGLB_D,SUM,2024-12-13T00:00Z,585.0,,0.0,
0-20000-0-11519,RGLB_D,SUM,2024-12-14T00:00Z,1082.0,,0.0,
0-20000-0-11519,RGLB_D,SUM,2024-12-15T00:00Z,3770.0,,0.0,
0-20000-0-11519,RGLB_D,SUM,2024-12-16T00:00Z,1470.0,,0.0,
0-20000-0-11519,RGLB_D,SUM,2024-12-17T00:00Z,1739.0,,0.0,
0-20000-0-11519,RGLB_D,SUM,2024-12-18T00:00Z,2791.0,,0.0,
0-20000-0-11519,RGLB_D,SUM,2024-12-19T00:00Z,1075.0,,0.0,
0-20000-0-11519,RGLB_D,SUM,2024-12-20T00:00Z,2477.0,,0.0,
0-20000-0-11519,RGLB_D,SUM,2024-12-21T00:00Z,2290.0,,0.0,
0-20000-0-11519,RGLB_D,SUM,2024-12-22T00:00Z,955.0,,0.0,
0-20000-0-11519,RGLB_D,SUM,2024-12-23T00:00Z,3196.0,,0.0,
0-20000-0-11519,RGLB_D,SUM,2024-12-24T00:00Z,1303.0,,0.0,
0-20000-0-11519,RGLB_D,SUM,2024-12-25T00:00Z,4593.0,,3.0,
0-20000-0-11519,RGLB_D,SUM,2024-12-26T00:00Z,4440.0,,3.0,
0-20000-0-11519,RGLB_D,SUM,2024-12-27T00:00Z,1254.0,,0.0,
0-20000-0-11519,RGLB_D,SUM,2024-12-28T00:00Z,3164.0,,0.0,
0-20000-0-11519,RGLB_D,SUM,2024-12-29T00:00Z,3083.0,,0.0,
0-20000-0-11519,RGLB_D,SUM,2024-12-30T00:00Z,3325.0,,0.0,
0-20000-0-11519,RGLB_D,SUM,2024-12-31T00:00Z,3749.0,,0.0,
0-20000-0-11519,RGLB_D,SUM,2025-01-01T00:00Z,4282.0,,0.0,
0-20000-0-11519,RGLB_D,SUM,2025-01-02T00:00Z,529.0,,0.0,
0-20000-0-11519,RGLB_D,SUM,2025-01-03T00:00Z,4054.0,,0.0,
0-20000-0-11519,RGLB_D,SUM,2025-01-04T00:00Z,4142.0,,3.0,
0-20000-0-11519,RGLB_D,SUM,2025-01-05T00:00Z,1358.0,,0.0,
0-20000-0-11519,RGLB_D,SUM,2025-01-06T00:00Z,1847.0,,0.0,
0-20000-0-11519,RGLB_D,SUM,2025-01-07T00:00Z,1447.0,,0.0,
0-20000-0-11519,RGLB_D,SUM,2025-01-08T00:00Z,1254.0,,0.0,
0-20000-0-11519,RGLB_D,SUM,2025-01-09T00:00Z,3743.0,,0.0,
0-20000-0-11519,RGLB_D,SUM,2025-01-10T00:00Z,4012.0,,3.0,
0-20000-0-11519,RGLB_D,SUM,2025-01-11T00:00Z,2188.0,,0.0,
0-20000-0-11519,RGLB_D,SUM,2025-01-12T00:00Z,2832.0,,0.0,
0-20000-0-11519,RGLB_D,SUM,2025-01-13T00:00Z,5238.0,,3.0,
0-20000-0-11519,RGLB_D,SUM,2025-01-14T00:00Z,2208.0,,0.0,
0-20000-0-11519,RGLB_D,SUM,2025-01-15T00:00Z,1251.0,,0.0,
0-20000-0-11519,RGLB_D,SUM,2025-01-16T00:00Z,759.0,,0.0,
0-20000-0-11519,RGLB_D,SUM,2025-01-17T00:00Z,1110.0,,0.0,
0-20000-0-11519,RGLB_D,SUM,2025-01-18T00:00Z,2661.0,,0.0,
0-20000-0-11519,RGLB_D,SUM,2025-01-19T00:00Z,3544.0,,0.0,
0-20000-0-11519,RGLB_D,SUM,2025-01-20T00:00Z,5493.0,,0.0,
0-20000-0-11519,RGLB_D,SUM,2025-01-21T00:00Z,1324.0,,0.0,
0-20000-0-11519,RGLB_D,SUM,2025-01-22T00:00Z,1329.0,,0.0,
0-20000-0-11519,RGLB_D,SUM,2025-01-23T00:00Z,2096.0,,0.0,
0-20000-0-11519,RGLB_D,SUM,2025-01-24T00:00Z,4393.0,,3.0,
0-20000-0-11519,RGLB_D,SUM,2025-01-25T00:00Z,3988.0,,0.0,
0-20000-0-11519,RGLB_D,SUM,2025-01-26T00:00Z,2945.0,,0.0,
0-20000-0-11519,RGLB_D,SUM,2025-01-27T00:00Z,2447.0,,0.0,
0-20000-0-11519,RGLB_D,SUM,2025-01-28T00:00Z,913.0,,0.0,
0-20000-0-11519,RGLB_D,SUM,2025-01-29T00:00Z,4572.0,,0.0,
0-20000-0-11519,RGLB_D,SUM,2025-01-30T00:00Z,6149.0,,3.0,
0-20000-0-11519,RGLB_D,SUM,2025-01-31T00:00Z,3476.0,,0.0,
0-20000-0-11519,RGLB_D,SUM,2025-02-01T00:00Z,6146.0,,0.0,
0-20000-0-11519,RGLB_D,SUM,2025-02-02T00:00Z,3820.0,,0.0,
0-20000-0-11519,RGLB_D,SUM,2025-02-03T00:00Z,7941.0,,0.0,
0-20000-0-11519,RGLB_D,SUM,2025-02-04T00:00Z,8136.0,,0.0,
0-20000-0-11519,RGLB_D,SUM,2025-02-05T00:00Z,7465.0,,0.0,
0-20000-0-11519,RGLB_D,SUM,2025-02-06T00:00Z,3296.0,,0.0,
0-20000-0-11519,RGLB_D,SUM,2025-02-07T00:00Z,3513.0,,0.0,
0-20000-0-11519,RGLB_D,SUM,2025-02-08T00:00Z,6285.0,,0.0,
0-20000-0-11519,RGLB_D,SUM,2025-02-09T00:00Z,8292.0,,0.0,
0-20000-0-11519,RGLB_D,SUM,2025-02-10T00:00Z,6608.0,,0.0,
0-20000-0-11519,RGLB_D,SUM,2025-02-11T00:00Z,7987.0,,0.0,
0-20000-0-11519,RGLB_D,SUM,2025-02-12T00:00Z,1950.0,,0.0,
0-20000-0-11519,RGLB_D,SUM,2025-02-13T00:00Z,1561.0,,3.0,
0-20000-0-11519,RGLB_D,SUM,2025-02-14T00:00Z,1730.0,,0.0,
0-20000-0-11519,RGLB_D,SUM,2025-02-15T00:00Z,5279.0,,0.0,
0-20000-0-11519,RGLB_D,SUM,2025-02-16T00:00Z,9621.0,,0.0,
0-20000-0-11519,RGLB_D,SUM,2025-02-17T00:00Z,8814.0,,0.0,
0-20000-0-11519,RGLB_D,SUM,2025-02-18T00:00Z,11110.0,,0.0,
0-20000-0-11519,RGLB_D,SUM,2025-02-19T00:00Z,11386.0,,0.0,
0-20000-0-11519,RGLB_D,SUM,2025-02-20T00:00Z,11419.0,,0.0,
0-20000-0-11519,RGLB_D,SUM,2025-02-21T00:00Z,2849.0,,0.0,
0-20000-0-11519,RGLB_D,SUM,2025-02-22T00:00Z,11072.0,,0.0,
0-20000-0-11519,RGLB_D,SUM,2025-02-23T00:00Z,4207.0,,0.0,
0-20000-0-11519,RGLB_D,SUM,2025-02-24T00:00Z,10903.0,,0.0,
0-20000-0-11519,RGLB_D,SUM,2025-02-25T00:00Z,6251.0,,0.0,
0-20000-0-11519,RGLB_D,SUM,2025-02-26T00:00Z,5016.0,,0.0,
0-20000-0-11519,RGLB_D,SUM,2025-02-27T00:00Z,9386.0,,0.0,
0-20000-0-11519,RGLB_D,SUM,2025-02-28T00:00Z,8668.0,,0.0,
0-20000-0-11519,RGLB_D,SUM,2025-03-01T00:00Z,3030.0,,0.0,
0-20000-0-11519,RGLB_D,SUM,2025-03-02T00:00Z,13293.0,,0.0,
0-20000-0-11519,RGLB_D,SUM,2025-03-03T00:00Z,12258.0,,0.0,
0-20000-0-11519,RGLB_D,SUM,2025-03-04T00:00Z,12931.0,,0.0,
0-20000-0-11519,RGLB_D,SUM,2025-03-05T00:00Z,14410.0,,0.0,
0-20000-0-11519,RGLB_D,SUM,2025-03-06T00:00Z,14070.0,,0.0,
0-20000-0-11519,RGLB_D,SUM,2025-03-07T00:00Z,13922.0,,0.0,
0-20000-0-11519,RGLB_D,SUM,2025-03-08T00:00Z,14131.0,,0.0,
0-20000-0-11519,RGLB_D,SUM,2025-03-09T00:00Z,13473.0,,0.0,
0-20000-0-11519,RGLB_D,SUM,2025-03-10T00:00Z,11812.0,,0.0,
0-20000-0-11519,RGLB_D,SUM,2025-03-11T00:00Z,6500.0,,3.0,
0-20000-0-11519,RGLB_D,SUM,2025-03-12T00:00Z,8636.0,,3.0,
0-20000-0-11519,RGLB_D,SUM,2025-03-13T00:00Z,2375.0,,0.0,
0-20000-0-11519,RGLB_D,SUM,2025-03-14T00:00Z,3727.0,,0.0,
0-20000-0-11519,RGLB_D,SUM,2025-03-15T00:00Z,10936.0,,0.0,
0-20000-0-11519,RGLB_D,SUM,2025-03-16T00:00Z,16929.0,,0.0,
0-20000-0-11519,RGLB_D,SUM,2025-03-17T00:00Z,11920.0,,0.0,
0-20000-0-11519,RGLB_D,SUM,2025-03-18T00:00Z,17770.0,,0.0,
0-20000-0-11519,RGLB_D,SUM,2025-03-19T00:00Z,18084.0,,0.0,
0-20000-0-11519,RGLB_D,SUM,2025-03-20T00:00Z,17989.0,,0.0,
0-20000-0-11519,RGLB_D,SUM,2025-03-21T00:00Z,16918.0,,0.0,
0-20000-0-11519,RGLB_D,SUM,2025-03-22T00:00Z,16466.0,,0.0,
0-20000-0-11519,RGLB_D,SUM,2025-03-23T00:00Z,3608.0,,0.0,
0-20000-0-11519,RGLB_D,SUM,2025-03-24T00:00Z,6230.0,,0.0,
0-20000-0-11519,RGLB_D,SUM,2025-03-25T00:00Z,11881.0,,0.0,
0-20000-0-11519,RGLB_D,SUM,2025-03-26T00:00Z,5328.0,,0.0,
0-20000-0-11519,RGLB_D,SUM,2025-03-27T00:00Z,12196.0,,0.0,
0-20000-0-11519,RGLB_D,SUM,2025-03-28T00:00Z,18926.0,,0.0,
0-20000-0-11519,RGLB_D,SUM,2025-03-29T00:00Z,6336.0,,0.0,
0-20000-0-11519,RGLB_D,SUM,2025-03-30T00:00Z,12219.0,,0.0,
0-20000-0-11519,RGLB_D,SUM,2025-03-31T00:00Z,7389.0,,0.0,
0-20000-0-11519,RGLB_D,SUM,2025-04-01T00:00Z,12613.0,,0.0,
0-20000-0-11519,RGLB_D,SUM,2025-04-02T00:00Z,14832.0,,0.0,
0-20000-0-11519,RGLB_D,SUM,2025-04-03T00:00Z,20662.0,,3.0,
0-20000-0-11519,RGLB_D,SUM,2025-04-04T00:00Z,20622.0,,3.0,
0-20000-0-11519,RGLB_D,SUM,2025-04-05T00:00Z,14271.0,,0.0,
0-20000-0-11519,RGLB_D,SUM,2025-04-06T00:00Z,17727.0,,0.0,
0-20000-0-11519,RGLB_D,SUM,2025-04-07T00:00Z,9361.0,,0.0,
0-20000-0-11519,RGLB_D,SUM,2025-04-08T00:00Z,13620.0,,0.0,
0-20000-0-11519,RGLB_D,SUM,2025-04-09T00:00Z,12841.0,,0.0,
0-20000-0-11519,RGLB_D,SUM,2025-04-10T00:00Z,15622.0,,0.0,
0-20000-0-11519,RGLB_D,SUM,2025-04-11T00:00Z,16743.0,,0.0,
0-20000-0-11519,RGLB_D,SUM,2025-04-12T00:00Z,20908.0,,0.0,
0-20000-0-11519,RGLB_D,SUM,2025-04-13T00:00Z,16400.0,,0.0,
0-20000-0-11519,RGLB_D,SUM,2025-04-14T00:00Z,16761.0,,0.0,
0-20000-0-11519,RGLB_D,SUM,2025-04-15T00:00Z,11029.0,,0.0,
0-20000-0-11519,RGLB_D,SUM,2025-04-16T00:00Z,21609.0,,0.0,
0-20000-0-11519,RGLB_D,SUM,2025-04-17T00:00Z,14529.0,,0.0,
0-20000-0-11519,RGLB_D,SUM,2025-04-18T00:00Z,2301.0,,0.0,
0-20000-0-11519,RGLB_D,SUM,2025-04-19T00:00Z,13736.0,,0.0,
0-20000-0-11519,RGLB_D,SUM,2025-04-20T00:00Z,22687.0,,0.0,
0-20000-0-11519,RGLB_D,SUM,2025-04-21T00:00Z,15505.0,,0.0,
0-20000-0-11519,RGLB_D,SUM,2025-04-22T00:00Z,22326.0,,0.0,
0-20000-0-11519,RGLB_D,SUM,2025-04-23T00:00Z,20169.0,,0.0,
0-20000-0-11519,RGLB_D,SUM,2025-04-24T00:00Z,2936.0,,0.0,
0-20000-0-11519,RGLB_D,SUM,2025-04-25T00:00Z,3664.0,,0.0,
0-20000-0-11519,RGLB_D,SUM,2025-04-26T00:00Z,24059.0,,0.0,
0-20000-0-11519,RGLB_D,SUM,2025-04-27T00:00Z,26590.0,,0.0,
0-20000-0-11519,RGLB_D,SUM,2025-04-28T00:00Z,25893.0,,0.0,
0-20000-0-11519,RGLB_D,SUM,2025-04-29T00:00Z,26246.0,,0.0,
0-20000-0-11519,RGLB_D,SUM,2025-04-30T00:00Z,25441.0,,0.0,
0-20000-0-11519,RGLB_D,SUM,2025-05-01T00:00Z,23848.0,,0.0,
0-20000-0-11519,RGLB_D,SUM,2025-05-02T00:00Z,23326.0,,0.0,
0-20000-0-11519,RGLB_D,SUM,2025-05-03T00:00Z,14127.0,,0.0,
0-20000-0-11519,RGLB_D,SUM,2025-05-04T00:00Z,18986.0,,0.0,
0-20000-0-11519,RGLB_D,SUM,2025-05-05T00:00Z,15717.0,,0.0,
0-20000-0-11519,RGLB_D,SUM,2025-05-06T00:00Z,23239.0,,0.0,
0-20000-0-11519,RGLB_D,SUM,2025-05-07T00:00Z,16408.0,,3.0,
0-20000-0-11519,RGLB_D,SUM,2025-05-08T00:00Z,17754.0,,0.0,
0-20000-0-11519,RGLB_D,SUM,2025-05-09T00:00Z,25310.0,,0.0,
0-20000-0-11519,RGLB_D,SUM,2025-05-10T00:00Z,26473.0,,0.0,
0-20000-0-11519,RGLB_D,SUM,2025-05-11T00:00Z,24395.0,,0.0,
0-20000-0-11519,RGLB_D,SUM,2025-05-12T00:00Z,27725.0,,0.0,
0-20000-0-11519,RGLB_D,SUM,2025-05-13T00:00Z,28303.0,,0.0,
0-20000-0-11519,RGLB_D,SUM,2025-05-14T00:00Z,26342.0,,0.0,
0-20000-0-11519,RGLB_D,SUM,2025-05-15T00:00Z,19188.0,,0.0,
0-20000-0-11519,RGLB_D,SUM,2025-05-16T00:00Z,15478.0,,0.0,
0-20000-0-11519,RGLB_D,SUM,2025-05-17T00:00Z,16196.0,,0.0,
0-20000-0-11519,RGLB_D,SUM,2025-05-18T00:00Z,17093.0,,0.0,
0-20000-0-11519,RGLB_D,SUM,2025-05-19T00:00Z,9216.0,,0.0,
0-20000-0-11519,RGLB_D,SUM,2025-05-20T00:00Z,16528.0,,3.0,
0-20000-0-11519,RGLB_D,SUM,2025-05-21T00:00Z,19905.0,,3.0,
0-20000-0-11519,RGLB_D,SUM,2025-05-22T00:00Z,6347.0,,0.0,
0-20000-0-11519,RGLB_D,SUM,2025-05-23T00:00Z,20623.0,,0.0,
0-20000-0-11519,RGLB_D,SUM,2025-05-24T00:00Z,21847.0,,0.0,
0-20000-0-11519,RGLB_D,SUM,2025-05-25T00:00Z,10284.0,,0.0,
0-20000-0-11519,RGLB_D,SUM,2025-05-26T00:00Z,15377.0,,0.0,
0-20000-0-11519,RGLB_D,SUM,2025-05-27T00:00Z,20969.0,,0.0,
0-20000-0-11519,RGLB_D,SUM,2025-05-28T00:00Z,7799.0,,0.0,
0-20000-0-11519,RGLB_D,SUM,2025-05-29T00:00Z,23518.0,,0.0,
0-20000-0-11519,RGLB_D,SUM,2025-05-30T00:00Z,16435.0,,0.0,
0-20000-0-11519,RGLB_D,SUM,2025-05-31T00:00Z,22351.0,,0.0,
0-20000-0-11519,RGLB_D,SUM,2025-06-01T00:00Z,15629.0,,0.0,
0-20000-0-11519,RGLB_D,SUM,2025-06-02T00:00Z,17169.0,,0.0,
0-20000-0-11519,RGLB_D,SUM,2025-06-03T00:00Z,23009.0,,0.0,
0-20000-0-11519,RGLB_D,SUM,2025-06-04T00:00Z,22326.0,,0.0,
0-20000-0-11519,RGLB_D,SUM,2025-06-05T00:00Z,12414.0,,0.0,
0-20000-0-11519,RGLB_D,SUM,2025-06-06T00:00Z,19544.0,,0.0,
0-20000-0-11519,RGLB_D,SUM,2025-06-07T00:00Z,4948.0,,0.0,
0-20000-0-11519,RGLB_D,SUM,2025-06-08T00:00Z,13859.0,,0.0,
0-20000-0-11519,RGLB_D,SUM,2025-06-09T00:00Z,25839.0,,0.0,
0-20000-0-11519,RGLB_D,SUM,2025-06-10T00:00Z,20457.0,,0.0,
0-20000-0-11519,RGLB_D,SUM,2025-06-11T00:00Z,23844.0,,0.0,
0-20000-0-11519,RGLB_D,SUM,2025-06-12T00:00Z,30103.0,,0.0,
0-20000-0-11519,RGLB_D,SUM,2025-06-13T00:00Z,30109.0,,0.0,
0-20000-0-11519,RGLB_D,SUM,2025-06-14T00:00Z,30305.0,,0.0,
0-20000-0-11519,RGLB_D,SUM,2025-06-15T00:00Z,26522.0,,0.0,
0-20000-0-11519,RGLB_D,SUM,2025-06-16T00:00Z,14946.0,,0.0,
0-20000-0-11519,RGLB_D,SUM,2025-06-17T00:00Z,27685.0,,0.0,
0-20000-0-11519,RGLB_D,SUM,2025-06-18T00:00Z,25101.0,,0.0,
0-20000-0-11519,RGLB_D,SUM,2025-06-19T00:00Z,26666.0,,0.0,
0-20000-0-11519,RGLB_D,SUM,2025-06-20T00:00Z,30914.0,,3.0,
0-20000-0-11519,RGLB_D,SUM,2025-06-21T00:00Z,30463.0,,0.0,
0-20000-0-11519,RGLB_D,SUM,2025-06-22T00:00Z,30372.0,,0.0,
0-20000-0-11519,RGLB_D,SUM,2025-06-23T00:00Z,16200.0,,0.0,
0-20000-0-11519,RGLB_D,SUM,2025-06-24T00:00Z,25174.0,,0.0,
0-20000-0-11519,RGLB_D,SUM,2025-06-25T00:00Z,21778.0,,0.0,
0-20000-0-11519,RGLB_D,SUM,2025-06-26T00:00Z,23084.0,,0.0,
0-20000-0-11519,RGLB_D,SUM,2025-06-27T00:00Z,18167.0,,0.0,
0-20000-0-11519,RGLB_D,SUM,2025-06-28T00:00Z,24437.0,,0.0,
0-20000-0-11519,RGLB_D,SUM,2025-06-29T00:00Z,25875.0,,0.0,
0-20000-0-11519,RGLB_D,SUM,2025-06-30T00:00Z,30725.0,,0.0,
0-20000-0-11519,RGLB_D,SUM,2025-07-01T00:00Z,30600.0,,0.0,
0-20000-0-11519,RGLB_D,SUM,2025-07-02T00:00Z,30341.0,,0.0,
0-20000-0-11519,RGLB_D,SUM,2025-07-03T00:00Z,16859.0,,0.0,
0-20000-0-11519,RGLB_D,SUM,2025-07-04T00:00Z,26077.0,,0.0,
0-20000-0-11519,RGLB_D,SUM,2025-07-05T00:00Z,24605.0,,0.0,
0-20000-0-11519,RGLB_D,SUM,2025-07-06T00:00Z,22809.0,,0.0,
0-20000-0-11519,RGLB_D,SUM,2025-07-07T00:00Z,15934.0,,0.0,
0-20000-0-11519,RGLB_D,SUM,2025-07-08T00:00Z,7271.0,,0.0,
0-20000-0-11519,RGLB_D,SUM,2025-07-09T00:00Z,17642.0,,0.0,
0-20000-0-11519,RGLB_D,SUM,2025-07-10T00:00Z,18505.0,,0.0,
0-20000-0-11519,RGLB_D,SUM,2025-07-11T00:00Z,19236.0,,0.0,
0-20000-0-11519,RGLB_D,SUM,2025-07-12T00:00Z,4884.0,,0.0,
0-20000-0-11519,RGLB_D,SUM,2025-07-13T00:00Z,15845.0,,0.0,
0-20000-0-11519,RGLB_D,SUM,2025-07-14T00:00Z,19429.0,,0.0,
0-20000-0-11519,RGLB_D,SUM,2025-07-15T00:00Z,16366.0,,0.0,
0-20000-0-11519,RGLB_D,SUM,2025-07-16T00:00Z,13628.0,,0.0,
0-20000-0-11519,RGLB_D,SUM,2025-07-17T00:00Z,14790.0,,3.0,
0-20000-0-11519,RGLB_D,SUM,2025-07-18T00:00Z,22087.0,,3.0,
0-20000-0-11519,RGLB_D,SUM,2025-07-19T00:00Z,25856.0,,3.0,
0-20000-0-11519,RGLB_D,SUM,2025-07-20T00:00Z,25551.0,,3.0,
0-20000-0-11519,RGLB_D,SUM,2025-07-21T00:00Z,11408.0,,3.0,
0-20000-0-11519,RGLB_D,SUM,2025-07-22T00:00Z,17552.0,,3.0,
0-20000-0-11519,RGLB_D,SUM,2025-07-23T00:00Z,22381.0,,3.0,
0-20000-0-11519,RGLB_D,SUM,2025-07-24T00:00Z,11562.0,,3.0,
0-20000-0-11519,RGLB_D,SUM,2025-07-25T00:00Z,17014.0,,3.0,
0-20000-0-11519,RGLB_D,SUM,2025-07-26T00:00Z,13361.0,,3.0,
0-20000-0-11519,RGLB_D,SUM,2025-07-27T00:00Z,21977.0,,3.0,
0-20000-0-11519,RGLB_D,SUM,2025-07-28T00:00Z,11759.0,,3.0,
0-20000-0-11519,RGLB_D,SUM,2025-07-29T00:00Z,17815.0,,3.0,
0-20000-0-11519,RGLB_D,SUM,2025-07-30T00:00Z,11998.0,,3.0,
0-20000-0-11519,RGLB_D,SUM,2025-07-31T00:00Z,16010.0,,3.0,
0-20000-0-11519,RGLB_D,SUM,2025-08-01T00:00Z,13893.0,,3.0,
0-20000-0-11519,RGLB_D,SUM,2025-08-02T00:00Z,13864.0,,3.0,
0-20000-0-11519,RGLB_D,SUM,2025-08-03T00:00Z,11152.0,,3.0,
0-20000-0-11519,RGLB_D,SUM,2025-08-04T00:00Z,13299.0,,3.0,
0-20000-0-11519,RGLB_D,SUM,2025-08-05T00:00Z,13533.0,,3.0,
0-20000-0-11519,RGLB_D,SUM,2025-08-06T00:00Z,22010.0,,3.0,
0-20000-0-11519,RGLB_D,SUM,2025-08-07T00:00Z,21727.0,,3.0,
0-20000-0-11519,RGLB_D,SUM,2025-08-08T00:00Z,19618.0,,3.0,
0-20000-0-11519,RGLB_D,SUM,2025-08-09T00:00Z,16315.0,,3.0,
0-20000-0-11519,RGLB_D,SUM,2025-08-10T00:00Z,23845.0,,3.0,
0-20000-0-11519,RGLB_D,SUM,2025-08-11T00:00Z,25387.0,,3.0,
0-20000-0-11519,RGLB_D,SUM,2025-08-12T00:00Z,25208.0,,3.0,
0-20000-0-11519,RGLB_D,SUM,2025-08-13T00:00Z,24175.0,,3.0,
0-20000-0-11519,RGLB_D,SUM,2025-08-14T00:00Z,22387.0,,3.0,
0-20000-0-11519,RGLB_D,SUM,2025-08-15T00:00Z,21297.0,,3.0,
0-20000-0-11519,RGLB_D,SUM,2025-08-16T00:00Z,12358.0,,3.0,
0-20000-0-11519,RGLB_D,SUM,2025-08-17T00:00Z,22235.0,,3.0,
0-20000-0-11519,RGLB_D,SUM,2025-08-18T00:00Z,23894.0,,3.0,
0-20000-0-11519,RGLB_D,SUM,2025-08-19T00:00Z,22504.0,,3.0,
0-20000-0-11519,RGLB_D,SUM,2025-08-20T00:00Z,21946.0,,3.0,
0-20000-0-11519,RGLB_D,SUM,2025-08-21T00:00Z,14146.0,,3.0,
0-20000-0-11519,RGLB_D,SUM,2025-08-22T00:00Z,18969.0,,3.0,
0-20000-0-11519,RGLB_D,SUM,2025-08-23T00:00Z,11517.0,,3.0,
0-20000-0-11519,RGLB_D,SUM,2025-08-24T00:00Z,18545.0,,3.0,
0-20000-0-11519,RGLB_D,SUM,2025-08-25T00:00Z,21929.0,,3.0,
0-20000-0-11519,RGLB_D,SUM,2025-08-26T00:00Z,22317.0,,3.0,
0-20000-0-11519,RGLB_D,SUM,2025-08-27T00:00Z,12048.0,,3.0,
0-20000-0-11519,RGLB_D,SUM,2025-08-28T00:00Z,18399.0,,3.0,
0-20000-0-11519,RGLB_D,SUM,2025-08-29T00:00Z,15667.0,,3.0,
0-20000-0-11519,RGLB_D,SUM,2025-08-30T00:00Z,17173.0,,3.0,
0-20000-0-11519,RGLB_D,SUM,2025-08-31T00:00Z,19907.0,,3.0,
0-20000-0-11519,RGLB_D,SUM,2025-09-01T00:00Z,20503.0,,3.0,
0-20000-0-11519,RGLB_D,SUM,2025-09-02T00:00Z,5018.0,,3.0,
0-20000-0-11519,RGLB_D,SUM,2025-09-03T00:00Z,19169.0,,3.0,
0-20000-0-11519,RGLB_D,SUM,2025-09-04T00:00Z,20796.0,,3.0,
0-20000-0-11519,RGLB_D,SUM,2025-09-05T00:00Z,7868.0,,3.0,
0-20000-0-11519,RGLB_D,SUM,2025-09-06T00:00Z,16541.0,,3.0,
0-20000-0-11519,RGLB_D,SUM,2025-09-07T00:00Z,20306.0,,3.0,
0-20000-0-11519,RGLB_D,SUM,2025-09-08T00:00Z,17267.0,,3.0,
0-20000-0-11519,RGLB_D,SUM,2025-09-09T00:00Z,16617.0,,3.0,
0-20000-0-11519,RGLB_D,SUM,2025-09-10T00:00Z,10251.0,,3.0,
0-20000-0-11519,RGLB_D,SUM,2025-09-11T00:00Z,16630.0,,3.0,
0-20000-0-11519,RGLB_D,SUM,2025-09-12T00:00Z,10302.0,,3.0,
0-20000-0-11519,RGLB_D,SUM,2025-09-13T00:00Z,9417.0,,3.0,
0-20000-0-11519,RGLB_D,SUM,2025-09-14T00:00Z,6762.0,,3.0,
0-20000-0-11519,RGLB_D,SUM,2025-09-15T00:00Z,9485.0,,3.0,
0-20000-0-11519,RGLB_D,SUM,2025-09-16T00:00Z,12618.0,,3.0,
0-20000-0-11519,RGLB_D,SUM,2025-09-17T00:00Z,12404.0,,3.0,
0-20000-0-11519,RGLB_D,SUM,2025-09-18T00:00Z,13026.0,,3.0,
0-20000-0-11519,RGLB_D,SUM,2025-09-19T00:00Z,17202.0,,3.0,
0-20000-0-11519,RGLB_D,SUM,2025-09-20T00:00Z,17047.0,,3.0,
0-20000-0-11519,RGLB_D,SUM,2025-09-21T00:00Z,15587.0,,3.0,
0-20000-0-11519,RGLB_D,SUM,2025-09-22T00:00Z,2356.0,,3.0,
0-20000-0-11519,RGLB_D,SUM,2025-09-23T00:00Z,4440.0,,3.0,
0-20000-0-11519,RGLB_D,SUM,2025-09-24T00:00Z,5555.0,,3.0,
0-20000-0-11519,RGLB_D,SUM,2025-09-25T00:00Z,1228.0,,3.0,
0-20000-0-11519,RGLB_D,SUM,2025-09-26T00:00Z,2680.0,,3.0,
0-20000-0-11519,RGLB_D,SUM,2025-09-27T00:00Z,5920.0,,3.0,
0-20000-0-11519,RGLB_D,SUM,2025-09-28T00:00Z,13307.0,,3.0,
0-20000-0-11519,RGLB_D,SUM,2025-09-29T00:00Z,11712.0,,3.0,
0-20000-0-11519,RGLB_D,SUM,2025-09-30T00:00Z,13203.0,,3.0,
0-20000-0-11519,RGLB_D,SUM,2025-10-01T00:00Z,4430.0,,3.0,
0-20000-0-11519,RGLB_D,SUM,2025-10-02T00:00Z,10378.0,,3.0,
0-20000-0-11519,RGLB_D,SUM,2025-10-03T00:00Z,10852.0,,3.0,
0-20000-0-11519,RGLB_D,SUM,2025-10-04T00:00Z,4793.0,,3.0,
0-20000-0-11519,RGLB_D,SUM,2025-10-05T00:00Z,9105.0,,3.0,
0-20000-0-11519,RGLB_D,SUM,2025-10-06T00:00Z,5127.0,,3.0,
0-20000-0-11519,RGLB_D,SUM,2025-10-07T00:00Z,7453.0,,3.0,
0-20000-0-11519,RGLB_D,SUM,2025-10-08T00:00Z,3566.0,,3.0,
0-20000-0-11519,RGLB_D,SUM,2025-10-09T00:00Z,3740.0,,3.0,
0-20000-0-11519,RGLB_D,SUM,2025-10-10T00:00Z,3046.0,,3.0,
0-20000-0-11519,RGLB_D,SUM,2025-10-11T00:00Z,3650.0,,3.0,
0-20000-0-11519,RGLB_D,SUM,2025-10-12T00:00Z,4493.0,,3.0,
0-20000-0-11519,RGLB_D,SUM,2025-10-13T00:00Z,8180.0,,3.0,
0-20000-0-11519,RGLB_D,SUM,2025-10-14T00:00Z,7939.0,,3.0,
0-20000-0-11519,RGLB_D,SUM,2025-10-15T00:00Z,4672.0,,3.0,
0-20000-0-11519,RGLB_D,SUM,2025-10-16T00:00Z,4174.0,,3.0,
0-20000-0-11519,RGLB_D,SUM,2025-10-17T00:00Z,3758.0,,3.0,
0-20000-0-11519,RGLB_D,SUM,2025-10-18T00:00Z,9158.0,,3.0,
0-20000-0-11519,RGLB_D,SUM,2025-10-19T00:00Z,8381.0,,3.0,
0-20000-0-11519,RGLB_D,SUM,2025-10-20T00:00Z,8190.0,,3.0,
0-20000-0-11519,RGLB_D,SUM,2025-10-21T00:00Z,8320.0,,3.0,
0-20000-0-11519,RGLB_D,SUM,2025-10-22T00:00Z,3359.0,,3.0,
0-20000-0-11519,RGLB_D,SUM,2025-10-23T00:00Z,2984.0,,3.0,
0-20000-0-11519,RGLB_D,SUM,2025-10-24T00:00Z,3201.0,,3.0,
0-20000-0-11519,RGLB_D,SUM,2025-10-25T00:00Z,3604.0,,3.0,
0-20000-0-11519,RGLB_D,SUM,2025-10-26T00:00Z,5891.0,,3.0,
0-20000-0-11519,RGLB_D,SUM,2025-10-27T00:00Z,3689.0,,3.0,
0-20000-0-11519,RGLB_D,SUM,2025-10-28T00:00Z,3629.0,,3.0,
0-20000-0-11519,RGLB_D,SUM,2025-10-29T00:00Z,6320.0,,3.0,
0-20000-0-11519,RGLB_D,SUM,2025-10-30T00:00Z,6455.0,,3.0,
0-20000-0-11519,RGLB_D,SUM,2025-10-31T00:00Z,6889.0,,3.0,
0-20000-0-11519,RGLB_D,SUM,2025-11-01T00:00Z,6554.0,,3.0,
0-20000-0-11519,RGLB_D,SUM,2025-11-02T00:00Z,788.0,,3.0,
0-20000-0-11519,RGLB_D,SUM,2025-11-03T00:00Z,5814.0,,3.0,
0-20000-0-11519,RGLB_D,SUM,2025-11-04T00:00Z,5855.0,,3.0,
0-20000-0-11519,RGLB_D,SUM,2025-11-05T00:00Z,6284.0,,3.0,
0-20000-0-11519,RGLB_D,SUM,2025-11-06T00:00Z,6650.0,,3.0,
0-20000-0-11519,RGLB_D,SUM,2025-11-07T00:00Z,6691.0,,3.0,
0-20000-0-11519,RGLB_D,SUM,2025-11-08T00:00Z,6472.0,,3.0,
0-20000-0-11519,RGLB_D,SUM,2025-11-09T00:00Z,1131.0,,3.0,
0-20000-0-11519,RGLB_D,SUM,2025-11-10T00:00Z,3169.0,,3.0,
0-20000-0-11519,RGLB_D,SUM,2025-11-11T00:00Z,4592.0,,3.0,
0-20000-0-11519,RGLB_D,SUM,2025-11-12T00:00Z,5549.0,,3.0,
0-20000-0-11519,RGLB_D,SUM,2025-11-13T00:00Z,5030.0,,3.0,
0-20000-0-11519,RGLB_D,SUM,2025-11-14T00:00Z,4630.0,,3.0,
0-20000-0-11519,RGLB_D,SUM,2025-11-15T00:00Z,2193.0,,3.0,
0-20000-0-11519,RGLB_D,SUM,2025-11-16T00:00Z,3657.0,,3.0,
0-20000-0-11519,RGLB_D,SUM,2025-11-17T00:00Z,1410.0,,3.0,
0-20000-0-11519,RGLB_D,SUM,2025-11-18T00:00Z,5175.0,,3.0,
0-20000-0-11519,RGLB_D,SUM,2025-11-19T00:00Z,6046.0,,3.0,
0-20000-0-11519,RGLB_D,SUM,2025-11-20T00:00Z,2534.0,,3.0,
0-20000-0-11519,RGLB_D,SUM,2025-11-21T00:00Z,2315.0,,3.0,
0-20000-0-11519,RGLB_D,SUM,2025-11-22T00:00Z,3324.0,,3.0,
0-20000-0-11519,RGLB_D,SUM,2025-11-23T00:00Z,5861.0,,3.0,
0-20000-0-11519,RGLB_D,SUM,2025-11-24T00:00Z,1386.0,,3.0,
0-20000-0-11519,RGLB_D,SUM,2025-11-25T00:00Z,1039.0,,3.0,
0-20000-0-11519,RGLB_D,SUM,2025-11-26T00:00Z,1162.0,,3.0,
0-20000-0-11519,RGLB_D,SUM,2025-11-27T00:00Z,3114.0,,3.0,
0-20000-0-11519,RGLB_D,SUM,2025-11-28T00:00Z,3811.0,,3.0,
0-20000-0-11519,RGLB_D,SUM,2025-11-29T00:00Z,1746.0,,3.0,
0-20000-0-11519,RGLB_D,SUM,2025-11-30T00:00Z,996.0,,3.0,
0-20000-0-11519,RGLB_D,SUM,2025-12-01T00:00Z,1541.0,,3.0,
0-20000-0-11519,RGLB_D,SUM,2025-12-02T00:00Z,535.0,,3.0,
0-20000-0-11519,RGLB_D,SUM,2025-12-03T00:00Z,886.0,,3.0,
0-20000-0-11519,RGLB_D,SUM,2025-12-04T00:00Z,551.0,,3.0,
0-20000-0-11519,RGLB_D,SUM,2025-12-05T00:00Z,1165.0,,3.0,
0-20000-0-11519,RGLB_D,SUM,2025-12-06T00:00Z,993.0,,3.0,
0-20000-0-11519,RGLB_D,SUM,2025-12-07T00:00Z,2473.0,,3.0,
0-20000-0-11519,RGLB_D,SUM,2025-12-08T00:00Z,3216.0,,3.0,
0-20000-0-11519,RGLB_D,SUM,2025-12-09T00:00Z,3042.0,,3.0,
0-20000-0-11519,RGLB_D,SUM,2025-12-10T00:00Z,4465.0,,3.0,
0-20000-0-11519,RGLB_D,SUM,2025-12-11T00:00Z,2989.0,,3.0,
0-20000-0-11519,RGLB_D,SUM,2025-12-12T00:00Z,1398.0,,3.0,
0-20000-0-11519,RGLB_D,SUM,2025-12-13T00:00Z,870.0,,3.0,
0-20000-0-11519,RGLB_D,SUM,2025-12-14T00:00Z,786.0,,3.0,
0-20000-0-11519,RGLB_D,SUM,2025-12-15T00:00Z,692.0,,3.0,
0-20000-0-11519,RGLB_D,SUM,2025-12-16T00:00Z,840.0,,3.0,
0-20000-0-11519,RGLB_D,SUM,2025-12-17T00:00Z,1127.0,,3.0,
0-20000-0-11519,RGLB_D,SUM,2025-12-18T00:00Z,1115.0,,3.0,
0-20000-0-11519,RGLB_D,SUM,2025-12-19T00:00Z,639.0,,3.0,
0-20000-0-11519,RGLB_D,SUM,2025-12-20T00:00Z,2782.0,,3.0,
0-20000-0-11519,RGLB_D,SUM,2025-12-21T00:00Z,1018.0,,3.0,
0-20000-0-11519,RGLB_D,SUM,2025-12-22T00:00Z,427.0,,3.0,
0-20000-0-11519,RGLB_D,SUM,2025-12-23T00:00Z,675.0,,3.0,
0-20000-0-11519,RGLB_D,SUM,2025-12-24T00:00Z,1552.0,,3.0,
0-20000-0-11519,RGLB_D,SUM,2025-12-25T00:00Z,3925.0,,3.0,
0-20000-0-11519,RGLB_D,SUM,2025-12-26T00:00Z,3959.0,,3.0,
0-20000-0-11519,RGLB_D,SUM,2025-12-27T00:00Z,4589.0,,3.0,
0-20000-0-11519,RGLB_D,SUM,2025-12-28T00:00Z,3706.0,,3.0,
0-20000-0-11519,RGLB_D,SUM,2025-12-29T00:00Z,2344.0,,3.0,
0-20000-0-11519,RGLB_D,SUM,2025-12-30T00:00Z,4059.0,,3.0,
0-20000-0-11519,RGLB_D,SUM,2025-12-31T00:00Z,1435.0,,3.0,
